Case ID,matched_files_count,matched_folders,matched_files,present_in_cptac
C3N-01766,0,,,False
C3L-01978,6,CCRCC,/leonardo_work/CNHPC_2116672/CPTAC/CCRCC/C3L-01978-26.svs;/leonardo_work/CNHPC_2116672/CPTAC/CCRCC/C3L-01978-21.svs;/leonardo_work/CNHPC_2116672/CPTAC/CCRCC/C3L-01978-24.svs;/leonardo_work/CNHPC_2116672/CPTAC/CCRCC/C3L-01978-23.svs;/leonardo_work/CNHPC_2116672/CPTAC/CCRCC/C3L-01978-22.svs;/leonardo_work/CNHPC_2116672/CPTAC/CCRCC/C3L-01978-25.svs,True
C3N-03080,3,LUAD,/leonardo_work/CNHPC_2116672/CPTAC/LUAD/C3N-03080-21.svs;/leonardo_work/CNHPC_2116672/CPTAC/LUAD/C3N-03080-23.svs;/leonardo_work/CNHPC_2116672/CPTAC/LUAD/C3N-03080-22.svs,True
C3L-00006,0,,,False
C3L-03628,4,PDA,/leonardo_work/CNHPC_2116672/CPTAC/PDA/C3L-03628-26.svs;/leonardo_work/CNHPC_2116672/CPTAC/PDA/C3L-03628-27.svs;/leonardo_work/CNHPC_2116672/CPTAC/PDA/C3L-03628-29.svs;/leonardo_work/CNHPC_2116672/CPTAC/PDA/C3L-03628-28.svs,True
C3L-00011,2,CCRCC,/leonardo_work/CNHPC_2116672/CPTAC/CCRCC/C3L-00011-21.svs;/leonardo_work/CNHPC_2116672/CPTAC/CCRCC/C3L-00011-26.svs,True
C3N-03204,3,LSCC,/leonardo_work/CNHPC_2116672/CPTAC/LSCC/C3N-03204-22.svs;/leonardo_work/CNHPC_2116672/CPTAC/LSCC/C3N-03204-23.svs;/leonardo_work/CNHPC_2116672/CPTAC/LSCC/C3N-03204-21.svs,True
C3N-01419,6,LUAD,/leonardo_work/CNHPC_2116672/CPTAC/LUAD/C3N-01419-21.svs;/leonardo_work/CNHPC_2116672/CPTAC/LUAD/C3N-01419-27.svs;/leonardo_work/CNHPC_2116672/CPTAC/LUAD/C3N-01419-26.svs;/leonardo_work/CNHPC_2116672/CPTAC/LUAD/C3N-01419-24.svs;/leonardo_work/CNHPC_2116672/CPTAC/LUAD/C3N-01419-23.svs;/leonardo_work/CNHPC_2116672/CPTAC/LUAD/C3N-01419-22.svs,True
C3N-02003,3,LUAD,/leonardo_work/CNHPC_2116672/CPTAC/LUAD/C3N-02003-23.svs;/leonardo_work/CNHPC_2116672/CPTAC/LUAD/C3N-02003-22.svs;/leonardo_work/CNHPC_2116672/CPTAC/LUAD/C3N-02003-21.svs,True
C3N-04162,4,LSCC,/leonardo_work/CNHPC_2116672/CPTAC/LSCC/C3N-04162-22.svs;/leonardo_work/CNHPC_2116672/CPTAC/LSCC/C3N-04162-26.svs;/leonardo_work/CNHPC_2116672/CPTAC/LSCC/C3N-04162-21.svs;/leonardo_work/CNHPC_2116672/CPTAC/LSCC/C3N-04162-23.svs,True
C3L-00561,3,CCRCC,/leonardo_work/CNHPC_2116672/CPTAC/CCRCC/C3L-00561-22.svs;/leonardo_work/CNHPC_2116672/CPTAC/CCRCC/C3L-00561-26.svs;/leonardo_work/CNHPC_2116672/CPTAC/CCRCC/C3L-00561-21.svs,True
C3L-09397,0,,,False
C3L-06423,0,,,False
C3L-01061,2,GBM,/leonardo_work/CNHPC_2116672/CPTAC/GBM/C3L-01061-21.svs;/leonardo_work/CNHPC_2116672/CPTAC/GBM/C3L-01061-22.svs,True
C3N-00834,2,CCRCC,/leonardo_work/CNHPC_2116672/CPTAC/CCRCC/C3N-00834-21.svs;/leonardo_work/CNHPC_2116672/CPTAC/CCRCC/C3N-00834-25.svs,True
C3N-02259,1,GBM,/leonardo_work/CNHPC_2116672/CPTAC/GBM/C3N-02259-21.svs,True
C3N-00242,3,CCRCC,/leonardo_work/CNHPC_2116672/CPTAC/CCRCC/C3N-00242-22.svs;/leonardo_work/CNHPC_2116672/CPTAC/CCRCC/C3N-00242-21.svs;/leonardo_work/CNHPC_2116672/CPTAC/CCRCC/C3N-00242-26.svs,True
C3N-03051,3,LSCC,/leonardo_work/CNHPC_2116672/CPTAC/LSCC/C3N-03051-21.svs;/leonardo_work/CNHPC_2116672/CPTAC/LSCC/C3N-03051-23.svs;/leonardo_work/CNHPC_2116672/CPTAC/LSCC/C3N-03051-22.svs,True
C3N-00572,6,LUAD,/leonardo_work/CNHPC_2116672/CPTAC/LUAD/C3N-00572-26.svs;/leonardo_work/CNHPC_2116672/CPTAC/LUAD/C3N-00572-22.svs;/leonardo_work/CNHPC_2116672/CPTAC/LUAD/C3N-00572-21.svs;/leonardo_work/CNHPC_2116672/CPTAC/LUAD/C3N-00572-27.svs;/leonardo_work/CNHPC_2116672/CPTAC/LUAD/C3N-00572-23.svs;/leonardo_work/CNHPC_2116672/CPTAC/LUAD/C3N-00572-24.svs,True
C3L-01312,0,,,False
C3L-01160,3,PDA,/leonardo_work/CNHPC_2116672/CPTAC/PDA/C3L-01160-25.svs;/leonardo_work/CNHPC_2116672/CPTAC/PDA/C3L-01160-21.svs;/leonardo_work/CNHPC_2116672/CPTAC/PDA/C3L-01160-24.svs,True
C3L-04036,5,GBM,/leonardo_work/CNHPC_2116672/CPTAC/GBM/C3L-04036-23.svs;/leonardo_work/CNHPC_2116672/CPTAC/GBM/C3L-04036-24.svs;/leonardo_work/CNHPC_2116672/CPTAC/GBM/C3L-04036-25.svs;/leonardo_work/CNHPC_2116672/CPTAC/GBM/C3L-04036-21.svs;/leonardo_work/CNHPC_2116672/CPTAC/GBM/C3L-04036-22.svs,True
C3L-01304,0,,,False
C3N-00169,6,LUAD,/leonardo_work/CNHPC_2116672/CPTAC/LUAD/C3N-00169-24.svs;/leonardo_work/CNHPC_2116672/CPTAC/LUAD/C3N-00169-26.svs;/leonardo_work/CNHPC_2116672/CPTAC/LUAD/C3N-00169-22.svs;/leonardo_work/CNHPC_2116672/CPTAC/LUAD/C3N-00169-21.svs;/leonardo_work/CNHPC_2116672/CPTAC/LUAD/C3N-00169-23.svs;/leonardo_work/CNHPC_2116672/CPTAC/LUAD/C3N-00169-27.svs,True
C3L-00465,1,dataset_20x,/leonardo_work/CNHPC_2116672/CPTAC/dataset_20x/C3L-00465-41.tiff,True
C3N-02972,0,,,False
C3N-00320,5,CCRCC,/leonardo_work/CNHPC_2116672/CPTAC/CCRCC/C3N-00320-22.svs;/leonardo_work/CNHPC_2116672/CPTAC/CCRCC/C3N-00320-21.svs;/leonardo_work/CNHPC_2116672/CPTAC/CCRCC/C3N-00320-24.svs;/leonardo_work/CNHPC_2116672/CPTAC/CCRCC/C3N-00320-25.svs;/leonardo_work/CNHPC_2116672/CPTAC/CCRCC/C3N-00320-23.svs,True
C3N-00574,6,LUAD,/leonardo_work/CNHPC_2116672/CPTAC/LUAD/C3N-00574-27.svs;/leonardo_work/CNHPC_2116672/CPTAC/LUAD/C3N-00574-21.svs;/leonardo_work/CNHPC_2116672/CPTAC/LUAD/C3N-00574-24.svs;/leonardo_work/CNHPC_2116672/CPTAC/LUAD/C3N-00574-22.svs;/leonardo_work/CNHPC_2116672/CPTAC/LUAD/C3N-00574-26.svs;/leonardo_work/CNHPC_2116672/CPTAC/LUAD/C3N-00574-23.svs,True
C3N-00848,0,,,False
C3L-00458,1,dataset_20x,/leonardo_work/CNHPC_2116672/CPTAC/dataset_20x/C3L-00458-41.tiff,True
C3L-06912,0,,,False
C3L-05891,3,dataset_20x,/leonardo_work/CNHPC_2116672/CPTAC/dataset_20x/C3L-05891-42.tiff;/leonardo_work/CNHPC_2116672/CPTAC/dataset_20x/C3L-05891-43.tiff;/leonardo_work/CNHPC_2116672/CPTAC/dataset_20x/C3L-05891-41.tiff,True
C3N-02379,3,LUAD,/leonardo_work/CNHPC_2116672/CPTAC/LUAD/C3N-02379-21.svs;/leonardo_work/CNHPC_2116672/CPTAC/LUAD/C3N-02379-22.svs;/leonardo_work/CNHPC_2116672/CPTAC/LUAD/C3N-02379-23.svs,True
C3N-02256,1,GBM,/leonardo_work/CNHPC_2116672/CPTAC/GBM/C3N-02256-21.svs,True
C3N-02728,4,LUAD,/leonardo_work/CNHPC_2116672/CPTAC/LUAD/C3N-02728-26.svs;/leonardo_work/CNHPC_2116672/CPTAC/LUAD/C3N-02728-22.svs;/leonardo_work/CNHPC_2116672/CPTAC/LUAD/C3N-02728-23.svs;/leonardo_work/CNHPC_2116672/CPTAC/LUAD/C3N-02728-21.svs,True
C3L-04473,4,PDA,/leonardo_work/CNHPC_2116672/CPTAC/PDA/C3L-04473-24.svs;/leonardo_work/CNHPC_2116672/CPTAC/PDA/C3L-04473-22.svs;/leonardo_work/CNHPC_2116672/CPTAC/PDA/C3L-04473-21.svs;/leonardo_work/CNHPC_2116672/CPTAC/PDA/C3L-04473-23.svs,True
C3N-02252,2,LSCC,/leonardo_work/CNHPC_2116672/CPTAC/LSCC/C3N-02252-29.svs;/leonardo_work/CNHPC_2116672/CPTAC/LSCC/C3N-02252-30.svs,True
C3N-01761,0,,,False
C3L-07165,0,,,False
C3L-03726,6,LUAD,/leonardo_work/CNHPC_2116672/CPTAC/LUAD/C3L-03726-21.svs;/leonardo_work/CNHPC_2116672/CPTAC/LUAD/C3L-03726-24.svs;/leonardo_work/CNHPC_2116672/CPTAC/LUAD/C3L-03726-22.svs;/leonardo_work/CNHPC_2116672/CPTAC/LUAD/C3L-03726-26.svs;/leonardo_work/CNHPC_2116672/CPTAC/LUAD/C3L-03726-23.svs;/leonardo_work/CNHPC_2116672/CPTAC/LUAD/C3L-03726-25.svs,True
C3L-04354,8,HNSCC,/leonardo_work/CNHPC_2116672/CPTAC/HNSCC/C3L-04354-23.svs;/leonardo_work/CNHPC_2116672/CPTAC/HNSCC/C3L-04354-28.svs;/leonardo_work/CNHPC_2116672/CPTAC/HNSCC/C3L-04354-26.svs;/leonardo_work/CNHPC_2116672/CPTAC/HNSCC/C3L-04354-22.svs;/leonardo_work/CNHPC_2116672/CPTAC/HNSCC/C3L-04354-21.svs;/leonardo_work/CNHPC_2116672/CPTAC/HNSCC/C3L-04354-25.svs;/leonardo_work/CNHPC_2116672/CPTAC/HNSCC/C3L-04354-24.svs;/leonardo_work/CNHPC_2116672/CPTAC/HNSCC/C3L-04354-27.svs,True
C464694,0,,,False
C3N-03072,3,LSCC,/leonardo_work/CNHPC_2116672/CPTAC/LSCC/C3N-03072-22.svs;/leonardo_work/CNHPC_2116672/CPTAC/LSCC/C3N-03072-21.svs;/leonardo_work/CNHPC_2116672/CPTAC/LSCC/C3N-03072-23.svs,True
C3L-07541,0,,,False
C3N-02237,6,LUAD,/leonardo_work/CNHPC_2116672/CPTAC/LUAD/C3N-02237-21.svs;/leonardo_work/CNHPC_2116672/CPTAC/LUAD/C3N-02237-26.svs;/leonardo_work/CNHPC_2116672/CPTAC/LUAD/C3N-02237-27.svs;/leonardo_work/CNHPC_2116672/CPTAC/LUAD/C3N-02237-22.svs;/leonardo_work/CNHPC_2116672/CPTAC/LUAD/C3N-02237-24.svs;/leonardo_work/CNHPC_2116672/CPTAC/LUAD/C3N-02237-23.svs,True
C3N-02631,0,,,False
C3L-01682,4,LUAD,/leonardo_work/CNHPC_2116672/CPTAC/LUAD/C3L-01682-22.svs;/leonardo_work/CNHPC_2116672/CPTAC/LUAD/C3L-01682-23.svs;/leonardo_work/CNHPC_2116672/CPTAC/LUAD/C3L-01682-24.svs;/leonardo_work/CNHPC_2116672/CPTAC/LUAD/C3L-01682-21.svs,True
C3N-02998,1,PDA,/leonardo_work/CNHPC_2116672/CPTAC/PDA/C3N-02998-23.svs,True
C3L-00358,0,,,False
C3N-02068,3,CCRCC,/leonardo_work/CNHPC_2116672/CPTAC/CCRCC/C3N-02068-23.svs;/leonardo_work/CNHPC_2116672/CPTAC/CCRCC/C3N-02068-22.svs;/leonardo_work/CNHPC_2116672/CPTAC/CCRCC/C3N-02068-21.svs,True
C3L-07625,0,,,False
C3L-02779,0,,,False
C3N-03211,3,PDA,/leonardo_work/CNHPC_2116672/CPTAC/PDA/C3N-03211-21.svs;/leonardo_work/CNHPC_2116672/CPTAC/PDA/C3N-03211-22.svs;/leonardo_work/CNHPC_2116672/CPTAC/PDA/C3N-03211-23.svs,True
C3N-00551,6,LUAD,/leonardo_work/CNHPC_2116672/CPTAC/LUAD/C3N-00551-24.svs;/leonardo_work/CNHPC_2116672/CPTAC/LUAD/C3N-00551-23.svs;/leonardo_work/CNHPC_2116672/CPTAC/LUAD/C3N-00551-21.svs;/leonardo_work/CNHPC_2116672/CPTAC/LUAD/C3N-00551-27.svs;/leonardo_work/CNHPC_2116672/CPTAC/LUAD/C3N-00551-26.svs;/leonardo_work/CNHPC_2116672/CPTAC/LUAD/C3N-00551-22.svs,True
C3L-04031,8,LUAD,/leonardo_work/CNHPC_2116672/CPTAC/LUAD/C3L-04031-24.svs;/leonardo_work/CNHPC_2116672/CPTAC/LUAD/C3L-04031-22.svs;/leonardo_work/CNHPC_2116672/CPTAC/LUAD/C3L-04031-21.svs;/leonardo_work/CNHPC_2116672/CPTAC/LUAD/C3L-04031-28.svs;/leonardo_work/CNHPC_2116672/CPTAC/LUAD/C3L-04031-26.svs;/leonardo_work/CNHPC_2116672/CPTAC/LUAD/C3L-04031-25.svs;/leonardo_work/CNHPC_2116672/CPTAC/LUAD/C3L-04031-27.svs;/leonardo_work/CNHPC_2116672/CPTAC/LUAD/C3L-04031-23.svs,True
C3N-04611,4,HNSCC,/leonardo_work/CNHPC_2116672/CPTAC/HNSCC/C3N-04611-26.svs;/leonardo_work/CNHPC_2116672/CPTAC/HNSCC/C3N-04611-23.svs;/leonardo_work/CNHPC_2116672/CPTAC/HNSCC/C3N-04611-21.svs;/leonardo_work/CNHPC_2116672/CPTAC/HNSCC/C3N-04611-22.svs,True
C3N-02374,3,LSCC,/leonardo_work/CNHPC_2116672/CPTAC/LSCC/C3N-02374-23.svs;/leonardo_work/CNHPC_2116672/CPTAC/LSCC/C3N-02374-21.svs;/leonardo_work/CNHPC_2116672/CPTAC/LSCC/C3N-02374-22.svs,True
C3N-02002,3,LUAD,/leonardo_work/CNHPC_2116672/CPTAC/LUAD/C3N-02002-21.svs;/leonardo_work/CNHPC_2116672/CPTAC/LUAD/C3N-02002-22.svs;/leonardo_work/CNHPC_2116672/CPTAC/LUAD/C3N-02002-23.svs,True
C3L-00103,4,CCRCC,/leonardo_work/CNHPC_2116672/CPTAC/CCRCC/C3L-00103-23.svs;/leonardo_work/CNHPC_2116672/CPTAC/CCRCC/C3L-00103-22.svs;/leonardo_work/CNHPC_2116672/CPTAC/CCRCC/C3L-00103-21.svs;/leonardo_work/CNHPC_2116672/CPTAC/CCRCC/C3L-00103-26.svs,True
C3L-07956,0,,,False
C3L-02646,8,LSCC,/leonardo_work/CNHPC_2116672/CPTAC/LSCC/C3L-02646-26.svs;/leonardo_work/CNHPC_2116672/CPTAC/LSCC/C3L-02646-24.svs;/leonardo_work/CNHPC_2116672/CPTAC/LSCC/C3L-02646-22.svs;/leonardo_work/CNHPC_2116672/CPTAC/LSCC/C3L-02646-23.svs;/leonardo_work/CNHPC_2116672/CPTAC/LSCC/C3L-02646-25.svs;/leonardo_work/CNHPC_2116672/CPTAC/LSCC/C3L-02646-27.svs;/leonardo_work/CNHPC_2116672/CPTAC/LSCC/C3L-02646-21.svs;/leonardo_work/CNHPC_2116672/CPTAC/LSCC/C3L-02646-28.svs,True
C3L-00790,2,CCRCC,/leonardo_work/CNHPC_2116672/CPTAC/CCRCC/C3L-00790-21.svs;/leonardo_work/CNHPC_2116672/CPTAC/CCRCC/C3L-00790-22.svs,True
C3L-00416,3,CCRCC,/leonardo_work/CNHPC_2116672/CPTAC/CCRCC/C3L-00416-26.svs;/leonardo_work/CNHPC_2116672/CPTAC/CCRCC/C3L-00416-21.svs;/leonardo_work/CNHPC_2116672/CPTAC/CCRCC/C3L-00416-22.svs,True
C3N-02599,1,GBM,/leonardo_work/CNHPC_2116672/CPTAC/GBM/C3N-02599-23.svs,True
C3L-03984,8,LUAD,/leonardo_work/CNHPC_2116672/CPTAC/LUAD/C3L-03984-21.svs;/leonardo_work/CNHPC_2116672/CPTAC/LUAD/C3L-03984-23.svs;/leonardo_work/CNHPC_2116672/CPTAC/LUAD/C3L-03984-28.svs;/leonardo_work/CNHPC_2116672/CPTAC/LUAD/C3L-03984-26.svs;/leonardo_work/CNHPC_2116672/CPTAC/LUAD/C3L-03984-22.svs;/leonardo_work/CNHPC_2116672/CPTAC/LUAD/C3L-03984-25.svs;/leonardo_work/CNHPC_2116672/CPTAC/LUAD/C3L-03984-24.svs;/leonardo_work/CNHPC_2116672/CPTAC/LUAD/C3L-03984-27.svs,True
C3N-01488,6,LUAD,/leonardo_work/CNHPC_2116672/CPTAC/LUAD/C3N-01488-22.svs;/leonardo_work/CNHPC_2116672/CPTAC/LUAD/C3N-01488-27.svs;/leonardo_work/CNHPC_2116672/CPTAC/LUAD/C3N-01488-23.svs;/leonardo_work/CNHPC_2116672/CPTAC/LUAD/C3N-01488-21.svs;/leonardo_work/CNHPC_2116672/CPTAC/LUAD/C3N-01488-24.svs;/leonardo_work/CNHPC_2116672/CPTAC/LUAD/C3N-01488-26.svs,True
C3L-02741,0,,,False
C3L-02894,0,,,False
C3L-08314,0,,,False
C3L-00796,2,CCRCC,/leonardo_work/CNHPC_2116672/CPTAC/CCRCC/C3L-00796-22.svs;/leonardo_work/CNHPC_2116672/CPTAC/CCRCC/C3L-00796-21.svs,True
C3L-07985,0,,,False
C3L-08255,0,,,False
C3N-00466,3,dataset_20x,/leonardo_work/CNHPC_2116672/CPTAC/dataset_20x/C3N-00466-43.tiff;/leonardo_work/CNHPC_2116672/CPTAC/dataset_20x/C3N-00466-41.tiff;/leonardo_work/CNHPC_2116672/CPTAC/dataset_20x/C3N-00466-42.tiff,True
C3L-00765,2,CCRCC,/leonardo_work/CNHPC_2116672/CPTAC/CCRCC/C3L-00765-21.svs;/leonardo_work/CNHPC_2116672/CPTAC/CCRCC/C3L-00765-22.svs,True
C3N-02286,3,GBM,/leonardo_work/CNHPC_2116672/CPTAC/GBM/C3N-02286-22.svs;/leonardo_work/CNHPC_2116672/CPTAC/GBM/C3N-02286-21.svs;/leonardo_work/CNHPC_2116672/CPTAC/GBM/C3N-02286-23.svs,True
C3N-03796,0,,,False
C3N-00315,4,CCRCC,/leonardo_work/CNHPC_2116672/CPTAC/CCRCC/C3N-00315-22.svs;/leonardo_work/CNHPC_2116672/CPTAC/CCRCC/C3N-00315-24.svs;/leonardo_work/CNHPC_2116672/CPTAC/CCRCC/C3N-00315-21.svs;/leonardo_work/CNHPC_2116672/CPTAC/CCRCC/C3N-00315-23.svs,True
C3L-06935,0,,,False
C3L-02551,4,CCRCC,/leonardo_work/CNHPC_2116672/CPTAC/CCRCC/C3L-02551-22.svs;/leonardo_work/CNHPC_2116672/CPTAC/CCRCC/C3L-02551-21.svs;/leonardo_work/CNHPC_2116672/CPTAC/CCRCC/C3L-02551-23.svs;/leonardo_work/CNHPC_2116672/CPTAC/CCRCC/C3L-02551-26.svs,True
C3L-00908,3,CCRCC,/leonardo_work/CNHPC_2116672/CPTAC/CCRCC/C3L-00908-21.svs;/leonardo_work/CNHPC_2116672/CPTAC/CCRCC/C3L-00908-26.svs;/leonardo_work/CNHPC_2116672/CPTAC/CCRCC/C3L-00908-23.svs,True
C3L-03961,8,LSCC,/leonardo_work/CNHPC_2116672/CPTAC/LSCC/C3L-03961-28.svs;/leonardo_work/CNHPC_2116672/CPTAC/LSCC/C3L-03961-27.svs;/leonardo_work/CNHPC_2116672/CPTAC/LSCC/C3L-03961-23.svs;/leonardo_work/CNHPC_2116672/CPTAC/LSCC/C3L-03961-21.svs;/leonardo_work/CNHPC_2116672/CPTAC/LSCC/C3L-03961-22.svs;/leonardo_work/CNHPC_2116672/CPTAC/LSCC/C3L-03961-26.svs;/leonardo_work/CNHPC_2116672/CPTAC/LSCC/C3L-03961-24.svs;/leonardo_work/CNHPC_2116672/CPTAC/LSCC/C3L-03961-25.svs,True
C3L-03387,2,GBM,/leonardo_work/CNHPC_2116672/CPTAC/GBM/C3L-03387-24.svs;/leonardo_work/CNHPC_2116672/CPTAC/GBM/C3L-03387-21.svs,True
C3N-00246,5,CCRCC,/leonardo_work/CNHPC_2116672/CPTAC/CCRCC/C3N-00246-26.svs;/leonardo_work/CNHPC_2116672/CPTAC/CCRCC/C3N-00246-23.svs;/leonardo_work/CNHPC_2116672/CPTAC/CCRCC/C3N-00246-21.svs;/leonardo_work/CNHPC_2116672/CPTAC/CCRCC/C3N-00246-27.svs;/leonardo_work/CNHPC_2116672/CPTAC/CCRCC/C3N-00246-22.svs,True
C3N-03767,0,,,False
C3L-07558,0,,,False
C3L-05870,1,dataset_20x,/leonardo_work/CNHPC_2116672/CPTAC/dataset_20x/C3L-05870-42.tiff,True
C3L-00144,2,LUAD,/leonardo_work/CNHPC_2116672/CPTAC/LUAD/C3L-00144-21.svs;/leonardo_work/CNHPC_2116672/CPTAC/LUAD/C3L-00144-26.svs,True
C3N-02193,7,LUAD,/leonardo_work/CNHPC_2116672/CPTAC/LUAD/C3N-02193-24.svs;/leonardo_work/CNHPC_2116672/CPTAC/LUAD/C3N-02193-26.svs;/leonardo_work/CNHPC_2116672/CPTAC/LUAD/C3N-02193-21.svs;/leonardo_work/CNHPC_2116672/CPTAC/LUAD/C3N-02193-23.svs;/leonardo_work/CNHPC_2116672/CPTAC/LUAD/C3N-02193-27.svs;/leonardo_work/CNHPC_2116672/CPTAC/LUAD/C3N-02193-22.svs;/leonardo_work/CNHPC_2116672/CPTAC/LUAD/C3N-02193-25.svs,True
C3N-00313,4,CCRCC,/leonardo_work/CNHPC_2116672/CPTAC/CCRCC/C3N-00313-21.svs;/leonardo_work/CNHPC_2116672/CPTAC/CCRCC/C3N-00313-23.svs;/leonardo_work/CNHPC_2116672/CPTAC/CCRCC/C3N-00313-22.svs;/leonardo_work/CNHPC_2116672/CPTAC/CCRCC/C3N-00313-24.svs,True
C3L-10122,0,,,False
C3N-02190,3,GBM,/leonardo_work/CNHPC_2116672/CPTAC/GBM/C3N-02190-23.svs;/leonardo_work/CNHPC_2116672/CPTAC/GBM/C3N-02190-22.svs;/leonardo_work/CNHPC_2116672/CPTAC/GBM/C3N-02190-21.svs,True
C3L-06174,0,,,False
C3N-02926,3,LUAD,/leonardo_work/CNHPC_2116672/CPTAC/LUAD/C3N-02926-22.svs;/leonardo_work/CNHPC_2116672/CPTAC/LUAD/C3N-02926-23.svs;/leonardo_work/CNHPC_2116672/CPTAC/LUAD/C3N-02926-21.svs,True
C3L-00459,1,dataset_20x,/leonardo_work/CNHPC_2116672/CPTAC/dataset_20x/C3L-00459-41.tiff,True
C3N-00715,2,CCRCC,/leonardo_work/CNHPC_2116672/CPTAC/CCRCC/C3N-00715-21.svs;/leonardo_work/CNHPC_2116672/CPTAC/CCRCC/C3N-00715-26.svs,True
C3L-00581,4,CCRCC,/leonardo_work/CNHPC_2116672/CPTAC/CCRCC/C3L-00581-26.svs;/leonardo_work/CNHPC_2116672/CPTAC/CCRCC/C3L-00581-23.svs;/leonardo_work/CNHPC_2116672/CPTAC/CCRCC/C3L-00581-22.svs;/leonardo_work/CNHPC_2116672/CPTAC/CCRCC/C3L-00581-21.svs,True
C3L-07202,0,,,False
C3L-02208,2,CCRCC,/leonardo_work/CNHPC_2116672/CPTAC/CCRCC/C3L-02208-21.svs;/leonardo_work/CNHPC_2116672/CPTAC/CCRCC/C3L-02208-22.svs,True
C3N-02030,0,,,False
C3L-00447,4,CCRCC,/leonardo_work/CNHPC_2116672/CPTAC/CCRCC/C3L-00447-22.svs;/leonardo_work/CNHPC_2116672/CPTAC/CCRCC/C3L-00447-23.svs;/leonardo_work/CNHPC_2116672/CPTAC/CCRCC/C3L-00447-26.svs;/leonardo_work/CNHPC_2116672/CPTAC/CCRCC/C3L-00447-21.svs,True
C3N-03020,1,CCRCC,/leonardo_work/CNHPC_2116672/CPTAC/CCRCC/C3N-03020-22.svs,True
C3L-06356,2,dataset_20x,/leonardo_work/CNHPC_2116672/CPTAC/dataset_20x/C3L-06356-41.tiff;/leonardo_work/CNHPC_2116672/CPTAC/dataset_20x/C3L-06356-42.tiff,True
C3L-07013,0,,,False
C3N-01030,6,LUAD,/leonardo_work/CNHPC_2116672/CPTAC/LUAD/C3N-01030-21.svs;/leonardo_work/CNHPC_2116672/CPTAC/LUAD/C3N-01030-27.svs;/leonardo_work/CNHPC_2116672/CPTAC/LUAD/C3N-01030-26.svs;/leonardo_work/CNHPC_2116672/CPTAC/LUAD/C3N-01030-24.svs;/leonardo_work/CNHPC_2116672/CPTAC/LUAD/C3N-01030-22.svs;/leonardo_work/CNHPC_2116672/CPTAC/LUAD/C3N-01030-23.svs,True
C3L-04365,8,LUAD,/leonardo_work/CNHPC_2116672/CPTAC/LUAD/C3L-04365-26.svs;/leonardo_work/CNHPC_2116672/CPTAC/LUAD/C3L-04365-23.svs;/leonardo_work/CNHPC_2116672/CPTAC/LUAD/C3L-04365-22.svs;/leonardo_work/CNHPC_2116672/CPTAC/LUAD/C3L-04365-24.svs;/leonardo_work/CNHPC_2116672/CPTAC/LUAD/C3L-04365-25.svs;/leonardo_work/CNHPC_2116672/CPTAC/LUAD/C3L-04365-27.svs;/leonardo_work/CNHPC_2116672/CPTAC/LUAD/C3L-04365-28.svs;/leonardo_work/CNHPC_2116672/CPTAC/LUAD/C3L-04365-21.svs,True
C3L-05331,1,dataset_20x,/leonardo_work/CNHPC_2116672/CPTAC/dataset_20x/C3L-05331-43.tiff,True
C3N-02586,3,LUAD,/leonardo_work/CNHPC_2116672/CPTAC/LUAD/C3N-02586-23.svs;/leonardo_work/CNHPC_2116672/CPTAC/LUAD/C3N-02586-22.svs;/leonardo_work/CNHPC_2116672/CPTAC/LUAD/C3N-02586-21.svs,True
C3N-01897,3,PDA,/leonardo_work/CNHPC_2116672/CPTAC/PDA/C3N-01897-22.svs;/leonardo_work/CNHPC_2116672/CPTAC/PDA/C3N-01897-23.svs;/leonardo_work/CNHPC_2116672/CPTAC/PDA/C3N-01897-21.svs,True
C3L-03624,4,PDA,/leonardo_work/CNHPC_2116672/CPTAC/PDA/C3L-03624-21.svs;/leonardo_work/CNHPC_2116672/CPTAC/PDA/C3L-03624-23.svs;/leonardo_work/CNHPC_2116672/CPTAC/PDA/C3L-03624-24.svs;/leonardo_work/CNHPC_2116672/CPTAC/PDA/C3L-03624-22.svs,True
C3N-01410,6,LUAD,/leonardo_work/CNHPC_2116672/CPTAC/LUAD/C3N-01410-26.svs;/leonardo_work/CNHPC_2116672/CPTAC/LUAD/C3N-01410-22.svs;/leonardo_work/CNHPC_2116672/CPTAC/LUAD/C3N-01410-24.svs;/leonardo_work/CNHPC_2116672/CPTAC/LUAD/C3N-01410-27.svs;/leonardo_work/CNHPC_2116672/CPTAC/LUAD/C3N-01410-23.svs;/leonardo_work/CNHPC_2116672/CPTAC/LUAD/C3N-01410-21.svs,True
C3L-02409,0,,,False
C3L-00139,0,,,False
C3N-02247,0,,,False
C3L-02399,0,,,False
C3N-01023,6,LUAD,/leonardo_work/CNHPC_2116672/CPTAC/LUAD/C3N-01023-26.svs;/leonardo_work/CNHPC_2116672/CPTAC/LUAD/C3N-01023-27.svs;/leonardo_work/CNHPC_2116672/CPTAC/LUAD/C3N-01023-23.svs;/leonardo_work/CNHPC_2116672/CPTAC/LUAD/C3N-01023-21.svs;/leonardo_work/CNHPC_2116672/CPTAC/LUAD/C3N-01023-22.svs;/leonardo_work/CNHPC_2116672/CPTAC/LUAD/C3N-01023-24.svs,True
C3N-03440,2,PDA,/leonardo_work/CNHPC_2116672/CPTAC/PDA/C3N-03440-24.svs;/leonardo_work/CNHPC_2116672/CPTAC/PDA/C3N-03440-21.svs,True
C3L-04757,8,LUAD,/leonardo_work/CNHPC_2116672/CPTAC/LUAD/C3L-04757-25.svs;/leonardo_work/CNHPC_2116672/CPTAC/LUAD/C3L-04757-28.svs;/leonardo_work/CNHPC_2116672/CPTAC/LUAD/C3L-04757-26.svs;/leonardo_work/CNHPC_2116672/CPTAC/LUAD/C3L-04757-22.svs;/leonardo_work/CNHPC_2116672/CPTAC/LUAD/C3L-04757-24.svs;/leonardo_work/CNHPC_2116672/CPTAC/LUAD/C3L-04757-21.svs;/leonardo_work/CNHPC_2116672/CPTAC/LUAD/C3L-04757-23.svs;/leonardo_work/CNHPC_2116672/CPTAC/LUAD/C3L-04757-27.svs,True
C3L-02219,3,LUAD,/leonardo_work/CNHPC_2116672/CPTAC/LUAD/C3L-02219-26.svs;/leonardo_work/CNHPC_2116672/CPTAC/LUAD/C3L-02219-22.svs;/leonardo_work/CNHPC_2116672/CPTAC/LUAD/C3L-02219-21.svs,True
C3N-02332,4,CCRCC,/leonardo_work/CNHPC_2116672/CPTAC/CCRCC/C3N-02332-23.svs;/leonardo_work/CNHPC_2116672/CPTAC/CCRCC/C3N-02332-22.svs;/leonardo_work/CNHPC_2116672/CPTAC/CCRCC/C3N-02332-21.svs;/leonardo_work/CNHPC_2116672/CPTAC/CCRCC/C3N-02332-26.svs,True
C3L-00510,6,LUAD,/leonardo_work/CNHPC_2116672/CPTAC/LUAD/C3L-00510-26.svs;/leonardo_work/CNHPC_2116672/CPTAC/LUAD/C3L-00510-23.svs;/leonardo_work/CNHPC_2116672/CPTAC/LUAD/C3L-00510-24.svs;/leonardo_work/CNHPC_2116672/CPTAC/LUAD/C3L-00510-21.svs;/leonardo_work/CNHPC_2116672/CPTAC/LUAD/C3L-00510-25.svs;/leonardo_work/CNHPC_2116672/CPTAC/LUAD/C3L-00510-22.svs,True
C3L-01149,2,GBM,/leonardo_work/CNHPC_2116672/CPTAC/GBM/C3L-01149-22.svs;/leonardo_work/CNHPC_2116672/CPTAC/GBM/C3L-01149-21.svs,True
C3L-00453,1,dataset_20x,/leonardo_work/CNHPC_2116672/CPTAC/dataset_20x/C3L-00453-41.tiff,True
C3N-00379,0,,,False
C3L-01291,1,dataset_20x,/leonardo_work/CNHPC_2116672/CPTAC/dataset_20x/C3L-01291-41.tiff,True
C3N-02923,6,LUAD,/leonardo_work/CNHPC_2116672/CPTAC/LUAD/C3N-02923-27.svs;/leonardo_work/CNHPC_2116672/CPTAC/LUAD/C3N-02923-21.svs;/leonardo_work/CNHPC_2116672/CPTAC/LUAD/C3N-02923-26.svs;/leonardo_work/CNHPC_2116672/CPTAC/LUAD/C3N-02923-24.svs;/leonardo_work/CNHPC_2116672/CPTAC/LUAD/C3N-02923-22.svs;/leonardo_work/CNHPC_2116672/CPTAC/LUAD/C3N-02923-23.svs,True
C3L-03392,2,GBM,/leonardo_work/CNHPC_2116672/CPTAC/GBM/C3L-03392-21.svs;/leonardo_work/CNHPC_2116672/CPTAC/GBM/C3L-03392-23.svs,True
C3L-06925,0,,,False
C3L-00770,0,,,False
C3L-03462,4,LUAD,/leonardo_work/CNHPC_2116672/CPTAC/LUAD/C3L-03462-24.svs;/leonardo_work/CNHPC_2116672/CPTAC/LUAD/C3L-03462-22.svs;/leonardo_work/CNHPC_2116672/CPTAC/LUAD/C3L-03462-21.svs;/leonardo_work/CNHPC_2116672/CPTAC/LUAD/C3L-03462-23.svs,True
C3L-04263,1,dataset_20x,/leonardo_work/CNHPC_2116672/CPTAC/dataset_20x/C3L-04263-42.tiff,True
C3L-05338,1,dataset_20x,/leonardo_work/CNHPC_2116672/CPTAC/dataset_20x/C3L-05338-42.tiff,True
C3N-00850,0,,,False
C3N-00552,6,LUAD,/leonardo_work/CNHPC_2116672/CPTAC/LUAD/C3N-00552-24.svs;/leonardo_work/CNHPC_2116672/CPTAC/LUAD/C3N-00552-21.svs;/leonardo_work/CNHPC_2116672/CPTAC/LUAD/C3N-00552-27.svs;/leonardo_work/CNHPC_2116672/CPTAC/LUAD/C3N-00552-26.svs;/leonardo_work/CNHPC_2116672/CPTAC/LUAD/C3N-00552-22.svs;/leonardo_work/CNHPC_2116672/CPTAC/LUAD/C3N-00552-23.svs,True
C3L-07676,0,,,False
C3N-02281,3,LUAD,/leonardo_work/CNHPC_2116672/CPTAC/LUAD/C3N-02281-22.svs;/leonardo_work/CNHPC_2116672/CPTAC/LUAD/C3N-02281-24.svs;/leonardo_work/CNHPC_2116672/CPTAC/LUAD/C3N-02281-23.svs,True
C3L-00455,1,dataset_20x,/leonardo_work/CNHPC_2116672/CPTAC/dataset_20x/C3L-00455-41.tiff,True
C3N-03233,4,LUAD,/leonardo_work/CNHPC_2116672/CPTAC/LUAD/C3N-03233-26.svs;/leonardo_work/CNHPC_2116672/CPTAC/LUAD/C3N-03233-22.svs;/leonardo_work/CNHPC_2116672/CPTAC/LUAD/C3N-03233-23.svs;/leonardo_work/CNHPC_2116672/CPTAC/LUAD/C3N-03233-21.svs,True
C3L-05317,2,dataset_20x,/leonardo_work/CNHPC_2116672/CPTAC/dataset_20x/C3L-05317-41.tiff;/leonardo_work/CNHPC_2116672/CPTAC/dataset_20x/C3L-05317-42.tiff,True
C3L-02214,2,CCRCC,/leonardo_work/CNHPC_2116672/CPTAC/CCRCC/C3L-02214-21.svs;/leonardo_work/CNHPC_2116672/CPTAC/CCRCC/C3L-02214-22.svs,True
C3L-05239,0,,,False
C3N-01220,4,CCRCC,/leonardo_work/CNHPC_2116672/CPTAC/CCRCC/C3N-01220-23.svs;/leonardo_work/CNHPC_2116672/CPTAC/CCRCC/C3N-01220-26.svs;/leonardo_work/CNHPC_2116672/CPTAC/CCRCC/C3N-01220-22.svs;/leonardo_work/CNHPC_2116672/CPTAC/CCRCC/C3N-01220-21.svs,True
C3N-02919,6,LUAD,/leonardo_work/CNHPC_2116672/CPTAC/LUAD/C3N-02919-21.svs;/leonardo_work/CNHPC_2116672/CPTAC/LUAD/C3N-02919-22.svs;/leonardo_work/CNHPC_2116672/CPTAC/LUAD/C3N-02919-23.svs;/leonardo_work/CNHPC_2116672/CPTAC/LUAD/C3N-02919-26.svs;/leonardo_work/CNHPC_2116672/CPTAC/LUAD/C3N-02919-24.svs;/leonardo_work/CNHPC_2116672/CPTAC/LUAD/C3N-02919-27.svs,True
C3L-06641,0,,,False
C3L-00413,0,,,False
C3L-10132,0,,,False
C3L-02644,5,GBM,/leonardo_work/CNHPC_2116672/CPTAC/GBM/C3L-02644-25.svs;/leonardo_work/CNHPC_2116672/CPTAC/GBM/C3L-02644-23.svs;/leonardo_work/CNHPC_2116672/CPTAC/GBM/C3L-02644-22.svs;/leonardo_work/CNHPC_2116672/CPTAC/GBM/C3L-02644-24.svs;/leonardo_work/CNHPC_2116672/CPTAC/GBM/C3L-02644-21.svs,True
C3L-06952,0,,,False
C3L-05477,0,,,False
C3L-04027,8,PDA,/leonardo_work/CNHPC_2116672/CPTAC/PDA/C3L-04027-28.svs;/leonardo_work/CNHPC_2116672/CPTAC/PDA/C3L-04027-21.svs;/leonardo_work/CNHPC_2116672/CPTAC/PDA/C3L-04027-25.svs;/leonardo_work/CNHPC_2116672/CPTAC/PDA/C3L-04027-23.svs;/leonardo_work/CNHPC_2116672/CPTAC/PDA/C3L-04027-27.svs;/leonardo_work/CNHPC_2116672/CPTAC/PDA/C3L-04027-26.svs;/leonardo_work/CNHPC_2116672/CPTAC/PDA/C3L-04027-24.svs;/leonardo_work/CNHPC_2116672/CPTAC/PDA/C3L-04027-22.svs,True
C3N-01349,0,,,False
C3N-01851,1,GBM,/leonardo_work/CNHPC_2116672/CPTAC/GBM/C3N-01851-21.svs,True
C3L-07580,0,,,False
C3L-09227,0,,,False
C3N-03890,4,LUAD,/leonardo_work/CNHPC_2116672/CPTAC/LUAD/C3N-03890-23.svs;/leonardo_work/CNHPC_2116672/CPTAC/LUAD/C3N-03890-22.svs;/leonardo_work/CNHPC_2116672/CPTAC/LUAD/C3N-03890-21.svs;/leonardo_work/CNHPC_2116672/CPTAC/LUAD/C3N-03890-26.svs,True
C3N-04124,3,LSCC,/leonardo_work/CNHPC_2116672/CPTAC/LSCC/C3N-04124-23.svs;/leonardo_work/CNHPC_2116672/CPTAC/LSCC/C3N-04124-22.svs;/leonardo_work/CNHPC_2116672/CPTAC/LSCC/C3N-04124-21.svs,True
C3L-00461,1,dataset_20x,/leonardo_work/CNHPC_2116672/CPTAC/dataset_20x/C3L-00461-42.tiff,True
C3L-08245,0,,,False
C3N-00495,3,CCRCC,/leonardo_work/CNHPC_2116672/CPTAC/CCRCC/C3N-00495-25.svs;/leonardo_work/CNHPC_2116672/CPTAC/CCRCC/C3N-00495-22.svs;/leonardo_work/CNHPC_2116672/CPTAC/CCRCC/C3N-00495-21.svs,True
C3L-02809,7,PDA,/leonardo_work/CNHPC_2116672/CPTAC/PDA/C3L-02809-22.svs;/leonardo_work/CNHPC_2116672/CPTAC/PDA/C3L-02809-25.svs;/leonardo_work/CNHPC_2116672/CPTAC/PDA/C3L-02809-24.svs;/leonardo_work/CNHPC_2116672/CPTAC/PDA/C3L-02809-21.svs;/leonardo_work/CNHPC_2116672/CPTAC/PDA/C3L-02809-26.svs;/leonardo_work/CNHPC_2116672/CPTAC/PDA/C3L-02809-27.svs;/leonardo_work/CNHPC_2116672/CPTAC/PDA/C3L-02809-23.svs,True
C3N-02433,3,LUAD,/leonardo_work/CNHPC_2116672/CPTAC/LUAD/C3N-02433-21.svs;/leonardo_work/CNHPC_2116672/CPTAC/LUAD/C3N-02433-22.svs;/leonardo_work/CNHPC_2116672/CPTAC/LUAD/C3N-02433-23.svs,True
C3L-08242,0,,,False
C3L-00096,2,CCRCC,/leonardo_work/CNHPC_2116672/CPTAC/CCRCC/C3L-00096-26.svs;/leonardo_work/CNHPC_2116672/CPTAC/CCRCC/C3L-00096-21.svs,True
C3L-00136,0,,,False
C3L-01352,3,CCRCC,/leonardo_work/CNHPC_2116672/CPTAC/CCRCC/C3L-01352-22.svs;/leonardo_work/CNHPC_2116672/CPTAC/CCRCC/C3L-01352-23.svs;/leonardo_work/CNHPC_2116672/CPTAC/CCRCC/C3L-01352-21.svs,True
C3L-02211,2,CCRCC,/leonardo_work/CNHPC_2116672/CPTAC/CCRCC/C3L-02211-22.svs;/leonardo_work/CNHPC_2116672/CPTAC/CCRCC/C3L-02211-21.svs,True
C3L-00145,0,,,False
C3L-04489,2,dataset_20x,/leonardo_work/CNHPC_2116672/CPTAC/dataset_20x/C3L-04489-41.tiff;/leonardo_work/CNHPC_2116672/CPTAC/dataset_20x/C3L-04489-42.tiff,True
C3L-05571,0,,,False
C3N-02920,6,LUAD,/leonardo_work/CNHPC_2116672/CPTAC/LUAD/C3N-02920-27.svs;/leonardo_work/CNHPC_2116672/CPTAC/LUAD/C3N-02920-23.svs;/leonardo_work/CNHPC_2116672/CPTAC/LUAD/C3N-02920-21.svs;/leonardo_work/CNHPC_2116672/CPTAC/LUAD/C3N-02920-24.svs;/leonardo_work/CNHPC_2116672/CPTAC/LUAD/C3N-02920-22.svs;/leonardo_work/CNHPC_2116672/CPTAC/LUAD/C3N-02920-26.svs,True
C3L-00942,0,,,False
C3N-02275,3,HNSCC,/leonardo_work/CNHPC_2116672/CPTAC/HNSCC/C3N-02275-23.svs;/leonardo_work/CNHPC_2116672/CPTAC/HNSCC/C3N-02275-24.svs;/leonardo_work/CNHPC_2116672/CPTAC/HNSCC/C3N-02275-22.svs,True
C3L-00930,0,,,False
C3N-03180,3,GBM,/leonardo_work/CNHPC_2116672/CPTAC/GBM/C3N-03180-22.svs;/leonardo_work/CNHPC_2116672/CPTAC/GBM/C3N-03180-23.svs;/leonardo_work/CNHPC_2116672/CPTAC/GBM/C3N-03180-21.svs,True
C3L-09061,0,,,False
C3N-01012,4,PDA,/leonardo_work/CNHPC_2116672/CPTAC/PDA/C3N-01012-26.svs;/leonardo_work/CNHPC_2116672/CPTAC/PDA/C3N-01012-22.svs;/leonardo_work/CNHPC_2116672/CPTAC/PDA/C3N-01012-27.svs;/leonardo_work/CNHPC_2116672/CPTAC/PDA/C3N-01012-21.svs,True
C3L-03506,2,dataset_20x,/leonardo_work/CNHPC_2116672/CPTAC/dataset_20x/C3L-03506-42.tiff;/leonardo_work/CNHPC_2116672/CPTAC/dataset_20x/C3L-03506-41.tiff,True
C3N-02591,2,PDA,/leonardo_work/CNHPC_2116672/CPTAC/PDA/C3N-02591-21.svs;/leonardo_work/CNHPC_2116672/CPTAC/PDA/C3N-02591-25.svs,True
C3L-02449,0,,,False
C3L-02135,1,dataset_20x,/leonardo_work/CNHPC_2116672/CPTAC/dataset_20x/C3L-02135-41.tiff,True
C3L-00445,6,LSCC,/leonardo_work/CNHPC_2116672/CPTAC/LSCC/C3L-00445-26.svs;/leonardo_work/CNHPC_2116672/CPTAC/LSCC/C3L-00445-23.svs;/leonardo_work/CNHPC_2116672/CPTAC/LSCC/C3L-00445-24.svs;/leonardo_work/CNHPC_2116672/CPTAC/LSCC/C3L-00445-22.svs;/leonardo_work/CNHPC_2116672/CPTAC/LSCC/C3L-00445-25.svs;/leonardo_work/CNHPC_2116672/CPTAC/LSCC/C3L-00445-21.svs,True
C3N-01414,6,LUAD,/leonardo_work/CNHPC_2116672/CPTAC/LUAD/C3N-01414-27.svs;/leonardo_work/CNHPC_2116672/CPTAC/LUAD/C3N-01414-21.svs;/leonardo_work/CNHPC_2116672/CPTAC/LUAD/C3N-01414-22.svs;/leonardo_work/CNHPC_2116672/CPTAC/LUAD/C3N-01414-26.svs;/leonardo_work/CNHPC_2116672/CPTAC/LUAD/C3N-01414-24.svs;/leonardo_work/CNHPC_2116672/CPTAC/LUAD/C3N-01414-23.svs,True
C3N-02757,3,LUAD,/leonardo_work/CNHPC_2116672/CPTAC/LUAD/C3N-02757-23.svs;/leonardo_work/CNHPC_2116672/CPTAC/LUAD/C3N-02757-21.svs;/leonardo_work/CNHPC_2116672/CPTAC/LUAD/C3N-02757-22.svs,True
C3N-03757,2,GBM,/leonardo_work/CNHPC_2116672/CPTAC/GBM/C3N-03757-26.svs;/leonardo_work/CNHPC_2116672/CPTAC/GBM/C3N-03757-27.svs,True
C3N-01873,0,,,False
C3L-06124,0,,,False
C3N-00328,0,,,False
C3N-02192,7,LUAD,/leonardo_work/CNHPC_2116672/CPTAC/LUAD/C3N-02192-23.svs;/leonardo_work/CNHPC_2116672/CPTAC/LUAD/C3N-02192-27.svs;/leonardo_work/CNHPC_2116672/CPTAC/LUAD/C3N-02192-24.svs;/leonardo_work/CNHPC_2116672/CPTAC/LUAD/C3N-02192-22.svs;/leonardo_work/CNHPC_2116672/CPTAC/LUAD/C3N-02192-26.svs;/leonardo_work/CNHPC_2116672/CPTAC/LUAD/C3N-02192-21.svs;/leonardo_work/CNHPC_2116672/CPTAC/LUAD/C3N-02192-25.svs,True
C3L-00902,3,CCRCC,/leonardo_work/CNHPC_2116672/CPTAC/CCRCC/C3L-00902-21.svs;/leonardo_work/CNHPC_2116672/CPTAC/CCRCC/C3L-00902-26.svs;/leonardo_work/CNHPC_2116672/CPTAC/CCRCC/C3L-00902-22.svs,True
C3L-01034,3,CCRCC,/leonardo_work/CNHPC_2116672/CPTAC/CCRCC/C3L-01034-23.svs;/leonardo_work/CNHPC_2116672/CPTAC/CCRCC/C3L-01034-25.svs;/leonardo_work/CNHPC_2116672/CPTAC/CCRCC/C3L-01034-22.svs,True
C3L-09191,0,,,False
C3L-08230,0,,,False
C3N-02683,1,GBM,/leonardo_work/CNHPC_2116672/CPTAC/GBM/C3N-02683-22.svs,True
C3L-00586,0,,,False
C3L-02601,2,LUAD,/leonardo_work/CNHPC_2116672/CPTAC/LUAD/C3L-02601-26.svs;/leonardo_work/CNHPC_2116672/CPTAC/LUAD/C3L-02601-21.svs,True
11LU035,0,,,False
C3L-02649,8,LSCC,/leonardo_work/CNHPC_2116672/CPTAC/LSCC/C3L-02649-30.svs;/leonardo_work/CNHPC_2116672/CPTAC/LSCC/C3L-02649-26.svs;/leonardo_work/CNHPC_2116672/CPTAC/LSCC/C3L-02649-25.svs;/leonardo_work/CNHPC_2116672/CPTAC/LSCC/C3L-02649-27.svs;/leonardo_work/CNHPC_2116672/CPTAC/LSCC/C3L-02649-24.svs;/leonardo_work/CNHPC_2116672/CPTAC/LSCC/C3L-02649-23.svs;/leonardo_work/CNHPC_2116672/CPTAC/LSCC/C3L-02649-22.svs;/leonardo_work/CNHPC_2116672/CPTAC/LSCC/C3L-02649-21.svs,True
C3N-01413,6,LUAD,/leonardo_work/CNHPC_2116672/CPTAC/LUAD/C3N-01413-27.svs;/leonardo_work/CNHPC_2116672/CPTAC/LUAD/C3N-01413-26.svs;/leonardo_work/CNHPC_2116672/CPTAC/LUAD/C3N-01413-22.svs;/leonardo_work/CNHPC_2116672/CPTAC/LUAD/C3N-01413-24.svs;/leonardo_work/CNHPC_2116672/CPTAC/LUAD/C3N-01413-21.svs;/leonardo_work/CNHPC_2116672/CPTAC/LUAD/C3N-01413-23.svs,True
C3L-01311,0,,,False
C3N-02062,0,,,False
C3N-02284,3,LSCC,/leonardo_work/CNHPC_2116672/CPTAC/LSCC/C3N-02284-30.svs;/leonardo_work/CNHPC_2116672/CPTAC/LSCC/C3N-02284-21.svs;/leonardo_work/CNHPC_2116672/CPTAC/LSCC/C3N-02284-22.svs,True
C3L-02665,8,LSCC,/leonardo_work/CNHPC_2116672/CPTAC/LSCC/C3L-02665-21.svs;/leonardo_work/CNHPC_2116672/CPTAC/LSCC/C3L-02665-25.svs;/leonardo_work/CNHPC_2116672/CPTAC/LSCC/C3L-02665-26.svs;/leonardo_work/CNHPC_2116672/CPTAC/LSCC/C3L-02665-23.svs;/leonardo_work/CNHPC_2116672/CPTAC/LSCC/C3L-02665-27.svs;/leonardo_work/CNHPC_2116672/CPTAC/LSCC/C3L-02665-22.svs;/leonardo_work/CNHPC_2116672/CPTAC/LSCC/C3L-02665-24.svs;/leonardo_work/CNHPC_2116672/CPTAC/LSCC/C3L-02665-28.svs,True
C3N-03415,0,,,False
C3L-01158,3,PDA,/leonardo_work/CNHPC_2116672/CPTAC/PDA/C3L-01158-25.svs;/leonardo_work/CNHPC_2116672/CPTAC/PDA/C3L-01158-23.svs;/leonardo_work/CNHPC_2116672/CPTAC/PDA/C3L-01158-21.svs,True
C3L-06368,0,,,False
C3N-01261,4,CCRCC,/leonardo_work/CNHPC_2116672/CPTAC/CCRCC/C3N-01261-21.svs;/leonardo_work/CNHPC_2116672/CPTAC/CCRCC/C3N-01261-22.svs;/leonardo_work/CNHPC_2116672/CPTAC/CCRCC/C3N-01261-26.svs;/leonardo_work/CNHPC_2116672/CPTAC/CCRCC/C3N-01261-23.svs,True
C3L-02358,4,LSCC,/leonardo_work/CNHPC_2116672/CPTAC/LSCC/C3L-02358-23.svs;/leonardo_work/CNHPC_2116672/CPTAC/LSCC/C3L-02358-21.svs;/leonardo_work/CNHPC_2116672/CPTAC/LSCC/C3L-02358-22.svs;/leonardo_work/CNHPC_2116672/CPTAC/LSCC/C3L-02358-26.svs,True
C3N-03225,4,LUAD,/leonardo_work/CNHPC_2116672/CPTAC/LUAD/C3N-03225-21.svs;/leonardo_work/CNHPC_2116672/CPTAC/LUAD/C3N-03225-23.svs;/leonardo_work/CNHPC_2116672/CPTAC/LUAD/C3N-03225-22.svs;/leonardo_work/CNHPC_2116672/CPTAC/LUAD/C3N-03225-26.svs,True
C3N-04168,4,LUAD,/leonardo_work/CNHPC_2116672/CPTAC/LUAD/C3N-04168-21.svs;/leonardo_work/CNHPC_2116672/CPTAC/LUAD/C3N-04168-26.svs;/leonardo_work/CNHPC_2116672/CPTAC/LUAD/C3N-04168-23.svs;/leonardo_work/CNHPC_2116672/CPTAC/LUAD/C3N-04168-22.svs,True
C3N-04278,2,HNSCC,/leonardo_work/CNHPC_2116672/CPTAC/HNSCC/C3N-04278-21.svs;/leonardo_work/CNHPC_2116672/CPTAC/HNSCC/C3N-04278-25.svs,True
C3L-00583,4,CCRCC,/leonardo_work/CNHPC_2116672/CPTAC/CCRCC/C3L-00583-26.svs;/leonardo_work/CNHPC_2116672/CPTAC/CCRCC/C3L-00583-21.svs;/leonardo_work/CNHPC_2116672/CPTAC/CCRCC/C3L-00583-22.svs;/leonardo_work/CNHPC_2116672/CPTAC/CCRCC/C3L-00583-23.svs,True
C3L-03260,1,GBM,/leonardo_work/CNHPC_2116672/CPTAC/GBM/C3L-03260-21.svs,True
C3L-01033,3,CCRCC,/leonardo_work/CNHPC_2116672/CPTAC/CCRCC/C3L-01033-25.svs;/leonardo_work/CNHPC_2116672/CPTAC/CCRCC/C3L-01033-22.svs;/leonardo_work/CNHPC_2116672/CPTAC/CCRCC/C3L-01033-23.svs,True
C3N-02082,3,CCRCC,/leonardo_work/CNHPC_2116672/CPTAC/CCRCC/C3N-02082-22.svs;/leonardo_work/CNHPC_2116672/CPTAC/CCRCC/C3N-02082-21.svs;/leonardo_work/CNHPC_2116672/CPTAC/CCRCC/C3N-02082-23.svs,True
C3L-02169,6,LUAD,/leonardo_work/CNHPC_2116672/CPTAC/LUAD/C3L-02169-25.svs;/leonardo_work/CNHPC_2116672/CPTAC/LUAD/C3L-02169-22.svs;/leonardo_work/CNHPC_2116672/CPTAC/LUAD/C3L-02169-23.svs;/leonardo_work/CNHPC_2116672/CPTAC/LUAD/C3L-02169-24.svs;/leonardo_work/CNHPC_2116672/CPTAC/LUAD/C3L-02169-26.svs;/leonardo_work/CNHPC_2116672/CPTAC/LUAD/C3L-02169-21.svs,True
C3L-00361,0,,,False
C3N-03011,4,HNSCC,/leonardo_work/CNHPC_2116672/CPTAC/HNSCC/C3N-03011-21.svs;/leonardo_work/CNHPC_2116672/CPTAC/HNSCC/C3N-03011-24.svs;/leonardo_work/CNHPC_2116672/CPTAC/HNSCC/C3N-03011-22.svs;/leonardo_work/CNHPC_2116672/CPTAC/HNSCC/C3N-03011-23.svs,True
C3N-01646,3,CCRCC,/leonardo_work/CNHPC_2116672/CPTAC/CCRCC/C3N-01646-30.svs;/leonardo_work/CNHPC_2116672/CPTAC/CCRCC/C3N-01646-21.svs;/leonardo_work/CNHPC_2116672/CPTAC/CCRCC/C3N-01646-22.svs,True
C3L-03303,0,,,False
C3L-08429,0,,,False
C3L-07959,0,,,False
C3N-02436,0,,,False
C3N-02575,3,LSCC,/leonardo_work/CNHPC_2116672/CPTAC/LSCC/C3N-02575-22.svs;/leonardo_work/CNHPC_2116672/CPTAC/LSCC/C3N-02575-23.svs;/leonardo_work/CNHPC_2116672/CPTAC/LSCC/C3N-02575-21.svs,True
C3L-02411,0,,,False
C3L-07490,0,,,False
C3L-01313,2,CCRCC,/leonardo_work/CNHPC_2116672/CPTAC/CCRCC/C3L-01313-23.svs;/leonardo_work/CNHPC_2116672/CPTAC/CCRCC/C3L-01313-26.svs,True
C3N-01267,0,,,False
C3L-05861,2,dataset_20x,/leonardo_work/CNHPC_2116672/CPTAC/dataset_20x/C3L-05861-41.tiff;/leonardo_work/CNHPC_2116672/CPTAC/dataset_20x/C3L-05861-43.tiff,True
C3N-00293,5,LUAD,/leonardo_work/CNHPC_2116672/CPTAC/LUAD/C3N-00293-23.svs;/leonardo_work/CNHPC_2116672/CPTAC/LUAD/C3N-00293-24.svs;/leonardo_work/CNHPC_2116672/CPTAC/LUAD/C3N-00293-22.svs;/leonardo_work/CNHPC_2116672/CPTAC/LUAD/C3N-00293-25.svs;/leonardo_work/CNHPC_2116672/CPTAC/LUAD/C3N-00293-21.svs,True
C3N-03802,3,GBM,/leonardo_work/CNHPC_2116672/CPTAC/GBM/C3N-03802-21.svs;/leonardo_work/CNHPC_2116672/CPTAC/GBM/C3N-03802-22.svs;/leonardo_work/CNHPC_2116672/CPTAC/GBM/C3N-03802-23.svs,True
C3N-01757,5,HNSCC,/leonardo_work/CNHPC_2116672/CPTAC/HNSCC/C3N-01757-21.svs;/leonardo_work/CNHPC_2116672/CPTAC/HNSCC/C3N-01757-24.svs;/leonardo_work/CNHPC_2116672/CPTAC/HNSCC/C3N-01757-23.svs;/leonardo_work/CNHPC_2116672/CPTAC/HNSCC/C3N-01757-22.svs;/leonardo_work/CNHPC_2116672/CPTAC/HNSCC/C3N-01757-25.svs,True
C3N-04092,3,GBM,/leonardo_work/CNHPC_2116672/CPTAC/GBM/C3N-04092-22.svs;/leonardo_work/CNHPC_2116672/CPTAC/GBM/C3N-04092-21.svs;/leonardo_work/CNHPC_2116672/CPTAC/GBM/C3N-04092-23.svs,True
C3L-01696,1,dataset_20x,/leonardo_work/CNHPC_2116672/CPTAC/dataset_20x/C3L-01696-41.tiff,True
C3L-07957,0,,,False
C3L-07090,0,,,False
C3N-02380,3,LUAD,/leonardo_work/CNHPC_2116672/CPTAC/LUAD/C3N-02380-23.svs;/leonardo_work/CNHPC_2116672/CPTAC/LUAD/C3N-02380-22.svs;/leonardo_work/CNHPC_2116672/CPTAC/LUAD/C3N-02380-21.svs,True
C3N-01871,0,,,False
C3N-03222,4,LUAD,/leonardo_work/CNHPC_2116672/CPTAC/LUAD/C3N-03222-26.svs;/leonardo_work/CNHPC_2116672/CPTAC/LUAD/C3N-03222-23.svs;/leonardo_work/CNHPC_2116672/CPTAC/LUAD/C3N-03222-21.svs;/leonardo_work/CNHPC_2116672/CPTAC/LUAD/C3N-03222-22.svs,True
C3N-00322,0,,,False
C3N-03452,1,GBM,/leonardo_work/CNHPC_2116672/CPTAC/GBM/C3N-03452-21.svs,True
11LU016,0,,,False
C3L-06074,0,,,False
C3L-03266,1,GBM,/leonardo_work/CNHPC_2116672/CPTAC/GBM/C3L-03266-21.svs,True
C3L-02627,8,LSCC,/leonardo_work/CNHPC_2116672/CPTAC/LSCC/C3L-02627-27.svs;/leonardo_work/CNHPC_2116672/CPTAC/LSCC/C3L-02627-28.svs;/leonardo_work/CNHPC_2116672/CPTAC/LSCC/C3L-02627-23.svs;/leonardo_work/CNHPC_2116672/CPTAC/LSCC/C3L-02627-26.svs;/leonardo_work/CNHPC_2116672/CPTAC/LSCC/C3L-02627-24.svs;/leonardo_work/CNHPC_2116672/CPTAC/LSCC/C3L-02627-21.svs;/leonardo_work/CNHPC_2116672/CPTAC/LSCC/C3L-02627-25.svs;/leonardo_work/CNHPC_2116672/CPTAC/LSCC/C3L-02627-22.svs,True
C3N-03853,3,PDA,/leonardo_work/CNHPC_2116672/CPTAC/PDA/C3N-03853-22.svs;/leonardo_work/CNHPC_2116672/CPTAC/PDA/C3N-03853-23.svs;/leonardo_work/CNHPC_2116672/CPTAC/PDA/C3N-03853-21.svs,True
C3N-03186,3,GBM,/leonardo_work/CNHPC_2116672/CPTAC/GBM/C3N-03186-22.svs;/leonardo_work/CNHPC_2116672/CPTAC/GBM/C3N-03186-21.svs;/leonardo_work/CNHPC_2116672/CPTAC/GBM/C3N-03186-23.svs,True
C3N-02240,6,LUAD,/leonardo_work/CNHPC_2116672/CPTAC/LUAD/C3N-02240-23.svs;/leonardo_work/CNHPC_2116672/CPTAC/LUAD/C3N-02240-21.svs;/leonardo_work/CNHPC_2116672/CPTAC/LUAD/C3N-02240-27.svs;/leonardo_work/CNHPC_2116672/CPTAC/LUAD/C3N-02240-26.svs;/leonardo_work/CNHPC_2116672/CPTAC/LUAD/C3N-02240-22.svs;/leonardo_work/CNHPC_2116672/CPTAC/LUAD/C3N-02240-24.svs,True
C3N-00200,0,,,False
C3L-00356,0,,,False
C3L-02970,3,GBM,/leonardo_work/CNHPC_2116672/CPTAC/GBM/C3L-02970-22.svs;/leonardo_work/CNHPC_2116672/CPTAC/GBM/C3L-02970-21.svs;/leonardo_work/CNHPC_2116672/CPTAC/GBM/C3L-02970-23.svs,True
C3L-09808,0,,,False
C3L-00905,0,,,False
C3L-08238,0,,,False
C3N-02066,3,CCRCC,/leonardo_work/CNHPC_2116672/CPTAC/CCRCC/C3N-02066-23.svs;/leonardo_work/CNHPC_2116672/CPTAC/CCRCC/C3N-02066-21.svs;/leonardo_work/CNHPC_2116672/CPTAC/CCRCC/C3N-02066-22.svs,True
C3L-03962,8,LSCC,/leonardo_work/CNHPC_2116672/CPTAC/LSCC/C3L-03962-27.svs;/leonardo_work/CNHPC_2116672/CPTAC/LSCC/C3L-03962-26.svs;/leonardo_work/CNHPC_2116672/CPTAC/LSCC/C3L-03962-21.svs;/leonardo_work/CNHPC_2116672/CPTAC/LSCC/C3L-03962-28.svs;/leonardo_work/CNHPC_2116672/CPTAC/LSCC/C3L-03962-23.svs;/leonardo_work/CNHPC_2116672/CPTAC/LSCC/C3L-03962-25.svs;/leonardo_work/CNHPC_2116672/CPTAC/LSCC/C3L-03962-22.svs;/leonardo_work/CNHPC_2116672/CPTAC/LSCC/C3L-03962-24.svs,True
C3L-07988,0,,,False
C3N-03670,2,PDA,/leonardo_work/CNHPC_2116672/CPTAC/PDA/C3N-03670-22.svs;/leonardo_work/CNHPC_2116672/CPTAC/PDA/C3N-03670-21.svs,True
C3L-06982,0,,,False
C3N-00326,0,,,False
C3N-02782,1,GBM,/leonardo_work/CNHPC_2116672/CPTAC/GBM/C3N-02782-21.svs,True
C3N-03884,3,PDA,/leonardo_work/CNHPC_2116672/CPTAC/PDA/C3N-03884-23.svs;/leonardo_work/CNHPC_2116672/CPTAC/PDA/C3N-03884-21.svs;/leonardo_work/CNHPC_2116672/CPTAC/PDA/C3N-03884-22.svs,True
C3L-02800,0,,,False
C3N-00294,5,LUAD,/leonardo_work/CNHPC_2116672/CPTAC/LUAD/C3N-00294-21.svs;/leonardo_work/CNHPC_2116672/CPTAC/LUAD/C3N-00294-25.svs;/leonardo_work/CNHPC_2116672/CPTAC/LUAD/C3N-00294-24.svs;/leonardo_work/CNHPC_2116672/CPTAC/LUAD/C3N-00294-22.svs;/leonardo_work/CNHPC_2116672/CPTAC/LUAD/C3N-00294-23.svs,True
C3L-02353,0,,,False
C3L-03965,8,LSCC,/leonardo_work/CNHPC_2116672/CPTAC/LSCC/C3L-03965-25.svs;/leonardo_work/CNHPC_2116672/CPTAC/LSCC/C3L-03965-21.svs;/leonardo_work/CNHPC_2116672/CPTAC/LSCC/C3L-03965-27.svs;/leonardo_work/CNHPC_2116672/CPTAC/LSCC/C3L-03965-28.svs;/leonardo_work/CNHPC_2116672/CPTAC/LSCC/C3L-03965-22.svs;/leonardo_work/CNHPC_2116672/CPTAC/LSCC/C3L-03965-23.svs;/leonardo_work/CNHPC_2116672/CPTAC/LSCC/C3L-03965-24.svs;/leonardo_work/CNHPC_2116672/CPTAC/LSCC/C3L-03965-26.svs,True
C3N-02598,0,,,False
C3N-02300,3,LSCC,/leonardo_work/CNHPC_2116672/CPTAC/LSCC/C3N-02300-22.svs;/leonardo_work/CNHPC_2116672/CPTAC/LSCC/C3N-02300-23.svs;/leonardo_work/CNHPC_2116672/CPTAC/LSCC/C3N-02300-25.svs,True
C3L-03407,5,GBM,/leonardo_work/CNHPC_2116672/CPTAC/GBM/C3L-03407-30.svs;/leonardo_work/CNHPC_2116672/CPTAC/GBM/C3L-03407-27.svs;/leonardo_work/CNHPC_2116672/CPTAC/GBM/C3L-03407-28.svs;/leonardo_work/CNHPC_2116672/CPTAC/GBM/C3L-03407-26.svs;/leonardo_work/CNHPC_2116672/CPTAC/GBM/C3L-03407-29.svs,True
C3N-01085,6,CCRCC,/leonardo_work/CNHPC_2116672/CPTAC/CCRCC/C3N-01085-24.svs;/leonardo_work/CNHPC_2116672/CPTAC/CCRCC/C3N-01085-21.svs;/leonardo_work/CNHPC_2116672/CPTAC/CCRCC/C3N-01085-27.svs;/leonardo_work/CNHPC_2116672/CPTAC/CCRCC/C3N-01085-23.svs;/leonardo_work/CNHPC_2116672/CPTAC/CCRCC/C3N-01085-26.svs;/leonardo_work/CNHPC_2116672/CPTAC/CCRCC/C3N-01085-22.svs,True
C3L-08269,0,,,False
C3L-05880,0,,,False
C3N-02244,0,,,False
C3L-06087,0,,,False
C3L-04391,3,LSCC,/leonardo_work/CNHPC_2116672/CPTAC/LSCC/C3L-04391-23.svs;/leonardo_work/CNHPC_2116672/CPTAC/LSCC/C3L-04391-26.svs;/leonardo_work/CNHPC_2116672/CPTAC/LSCC/C3L-04391-22.svs,True
C3L-02893,2,LUAD,/leonardo_work/CNHPC_2116672/CPTAC/LUAD/C3L-02893-26.svs;/leonardo_work/CNHPC_2116672/CPTAC/LUAD/C3L-02893-22.svs,True
C3N-03190,3,PDA,/leonardo_work/CNHPC_2116672/CPTAC/PDA/C3N-03190-22.svs;/leonardo_work/CNHPC_2116672/CPTAC/PDA/C3N-03190-23.svs;/leonardo_work/CNHPC_2116672/CPTAC/PDA/C3N-03190-21.svs,True
C3L-01426,1,dataset_20x,/leonardo_work/CNHPC_2116672/CPTAC/dataset_20x/C3L-01426-42.tiff,True
C3N-04176,2,LUAD,/leonardo_work/CNHPC_2116672/CPTAC/LUAD/C3N-04176-27.svs;/leonardo_work/CNHPC_2116672/CPTAC/LUAD/C3N-04176-29.svs,True
C3N-02997,2,PDA,/leonardo_work/CNHPC_2116672/CPTAC/PDA/C3N-02997-23.svs;/leonardo_work/CNHPC_2116672/CPTAC/PDA/C3N-02997-21.svs,True
C3N-01082,6,CCRCC,/leonardo_work/CNHPC_2116672/CPTAC/CCRCC/C3N-01082-21.svs;/leonardo_work/CNHPC_2116672/CPTAC/CCRCC/C3N-01082-27.svs;/leonardo_work/CNHPC_2116672/CPTAC/CCRCC/C3N-01082-22.svs;/leonardo_work/CNHPC_2116672/CPTAC/CCRCC/C3N-01082-24.svs;/leonardo_work/CNHPC_2116672/CPTAC/CCRCC/C3N-01082-23.svs;/leonardo_work/CNHPC_2116672/CPTAC/CCRCC/C3N-01082-26.svs,True
C3L-01000,3,LSCC,/leonardo_work/CNHPC_2116672/CPTAC/LSCC/C3L-01000-24.svs;/leonardo_work/CNHPC_2116672/CPTAC/LSCC/C3L-01000-26.svs;/leonardo_work/CNHPC_2116672/CPTAC/LSCC/C3L-01000-25.svs,True
C3N-03780,2,PDA,/leonardo_work/CNHPC_2116672/CPTAC/PDA/C3N-03780-21.svs;/leonardo_work/CNHPC_2116672/CPTAC/PDA/C3N-03780-24.svs,True
C3L-01202,1,dataset_20x,/leonardo_work/CNHPC_2116672/CPTAC/dataset_20x/C3L-01202-42.tiff,True
C3N-01878,0,,,False
C3L-08164,0,,,False
C3L-02704,5,GBM,/leonardo_work/CNHPC_2116672/CPTAC/GBM/C3L-02704-24.svs;/leonardo_work/CNHPC_2116672/CPTAC/GBM/C3L-02704-25.svs;/leonardo_work/CNHPC_2116672/CPTAC/GBM/C3L-02704-23.svs;/leonardo_work/CNHPC_2116672/CPTAC/GBM/C3L-02704-22.svs;/leonardo_work/CNHPC_2116672/CPTAC/GBM/C3L-02704-21.svs,True
C3L-06068,0,,,False
C3N-00305,2,CCRCC,/leonardo_work/CNHPC_2116672/CPTAC/CCRCC/C3N-00305-21.svs;/leonardo_work/CNHPC_2116672/CPTAC/CCRCC/C3N-00305-22.svs,True
C3L-00814,2,CCRCC,/leonardo_work/CNHPC_2116672/CPTAC/CCRCC/C3L-00814-22.svs;/leonardo_work/CNHPC_2116672/CPTAC/CCRCC/C3L-00814-21.svs,True
C3N-04094,3,GBM,/leonardo_work/CNHPC_2116672/CPTAC/GBM/C3N-04094-23.svs;/leonardo_work/CNHPC_2116672/CPTAC/GBM/C3N-04094-21.svs;/leonardo_work/CNHPC_2116672/CPTAC/GBM/C3N-04094-22.svs,True
C3N-02585,3,PDA,/leonardo_work/CNHPC_2116672/CPTAC/PDA/C3N-02585-23.svs;/leonardo_work/CNHPC_2116672/CPTAC/PDA/C3N-02585-22.svs;/leonardo_work/CNHPC_2116672/CPTAC/PDA/C3N-02585-21.svs,True
C3N-02635,0,,,False
C3L-06639,0,,,False
C3L-03356,4,PDA,/leonardo_work/CNHPC_2116672/CPTAC/PDA/C3L-03356-27.svs;/leonardo_work/CNHPC_2116672/CPTAC/PDA/C3L-03356-28.svs;/leonardo_work/CNHPC_2116672/CPTAC/PDA/C3L-03356-29.svs;/leonardo_work/CNHPC_2116672/CPTAC/PDA/C3L-03356-26.svs,True
C3L-05862,2,dataset_20x,/leonardo_work/CNHPC_2116672/CPTAC/dataset_20x/C3L-05862-41.tiff;/leonardo_work/CNHPC_2116672/CPTAC/dataset_20x/C3L-05862-42.tiff,True
C3N-02152,6,LUAD,/leonardo_work/CNHPC_2116672/CPTAC/LUAD/C3N-02152-26.svs;/leonardo_work/CNHPC_2116672/CPTAC/LUAD/C3N-02152-24.svs;/leonardo_work/CNHPC_2116672/CPTAC/LUAD/C3N-02152-23.svs;/leonardo_work/CNHPC_2116672/CPTAC/LUAD/C3N-02152-27.svs;/leonardo_work/CNHPC_2116672/CPTAC/LUAD/C3N-02152-21.svs;/leonardo_work/CNHPC_2116672/CPTAC/LUAD/C3N-02152-22.svs,True
C3L-00601,0,,,False
C3N-03420,3,LUAD,/leonardo_work/CNHPC_2116672/CPTAC/LUAD/C3N-03420-21.svs;/leonardo_work/CNHPC_2116672/CPTAC/LUAD/C3N-03420-22.svs;/leonardo_work/CNHPC_2116672/CPTAC/LUAD/C3N-03420-29.svs,True
C3L-06089,0,,,False
C3N-02144,6,LUAD,/leonardo_work/CNHPC_2116672/CPTAC/LUAD/C3N-02144-26.svs;/leonardo_work/CNHPC_2116672/CPTAC/LUAD/C3N-02144-22.svs;/leonardo_work/CNHPC_2116672/CPTAC/LUAD/C3N-02144-21.svs;/leonardo_work/CNHPC_2116672/CPTAC/LUAD/C3N-02144-24.svs;/leonardo_work/CNHPC_2116672/CPTAC/LUAD/C3N-02144-23.svs;/leonardo_work/CNHPC_2116672/CPTAC/LUAD/C3N-02144-27.svs,True
C3N-01756,2,HNSCC,/leonardo_work/CNHPC_2116672/CPTAC/HNSCC/C3N-01756-21.svs;/leonardo_work/CNHPC_2116672/CPTAC/HNSCC/C3N-01756-25.svs,True
C3N-01764,0,,,False
C3L-07093,0,,,False
C3N-03188,3,GBM,/leonardo_work/CNHPC_2116672/CPTAC/GBM/C3N-03188-22.svs;/leonardo_work/CNHPC_2116672/CPTAC/GBM/C3N-03188-21.svs;/leonardo_work/CNHPC_2116672/CPTAC/GBM/C3N-03188-23.svs,True
C3L-02555,0,,,False
C3N-01520,0,,,False
C3L-02856,2,CCRCC,/leonardo_work/CNHPC_2116672/CPTAC/CCRCC/C3L-02856-21.svs;/leonardo_work/CNHPC_2116672/CPTAC/CCRCC/C3L-02856-22.svs,True
C3N-01024,6,LUAD,/leonardo_work/CNHPC_2116672/CPTAC/LUAD/C3N-01024-24.svs;/leonardo_work/CNHPC_2116672/CPTAC/LUAD/C3N-01024-23.svs;/leonardo_work/CNHPC_2116672/CPTAC/LUAD/C3N-01024-22.svs;/leonardo_work/CNHPC_2116672/CPTAC/LUAD/C3N-01024-21.svs;/leonardo_work/CNHPC_2116672/CPTAC/LUAD/C3N-01024-27.svs;/leonardo_work/CNHPC_2116672/CPTAC/LUAD/C3N-01024-26.svs,True
C3L-01668,0,,,False
C3L-00781,0,,,False
C3N-04119,3,PDA,/leonardo_work/CNHPC_2116672/CPTAC/PDA/C3N-04119-21.svs;/leonardo_work/CNHPC_2116672/CPTAC/PDA/C3N-04119-23.svs;/leonardo_work/CNHPC_2116672/CPTAC/PDA/C3N-04119-22.svs,True
C3N-03875,3,LSCC,/leonardo_work/CNHPC_2116672/CPTAC/LSCC/C3N-03875-22.svs;/leonardo_work/CNHPC_2116672/CPTAC/LSCC/C3N-03875-21.svs;/leonardo_work/CNHPC_2116672/CPTAC/LSCC/C3N-03875-25.svs,True
C3L-04359,5,GBM,/leonardo_work/CNHPC_2116672/CPTAC/GBM/C3L-04359-21.svs;/leonardo_work/CNHPC_2116672/CPTAC/GBM/C3L-04359-23.svs;/leonardo_work/CNHPC_2116672/CPTAC/GBM/C3L-04359-22.svs;/leonardo_work/CNHPC_2116672/CPTAC/GBM/C3L-04359-25.svs;/leonardo_work/CNHPC_2116672/CPTAC/GBM/C3L-04359-24.svs,True
C3N-04282,2,PDA,/leonardo_work/CNHPC_2116672/CPTAC/PDA/C3N-04282-21.svs;/leonardo_work/CNHPC_2116672/CPTAC/PDA/C3N-04282-23.svs,True
C3N-01989,4,CCRCC,/leonardo_work/CNHPC_2116672/CPTAC/CCRCC/C3N-01989-24.svs;/leonardo_work/CNHPC_2116672/CPTAC/CCRCC/C3N-01989-22.svs;/leonardo_work/CNHPC_2116672/CPTAC/CCRCC/C3N-01989-21.svs;/leonardo_work/CNHPC_2116672/CPTAC/CCRCC/C3N-01989-23.svs,True
C3N-03076,3,LSCC,/leonardo_work/CNHPC_2116672/CPTAC/LSCC/C3N-03076-22.svs;/leonardo_work/CNHPC_2116672/CPTAC/LSCC/C3N-03076-21.svs;/leonardo_work/CNHPC_2116672/CPTAC/LSCC/C3N-03076-23.svs,True
C3L-00973,7,LUAD,/leonardo_work/CNHPC_2116672/CPTAC/LUAD/C3L-00973-27.svs;/leonardo_work/CNHPC_2116672/CPTAC/LUAD/C3L-00973-23.svs;/leonardo_work/CNHPC_2116672/CPTAC/LUAD/C3L-00973-24.svs;/leonardo_work/CNHPC_2116672/CPTAC/LUAD/C3L-00973-21.svs;/leonardo_work/CNHPC_2116672/CPTAC/LUAD/C3L-00973-22.svs;/leonardo_work/CNHPC_2116672/CPTAC/LUAD/C3L-00973-25.svs;/leonardo_work/CNHPC_2116672/CPTAC/LUAD/C3L-00973-28.svs,True
C3N-03073,3,LUAD,/leonardo_work/CNHPC_2116672/CPTAC/LUAD/C3N-03073-23.svs;/leonardo_work/CNHPC_2116672/CPTAC/LUAD/C3N-03073-21.svs;/leonardo_work/CNHPC_2116672/CPTAC/LUAD/C3N-03073-22.svs,True
C3N-05991,0,,,False
C3L-04083,5,GBM,/leonardo_work/CNHPC_2116672/CPTAC/GBM/C3L-04083-22.svs;/leonardo_work/CNHPC_2116672/CPTAC/GBM/C3L-04083-25.svs;/leonardo_work/CNHPC_2116672/CPTAC/GBM/C3L-04083-21.svs;/leonardo_work/CNHPC_2116672/CPTAC/GBM/C3L-04083-23.svs;/leonardo_work/CNHPC_2116672/CPTAC/GBM/C3L-04083-24.svs,True
C3L-07082,0,,,False
C3N-02426,3,LSCC,/leonardo_work/CNHPC_2116672/CPTAC/LSCC/C3N-02426-22.svs;/leonardo_work/CNHPC_2116672/CPTAC/LSCC/C3N-02426-23.svs;/leonardo_work/CNHPC_2116672/CPTAC/LSCC/C3N-02426-21.svs,True
C3L-06316,0,,,False
C3L-01553,2,CCRCC,/leonardo_work/CNHPC_2116672/CPTAC/CCRCC/C3L-01553-21.svs;/leonardo_work/CNHPC_2116672/CPTAC/CCRCC/C3L-01553-22.svs,True
C3N-02249,0,,,False
C3L-05811,0,,,False
C3N-02283,3,LSCC,/leonardo_work/CNHPC_2116672/CPTAC/LSCC/C3N-02283-30.svs;/leonardo_work/CNHPC_2116672/CPTAC/LSCC/C3N-02283-22.svs;/leonardo_work/CNHPC_2116672/CPTAC/LSCC/C3N-02283-21.svs,True
C3N-02224,6,CCRCC,/leonardo_work/CNHPC_2116672/CPTAC/CCRCC/C3N-02224-24.svs;/leonardo_work/CNHPC_2116672/CPTAC/CCRCC/C3N-02224-23.svs;/leonardo_work/CNHPC_2116672/CPTAC/CCRCC/C3N-02224-21.svs;/leonardo_work/CNHPC_2116672/CPTAC/CCRCC/C3N-02224-22.svs;/leonardo_work/CNHPC_2116672/CPTAC/CCRCC/C3N-02224-26.svs;/leonardo_work/CNHPC_2116672/CPTAC/CCRCC/C3N-02224-27.svs,True
C3N-00223,8,LUAD,/leonardo_work/CNHPC_2116672/CPTAC/LUAD/C3N-00223-24.svs;/leonardo_work/CNHPC_2116672/CPTAC/LUAD/C3N-00223-22.svs;/leonardo_work/CNHPC_2116672/CPTAC/LUAD/C3N-00223-28.svs;/leonardo_work/CNHPC_2116672/CPTAC/LUAD/C3N-00223-23.svs;/leonardo_work/CNHPC_2116672/CPTAC/LUAD/C3N-00223-27.svs;/leonardo_work/CNHPC_2116672/CPTAC/LUAD/C3N-00223-26.svs;/leonardo_work/CNHPC_2116672/CPTAC/LUAD/C3N-00223-25.svs;/leonardo_work/CNHPC_2116672/CPTAC/LUAD/C3N-00223-21.svs,True
C3L-00080,2,LUAD,/leonardo_work/CNHPC_2116672/CPTAC/LUAD/C3L-00080-21.svs;/leonardo_work/CNHPC_2116672/CPTAC/LUAD/C3L-00080-26.svs,True
C3L-07645,0,,,False
C3L-03985,8,LUAD,/leonardo_work/CNHPC_2116672/CPTAC/LUAD/C3L-03985-23.svs;/leonardo_work/CNHPC_2116672/CPTAC/LUAD/C3L-03985-26.svs;/leonardo_work/CNHPC_2116672/CPTAC/LUAD/C3L-03985-21.svs;/leonardo_work/CNHPC_2116672/CPTAC/LUAD/C3L-03985-24.svs;/leonardo_work/CNHPC_2116672/CPTAC/LUAD/C3L-03985-28.svs;/leonardo_work/CNHPC_2116672/CPTAC/LUAD/C3L-03985-22.svs;/leonardo_work/CNHPC_2116672/CPTAC/LUAD/C3L-03985-25.svs;/leonardo_work/CNHPC_2116672/CPTAC/LUAD/C3L-03985-27.svs,True
C3N-01905,3,CCRCC,/leonardo_work/CNHPC_2116672/CPTAC/CCRCC/C3N-01905-22.svs;/leonardo_work/CNHPC_2116672/CPTAC/CCRCC/C3N-01905-21.svs;/leonardo_work/CNHPC_2116672/CPTAC/CCRCC/C3N-01905-29.svs,True
C3L-01425,2,dataset_20x,/leonardo_work/CNHPC_2116672/CPTAC/dataset_20x/C3L-01425-41.tiff;/leonardo_work/CNHPC_2116672/CPTAC/dataset_20x/C3L-01425-42.tiff,True
C3N-02061,0,,,False
C3N-03935,3,GBM,/leonardo_work/CNHPC_2116672/CPTAC/GBM/C3N-03935-22.svs;/leonardo_work/CNHPC_2116672/CPTAC/GBM/C3N-03935-23.svs;/leonardo_work/CNHPC_2116672/CPTAC/GBM/C3N-03935-21.svs,True
C3N-03797,3,GBM,/leonardo_work/CNHPC_2116672/CPTAC/GBM/C3N-03797-21.svs;/leonardo_work/CNHPC_2116672/CPTAC/GBM/C3N-03797-22.svs;/leonardo_work/CNHPC_2116672/CPTAC/GBM/C3N-03797-23.svs,True
C3N-02434,5,LSCC,/leonardo_work/CNHPC_2116672/CPTAC/LSCC/C3N-02434-26.svs;/leonardo_work/CNHPC_2116672/CPTAC/LSCC/C3N-02434-27.svs;/leonardo_work/CNHPC_2116672/CPTAC/LSCC/C3N-02434-21.svs;/leonardo_work/CNHPC_2116672/CPTAC/LSCC/C3N-02434-22.svs;/leonardo_work/CNHPC_2116672/CPTAC/LSCC/C3N-02434-23.svs,True
C3N-02155,6,LUAD,/leonardo_work/CNHPC_2116672/CPTAC/LUAD/C3N-02155-23.svs;/leonardo_work/CNHPC_2116672/CPTAC/LUAD/C3N-02155-27.svs;/leonardo_work/CNHPC_2116672/CPTAC/LUAD/C3N-02155-24.svs;/leonardo_work/CNHPC_2116672/CPTAC/LUAD/C3N-02155-26.svs;/leonardo_work/CNHPC_2116672/CPTAC/LUAD/C3N-02155-21.svs;/leonardo_work/CNHPC_2116672/CPTAC/LUAD/C3N-02155-22.svs,True
C3L-08989,0,,,False
C3N-00647,6,CCRCC,/leonardo_work/CNHPC_2116672/CPTAC/CCRCC/C3N-00647-21.svs;/leonardo_work/CNHPC_2116672/CPTAC/CCRCC/C3N-00647-24.svs;/leonardo_work/CNHPC_2116672/CPTAC/CCRCC/C3N-00647-23.svs;/leonardo_work/CNHPC_2116672/CPTAC/CCRCC/C3N-00647-22.svs;/leonardo_work/CNHPC_2116672/CPTAC/CCRCC/C3N-00647-27.svs;/leonardo_work/CNHPC_2116672/CPTAC/CCRCC/C3N-00647-26.svs,True
C3N-03054,3,LUAD,/leonardo_work/CNHPC_2116672/CPTAC/LUAD/C3N-03054-23.svs;/leonardo_work/CNHPC_2116672/CPTAC/LUAD/C3N-03054-21.svs;/leonardo_work/CNHPC_2116672/CPTAC/LUAD/C3N-03054-22.svs,True
C3L-04479,3,PDA,/leonardo_work/CNHPC_2116672/CPTAC/PDA/C3L-04479-23.svs;/leonardo_work/CNHPC_2116672/CPTAC/PDA/C3L-04479-22.svs;/leonardo_work/CNHPC_2116672/CPTAC/PDA/C3L-04479-21.svs,True
C3N-02590,2,PDA,/leonardo_work/CNHPC_2116672/CPTAC/PDA/C3N-02590-21.svs;/leonardo_work/CNHPC_2116672/CPTAC/PDA/C3N-02590-23.svs,True
C3L-04483,1,dataset_20x,/leonardo_work/CNHPC_2116672/CPTAC/dataset_20x/C3L-04483-41.tiff,True
C3N-03851,3,LSCC,/leonardo_work/CNHPC_2116672/CPTAC/LSCC/C3N-03851-23.svs;/leonardo_work/CNHPC_2116672/CPTAC/LSCC/C3N-03851-21.svs;/leonardo_work/CNHPC_2116672/CPTAC/LSCC/C3N-03851-24.svs,True
C3L-02602,0,,,False
C3N-02288,2,LSCC,/leonardo_work/CNHPC_2116672/CPTAC/LSCC/C3N-02288-29.svs;/leonardo_work/CNHPC_2116672/CPTAC/LSCC/C3N-02288-23.svs,True
C3L-07535,0,,,False
C3L-07637,0,,,False
C3N-04173,2,LUAD,/leonardo_work/CNHPC_2116672/CPTAC/LUAD/C3N-04173-21.svs;/leonardo_work/CNHPC_2116672/CPTAC/LUAD/C3N-04173-29.svs,True
C3N-03063,3,LUAD,/leonardo_work/CNHPC_2116672/CPTAC/LUAD/C3N-03063-22.svs;/leonardo_work/CNHPC_2116672/CPTAC/LUAD/C3N-03063-23.svs;/leonardo_work/CNHPC_2116672/CPTAC/LUAD/C3N-03063-21.svs,True
C3N-00321,0,,,False
C3L-00094,2,LUAD,/leonardo_work/CNHPC_2116672/CPTAC/LUAD/C3L-00094-21.svs;/leonardo_work/CNHPC_2116672/CPTAC/LUAD/C3L-00094-26.svs,True
C3N-01214,4,CCRCC,/leonardo_work/CNHPC_2116672/CPTAC/CCRCC/C3N-01214-23.svs;/leonardo_work/CNHPC_2116672/CPTAC/CCRCC/C3N-01214-22.svs;/leonardo_work/CNHPC_2116672/CPTAC/CCRCC/C3N-01214-21.svs;/leonardo_work/CNHPC_2116672/CPTAC/CCRCC/C3N-01214-26.svs,True
C3N-02811,4,CCRCC,/leonardo_work/CNHPC_2116672/CPTAC/CCRCC/C3N-02811-23.svs;/leonardo_work/CNHPC_2116672/CPTAC/CCRCC/C3N-02811-26.svs;/leonardo_work/CNHPC_2116672/CPTAC/CCRCC/C3N-02811-21.svs;/leonardo_work/CNHPC_2116672/CPTAC/CCRCC/C3N-02811-22.svs,True
C3L-08266,0,,,False
C3N-02262,2,CCRCC,/leonardo_work/CNHPC_2116672/CPTAC/CCRCC/C3N-02262-21.svs;/leonardo_work/CNHPC_2116672/CPTAC/CCRCC/C3N-02262-22.svs,True
C3N-03184,3,GBM,/leonardo_work/CNHPC_2116672/CPTAC/GBM/C3N-03184-21.svs;/leonardo_work/CNHPC_2116672/CPTAC/GBM/C3N-03184-22.svs;/leonardo_work/CNHPC_2116672/CPTAC/GBM/C3N-03184-23.svs,True
C3L-06209,0,,,False
C3L-03395,3,PDA,/leonardo_work/CNHPC_2116672/CPTAC/PDA/C3L-03395-22.svs;/leonardo_work/CNHPC_2116672/CPTAC/PDA/C3L-03395-23.svs;/leonardo_work/CNHPC_2116672/CPTAC/PDA/C3L-03395-25.svs,True
C3N-02421,3,LUAD,/leonardo_work/CNHPC_2116672/CPTAC/LUAD/C3N-02421-22.svs;/leonardo_work/CNHPC_2116672/CPTAC/LUAD/C3N-02421-23.svs;/leonardo_work/CNHPC_2116672/CPTAC/LUAD/C3N-02421-21.svs,True
C3L-02544,4,CCRCC,/leonardo_work/CNHPC_2116672/CPTAC/CCRCC/C3L-02544-21.svs;/leonardo_work/CNHPC_2116672/CPTAC/CCRCC/C3L-02544-26.svs;/leonardo_work/CNHPC_2116672/CPTAC/CCRCC/C3L-02544-22.svs;/leonardo_work/CNHPC_2116672/CPTAC/CCRCC/C3L-02544-23.svs,True
C3N-00704,4,LUAD,/leonardo_work/CNHPC_2116672/CPTAC/LUAD/C3N-00704-23.svs;/leonardo_work/CNHPC_2116672/CPTAC/LUAD/C3N-00704-21.svs;/leonardo_work/CNHPC_2116672/CPTAC/LUAD/C3N-00704-24.svs;/leonardo_work/CNHPC_2116672/CPTAC/LUAD/C3N-00704-22.svs,True
C3L-06352,2,dataset_20x,/leonardo_work/CNHPC_2116672/CPTAC/dataset_20x/C3L-06352-41.tiff;/leonardo_work/CNHPC_2116672/CPTAC/dataset_20x/C3L-06352-42.tiff,True
C3N-02423,3,LUAD,/leonardo_work/CNHPC_2116672/CPTAC/LUAD/C3N-02423-23.svs;/leonardo_work/CNHPC_2116672/CPTAC/LUAD/C3N-02423-22.svs;/leonardo_work/CNHPC_2116672/CPTAC/LUAD/C3N-02423-21.svs,True
C3L-01607,4,CCRCC,/leonardo_work/CNHPC_2116672/CPTAC/CCRCC/C3L-01607-26.svs;/leonardo_work/CNHPC_2116672/CPTAC/CCRCC/C3L-01607-22.svs;/leonardo_work/CNHPC_2116672/CPTAC/CCRCC/C3L-01607-23.svs;/leonardo_work/CNHPC_2116672/CPTAC/CCRCC/C3L-01607-21.svs,True
C3N-00150,6,CCRCC,/leonardo_work/CNHPC_2116672/CPTAC/CCRCC/C3N-00150-21.svs;/leonardo_work/CNHPC_2116672/CPTAC/CCRCC/C3N-00150-24.svs;/leonardo_work/CNHPC_2116672/CPTAC/CCRCC/C3N-00150-22.svs;/leonardo_work/CNHPC_2116672/CPTAC/CCRCC/C3N-00150-23.svs;/leonardo_work/CNHPC_2116672/CPTAC/CCRCC/C3N-00150-26.svs;/leonardo_work/CNHPC_2116672/CPTAC/CCRCC/C3N-00150-27.svs,True
C3L-07979,0,,,False
C3N-01077,6,CCRCC,/leonardo_work/CNHPC_2116672/CPTAC/CCRCC/C3N-01077-27.svs;/leonardo_work/CNHPC_2116672/CPTAC/CCRCC/C3N-01077-23.svs;/leonardo_work/CNHPC_2116672/CPTAC/CCRCC/C3N-01077-24.svs;/leonardo_work/CNHPC_2116672/CPTAC/CCRCC/C3N-01077-22.svs;/leonardo_work/CNHPC_2116672/CPTAC/CCRCC/C3N-01077-26.svs;/leonardo_work/CNHPC_2116672/CPTAC/CCRCC/C3N-01077-21.svs,True
C3N-04277,2,HNSCC,/leonardo_work/CNHPC_2116672/CPTAC/HNSCC/C3N-04277-22.svs;/leonardo_work/CNHPC_2116672/CPTAC/HNSCC/C3N-04277-24.svs,True
C3L-07588,0,,,False
C3L-04791,8,HNSCC,/leonardo_work/CNHPC_2116672/CPTAC/HNSCC/C3L-04791-24.svs;/leonardo_work/CNHPC_2116672/CPTAC/HNSCC/C3L-04791-28.svs;/leonardo_work/CNHPC_2116672/CPTAC/HNSCC/C3L-04791-22.svs;/leonardo_work/CNHPC_2116672/CPTAC/HNSCC/C3L-04791-25.svs;/leonardo_work/CNHPC_2116672/CPTAC/HNSCC/C3L-04791-21.svs;/leonardo_work/CNHPC_2116672/CPTAC/HNSCC/C3L-04791-23.svs;/leonardo_work/CNHPC_2116672/CPTAC/HNSCC/C3L-04791-26.svs;/leonardo_work/CNHPC_2116672/CPTAC/HNSCC/C3L-04791-27.svs,True
C3N-02523,4,LSCC,/leonardo_work/CNHPC_2116672/CPTAC/LSCC/C3N-02523-24.svs;/leonardo_work/CNHPC_2116672/CPTAC/LSCC/C3N-02523-21.svs;/leonardo_work/CNHPC_2116672/CPTAC/LSCC/C3N-02523-23.svs;/leonardo_work/CNHPC_2116672/CPTAC/LSCC/C3N-02523-22.svs,True
C3N-00334,0,,,False
C3L-08267,0,,,False
C3N-01211,0,,,False
C3N-02726,4,CCRCC,/leonardo_work/CNHPC_2116672/CPTAC/CCRCC/C3N-02726-26.svs;/leonardo_work/CNHPC_2116672/CPTAC/CCRCC/C3N-02726-21.svs;/leonardo_work/CNHPC_2116672/CPTAC/CCRCC/C3N-02726-23.svs;/leonardo_work/CNHPC_2116672/CPTAC/CCRCC/C3N-02726-22.svs,True
C3N-02431,3,CCRCC,/leonardo_work/CNHPC_2116672/CPTAC/CCRCC/C3N-02431-23.svs;/leonardo_work/CNHPC_2116672/CPTAC/CCRCC/C3N-02431-21.svs;/leonardo_work/CNHPC_2116672/CPTAC/CCRCC/C3N-02431-22.svs,True
C3N-01415,6,LUAD,/leonardo_work/CNHPC_2116672/CPTAC/LUAD/C3N-01415-21.svs;/leonardo_work/CNHPC_2116672/CPTAC/LUAD/C3N-01415-22.svs;/leonardo_work/CNHPC_2116672/CPTAC/LUAD/C3N-01415-27.svs;/leonardo_work/CNHPC_2116672/CPTAC/LUAD/C3N-01415-26.svs;/leonardo_work/CNHPC_2116672/CPTAC/LUAD/C3N-01415-24.svs;/leonardo_work/CNHPC_2116672/CPTAC/LUAD/C3N-01415-23.svs,True
C3N-00546,6,LUAD,/leonardo_work/CNHPC_2116672/CPTAC/LUAD/C3N-00546-24.svs;/leonardo_work/CNHPC_2116672/CPTAC/LUAD/C3N-00546-26.svs;/leonardo_work/CNHPC_2116672/CPTAC/LUAD/C3N-00546-27.svs;/leonardo_work/CNHPC_2116672/CPTAC/LUAD/C3N-00546-23.svs;/leonardo_work/CNHPC_2116672/CPTAC/LUAD/C3N-00546-21.svs;/leonardo_work/CNHPC_2116672/CPTAC/LUAD/C3N-00546-22.svs,True
C3L-07099,0,,,False
C3L-04731,5,GBM,/leonardo_work/CNHPC_2116672/CPTAC/GBM/C3L-04731-22.svs;/leonardo_work/CNHPC_2116672/CPTAC/GBM/C3L-04731-24.svs;/leonardo_work/CNHPC_2116672/CPTAC/GBM/C3L-04731-25.svs;/leonardo_work/CNHPC_2116672/CPTAC/GBM/C3L-04731-23.svs;/leonardo_work/CNHPC_2116672/CPTAC/GBM/C3L-04731-21.svs,True
C3L-07981,0,,,False
C3N-01806,5,CCRCC,/leonardo_work/CNHPC_2116672/CPTAC/CCRCC/C3N-01806-27.svs;/leonardo_work/CNHPC_2116672/CPTAC/CCRCC/C3N-01806-21.svs;/leonardo_work/CNHPC_2116672/CPTAC/CCRCC/C3N-01806-22.svs;/leonardo_work/CNHPC_2116672/CPTAC/CCRCC/C3N-01806-26.svs;/leonardo_work/CNHPC_2116672/CPTAC/CCRCC/C3N-01806-23.svs,True
C3L-07069,0,,,False
C3L-04911,0,,,False
C3N-03662,4,LSCC,/leonardo_work/CNHPC_2116672/CPTAC/LSCC/C3N-03662-21.svs;/leonardo_work/CNHPC_2116672/CPTAC/LSCC/C3N-03662-22.svs;/leonardo_work/CNHPC_2116672/CPTAC/LSCC/C3N-03662-26.svs;/leonardo_work/CNHPC_2116672/CPTAC/LSCC/C3N-03662-23.svs,True
C3L-07671,0,,,False
C3N-03428,2,PDA,/leonardo_work/CNHPC_2116672/CPTAC/PDA/C3N-03428-22.svs;/leonardo_work/CNHPC_2116672/CPTAC/PDA/C3N-03428-21.svs,True
C3N-00721,2,CCRCC,/leonardo_work/CNHPC_2116672/CPTAC/CCRCC/C3N-00721-21.svs;/leonardo_work/CNHPC_2116672/CPTAC/CCRCC/C3N-00721-26.svs,True
C3L-06707,0,,,False
C3N-02253,0,,,False
C3L-01560,2,CCRCC,/leonardo_work/CNHPC_2116672/CPTAC/CCRCC/C3L-01560-22.svs;/leonardo_work/CNHPC_2116672/CPTAC/CCRCC/C3L-01560-21.svs,True
C3N-02770,3,GBM,/leonardo_work/CNHPC_2116672/CPTAC/GBM/C3N-02770-28.svs;/leonardo_work/CNHPC_2116672/CPTAC/GBM/C3N-02770-29.svs;/leonardo_work/CNHPC_2116672/CPTAC/GBM/C3N-02770-30.svs,True
C3N-00682,0,,,False
C3L-02549,3,LUAD,/leonardo_work/CNHPC_2116672/CPTAC/LUAD/C3L-02549-21.svs;/leonardo_work/CNHPC_2116672/CPTAC/LUAD/C3L-02549-22.svs;/leonardo_work/CNHPC_2116672/CPTAC/LUAD/C3L-02549-26.svs,True
C3L-00095,4,LUAD,/leonardo_work/CNHPC_2116672/CPTAC/LUAD/C3L-00095-22.svs;/leonardo_work/CNHPC_2116672/CPTAC/LUAD/C3L-00095-23.svs;/leonardo_work/CNHPC_2116672/CPTAC/LUAD/C3L-00095-21.svs;/leonardo_work/CNHPC_2116672/CPTAC/LUAD/C3L-00095-26.svs,True
C3N-02715,4,LUAD,/leonardo_work/CNHPC_2116672/CPTAC/LUAD/C3N-02715-22.svs;/leonardo_work/CNHPC_2116672/CPTAC/LUAD/C3N-02715-26.svs;/leonardo_work/CNHPC_2116672/CPTAC/LUAD/C3N-02715-23.svs;/leonardo_work/CNHPC_2116672/CPTAC/LUAD/C3N-02715-21.svs,True
C3N-02729,3,LUAD,/leonardo_work/CNHPC_2116672/CPTAC/LUAD/C3N-02729-23.svs;/leonardo_work/CNHPC_2116672/CPTAC/LUAD/C3N-02729-22.svs;/leonardo_work/CNHPC_2116672/CPTAC/LUAD/C3N-02729-21.svs,True
C3N-02950,4,LUAD,/leonardo_work/CNHPC_2116672/CPTAC/LUAD/C3N-02950-27.svs;/leonardo_work/CNHPC_2116672/CPTAC/LUAD/C3N-02950-26.svs;/leonardo_work/CNHPC_2116672/CPTAC/LUAD/C3N-02950-21.svs;/leonardo_work/CNHPC_2116672/CPTAC/LUAD/C3N-02950-22.svs,True
C3N-04683,1,GBM,/leonardo_work/CNHPC_2116672/CPTAC/GBM/C3N-04683-22.svs,True
C3L-03394,3,PDA,/leonardo_work/CNHPC_2116672/CPTAC/PDA/C3L-03394-23.svs;/leonardo_work/CNHPC_2116672/CPTAC/PDA/C3L-03394-22.svs;/leonardo_work/CNHPC_2116672/CPTAC/PDA/C3L-03394-24.svs,True
C3L-05678,2,dataset_20x,/leonardo_work/CNHPC_2116672/CPTAC/dataset_20x/C3L-05678-41.tiff;/leonardo_work/CNHPC_2116672/CPTAC/dataset_20x/C3L-05678-42.tiff,True
C3L-07438,0,,,False
C3L-06421,0,,,False
C3N-00556,6,LUAD,/leonardo_work/CNHPC_2116672/CPTAC/LUAD/C3N-00556-26.svs;/leonardo_work/CNHPC_2116672/CPTAC/LUAD/C3N-00556-24.svs;/leonardo_work/CNHPC_2116672/CPTAC/LUAD/C3N-00556-22.svs;/leonardo_work/CNHPC_2116672/CPTAC/LUAD/C3N-00556-23.svs;/leonardo_work/CNHPC_2116672/CPTAC/LUAD/C3N-00556-27.svs;/leonardo_work/CNHPC_2116672/CPTAC/LUAD/C3N-00556-21.svs,True
C3N-02067,3,LUAD,/leonardo_work/CNHPC_2116672/CPTAC/LUAD/C3N-02067-22.svs;/leonardo_work/CNHPC_2116672/CPTAC/LUAD/C3N-02067-21.svs;/leonardo_work/CNHPC_2116672/CPTAC/LUAD/C3N-02067-23.svs,True
C3N-01522,4,CCRCC,/leonardo_work/CNHPC_2116672/CPTAC/CCRCC/C3N-01522-21.svs;/leonardo_work/CNHPC_2116672/CPTAC/CCRCC/C3N-01522-26.svs;/leonardo_work/CNHPC_2116672/CPTAC/CCRCC/C3N-01522-23.svs;/leonardo_work/CNHPC_2116672/CPTAC/CCRCC/C3N-01522-22.svs,True
C3L-02170,5,LSCC,/leonardo_work/CNHPC_2116672/CPTAC/LSCC/C3L-02170-25.svs;/leonardo_work/CNHPC_2116672/CPTAC/LSCC/C3L-02170-21.svs;/leonardo_work/CNHPC_2116672/CPTAC/LSCC/C3L-02170-24.svs;/leonardo_work/CNHPC_2116672/CPTAC/LSCC/C3L-02170-23.svs;/leonardo_work/CNHPC_2116672/CPTAC/LSCC/C3L-02170-22.svs,True
C3L-05848,0,,,False
C3L-01286,4,CCRCC,/leonardo_work/CNHPC_2116672/CPTAC/CCRCC/C3L-01286-26.svs;/leonardo_work/CNHPC_2116672/CPTAC/CCRCC/C3L-01286-23.svs;/leonardo_work/CNHPC_2116672/CPTAC/CCRCC/C3L-01286-22.svs;/leonardo_work/CNHPC_2116672/CPTAC/CCRCC/C3L-01286-21.svs,True
C3N-01078,6,CCRCC,/leonardo_work/CNHPC_2116672/CPTAC/CCRCC/C3N-01078-24.svs;/leonardo_work/CNHPC_2116672/CPTAC/CCRCC/C3N-01078-22.svs;/leonardo_work/CNHPC_2116672/CPTAC/CCRCC/C3N-01078-23.svs;/leonardo_work/CNHPC_2116672/CPTAC/CCRCC/C3N-01078-21.svs;/leonardo_work/CNHPC_2116672/CPTAC/CCRCC/C3N-01078-27.svs;/leonardo_work/CNHPC_2116672/CPTAC/CCRCC/C3N-01078-26.svs,True
C3L-07673,0,,,False
C3L-02661,7,LUAD,/leonardo_work/CNHPC_2116672/CPTAC/LUAD/C3L-02661-23.svs;/leonardo_work/CNHPC_2116672/CPTAC/LUAD/C3L-02661-22.svs;/leonardo_work/CNHPC_2116672/CPTAC/LUAD/C3L-02661-26.svs;/leonardo_work/CNHPC_2116672/CPTAC/LUAD/C3L-02661-27.svs;/leonardo_work/CNHPC_2116672/CPTAC/LUAD/C3L-02661-25.svs;/leonardo_work/CNHPC_2116672/CPTAC/LUAD/C3L-02661-24.svs;/leonardo_work/CNHPC_2116672/CPTAC/LUAD/C3L-02661-21.svs,True
C3N-04157,4,LUAD,/leonardo_work/CNHPC_2116672/CPTAC/LUAD/C3N-04157-21.svs;/leonardo_work/CNHPC_2116672/CPTAC/LUAD/C3N-04157-22.svs;/leonardo_work/CNHPC_2116672/CPTAC/LUAD/C3N-04157-26.svs;/leonardo_work/CNHPC_2116672/CPTAC/LUAD/C3N-04157-23.svs,True
C3L-07437,0,,,False
C3N-02234,6,LUAD,/leonardo_work/CNHPC_2116672/CPTAC/LUAD/C3N-02234-23.svs;/leonardo_work/CNHPC_2116672/CPTAC/LUAD/C3N-02234-24.svs;/leonardo_work/CNHPC_2116672/CPTAC/LUAD/C3N-02234-26.svs;/leonardo_work/CNHPC_2116672/CPTAC/LUAD/C3N-02234-21.svs;/leonardo_work/CNHPC_2116672/CPTAC/LUAD/C3N-02234-27.svs;/leonardo_work/CNHPC_2116672/CPTAC/LUAD/C3N-02234-22.svs,True
C3L-01307,0,,,False
C3L-00088,3,CCRCC,/leonardo_work/CNHPC_2116672/CPTAC/CCRCC/C3L-00088-22.svs;/leonardo_work/CNHPC_2116672/CPTAC/CCRCC/C3L-00088-26.svs;/leonardo_work/CNHPC_2116672/CPTAC/CCRCC/C3L-00088-21.svs,True
C3L-03681,4,GBM,/leonardo_work/CNHPC_2116672/CPTAC/GBM/C3L-03681-23.svs;/leonardo_work/CNHPC_2116672/CPTAC/GBM/C3L-03681-22.svs;/leonardo_work/CNHPC_2116672/CPTAC/GBM/C3L-03681-24.svs;/leonardo_work/CNHPC_2116672/CPTAC/GBM/C3L-03681-21.svs,True
C3L-00449,0,,,False
C3N-01521,0,,,False
C3N-01416,6,LUAD,/leonardo_work/CNHPC_2116672/CPTAC/LUAD/C3N-01416-23.svs;/leonardo_work/CNHPC_2116672/CPTAC/LUAD/C3N-01416-22.svs;/leonardo_work/CNHPC_2116672/CPTAC/LUAD/C3N-01416-26.svs;/leonardo_work/CNHPC_2116672/CPTAC/LUAD/C3N-01416-27.svs;/leonardo_work/CNHPC_2116672/CPTAC/LUAD/C3N-01416-24.svs;/leonardo_work/CNHPC_2116672/CPTAC/LUAD/C3N-01416-21.svs,True
C3L-02346,4,CCRCC,/leonardo_work/CNHPC_2116672/CPTAC/CCRCC/C3L-02346-21.svs;/leonardo_work/CNHPC_2116672/CPTAC/CCRCC/C3L-02346-22.svs;/leonardo_work/CNHPC_2116672/CPTAC/CCRCC/C3L-02346-26.svs;/leonardo_work/CNHPC_2116672/CPTAC/CCRCC/C3L-02346-23.svs,True
C3N-02298,0,,,False
C3N-00339,0,,,False
C3L-07147,0,,,False
C3N-00386,0,,,False
C3N-00175,6,LUAD,/leonardo_work/CNHPC_2116672/CPTAC/LUAD/C3N-00175-22.svs;/leonardo_work/CNHPC_2116672/CPTAC/LUAD/C3N-00175-21.svs;/leonardo_work/CNHPC_2116672/CPTAC/LUAD/C3N-00175-26.svs;/leonardo_work/CNHPC_2116672/CPTAC/LUAD/C3N-00175-27.svs;/leonardo_work/CNHPC_2116672/CPTAC/LUAD/C3N-00175-24.svs;/leonardo_work/CNHPC_2116672/CPTAC/LUAD/C3N-00175-23.svs,True
C3L-08157,0,,,False
C3L-01557,2,CCRCC,/leonardo_work/CNHPC_2116672/CPTAC/CCRCC/C3L-01557-21.svs;/leonardo_work/CNHPC_2116672/CPTAC/CCRCC/C3L-01557-22.svs,True
C3L-02617,8,HNSCC,/leonardo_work/CNHPC_2116672/CPTAC/HNSCC/C3L-02617-21.svs;/leonardo_work/CNHPC_2116672/CPTAC/HNSCC/C3L-02617-28.svs;/leonardo_work/CNHPC_2116672/CPTAC/HNSCC/C3L-02617-24.svs;/leonardo_work/CNHPC_2116672/CPTAC/HNSCC/C3L-02617-26.svs;/leonardo_work/CNHPC_2116672/CPTAC/HNSCC/C3L-02617-25.svs;/leonardo_work/CNHPC_2116672/CPTAC/HNSCC/C3L-02617-27.svs;/leonardo_work/CNHPC_2116672/CPTAC/HNSCC/C3L-02617-23.svs;/leonardo_work/CNHPC_2116672/CPTAC/HNSCC/C3L-02617-22.svs,True
C3N-02005,3,CCRCC,/leonardo_work/CNHPC_2116672/CPTAC/CCRCC/C3N-02005-21.svs;/leonardo_work/CNHPC_2116672/CPTAC/CCRCC/C3N-02005-22.svs;/leonardo_work/CNHPC_2116672/CPTAC/CCRCC/C3N-02005-23.svs,True
C3N-02928,3,LUAD,/leonardo_work/CNHPC_2116672/CPTAC/LUAD/C3N-02928-22.svs;/leonardo_work/CNHPC_2116672/CPTAC/LUAD/C3N-02928-23.svs;/leonardo_work/CNHPC_2116672/CPTAC/LUAD/C3N-02928-21.svs,True
C3L-04766,1,dataset_20x,/leonardo_work/CNHPC_2116672/CPTAC/dataset_20x/C3L-04766-43.tiff,True
C3N-00340,0,,,False
C3N-03003,3,GBM,/leonardo_work/CNHPC_2116672/CPTAC/GBM/C3N-03003-23.svs;/leonardo_work/CNHPC_2116672/CPTAC/GBM/C3N-03003-22.svs;/leonardo_work/CNHPC_2116672/CPTAC/GBM/C3N-03003-21.svs,True
C3N-02587,3,LUAD,/leonardo_work/CNHPC_2116672/CPTAC/LUAD/C3N-02587-21.svs;/leonardo_work/CNHPC_2116672/CPTAC/LUAD/C3N-02587-23.svs;/leonardo_work/CNHPC_2116672/CPTAC/LUAD/C3N-02587-22.svs,True
C3N-01765,0,,,False
C3L-08311,0,,,False
C3L-01154,2,GBM,/leonardo_work/CNHPC_2116672/CPTAC/GBM/C3L-01154-23.svs;/leonardo_work/CNHPC_2116672/CPTAC/GBM/C3L-01154-22.svs,True
C3L-00604,4,LUAD,/leonardo_work/CNHPC_2116672/CPTAC/LUAD/C3L-00604-23.svs;/leonardo_work/CNHPC_2116672/CPTAC/LUAD/C3L-00604-22.svs;/leonardo_work/CNHPC_2116672/CPTAC/LUAD/C3L-00604-21.svs;/leonardo_work/CNHPC_2116672/CPTAC/LUAD/C3L-00604-26.svs,True
C3L-05480,0,,,False
C3N-00860,0,,,False
C3L-00981,2,CCRCC,/leonardo_work/CNHPC_2116672/CPTAC/CCRCC/C3L-00981-21.svs;/leonardo_work/CNHPC_2116672/CPTAC/CCRCC/C3L-00981-26.svs,True
C3N-03882,3,LSCC,/leonardo_work/CNHPC_2116672/CPTAC/LSCC/C3N-03882-21.svs;/leonardo_work/CNHPC_2116672/CPTAC/LSCC/C3N-03882-22.svs;/leonardo_work/CNHPC_2116672/CPTAC/LSCC/C3N-03882-23.svs,True
C3N-01877,0,,,False
C3N-01020,6,LSCC,/leonardo_work/CNHPC_2116672/CPTAC/LSCC/C3N-01020-21.svs;/leonardo_work/CNHPC_2116672/CPTAC/LSCC/C3N-01020-26.svs;/leonardo_work/CNHPC_2116672/CPTAC/LSCC/C3N-01020-23.svs;/leonardo_work/CNHPC_2116672/CPTAC/LSCC/C3N-01020-22.svs;/leonardo_work/CNHPC_2116672/CPTAC/LSCC/C3N-01020-24.svs;/leonardo_work/CNHPC_2116672/CPTAC/LSCC/C3N-01020-27.svs,True
C3N-02582,3,LUAD,/leonardo_work/CNHPC_2116672/CPTAC/LUAD/C3N-02582-21.svs;/leonardo_work/CNHPC_2116672/CPTAC/LUAD/C3N-02582-23.svs;/leonardo_work/CNHPC_2116672/CPTAC/LUAD/C3N-02582-22.svs,True
C3N-02422,3,LUAD,/leonardo_work/CNHPC_2116672/CPTAC/LUAD/C3N-02422-21.svs;/leonardo_work/CNHPC_2116672/CPTAC/LUAD/C3N-02422-23.svs;/leonardo_work/CNHPC_2116672/CPTAC/LUAD/C3N-02422-22.svs,True
C3L-08144,0,,,False
C3N-01858,3,HNSCC,/leonardo_work/CNHPC_2116672/CPTAC/HNSCC/C3N-01858-25.svs;/leonardo_work/CNHPC_2116672/CPTAC/HNSCC/C3N-01858-22.svs;/leonardo_work/CNHPC_2116672/CPTAC/HNSCC/C3N-01858-21.svs,True
C3N-00199,5,LUAD,/leonardo_work/CNHPC_2116672/CPTAC/LUAD/C3N-00199-26.svs;/leonardo_work/CNHPC_2116672/CPTAC/LUAD/C3N-00199-21.svs;/leonardo_work/CNHPC_2116672/CPTAC/LUAD/C3N-00199-23.svs;/leonardo_work/CNHPC_2116672/CPTAC/LUAD/C3N-00199-27.svs;/leonardo_work/CNHPC_2116672/CPTAC/LUAD/C3N-00199-22.svs,True
C3N-01880,0,,,False
C3L-04038,5,GBM,/leonardo_work/CNHPC_2116672/CPTAC/GBM/C3L-04038-21.svs;/leonardo_work/CNHPC_2116672/CPTAC/GBM/C3L-04038-24.svs;/leonardo_work/CNHPC_2116672/CPTAC/GBM/C3L-04038-23.svs;/leonardo_work/CNHPC_2116672/CPTAC/GBM/C3L-04038-25.svs;/leonardo_work/CNHPC_2116672/CPTAC/GBM/C3L-04038-22.svs,True
C3N-00660,0,,,False
C3L-09086,0,,,False
C3N-02573,3,PDA,/leonardo_work/CNHPC_2116672/CPTAC/PDA/C3N-02573-21.svs;/leonardo_work/CNHPC_2116672/CPTAC/PDA/C3N-02573-23.svs;/leonardo_work/CNHPC_2116672/CPTAC/PDA/C3N-02573-22.svs,True
C3N-00244,5,CCRCC,/leonardo_work/CNHPC_2116672/CPTAC/CCRCC/C3N-00244-26.svs;/leonardo_work/CNHPC_2116672/CPTAC/CCRCC/C3N-00244-23.svs;/leonardo_work/CNHPC_2116672/CPTAC/CCRCC/C3N-00244-21.svs;/leonardo_work/CNHPC_2116672/CPTAC/CCRCC/C3N-00244-22.svs;/leonardo_work/CNHPC_2116672/CPTAC/CCRCC/C3N-00244-27.svs,True
C3L-00083,2,LUAD,/leonardo_work/CNHPC_2116672/CPTAC/LUAD/C3L-00083-26.svs;/leonardo_work/CNHPC_2116672/CPTAC/LUAD/C3L-00083-21.svs,True
C3N-03086,3,PDA,/leonardo_work/CNHPC_2116672/CPTAC/PDA/C3N-03086-22.svs;/leonardo_work/CNHPC_2116672/CPTAC/PDA/C3N-03086-21.svs;/leonardo_work/CNHPC_2116672/CPTAC/PDA/C3N-03086-23.svs,True
C3L-04082,3,GBM,/leonardo_work/CNHPC_2116672/CPTAC/GBM/C3L-04082-22.svs;/leonardo_work/CNHPC_2116672/CPTAC/GBM/C3L-04082-21.svs;/leonardo_work/CNHPC_2116672/CPTAC/GBM/C3L-04082-23.svs,True
C3L-00143,0,,,False
C3L-06063,1,dataset_20x,/leonardo_work/CNHPC_2116672/CPTAC/dataset_20x/C3L-06063-43.tiff,True
C3L-01302,2,CCRCC,/leonardo_work/CNHPC_2116672/CPTAC/CCRCC/C3L-01302-23.svs;/leonardo_work/CNHPC_2116672/CPTAC/CCRCC/C3L-01302-26.svs,True
C3L-08145,0,,,False
C3L-01210,1,dataset_20x,/leonardo_work/CNHPC_2116672/CPTAC/dataset_20x/C3L-01210-42.tiff,True
C3L-03262,6,LUAD,/leonardo_work/CNHPC_2116672/CPTAC/LUAD/C3L-03262-26.svs;/leonardo_work/CNHPC_2116672/CPTAC/LUAD/C3L-03262-24.svs;/leonardo_work/CNHPC_2116672/CPTAC/LUAD/C3L-03262-22.svs;/leonardo_work/CNHPC_2116672/CPTAC/LUAD/C3L-03262-23.svs;/leonardo_work/CNHPC_2116672/CPTAC/LUAD/C3L-03262-25.svs;/leonardo_work/CNHPC_2116672/CPTAC/LUAD/C3L-03262-21.svs,True
C3L-03405,2,GBM,/leonardo_work/CNHPC_2116672/CPTAC/GBM/C3L-03405-21.svs;/leonardo_work/CNHPC_2116672/CPTAC/GBM/C3L-03405-26.svs,True
C3L-03388,2,PDA,/leonardo_work/CNHPC_2116672/CPTAC/PDA/C3L-03388-26.svs;/leonardo_work/CNHPC_2116672/CPTAC/PDA/C3L-03388-22.svs,True
C3L-00949,0,,,False
C3L-01048,2,GBM,/leonardo_work/CNHPC_2116672/CPTAC/GBM/C3L-01048-21.svs;/leonardo_work/CNHPC_2116672/CPTAC/GBM/C3L-01048-22.svs,True
C3L-07571,0,,,False
C3L-08159,0,,,False
C3L-02127,6,LSCC,/leonardo_work/CNHPC_2116672/CPTAC/LSCC/C3L-02127-24.svs;/leonardo_work/CNHPC_2116672/CPTAC/LSCC/C3L-02127-26.svs;/leonardo_work/CNHPC_2116672/CPTAC/LSCC/C3L-02127-22.svs;/leonardo_work/CNHPC_2116672/CPTAC/LSCC/C3L-02127-21.svs;/leonardo_work/CNHPC_2116672/CPTAC/LSCC/C3L-02127-25.svs;/leonardo_work/CNHPC_2116672/CPTAC/LSCC/C3L-02127-23.svs,True
C3L-08236,0,,,False
C3N-02693,2,HNSCC,/leonardo_work/CNHPC_2116672/CPTAC/HNSCC/C3N-02693-21.svs;/leonardo_work/CNHPC_2116672/CPTAC/HNSCC/C3N-02693-26.svs,True
C3L-02619,8,LSCC,/leonardo_work/CNHPC_2116672/CPTAC/LSCC/C3L-02619-23.svs;/leonardo_work/CNHPC_2116672/CPTAC/LSCC/C3L-02619-26.svs;/leonardo_work/CNHPC_2116672/CPTAC/LSCC/C3L-02619-24.svs;/leonardo_work/CNHPC_2116672/CPTAC/LSCC/C3L-02619-25.svs;/leonardo_work/CNHPC_2116672/CPTAC/LSCC/C3L-02619-21.svs;/leonardo_work/CNHPC_2116672/CPTAC/LSCC/C3L-02619-27.svs;/leonardo_work/CNHPC_2116672/CPTAC/LSCC/C3L-02619-22.svs;/leonardo_work/CNHPC_2116672/CPTAC/LSCC/C3L-02619-28.svs,True
C3N-02279,2,HNSCC,/leonardo_work/CNHPC_2116672/CPTAC/HNSCC/C3N-02279-25.svs;/leonardo_work/CNHPC_2116672/CPTAC/HNSCC/C3N-02279-21.svs,True
C3N-02979,0,,,False
C3L-02560,3,LUAD,/leonardo_work/CNHPC_2116672/CPTAC/LUAD/C3L-02560-21.svs;/leonardo_work/CNHPC_2116672/CPTAC/LUAD/C3L-02560-26.svs;/leonardo_work/CNHPC_2116672/CPTAC/LUAD/C3L-02560-22.svs,True
C3L-00165,6,CCRCC,/leonardo_work/CNHPC_2116672/CPTAC/CCRCC/C3L-00165-24.svs;/leonardo_work/CNHPC_2116672/CPTAC/CCRCC/C3L-00165-21.svs;/leonardo_work/CNHPC_2116672/CPTAC/CCRCC/C3L-00165-26.svs;/leonardo_work/CNHPC_2116672/CPTAC/CCRCC/C3L-00165-25.svs;/leonardo_work/CNHPC_2116672/CPTAC/CCRCC/C3L-00165-23.svs;/leonardo_work/CNHPC_2116672/CPTAC/CCRCC/C3L-00165-22.svs,True
C3N-00324,0,,,False
C3N-02978,0,,,False
C3L-05819,2,dataset_20x,/leonardo_work/CNHPC_2116672/CPTAC/dataset_20x/C3L-05819-42.tiff;/leonardo_work/CNHPC_2116672/CPTAC/dataset_20x/C3L-05819-41.tiff,True
C3L-01275,0,,,False
C3N-03878,3,HNSCC,/leonardo_work/CNHPC_2116672/CPTAC/HNSCC/C3N-03878-21.svs;/leonardo_work/CNHPC_2116672/CPTAC/HNSCC/C3N-03878-22.svs;/leonardo_work/CNHPC_2116672/CPTAC/HNSCC/C3N-03878-23.svs,True
C3L-03969,8,LUAD,/leonardo_work/CNHPC_2116672/CPTAC/LUAD/C3L-03969-23.svs;/leonardo_work/CNHPC_2116672/CPTAC/LUAD/C3L-03969-21.svs;/leonardo_work/CNHPC_2116672/CPTAC/LUAD/C3L-03969-24.svs;/leonardo_work/CNHPC_2116672/CPTAC/LUAD/C3L-03969-25.svs;/leonardo_work/CNHPC_2116672/CPTAC/LUAD/C3L-03969-27.svs;/leonardo_work/CNHPC_2116672/CPTAC/LUAD/C3L-03969-26.svs;/leonardo_work/CNHPC_2116672/CPTAC/LUAD/C3L-03969-28.svs;/leonardo_work/CNHPC_2116672/CPTAC/LUAD/C3L-03969-22.svs,True
C3N-01945,3,HNSCC,/leonardo_work/CNHPC_2116672/CPTAC/HNSCC/C3N-01945-24.svs;/leonardo_work/CNHPC_2116672/CPTAC/HNSCC/C3N-01945-21.svs;/leonardo_work/CNHPC_2116672/CPTAC/HNSCC/C3N-01945-25.svs,True
C3L-05884,0,,,False
C3L-01248,0,,,False
C3L-03143,0,,,False
C3N-03921,4,LUAD,/leonardo_work/CNHPC_2116672/CPTAC/LUAD/C3N-03921-26.svs;/leonardo_work/CNHPC_2116672/CPTAC/LUAD/C3N-03921-21.svs;/leonardo_work/CNHPC_2116672/CPTAC/LUAD/C3N-03921-22.svs;/leonardo_work/CNHPC_2116672/CPTAC/LUAD/C3N-03921-23.svs,True
C3N-01021,6,LUAD,/leonardo_work/CNHPC_2116672/CPTAC/LUAD/C3N-01021-21.svs;/leonardo_work/CNHPC_2116672/CPTAC/LUAD/C3N-01021-26.svs;/leonardo_work/CNHPC_2116672/CPTAC/LUAD/C3N-01021-24.svs;/leonardo_work/CNHPC_2116672/CPTAC/LUAD/C3N-01021-27.svs;/leonardo_work/CNHPC_2116672/CPTAC/LUAD/C3N-01021-23.svs;/leonardo_work/CNHPC_2116672/CPTAC/LUAD/C3N-01021-22.svs,True
C3N-02764,3,LUAD,/leonardo_work/CNHPC_2116672/CPTAC/LUAD/C3N-02764-22.svs;/leonardo_work/CNHPC_2116672/CPTAC/LUAD/C3N-02764-21.svs;/leonardo_work/CNHPC_2116672/CPTAC/LUAD/C3N-02764-23.svs,True
C3N-00880,0,,,False
C3L-08169,0,,,False
C3L-00946,0,,,False
C3N-03810,3,GBM,/leonardo_work/CNHPC_2116672/CPTAC/GBM/C3N-03810-21.svs;/leonardo_work/CNHPC_2116672/CPTAC/GBM/C3N-03810-23.svs;/leonardo_work/CNHPC_2116672/CPTAC/GBM/C3N-03810-22.svs,True
C3L-06066,0,,,False
C3N-01086,6,CCRCC,/leonardo_work/CNHPC_2116672/CPTAC/CCRCC/C3N-01086-24.svs;/leonardo_work/CNHPC_2116672/CPTAC/CCRCC/C3N-01086-27.svs;/leonardo_work/CNHPC_2116672/CPTAC/CCRCC/C3N-01086-22.svs;/leonardo_work/CNHPC_2116672/CPTAC/CCRCC/C3N-01086-21.svs;/leonardo_work/CNHPC_2116672/CPTAC/CCRCC/C3N-01086-23.svs;/leonardo_work/CNHPC_2116672/CPTAC/CCRCC/C3N-01086-26.svs,True
C3L-06940,0,,,False
C3N-04382,4,LUAD,/leonardo_work/CNHPC_2116672/CPTAC/LUAD/C3N-04382-21.svs;/leonardo_work/CNHPC_2116672/CPTAC/LUAD/C3N-04382-27.svs;/leonardo_work/CNHPC_2116672/CPTAC/LUAD/C3N-04382-22.svs;/leonardo_work/CNHPC_2116672/CPTAC/LUAD/C3N-04382-26.svs,True
C3L-02954,2,LUAD,/leonardo_work/CNHPC_2116672/CPTAC/LUAD/C3L-02954-26.svs;/leonardo_work/CNHPC_2116672/CPTAC/LUAD/C3L-02954-21.svs,True
C3N-00656,0,,,False
C3N-03202,3,LUAD,/leonardo_work/CNHPC_2116672/CPTAC/LUAD/C3N-03202-23.svs;/leonardo_work/CNHPC_2116672/CPTAC/LUAD/C3N-03202-21.svs;/leonardo_work/CNHPC_2116672/CPTAC/LUAD/C3N-03202-22.svs,True
C3L-01288,2,CCRCC,/leonardo_work/CNHPC_2116672/CPTAC/CCRCC/C3L-01288-23.svs;/leonardo_work/CNHPC_2116672/CPTAC/CCRCC/C3L-01288-22.svs,True
C3L-04539,1,GBM,/leonardo_work/CNHPC_2116672/CPTAC/GBM/C3L-04539-21.svs,True
C3L-00079,2,CCRCC,/leonardo_work/CNHPC_2116672/CPTAC/CCRCC/C3L-00079-21.svs;/leonardo_work/CNHPC_2116672/CPTAC/CCRCC/C3L-00079-26.svs,True
C3L-01256,0,,,False
C3L-05601,0,,,False
C3L-06067,1,dataset_20x,/leonardo_work/CNHPC_2116672/CPTAC/dataset_20x/C3L-06067-41.tiff,True
C3L-02119,0,,,False
C3N-03473,3,GBM,/leonardo_work/CNHPC_2116672/CPTAC/GBM/C3N-03473-21.svs;/leonardo_work/CNHPC_2116672/CPTAC/GBM/C3N-03473-23.svs;/leonardo_work/CNHPC_2116672/CPTAC/GBM/C3N-03473-22.svs,True
C3N-08883,0,,,False
C3L-10083,0,,,False
C3N-00859,0,,,False
C3L-06061,1,dataset_20x,/leonardo_work/CNHPC_2116672/CPTAC/dataset_20x/C3L-06061-43.tiff,True
C3L-03385,2,GBM,/leonardo_work/CNHPC_2116672/CPTAC/GBM/C3L-03385-29.svs;/leonardo_work/CNHPC_2116672/CPTAC/GBM/C3L-03385-26.svs,True
C3L-08561,0,,,False
C3N-00545,6,LUAD,/leonardo_work/CNHPC_2116672/CPTAC/LUAD/C3N-00545-23.svs;/leonardo_work/CNHPC_2116672/CPTAC/LUAD/C3N-00545-26.svs;/leonardo_work/CNHPC_2116672/CPTAC/LUAD/C3N-00545-21.svs;/leonardo_work/CNHPC_2116672/CPTAC/LUAD/C3N-00545-22.svs;/leonardo_work/CNHPC_2116672/CPTAC/LUAD/C3N-00545-27.svs;/leonardo_work/CNHPC_2116672/CPTAC/LUAD/C3N-00545-24.svs,True
C3N-00835,0,,,False
C3L-02210,0,,,False
C247230,0,,,False
C3N-01382,2,PDA,/leonardo_work/CNHPC_2116672/CPTAC/PDA/C3N-01382-21.svs;/leonardo_work/CNHPC_2116672/CPTAC/PDA/C3N-01382-22.svs,True
C3N-01165,2,PDA,/leonardo_work/CNHPC_2116672/CPTAC/PDA/C3N-01165-22.svs;/leonardo_work/CNHPC_2116672/CPTAC/PDA/C3N-01165-23.svs,True
C3L-01967,0,,,False
C3N-01814,3,GBM,/leonardo_work/CNHPC_2116672/CPTAC/GBM/C3N-01814-21.svs;/leonardo_work/CNHPC_2116672/CPTAC/GBM/C3N-01814-22.svs;/leonardo_work/CNHPC_2116672/CPTAC/GBM/C3N-01814-23.svs,True
C3N-01816,2,GBM,/leonardo_work/CNHPC_2116672/CPTAC/GBM/C3N-01816-21.svs;/leonardo_work/CNHPC_2116672/CPTAC/GBM/C3N-01816-22.svs,True
C3L-01639,0,,,False
C3L-00625,5,PDA,/leonardo_work/CNHPC_2116672/CPTAC/PDA/C3L-00625-24.svs;/leonardo_work/CNHPC_2116672/CPTAC/PDA/C3L-00625-22.svs;/leonardo_work/CNHPC_2116672/CPTAC/PDA/C3L-00625-21.svs;/leonardo_work/CNHPC_2116672/CPTAC/PDA/C3L-00625-23.svs;/leonardo_work/CNHPC_2116672/CPTAC/PDA/C3L-00625-25.svs,True
C3L-01461,0,,,False
C3N-01529,0,,,False
C3L-00086,0,,,False
C3L-01598,3,PDA,/leonardo_work/CNHPC_2116672/CPTAC/PDA/C3L-01598-22.svs;/leonardo_work/CNHPC_2116672/CPTAC/PDA/C3L-01598-26.svs;/leonardo_work/CNHPC_2116672/CPTAC/PDA/C3L-01598-23.svs,True
C3L-00104,1,GBM,/leonardo_work/CNHPC_2116672/CPTAC/GBM/C3L-00104-21.svs,True
C3L-00608,0,,,False
C827913,0,,,False
C3N-02818,0,,,False
C1245129,0,,,False
C3L-01463,0,,,False
C3N-01815,3,GBM,/leonardo_work/CNHPC_2116672/CPTAC/GBM/C3N-01815-23.svs;/leonardo_work/CNHPC_2116672/CPTAC/GBM/C3N-01815-22.svs;/leonardo_work/CNHPC_2116672/CPTAC/GBM/C3N-01815-21.svs,True
C208854,0,,,False
C3L-00415,3,LSCC,/leonardo_work/CNHPC_2116672/CPTAC/LSCC/C3L-00415-23.svs;/leonardo_work/CNHPC_2116672/CPTAC/LSCC/C3L-00415-21.svs;/leonardo_work/CNHPC_2116672/CPTAC/LSCC/C3L-00415-26.svs,True
C3N-00198,5,PDA,/leonardo_work/CNHPC_2116672/CPTAC/PDA/C3N-00198-27.svs;/leonardo_work/CNHPC_2116672/CPTAC/PDA/C3N-00198-21.svs;/leonardo_work/CNHPC_2116672/CPTAC/PDA/C3N-00198-22.svs;/leonardo_work/CNHPC_2116672/CPTAC/PDA/C3N-00198-23.svs;/leonardo_work/CNHPC_2116672/CPTAC/PDA/C3N-00198-26.svs,True
C3N-01645,3,HNSCC,/leonardo_work/CNHPC_2116672/CPTAC/HNSCC/C3N-01645-22.svs;/leonardo_work/CNHPC_2116672/CPTAC/HNSCC/C3N-01645-25.svs;/leonardo_work/CNHPC_2116672/CPTAC/HNSCC/C3N-01645-23.svs,True
C3N-01192,2,GBM,/leonardo_work/CNHPC_2116672/CPTAC/GBM/C3N-01192-25.svs;/leonardo_work/CNHPC_2116672/CPTAC/GBM/C3N-01192-23.svs,True
C3N-00665,4,GBM,/leonardo_work/CNHPC_2116672/CPTAC/GBM/C3N-00665-23.svs;/leonardo_work/CNHPC_2116672/CPTAC/GBM/C3N-00665-24.svs;/leonardo_work/CNHPC_2116672/CPTAC/GBM/C3N-00665-22.svs;/leonardo_work/CNHPC_2116672/CPTAC/GBM/C3N-00665-21.svs,True
C3L-01833,0,,,False
C207624,0,,,False
C3N-01828,4,CCRCC,/leonardo_work/CNHPC_2116672/CPTAC/CCRCC/C3N-01828-22.svs;/leonardo_work/CNHPC_2116672/CPTAC/CCRCC/C3N-01828-21.svs;/leonardo_work/CNHPC_2116672/CPTAC/CCRCC/C3N-01828-26.svs;/leonardo_work/CNHPC_2116672/CPTAC/CCRCC/C3N-01828-23.svs,True
C3L-02176,2,CCRCC,/leonardo_work/CNHPC_2116672/CPTAC/CCRCC/C3L-02176-21.svs;/leonardo_work/CNHPC_2116672/CPTAC/CCRCC/C3L-02176-22.svs,True
C3L-00819,3,PDA,/leonardo_work/CNHPC_2116672/CPTAC/PDA/C3L-00819-21.svs;/leonardo_work/CNHPC_2116672/CPTAC/PDA/C3L-00819-22.svs;/leonardo_work/CNHPC_2116672/CPTAC/PDA/C3L-00819-26.svs,True
C224106,0,,,False
C3L-01739,0,,,False
C3L-01953,0,,,False
C3N-01367,1,GBM,/leonardo_work/CNHPC_2116672/CPTAC/GBM/C3N-01367-22.svs,True
C3N-01856,1,GBM,/leonardo_work/CNHPC_2116672/CPTAC/GBM/C3N-01856-23.svs,True
C3L-01913,0,,,False
C330255,0,,,False
C3N-01375,2,PDA,/leonardo_work/CNHPC_2116672/CPTAC/PDA/C3N-01375-23.svs;/leonardo_work/CNHPC_2116672/CPTAC/PDA/C3N-01375-22.svs,True
C3L-01976,6,CCRCC,/leonardo_work/CNHPC_2116672/CPTAC/CCRCC/C3L-01976-21.svs;/leonardo_work/CNHPC_2116672/CPTAC/CCRCC/C3L-01976-26.svs;/leonardo_work/CNHPC_2116672/CPTAC/CCRCC/C3L-01976-23.svs;/leonardo_work/CNHPC_2116672/CPTAC/CCRCC/C3L-01976-22.svs;/leonardo_work/CNHPC_2116672/CPTAC/CCRCC/C3L-01976-25.svs;/leonardo_work/CNHPC_2116672/CPTAC/CCRCC/C3L-01976-24.svs,True
C3N-01408,6,LUAD,/leonardo_work/CNHPC_2116672/CPTAC/LUAD/C3N-01408-21.svs;/leonardo_work/CNHPC_2116672/CPTAC/LUAD/C3N-01408-22.svs;/leonardo_work/CNHPC_2116672/CPTAC/LUAD/C3N-01408-24.svs;/leonardo_work/CNHPC_2116672/CPTAC/LUAD/C3N-01408-27.svs;/leonardo_work/CNHPC_2116672/CPTAC/LUAD/C3N-01408-26.svs;/leonardo_work/CNHPC_2116672/CPTAC/LUAD/C3N-01408-23.svs,True
C3N-00517,3,PDA,/leonardo_work/CNHPC_2116672/CPTAC/PDA/C3N-00517-22.svs;/leonardo_work/CNHPC_2116672/CPTAC/PDA/C3N-00517-25.svs;/leonardo_work/CNHPC_2116672/CPTAC/PDA/C3N-00517-21.svs,True
C3L-00277,6,PDA,/leonardo_work/CNHPC_2116672/CPTAC/PDA/C3L-00277-21.svs;/leonardo_work/CNHPC_2116672/CPTAC/PDA/C3L-00277-24.svs;/leonardo_work/CNHPC_2116672/CPTAC/PDA/C3L-00277-26.svs;/leonardo_work/CNHPC_2116672/CPTAC/PDA/C3L-00277-23.svs;/leonardo_work/CNHPC_2116672/CPTAC/PDA/C3L-00277-22.svs;/leonardo_work/CNHPC_2116672/CPTAC/PDA/C3L-00277-25.svs,True
C761370,0,,,False
C2415597,0,,,False
C259161,0,,,False
C3N-01518,3,GBM,/leonardo_work/CNHPC_2116672/CPTAC/GBM/C3N-01518-22.svs;/leonardo_work/CNHPC_2116672/CPTAC/GBM/C3N-01518-21.svs;/leonardo_work/CNHPC_2116672/CPTAC/GBM/C3N-01518-23.svs,True
C3N-01843,0,,,False
C3N-02181,3,GBM,/leonardo_work/CNHPC_2116672/CPTAC/GBM/C3N-02181-23.svs;/leonardo_work/CNHPC_2116672/CPTAC/GBM/C3N-02181-21.svs;/leonardo_work/CNHPC_2116672/CPTAC/GBM/C3N-02181-22.svs,True
C3N-00828,5,HNSCC,/leonardo_work/CNHPC_2116672/CPTAC/HNSCC/C3N-00828-25.svs;/leonardo_work/CNHPC_2116672/CPTAC/HNSCC/C3N-00828-22.svs;/leonardo_work/CNHPC_2116672/CPTAC/HNSCC/C3N-00828-24.svs;/leonardo_work/CNHPC_2116672/CPTAC/HNSCC/C3N-00828-23.svs;/leonardo_work/CNHPC_2116672/CPTAC/HNSCC/C3N-00828-21.svs,True
C3N-01270,0,,,False
C3L-02179,0,,,False
C3N-02088,6,LUAD,/leonardo_work/CNHPC_2116672/CPTAC/LUAD/C3N-02088-21.svs;/leonardo_work/CNHPC_2116672/CPTAC/LUAD/C3N-02088-24.svs;/leonardo_work/CNHPC_2116672/CPTAC/LUAD/C3N-02088-26.svs;/leonardo_work/CNHPC_2116672/CPTAC/LUAD/C3N-02088-22.svs;/leonardo_work/CNHPC_2116672/CPTAC/LUAD/C3N-02088-23.svs;/leonardo_work/CNHPC_2116672/CPTAC/LUAD/C3N-02088-27.svs,True
C3N-01171,0,,,False
C3L-02463,6,PDA,/leonardo_work/CNHPC_2116672/CPTAC/PDA/C3L-02463-26.svs;/leonardo_work/CNHPC_2116672/CPTAC/PDA/C3L-02463-21.svs;/leonardo_work/CNHPC_2116672/CPTAC/PDA/C3L-02463-23.svs;/leonardo_work/CNHPC_2116672/CPTAC/PDA/C3L-02463-25.svs;/leonardo_work/CNHPC_2116672/CPTAC/PDA/C3L-02463-24.svs;/leonardo_work/CNHPC_2116672/CPTAC/PDA/C3L-02463-22.svs,True
C3L-01053,4,PDA,/leonardo_work/CNHPC_2116672/CPTAC/PDA/C3L-01053-25.svs;/leonardo_work/CNHPC_2116672/CPTAC/PDA/C3L-01053-28.svs;/leonardo_work/CNHPC_2116672/CPTAC/PDA/C3L-01053-23.svs;/leonardo_work/CNHPC_2116672/CPTAC/PDA/C3L-01053-27.svs,True
C3N-02142,5,LUAD,/leonardo_work/CNHPC_2116672/CPTAC/LUAD/C3N-02142-22.svs;/leonardo_work/CNHPC_2116672/CPTAC/LUAD/C3N-02142-26.svs;/leonardo_work/CNHPC_2116672/CPTAC/LUAD/C3N-02142-27.svs;/leonardo_work/CNHPC_2116672/CPTAC/LUAD/C3N-02142-21.svs;/leonardo_work/CNHPC_2116672/CPTAC/LUAD/C3N-02142-24.svs,True
C3L-01869,4,CCRCC,/leonardo_work/CNHPC_2116672/CPTAC/CCRCC/C3L-01869-21.svs;/leonardo_work/CNHPC_2116672/CPTAC/CCRCC/C3L-01869-23.svs;/leonardo_work/CNHPC_2116672/CPTAC/CCRCC/C3L-01869-22.svs;/leonardo_work/CNHPC_2116672/CPTAC/CCRCC/C3L-01869-26.svs,True
C3N-02090,5,LUAD,/leonardo_work/CNHPC_2116672/CPTAC/LUAD/C3N-02090-22.svs;/leonardo_work/CNHPC_2116672/CPTAC/LUAD/C3N-02090-23.svs;/leonardo_work/CNHPC_2116672/CPTAC/LUAD/C3N-02090-26.svs;/leonardo_work/CNHPC_2116672/CPTAC/LUAD/C3N-02090-21.svs;/leonardo_work/CNHPC_2116672/CPTAC/LUAD/C3N-02090-27.svs,True
C229764,0,,,False
C3N-00516,3,PDA,/leonardo_work/CNHPC_2116672/CPTAC/PDA/C3N-00516-21.svs;/leonardo_work/CNHPC_2116672/CPTAC/PDA/C3N-00516-25.svs;/leonardo_work/CNHPC_2116672/CPTAC/PDA/C3N-00516-22.svs,True
C3N-00732,0,,,False
C3N-01903,0,,,False
C3L-01277,0,,,False
C3L-01687,4,PDA,/leonardo_work/CNHPC_2116672/CPTAC/PDA/C3L-01687-21.svs;/leonardo_work/CNHPC_2116672/CPTAC/PDA/C3L-01687-22.svs;/leonardo_work/CNHPC_2116672/CPTAC/PDA/C3L-01687-24.svs;/leonardo_work/CNHPC_2116672/CPTAC/PDA/C3L-01687-23.svs,True
C3L-01840,0,,,False
C289419,0,,,False
C3N-01997,3,PDA,/leonardo_work/CNHPC_2116672/CPTAC/PDA/C3N-01997-22.svs;/leonardo_work/CNHPC_2116672/CPTAC/PDA/C3N-01997-21.svs;/leonardo_work/CNHPC_2116672/CPTAC/PDA/C3N-01997-23.svs,True
C3L-00674,2,GBM,/leonardo_work/CNHPC_2116672/CPTAC/GBM/C3L-00674-22.svs;/leonardo_work/CNHPC_2116672/CPTAC/GBM/C3L-00674-21.svs,True
C3N-01362,0,,,False
C3N-01011,5,PDA,/leonardo_work/CNHPC_2116672/CPTAC/PDA/C3N-01011-23.svs;/leonardo_work/CNHPC_2116672/CPTAC/PDA/C3N-01011-27.svs;/leonardo_work/CNHPC_2116672/CPTAC/PDA/C3N-01011-21.svs;/leonardo_work/CNHPC_2116672/CPTAC/PDA/C3N-01011-22.svs;/leonardo_work/CNHPC_2116672/CPTAC/PDA/C3N-01011-26.svs,True
C3N-01803,0,,,False
C3N-01830,0,,,False
C3N-00514,3,PDA,/leonardo_work/CNHPC_2116672/CPTAC/PDA/C3N-00514-22.svs;/leonardo_work/CNHPC_2116672/CPTAC/PDA/C3N-00514-21.svs;/leonardo_work/CNHPC_2116672/CPTAC/PDA/C3N-00514-25.svs,True
C3N-01536,4,CCRCC,/leonardo_work/CNHPC_2116672/CPTAC/CCRCC/C3N-01536-26.svs;/leonardo_work/CNHPC_2116672/CPTAC/CCRCC/C3N-01536-21.svs;/leonardo_work/CNHPC_2116672/CPTAC/CCRCC/C3N-01536-22.svs;/leonardo_work/CNHPC_2116672/CPTAC/CCRCC/C3N-01536-23.svs,True
C3N-00306,5,HNSCC,/leonardo_work/CNHPC_2116672/CPTAC/HNSCC/C3N-00306-24.svs;/leonardo_work/CNHPC_2116672/CPTAC/HNSCC/C3N-00306-23.svs;/leonardo_work/CNHPC_2116672/CPTAC/HNSCC/C3N-00306-25.svs;/leonardo_work/CNHPC_2116672/CPTAC/HNSCC/C3N-00306-21.svs;/leonardo_work/CNHPC_2116672/CPTAC/HNSCC/C3N-00306-22.svs,True
C3L-02220,4,CCRCC,/leonardo_work/CNHPC_2116672/CPTAC/CCRCC/C3L-02220-23.svs;/leonardo_work/CNHPC_2116672/CPTAC/CCRCC/C3L-02220-21.svs;/leonardo_work/CNHPC_2116672/CPTAC/CCRCC/C3L-02220-22.svs;/leonardo_work/CNHPC_2116672/CPTAC/CCRCC/C3L-02220-26.svs,True
C3N-00303,5,PDA,/leonardo_work/CNHPC_2116672/CPTAC/PDA/C3N-00303-22.svs;/leonardo_work/CNHPC_2116672/CPTAC/PDA/C3N-00303-23.svs;/leonardo_work/CNHPC_2116672/CPTAC/PDA/C3N-00303-24.svs;/leonardo_work/CNHPC_2116672/CPTAC/PDA/C3N-00303-25.svs;/leonardo_work/CNHPC_2116672/CPTAC/PDA/C3N-00303-21.svs,True
C3L-02858,0,,,False
C3L-01749,0,,,False
C3L-00970,7,CCRCC,/leonardo_work/CNHPC_2116672/CPTAC/CCRCC/C3L-00970-27.svs;/leonardo_work/CNHPC_2116672/CPTAC/CCRCC/C3L-00970-21.svs;/leonardo_work/CNHPC_2116672/CPTAC/CCRCC/C3L-00970-23.svs;/leonardo_work/CNHPC_2116672/CPTAC/CCRCC/C3L-00970-26.svs;/leonardo_work/CNHPC_2116672/CPTAC/CCRCC/C3L-00970-24.svs;/leonardo_work/CNHPC_2116672/CPTAC/CCRCC/C3L-00970-25.svs;/leonardo_work/CNHPC_2116672/CPTAC/CCRCC/C3L-00970-22.svs,True
C3N-00518,4,PDA,/leonardo_work/CNHPC_2116672/CPTAC/PDA/C3N-00518-22.svs;/leonardo_work/CNHPC_2116672/CPTAC/PDA/C3N-00518-25.svs;/leonardo_work/CNHPC_2116672/CPTAC/PDA/C3N-00518-21.svs;/leonardo_work/CNHPC_2116672/CPTAC/PDA/C3N-00518-23.svs,True
C3N-01369,1,GBM,/leonardo_work/CNHPC_2116672/CPTAC/GBM/C3N-01369-21.svs,True
C1230738,0,,,False
C3L-02204,0,,,False
C3N-01388,2,PDA,/leonardo_work/CNHPC_2116672/CPTAC/PDA/C3N-01388-23.svs;/leonardo_work/CNHPC_2116672/CPTAC/PDA/C3N-01388-22.svs,True
C3N-01620,3,HNSCC,/leonardo_work/CNHPC_2116672/CPTAC/HNSCC/C3N-01620-25.svs;/leonardo_work/CNHPC_2116672/CPTAC/HNSCC/C3N-01620-21.svs;/leonardo_work/CNHPC_2116672/CPTAC/HNSCC/C3N-01620-23.svs,True
C3L-00815,2,CCRCC,/leonardo_work/CNHPC_2116672/CPTAC/CCRCC/C3L-00815-22.svs;/leonardo_work/CNHPC_2116672/CPTAC/CCRCC/C3L-00815-21.svs,True
C3L-01864,0,,,False
C3L-01952,1,CCRCC,/leonardo_work/CNHPC_2116672/CPTAC/CCRCC/C3L-01952-21.svs,True
C3N-00436,3,PDA,/leonardo_work/CNHPC_2116672/CPTAC/PDA/C3N-00436-21.svs;/leonardo_work/CNHPC_2116672/CPTAC/PDA/C3N-00436-25.svs;/leonardo_work/CNHPC_2116672/CPTAC/PDA/C3N-00436-22.svs,True
C3L-00935,0,,,False
C317832,0,,,False
C3L-00603,3,LSCC,/leonardo_work/CNHPC_2116672/CPTAC/LSCC/C3L-00603-26.svs;/leonardo_work/CNHPC_2116672/CPTAC/LSCC/C3L-00603-21.svs;/leonardo_work/CNHPC_2116672/CPTAC/LSCC/C3L-00603-22.svs,True
C3L-01453,6,PDA,/leonardo_work/CNHPC_2116672/CPTAC/PDA/C3L-01453-24.svs;/leonardo_work/CNHPC_2116672/CPTAC/PDA/C3L-01453-21.svs;/leonardo_work/CNHPC_2116672/CPTAC/PDA/C3L-01453-26.svs;/leonardo_work/CNHPC_2116672/CPTAC/PDA/C3L-01453-25.svs;/leonardo_work/CNHPC_2116672/CPTAC/PDA/C3L-01453-23.svs;/leonardo_work/CNHPC_2116672/CPTAC/PDA/C3L-01453-22.svs,True
C3L-02504,2,GBM,/leonardo_work/CNHPC_2116672/CPTAC/GBM/C3L-02504-21.svs;/leonardo_work/CNHPC_2116672/CPTAC/GBM/C3L-02504-22.svs,True
C3L-00904,3,LSCC,/leonardo_work/CNHPC_2116672/CPTAC/LSCC/C3L-00904-22.svs;/leonardo_work/CNHPC_2116672/CPTAC/LSCC/C3L-00904-21.svs;/leonardo_work/CNHPC_2116672/CPTAC/LSCC/C3L-00904-26.svs,True
C3L-01036,3,PDA,/leonardo_work/CNHPC_2116672/CPTAC/PDA/C3L-01036-21.svs;/leonardo_work/CNHPC_2116672/CPTAC/PDA/C3L-01036-22.svs;/leonardo_work/CNHPC_2116672/CPTAC/PDA/C3L-01036-25.svs,True
C3L-02216,0,,,False
C3L-01458,0,,,False
C3N-00555,6,LSCC,/leonardo_work/CNHPC_2116672/CPTAC/LSCC/C3N-00555-22.svs;/leonardo_work/CNHPC_2116672/CPTAC/LSCC/C3N-00555-21.svs;/leonardo_work/CNHPC_2116672/CPTAC/LSCC/C3N-00555-26.svs;/leonardo_work/CNHPC_2116672/CPTAC/LSCC/C3N-00555-27.svs;/leonardo_work/CNHPC_2116672/CPTAC/LSCC/C3N-00555-24.svs;/leonardo_work/CNHPC_2116672/CPTAC/LSCC/C3N-00555-23.svs,True
C3N-01179,3,CCRCC,/leonardo_work/CNHPC_2116672/CPTAC/CCRCC/C3N-01179-21.svs;/leonardo_work/CNHPC_2116672/CPTAC/CCRCC/C3N-01179-25.svs;/leonardo_work/CNHPC_2116672/CPTAC/CCRCC/C3N-01179-22.svs,True
C3L-02109,4,PDA,/leonardo_work/CNHPC_2116672/CPTAC/PDA/C3L-02109-21.svs;/leonardo_work/CNHPC_2116672/CPTAC/PDA/C3L-02109-22.svs;/leonardo_work/CNHPC_2116672/CPTAC/PDA/C3L-02109-24.svs;/leonardo_work/CNHPC_2116672/CPTAC/PDA/C3L-02109-23.svs,True
C3L-00943,0,,,False
C3L-05865,0,,,False
C3L-03679,2,LUAD,/leonardo_work/CNHPC_2116672/CPTAC/LUAD/C3L-03679-21.svs;/leonardo_work/CNHPC_2116672/CPTAC/LUAD/C3L-03679-22.svs,True
C3L-02629,8,LSCC,/leonardo_work/CNHPC_2116672/CPTAC/LSCC/C3L-02629-22.svs;/leonardo_work/CNHPC_2116672/CPTAC/LSCC/C3L-02629-21.svs;/leonardo_work/CNHPC_2116672/CPTAC/LSCC/C3L-02629-23.svs;/leonardo_work/CNHPC_2116672/CPTAC/LSCC/C3L-02629-28.svs;/leonardo_work/CNHPC_2116672/CPTAC/LSCC/C3L-02629-27.svs;/leonardo_work/CNHPC_2116672/CPTAC/LSCC/C3L-02629-24.svs;/leonardo_work/CNHPC_2116672/CPTAC/LSCC/C3L-02629-25.svs;/leonardo_work/CNHPC_2116672/CPTAC/LSCC/C3L-02629-26.svs,True
C3N-03173,2,PDA,/leonardo_work/CNHPC_2116672/CPTAC/PDA/C3N-03173-26.svs;/leonardo_work/CNHPC_2116672/CPTAC/PDA/C3N-03173-21.svs,True
C3N-00148,6,CCRCC,/leonardo_work/CNHPC_2116672/CPTAC/CCRCC/C3N-00148-23.svs;/leonardo_work/CNHPC_2116672/CPTAC/CCRCC/C3N-00148-22.svs;/leonardo_work/CNHPC_2116672/CPTAC/CCRCC/C3N-00148-26.svs;/leonardo_work/CNHPC_2116672/CPTAC/CCRCC/C3N-00148-21.svs;/leonardo_work/CNHPC_2116672/CPTAC/CCRCC/C3N-00148-24.svs;/leonardo_work/CNHPC_2116672/CPTAC/CCRCC/C3N-00148-27.svs,True
C3L-03268,6,LUAD,/leonardo_work/CNHPC_2116672/CPTAC/LUAD/C3L-03268-25.svs;/leonardo_work/CNHPC_2116672/CPTAC/LUAD/C3L-03268-21.svs;/leonardo_work/CNHPC_2116672/CPTAC/LUAD/C3L-03268-24.svs;/leonardo_work/CNHPC_2116672/CPTAC/LUAD/C3L-03268-22.svs;/leonardo_work/CNHPC_2116672/CPTAC/LUAD/C3L-03268-26.svs;/leonardo_work/CNHPC_2116672/CPTAC/LUAD/C3L-03268-23.svs,True
C3L-00412,2,LUAD,/leonardo_work/CNHPC_2116672/CPTAC/LUAD/C3L-00412-26.svs;/leonardo_work/CNHPC_2116672/CPTAC/LUAD/C3L-00412-21.svs,True
C3L-00893,6,LUAD,/leonardo_work/CNHPC_2116672/CPTAC/LUAD/C3L-00893-26.svs;/leonardo_work/CNHPC_2116672/CPTAC/LUAD/C3L-00893-21.svs;/leonardo_work/CNHPC_2116672/CPTAC/LUAD/C3L-00893-22.svs;/leonardo_work/CNHPC_2116672/CPTAC/LUAD/C3L-00893-24.svs;/leonardo_work/CNHPC_2116672/CPTAC/LUAD/C3L-00893-23.svs;/leonardo_work/CNHPC_2116672/CPTAC/LUAD/C3L-00893-25.svs,True
C3N-03665,2,PDA,/leonardo_work/CNHPC_2116672/CPTAC/PDA/C3N-03665-21.svs;/leonardo_work/CNHPC_2116672/CPTAC/PDA/C3N-03665-23.svs,True
C3L-07953,0,,,False
C3N-03800,3,GBM,/leonardo_work/CNHPC_2116672/CPTAC/GBM/C3N-03800-22.svs;/leonardo_work/CNHPC_2116672/CPTAC/GBM/C3N-03800-23.svs;/leonardo_work/CNHPC_2116672/CPTAC/GBM/C3N-03800-21.svs,True
C3N-03880,3,LSCC,/leonardo_work/CNHPC_2116672/CPTAC/LSCC/C3N-03880-23.svs;/leonardo_work/CNHPC_2116672/CPTAC/LSCC/C3N-03880-22.svs;/leonardo_work/CNHPC_2116672/CPTAC/LSCC/C3N-03880-21.svs,True
C3L-06364,2,dataset_20x,/leonardo_work/CNHPC_2116672/CPTAC/dataset_20x/C3L-06364-41.tiff;/leonardo_work/CNHPC_2116672/CPTAC/dataset_20x/C3L-06364-42.tiff,True
C3L-03748,4,GBM,/leonardo_work/CNHPC_2116672/CPTAC/GBM/C3L-03748-23.svs;/leonardo_work/CNHPC_2116672/CPTAC/GBM/C3L-03748-24.svs;/leonardo_work/CNHPC_2116672/CPTAC/GBM/C3L-03748-21.svs;/leonardo_work/CNHPC_2116672/CPTAC/GBM/C3L-03748-22.svs,True
C3N-02028,0,,,False
C3L-04392,0,,,False
C3L-01672,0,,,False
C3N-00681,0,,,False
C3N-00317,5,CCRCC,/leonardo_work/CNHPC_2116672/CPTAC/CCRCC/C3N-00317-21.svs;/leonardo_work/CNHPC_2116672/CPTAC/CCRCC/C3N-00317-24.svs;/leonardo_work/CNHPC_2116672/CPTAC/CCRCC/C3N-00317-23.svs;/leonardo_work/CNHPC_2116672/CPTAC/CCRCC/C3N-00317-25.svs;/leonardo_work/CNHPC_2116672/CPTAC/CCRCC/C3N-00317-22.svs,True
C3L-00810,2,dataset_20x,/leonardo_work/CNHPC_2116672/CPTAC/dataset_20x/C3L-00810-41.tiff;/leonardo_work/CNHPC_2116672/CPTAC/dataset_20x/C3L-00810-42.tiff,True
C3L-00961,0,,,False
C3L-03308,1,dataset_20x,/leonardo_work/CNHPC_2116672/CPTAC/dataset_20x/C3L-03308-43.tiff,True
C3N-01091,6,CCRCC,/leonardo_work/CNHPC_2116672/CPTAC/CCRCC/C3N-01091-22.svs;/leonardo_work/CNHPC_2116672/CPTAC/CCRCC/C3N-01091-26.svs;/leonardo_work/CNHPC_2116672/CPTAC/CCRCC/C3N-01091-21.svs;/leonardo_work/CNHPC_2116672/CPTAC/CCRCC/C3N-01091-27.svs;/leonardo_work/CNHPC_2116672/CPTAC/CCRCC/C3N-01091-24.svs;/leonardo_work/CNHPC_2116672/CPTAC/CCRCC/C3N-01091-23.svs,True
C3L-02747,0,,,False
C3L-00606,4,CCRCC,/leonardo_work/CNHPC_2116672/CPTAC/CCRCC/C3L-00606-23.svs;/leonardo_work/CNHPC_2116672/CPTAC/CCRCC/C3L-00606-22.svs;/leonardo_work/CNHPC_2116672/CPTAC/CCRCC/C3L-00606-26.svs;/leonardo_work/CNHPC_2116672/CPTAC/CCRCC/C3L-00606-21.svs,True
C3N-01879,0,,,False
C3N-08896,0,,,False
C3L-00800,2,CCRCC,/leonardo_work/CNHPC_2116672/CPTAC/CCRCC/C3L-00800-21.svs;/leonardo_work/CNHPC_2116672/CPTAC/CCRCC/C3L-00800-22.svs,True
C3N-01852,2,GBM,/leonardo_work/CNHPC_2116672/CPTAC/GBM/C3N-01852-25.svs;/leonardo_work/CNHPC_2116672/CPTAC/GBM/C3N-01852-24.svs,True
C3N-02149,6,LUAD,/leonardo_work/CNHPC_2116672/CPTAC/LUAD/C3N-02149-27.svs;/leonardo_work/CNHPC_2116672/CPTAC/LUAD/C3N-02149-24.svs;/leonardo_work/CNHPC_2116672/CPTAC/LUAD/C3N-02149-23.svs;/leonardo_work/CNHPC_2116672/CPTAC/LUAD/C3N-02149-26.svs;/leonardo_work/CNHPC_2116672/CPTAC/LUAD/C3N-02149-21.svs;/leonardo_work/CNHPC_2116672/CPTAC/LUAD/C3N-02149-22.svs,True
C3L-02553,1,CCRCC,/leonardo_work/CNHPC_2116672/CPTAC/CCRCC/C3L-02553-21.svs,True
C3L-03632,4,PDA,/leonardo_work/CNHPC_2116672/CPTAC/PDA/C3L-03632-28.svs;/leonardo_work/CNHPC_2116672/CPTAC/PDA/C3L-03632-29.svs;/leonardo_work/CNHPC_2116672/CPTAC/PDA/C3L-03632-26.svs;/leonardo_work/CNHPC_2116672/CPTAC/PDA/C3L-03632-27.svs,True
C3N-03755,1,GBM,/leonardo_work/CNHPC_2116672/CPTAC/GBM/C3N-03755-21.svs,True
C3N-03000,1,PDA,/leonardo_work/CNHPC_2116672/CPTAC/PDA/C3N-03000-22.svs,True
C3L-02957,4,LUAD,/leonardo_work/CNHPC_2116672/CPTAC/LUAD/C3L-02957-22.svs;/leonardo_work/CNHPC_2116672/CPTAC/LUAD/C3L-02957-23.svs;/leonardo_work/CNHPC_2116672/CPTAC/LUAD/C3L-02957-21.svs;/leonardo_work/CNHPC_2116672/CPTAC/LUAD/C3L-02957-26.svs,True
C3L-03400,2,GBM,/leonardo_work/CNHPC_2116672/CPTAC/GBM/C3L-03400-25.svs;/leonardo_work/CNHPC_2116672/CPTAC/GBM/C3L-03400-22.svs,True
C3N-00953,5,CCRCC,/leonardo_work/CNHPC_2116672/CPTAC/CCRCC/C3N-00953-22.svs;/leonardo_work/CNHPC_2116672/CPTAC/CCRCC/C3N-00953-27.svs;/leonardo_work/CNHPC_2116672/CPTAC/CCRCC/C3N-00953-23.svs;/leonardo_work/CNHPC_2116672/CPTAC/CCRCC/C3N-00953-21.svs;/leonardo_work/CNHPC_2116672/CPTAC/CCRCC/C3N-00953-26.svs,True
C3N-01946,2,HNSCC,/leonardo_work/CNHPC_2116672/CPTAC/HNSCC/C3N-01946-24.svs;/leonardo_work/CNHPC_2116672/CPTAC/HNSCC/C3N-01946-21.svs,True
C3L-06984,0,,,False
C3N-02929,3,LUAD,/leonardo_work/CNHPC_2116672/CPTAC/LUAD/C3N-02929-23.svs;/leonardo_work/CNHPC_2116672/CPTAC/LUAD/C3N-02929-22.svs;/leonardo_work/CNHPC_2116672/CPTAC/LUAD/C3N-02929-21.svs,True
C3N-01003,0,,,False
C3L-00913,4,LUAD,/leonardo_work/CNHPC_2116672/CPTAC/LUAD/C3L-00913-21.svs;/leonardo_work/CNHPC_2116672/CPTAC/LUAD/C3L-00913-23.svs;/leonardo_work/CNHPC_2116672/CPTAC/LUAD/C3L-00913-26.svs;/leonardo_work/CNHPC_2116672/CPTAC/LUAD/C3L-00913-22.svs,True
C3N-02285,3,LSCC,/leonardo_work/CNHPC_2116672/CPTAC/LSCC/C3N-02285-30.svs;/leonardo_work/CNHPC_2116672/CPTAC/LSCC/C3N-02285-23.svs;/leonardo_work/CNHPC_2116672/CPTAC/LSCC/C3N-02285-24.svs,True
C3N-00858,0,,,False
C3L-00907,4,CCRCC,/leonardo_work/CNHPC_2116672/CPTAC/CCRCC/C3L-00907-26.svs;/leonardo_work/CNHPC_2116672/CPTAC/CCRCC/C3L-00907-22.svs;/leonardo_work/CNHPC_2116672/CPTAC/CCRCC/C3L-00907-23.svs;/leonardo_work/CNHPC_2116672/CPTAC/CCRCC/C3L-00907-21.svs,True
C3L-04495,5,PDA,/leonardo_work/CNHPC_2116672/CPTAC/PDA/C3L-04495-28.svs;/leonardo_work/CNHPC_2116672/CPTAC/PDA/C3L-04495-26.svs;/leonardo_work/CNHPC_2116672/CPTAC/PDA/C3L-04495-30.svs;/leonardo_work/CNHPC_2116672/CPTAC/PDA/C3L-04495-29.svs;/leonardo_work/CNHPC_2116672/CPTAC/PDA/C3L-04495-27.svs,True
C3L-04853,4,PDA,/leonardo_work/CNHPC_2116672/CPTAC/PDA/C3L-04853-22.svs;/leonardo_work/CNHPC_2116672/CPTAC/PDA/C3L-04853-21.svs;/leonardo_work/CNHPC_2116672/CPTAC/PDA/C3L-04853-24.svs;/leonardo_work/CNHPC_2116672/CPTAC/PDA/C3L-04853-23.svs,True
C3L-00093,2,LUAD,/leonardo_work/CNHPC_2116672/CPTAC/LUAD/C3L-00093-26.svs;/leonardo_work/CNHPC_2116672/CPTAC/LUAD/C3L-00093-21.svs,True
C3N-03425,2,LSCC,/leonardo_work/CNHPC_2116672/CPTAC/LSCC/C3N-03425-25.svs;/leonardo_work/CNHPC_2116672/CPTAC/LSCC/C3N-03425-29.svs,True
C3N-02595,0,,,False
C3N-02375,3,LSCC,/leonardo_work/CNHPC_2116672/CPTAC/LSCC/C3N-02375-23.svs;/leonardo_work/CNHPC_2116672/CPTAC/LSCC/C3N-02375-22.svs;/leonardo_work/CNHPC_2116672/CPTAC/LSCC/C3N-02375-21.svs,True
C3L-05849,0,,,False
C3L-00418,4,CCRCC,/leonardo_work/CNHPC_2116672/CPTAC/CCRCC/C3L-00418-23.svs;/leonardo_work/CNHPC_2116672/CPTAC/CCRCC/C3L-00418-22.svs;/leonardo_work/CNHPC_2116672/CPTAC/CCRCC/C3L-00418-26.svs;/leonardo_work/CNHPC_2116672/CPTAC/CCRCC/C3L-00418-21.svs,True
C3N-00734,0,,,False
C3L-01032,3,PDA,/leonardo_work/CNHPC_2116672/CPTAC/PDA/C3L-01032-21.svs;/leonardo_work/CNHPC_2116672/CPTAC/PDA/C3L-01032-25.svs;/leonardo_work/CNHPC_2116672/CPTAC/PDA/C3L-01032-24.svs,True
C3L-02842,2,CCRCC,/leonardo_work/CNHPC_2116672/CPTAC/CCRCC/C3L-02842-21.svs;/leonardo_work/CNHPC_2116672/CPTAC/CCRCC/C3L-02842-22.svs,True
C3N-01892,3,LSCC,/leonardo_work/CNHPC_2116672/CPTAC/LSCC/C3N-01892-29.svs;/leonardo_work/CNHPC_2116672/CPTAC/LSCC/C3N-01892-28.svs;/leonardo_work/CNHPC_2116672/CPTAC/LSCC/C3N-01892-30.svs,True
C3N-03069,3,PDA,/leonardo_work/CNHPC_2116672/CPTAC/PDA/C3N-03069-21.svs;/leonardo_work/CNHPC_2116672/CPTAC/PDA/C3N-03069-23.svs;/leonardo_work/CNHPC_2116672/CPTAC/PDA/C3N-03069-22.svs,True
C3N-02145,6,LUAD,/leonardo_work/CNHPC_2116672/CPTAC/LUAD/C3N-02145-24.svs;/leonardo_work/CNHPC_2116672/CPTAC/LUAD/C3N-02145-26.svs;/leonardo_work/CNHPC_2116672/CPTAC/LUAD/C3N-02145-22.svs;/leonardo_work/CNHPC_2116672/CPTAC/LUAD/C3N-02145-23.svs;/leonardo_work/CNHPC_2116672/CPTAC/LUAD/C3N-02145-27.svs;/leonardo_work/CNHPC_2116672/CPTAC/LUAD/C3N-02145-21.svs,True
C3L-00812,2,CCRCC,/leonardo_work/CNHPC_2116672/CPTAC/CCRCC/C3L-00812-21.svs;/leonardo_work/CNHPC_2116672/CPTAC/CCRCC/C3L-00812-22.svs,True
C3N-04100,3,GBM,/leonardo_work/CNHPC_2116672/CPTAC/GBM/C3N-04100-21.svs;/leonardo_work/CNHPC_2116672/CPTAC/GBM/C3N-04100-22.svs;/leonardo_work/CNHPC_2116672/CPTAC/GBM/C3N-04100-23.svs,True
C3N-00177,5,CCRCC,/leonardo_work/CNHPC_2116672/CPTAC/CCRCC/C3N-00177-27.svs;/leonardo_work/CNHPC_2116672/CPTAC/CCRCC/C3N-00177-26.svs;/leonardo_work/CNHPC_2116672/CPTAC/CCRCC/C3N-00177-23.svs;/leonardo_work/CNHPC_2116672/CPTAC/CCRCC/C3N-00177-21.svs;/leonardo_work/CNHPC_2116672/CPTAC/CCRCC/C3N-00177-22.svs,True
C3L-08313,0,,,False
C3L-02168,6,LSCC,/leonardo_work/CNHPC_2116672/CPTAC/LSCC/C3L-02168-21.svs;/leonardo_work/CNHPC_2116672/CPTAC/LSCC/C3L-02168-25.svs;/leonardo_work/CNHPC_2116672/CPTAC/LSCC/C3L-02168-24.svs;/leonardo_work/CNHPC_2116672/CPTAC/LSCC/C3L-02168-23.svs;/leonardo_work/CNHPC_2116672/CPTAC/LSCC/C3L-02168-22.svs;/leonardo_work/CNHPC_2116672/CPTAC/LSCC/C3L-02168-26.svs,True
C3N-00872,0,,,False
C3N-00494,5,CCRCC,/leonardo_work/CNHPC_2116672/CPTAC/CCRCC/C3N-00494-25.svs;/leonardo_work/CNHPC_2116672/CPTAC/CCRCC/C3N-00494-24.svs;/leonardo_work/CNHPC_2116672/CPTAC/CCRCC/C3N-00494-22.svs;/leonardo_work/CNHPC_2116672/CPTAC/CCRCC/C3N-00494-23.svs;/leonardo_work/CNHPC_2116672/CPTAC/CCRCC/C3N-00494-21.svs,True
C3N-01217,0,,,False
C3L-07107,0,,,False
C3N-02451,5,LUAD,/leonardo_work/CNHPC_2116672/CPTAC/LUAD/C3N-02451-21.svs;/leonardo_work/CNHPC_2116672/CPTAC/LUAD/C3N-02451-23.svs;/leonardo_work/CNHPC_2116672/CPTAC/LUAD/C3N-02451-26.svs;/leonardo_work/CNHPC_2116672/CPTAC/LUAD/C3N-02451-22.svs;/leonardo_work/CNHPC_2116672/CPTAC/LUAD/C3N-02451-27.svs,True
C3L-05387,2,dataset_20x,/leonardo_work/CNHPC_2116672/CPTAC/dataset_20x/C3L-05387-42.tiff;/leonardo_work/CNHPC_2116672/CPTAC/dataset_20x/C3L-05387-41.tiff,True
C3N-00733,5,CCRCC,/leonardo_work/CNHPC_2116672/CPTAC/CCRCC/C3N-00733-23.svs;/leonardo_work/CNHPC_2116672/CPTAC/CCRCC/C3N-00733-27.svs;/leonardo_work/CNHPC_2116672/CPTAC/CCRCC/C3N-00733-22.svs;/leonardo_work/CNHPC_2116672/CPTAC/CCRCC/C3N-00733-26.svs;/leonardo_work/CNHPC_2116672/CPTAC/CCRCC/C3N-00733-21.svs,True
C3N-02255,1,GBM,/leonardo_work/CNHPC_2116672/CPTAC/GBM/C3N-02255-22.svs,True
C3L-01155,2,GBM,/leonardo_work/CNHPC_2116672/CPTAC/GBM/C3L-01155-21.svs;/leonardo_work/CNHPC_2116672/CPTAC/GBM/C3L-01155-22.svs,True
C3N-03212,3,LUAD,/leonardo_work/CNHPC_2116672/CPTAC/LUAD/C3N-03212-21.svs;/leonardo_work/CNHPC_2116672/CPTAC/LUAD/C3N-03212-23.svs;/leonardo_work/CNHPC_2116672/CPTAC/LUAD/C3N-03212-22.svs,True
C3N-01080,6,CCRCC,/leonardo_work/CNHPC_2116672/CPTAC/CCRCC/C3N-01080-22.svs;/leonardo_work/CNHPC_2116672/CPTAC/CCRCC/C3N-01080-27.svs;/leonardo_work/CNHPC_2116672/CPTAC/CCRCC/C3N-01080-24.svs;/leonardo_work/CNHPC_2116672/CPTAC/CCRCC/C3N-01080-26.svs;/leonardo_work/CNHPC_2116672/CPTAC/CCRCC/C3N-01080-21.svs;/leonardo_work/CNHPC_2116672/CPTAC/CCRCC/C3N-01080-23.svs,True
C3N-00295,5,HNSCC,/leonardo_work/CNHPC_2116672/CPTAC/HNSCC/C3N-00295-23.svs;/leonardo_work/CNHPC_2116672/CPTAC/HNSCC/C3N-00295-21.svs;/leonardo_work/CNHPC_2116672/CPTAC/HNSCC/C3N-00295-24.svs;/leonardo_work/CNHPC_2116672/CPTAC/HNSCC/C3N-00295-25.svs;/leonardo_work/CNHPC_2116672/CPTAC/HNSCC/C3N-00295-22.svs,True
C846363,0,,,False
C3L-00599,4,PDA,/leonardo_work/CNHPC_2116672/CPTAC/PDA/C3L-00599-23.svs;/leonardo_work/CNHPC_2116672/CPTAC/PDA/C3L-00599-24.svs;/leonardo_work/CNHPC_2116672/CPTAC/PDA/C3L-00599-21.svs;/leonardo_work/CNHPC_2116672/CPTAC/PDA/C3L-00599-22.svs,True
C3N-01019,6,LUAD,/leonardo_work/CNHPC_2116672/CPTAC/LUAD/C3N-01019-27.svs;/leonardo_work/CNHPC_2116672/CPTAC/LUAD/C3N-01019-23.svs;/leonardo_work/CNHPC_2116672/CPTAC/LUAD/C3N-01019-26.svs;/leonardo_work/CNHPC_2116672/CPTAC/LUAD/C3N-01019-21.svs;/leonardo_work/CNHPC_2116672/CPTAC/LUAD/C3N-01019-22.svs;/leonardo_work/CNHPC_2116672/CPTAC/LUAD/C3N-01019-24.svs,True
C3N-01177,0,,,False
C3L-01464,2,CCRCC,/leonardo_work/CNHPC_2116672/CPTAC/CCRCC/C3L-01464-21.svs;/leonardo_work/CNHPC_2116672/CPTAC/CCRCC/C3L-01464-22.svs,True
C3N-01716,1,PDA,/leonardo_work/CNHPC_2116672/CPTAC/PDA/C3N-01716-23.svs,True
C3L-02613,4,PDA,/leonardo_work/CNHPC_2116672/CPTAC/PDA/C3L-02613-24.svs;/leonardo_work/CNHPC_2116672/CPTAC/PDA/C3L-02613-21.svs;/leonardo_work/CNHPC_2116672/CPTAC/PDA/C3L-02613-23.svs;/leonardo_work/CNHPC_2116672/CPTAC/PDA/C3L-02613-22.svs,True
C3L-00677,2,GBM,/leonardo_work/CNHPC_2116672/CPTAC/GBM/C3L-00677-22.svs;/leonardo_work/CNHPC_2116672/CPTAC/GBM/C3L-00677-21.svs,True
C3L-01046,2,GBM,/leonardo_work/CNHPC_2116672/CPTAC/GBM/C3L-01046-24.svs;/leonardo_work/CNHPC_2116672/CPTAC/GBM/C3L-01046-21.svs,True
C3N-00513,3,PDA,/leonardo_work/CNHPC_2116672/CPTAC/PDA/C3N-00513-25.svs;/leonardo_work/CNHPC_2116672/CPTAC/PDA/C3N-00513-23.svs;/leonardo_work/CNHPC_2116672/CPTAC/PDA/C3N-00513-24.svs,True
C3L-02606,4,PDA,/leonardo_work/CNHPC_2116672/CPTAC/PDA/C3L-02606-21.svs;/leonardo_work/CNHPC_2116672/CPTAC/PDA/C3L-02606-24.svs;/leonardo_work/CNHPC_2116672/CPTAC/PDA/C3L-02606-23.svs;/leonardo_work/CNHPC_2116672/CPTAC/PDA/C3L-02606-22.svs,True
C3L-01051,3,PDA,/leonardo_work/CNHPC_2116672/CPTAC/PDA/C3L-01051-24.svs;/leonardo_work/CNHPC_2116672/CPTAC/PDA/C3L-01051-23.svs;/leonardo_work/CNHPC_2116672/CPTAC/PDA/C3L-01051-22.svs,True
C3L-01054,3,PDA,/leonardo_work/CNHPC_2116672/CPTAC/PDA/C3L-01054-24.svs;/leonardo_work/CNHPC_2116672/CPTAC/PDA/C3L-01054-23.svs;/leonardo_work/CNHPC_2116672/CPTAC/PDA/C3L-01054-25.svs,True
C3L-01662,4,PDA,/leonardo_work/CNHPC_2116672/CPTAC/PDA/C3L-01662-26.svs;/leonardo_work/CNHPC_2116672/CPTAC/PDA/C3L-01662-23.svs;/leonardo_work/CNHPC_2116672/CPTAC/PDA/C3L-01662-21.svs;/leonardo_work/CNHPC_2116672/CPTAC/PDA/C3L-01662-22.svs,True
C243048,0,,,False
C3L-01279,4,CCRCC,/leonardo_work/CNHPC_2116672/CPTAC/CCRCC/C3L-01279-22.svs;/leonardo_work/CNHPC_2116672/CPTAC/CCRCC/C3L-01279-21.svs;/leonardo_work/CNHPC_2116672/CPTAC/CCRCC/C3L-01279-23.svs;/leonardo_work/CNHPC_2116672/CPTAC/CCRCC/C3L-01279-26.svs,True
C3L-00789,2,CCRCC,/leonardo_work/CNHPC_2116672/CPTAC/CCRCC/C3L-00789-21.svs;/leonardo_work/CNHPC_2116672/CPTAC/CCRCC/C3L-00789-22.svs,True
C3N-01364,2,GBM,/leonardo_work/CNHPC_2116672/CPTAC/GBM/C3N-01364-23.svs;/leonardo_work/CNHPC_2116672/CPTAC/GBM/C3N-01364-22.svs,True
C3N-01798,3,GBM,/leonardo_work/CNHPC_2116672/CPTAC/GBM/C3N-01798-22.svs;/leonardo_work/CNHPC_2116672/CPTAC/GBM/C3N-01798-23.svs;/leonardo_work/CNHPC_2116672/CPTAC/GBM/C3N-01798-21.svs,True
C3L-00969,7,CCRCC,/leonardo_work/CNHPC_2116672/CPTAC/CCRCC/C3L-00969-23.svs;/leonardo_work/CNHPC_2116672/CPTAC/CCRCC/C3L-00969-27.svs;/leonardo_work/CNHPC_2116672/CPTAC/CCRCC/C3L-00969-24.svs;/leonardo_work/CNHPC_2116672/CPTAC/CCRCC/C3L-00969-21.svs;/leonardo_work/CNHPC_2116672/CPTAC/CCRCC/C3L-00969-25.svs;/leonardo_work/CNHPC_2116672/CPTAC/CCRCC/C3L-00969-22.svs;/leonardo_work/CNHPC_2116672/CPTAC/CCRCC/C3L-00969-26.svs,True
C3L-01664,0,,,False
C3N-01818,3,GBM,/leonardo_work/CNHPC_2116672/CPTAC/GBM/C3N-01818-22.svs;/leonardo_work/CNHPC_2116672/CPTAC/GBM/C3N-01818-23.svs;/leonardo_work/CNHPC_2116672/CPTAC/GBM/C3N-01818-21.svs,True
C3N-01194,2,LSCC,/leonardo_work/CNHPC_2116672/CPTAC/LSCC/C3N-01194-24.svs;/leonardo_work/CNHPC_2116672/CPTAC/LSCC/C3N-01194-25.svs,True
C219555,0,,,False
C3N-01339,3,HNSCC,/leonardo_work/CNHPC_2116672/CPTAC/HNSCC/C3N-01339-22.svs;/leonardo_work/CNHPC_2116672/CPTAC/HNSCC/C3N-01339-21.svs;/leonardo_work/CNHPC_2116672/CPTAC/HNSCC/C3N-01339-25.svs,True
C3N-01502,2,PDA,/leonardo_work/CNHPC_2116672/CPTAC/PDA/C3N-01502-26.svs;/leonardo_work/CNHPC_2116672/CPTAC/PDA/C3N-01502-21.svs,True
C3L-02118,4,PDA,/leonardo_work/CNHPC_2116672/CPTAC/PDA/C3L-02118-21.svs;/leonardo_work/CNHPC_2116672/CPTAC/PDA/C3L-02118-23.svs;/leonardo_work/CNHPC_2116672/CPTAC/PDA/C3L-02118-22.svs;/leonardo_work/CNHPC_2116672/CPTAC/PDA/C3L-02118-24.svs,True
C3L-01838,2,LSCC,/leonardo_work/CNHPC_2116672/CPTAC/LSCC/C3L-01838-23.svs;/leonardo_work/CNHPC_2116672/CPTAC/LSCC/C3L-01838-26.svs,True
C3L-02354,0,,,False
C3N-01025,6,LSCC,/leonardo_work/CNHPC_2116672/CPTAC/LSCC/C3N-01025-26.svs;/leonardo_work/CNHPC_2116672/CPTAC/LSCC/C3N-01025-21.svs;/leonardo_work/CNHPC_2116672/CPTAC/LSCC/C3N-01025-22.svs;/leonardo_work/CNHPC_2116672/CPTAC/LSCC/C3N-01025-24.svs;/leonardo_work/CNHPC_2116672/CPTAC/LSCC/C3N-01025-23.svs;/leonardo_work/CNHPC_2116672/CPTAC/LSCC/C3N-01025-27.svs,True
C3L-02115,4,PDA,/leonardo_work/CNHPC_2116672/CPTAC/PDA/C3L-02115-27.svs;/leonardo_work/CNHPC_2116672/CPTAC/PDA/C3L-02115-26.svs;/leonardo_work/CNHPC_2116672/CPTAC/PDA/C3L-02115-28.svs;/leonardo_work/CNHPC_2116672/CPTAC/PDA/C3L-02115-29.svs,True
C3L-02384,0,,,False
C3N-01846,4,LSCC,/leonardo_work/CNHPC_2116672/CPTAC/LSCC/C3N-01846-23.svs;/leonardo_work/CNHPC_2116672/CPTAC/LSCC/C3N-01846-22.svs;/leonardo_work/CNHPC_2116672/CPTAC/LSCC/C3N-01846-21.svs;/leonardo_work/CNHPC_2116672/CPTAC/LSCC/C3N-01846-26.svs,True
C3L-01951,2,CCRCC,/leonardo_work/CNHPC_2116672/CPTAC/CCRCC/C3L-01951-21.svs;/leonardo_work/CNHPC_2116672/CPTAC/CCRCC/C3L-01951-22.svs,True
C3N-02185,3,GBM,/leonardo_work/CNHPC_2116672/CPTAC/GBM/C3N-02185-21.svs;/leonardo_work/CNHPC_2116672/CPTAC/GBM/C3N-02185-23.svs;/leonardo_work/CNHPC_2116672/CPTAC/GBM/C3N-02185-22.svs,True
C3L-01599,0,,,False
C3L-01887,1,GBM,/leonardo_work/CNHPC_2116672/CPTAC/GBM/C3L-01887-21.svs,True
C3N-01381,2,PDA,/leonardo_work/CNHPC_2116672/CPTAC/PDA/C3N-01381-21.svs;/leonardo_work/CNHPC_2116672/CPTAC/PDA/C3N-01381-22.svs,True
C3L-00622,4,PDA,/leonardo_work/CNHPC_2116672/CPTAC/PDA/C3L-00622-23.svs;/leonardo_work/CNHPC_2116672/CPTAC/PDA/C3L-00622-22.svs;/leonardo_work/CNHPC_2116672/CPTAC/PDA/C3L-00622-21.svs;/leonardo_work/CNHPC_2116672/CPTAC/PDA/C3L-00622-24.svs,True
C3L-02352,3,CCRCC,/leonardo_work/CNHPC_2116672/CPTAC/CCRCC/C3L-02352-26.svs;/leonardo_work/CNHPC_2116672/CPTAC/CCRCC/C3L-02352-22.svs;/leonardo_work/CNHPC_2116672/CPTAC/CCRCC/C3L-02352-21.svs,True
C3N-01168,2,PDA,/leonardo_work/CNHPC_2116672/CPTAC/PDA/C3N-01168-22.svs;/leonardo_work/CNHPC_2116672/CPTAC/PDA/C3N-01168-23.svs,True
C3N-00661,4,GBM,/leonardo_work/CNHPC_2116672/CPTAC/GBM/C3N-00661-22.svs;/leonardo_work/CNHPC_2116672/CPTAC/GBM/C3N-00661-21.svs;/leonardo_work/CNHPC_2116672/CPTAC/GBM/C3N-00661-24.svs;/leonardo_work/CNHPC_2116672/CPTAC/GBM/C3N-00661-23.svs,True
C3L-01031,3,PDA,/leonardo_work/CNHPC_2116672/CPTAC/PDA/C3L-01031-23.svs;/leonardo_work/CNHPC_2116672/CPTAC/PDA/C3L-01031-21.svs;/leonardo_work/CNHPC_2116672/CPTAC/PDA/C3L-01031-25.svs,True
C3N-01653,0,,,False
C3L-00598,4,PDA,/leonardo_work/CNHPC_2116672/CPTAC/PDA/C3L-00598-24.svs;/leonardo_work/CNHPC_2116672/CPTAC/PDA/C3L-00598-21.svs;/leonardo_work/CNHPC_2116672/CPTAC/PDA/C3L-00598-22.svs;/leonardo_work/CNHPC_2116672/CPTAC/PDA/C3L-00598-23.svs,True
C3N-01017,6,LSCC,/leonardo_work/CNHPC_2116672/CPTAC/LSCC/C3N-01017-22.svs;/leonardo_work/CNHPC_2116672/CPTAC/LSCC/C3N-01017-24.svs;/leonardo_work/CNHPC_2116672/CPTAC/LSCC/C3N-01017-26.svs;/leonardo_work/CNHPC_2116672/CPTAC/LSCC/C3N-01017-27.svs;/leonardo_work/CNHPC_2116672/CPTAC/LSCC/C3N-01017-21.svs;/leonardo_work/CNHPC_2116672/CPTAC/LSCC/C3N-01017-23.svs,True
C3N-01341,0,,,False
C3N-01904,0,,,False
C3L-01327,1,GBM,/leonardo_work/CNHPC_2116672/CPTAC/GBM/C3L-01327-21.svs,True
C3L-01703,4,PDA,/leonardo_work/CNHPC_2116672/CPTAC/PDA/C3L-01703-26.svs;/leonardo_work/CNHPC_2116672/CPTAC/PDA/C3L-01703-29.svs;/leonardo_work/CNHPC_2116672/CPTAC/PDA/C3L-01703-28.svs;/leonardo_work/CNHPC_2116672/CPTAC/PDA/C3L-01703-27.svs,True
C298152,0,,,False
C3L-00102,3,PDA,/leonardo_work/CNHPC_2116672/CPTAC/PDA/C3L-00102-21.svs;/leonardo_work/CNHPC_2116672/CPTAC/PDA/C3L-00102-26.svs;/leonardo_work/CNHPC_2116672/CPTAC/PDA/C3L-00102-22.svs,True
C3N-00496,0,,,False
C3N-00204,6,HNSCC,/leonardo_work/CNHPC_2116672/CPTAC/HNSCC/C3N-00204-24.svs;/leonardo_work/CNHPC_2116672/CPTAC/HNSCC/C3N-00204-22.svs;/leonardo_work/CNHPC_2116672/CPTAC/HNSCC/C3N-00204-27.svs;/leonardo_work/CNHPC_2116672/CPTAC/HNSCC/C3N-00204-26.svs;/leonardo_work/CNHPC_2116672/CPTAC/HNSCC/C3N-00204-21.svs;/leonardo_work/CNHPC_2116672/CPTAC/HNSCC/C3N-00204-23.svs,True
C3N-00957,5,PDA,/leonardo_work/CNHPC_2116672/CPTAC/PDA/C3N-00957-21.svs;/leonardo_work/CNHPC_2116672/CPTAC/PDA/C3N-00957-26.svs;/leonardo_work/CNHPC_2116672/CPTAC/PDA/C3N-00957-23.svs;/leonardo_work/CNHPC_2116672/CPTAC/PDA/C3N-00957-22.svs;/leonardo_work/CNHPC_2116672/CPTAC/PDA/C3N-00957-27.svs,True
C3N-01167,2,PDA,/leonardo_work/CNHPC_2116672/CPTAC/PDA/C3N-01167-22.svs;/leonardo_work/CNHPC_2116672/CPTAC/PDA/C3N-01167-21.svs,True
C3N-01028,6,LSCC,/leonardo_work/CNHPC_2116672/CPTAC/LSCC/C3N-01028-23.svs;/leonardo_work/CNHPC_2116672/CPTAC/LSCC/C3N-01028-22.svs;/leonardo_work/CNHPC_2116672/CPTAC/LSCC/C3N-01028-26.svs;/leonardo_work/CNHPC_2116672/CPTAC/LSCC/C3N-01028-24.svs;/leonardo_work/CNHPC_2116672/CPTAC/LSCC/C3N-01028-27.svs;/leonardo_work/CNHPC_2116672/CPTAC/LSCC/C3N-01028-21.svs,True
C3N-00439,0,,,False
C3N-01008,0,,,False
C3L-01469,0,,,False
C3N-00297,5,HNSCC,/leonardo_work/CNHPC_2116672/CPTAC/HNSCC/C3N-00297-21.svs;/leonardo_work/CNHPC_2116672/CPTAC/HNSCC/C3N-00297-25.svs;/leonardo_work/CNHPC_2116672/CPTAC/HNSCC/C3N-00297-24.svs;/leonardo_work/CNHPC_2116672/CPTAC/HNSCC/C3N-00297-22.svs;/leonardo_work/CNHPC_2116672/CPTAC/HNSCC/C3N-00297-23.svs,True
C3N-01652,0,,,False
C3L-01040,2,GBM,/leonardo_work/CNHPC_2116672/CPTAC/GBM/C3L-01040-22.svs;/leonardo_work/CNHPC_2116672/CPTAC/GBM/C3L-01040-23.svs,True
C3N-01715,2,PDA,/leonardo_work/CNHPC_2116672/CPTAC/PDA/C3N-01715-21.svs;/leonardo_work/CNHPC_2116672/CPTAC/PDA/C3N-01715-22.svs,True
C3N-02440,0,,,False
C3N-01714,2,PDA,/leonardo_work/CNHPC_2116672/CPTAC/PDA/C3N-01714-21.svs;/leonardo_work/CNHPC_2116672/CPTAC/PDA/C3N-01714-22.svs,True
C3N-01366,2,GBM,/leonardo_work/CNHPC_2116672/CPTAC/GBM/C3N-01366-22.svs;/leonardo_work/CNHPC_2116672/CPTAC/GBM/C3N-01366-21.svs,True
C266664,0,,,False
C3N-01517,3,GBM,/leonardo_work/CNHPC_2116672/CPTAC/GBM/C3N-01517-22.svs;/leonardo_work/CNHPC_2116672/CPTAC/GBM/C3N-01517-23.svs;/leonardo_work/CNHPC_2116672/CPTAC/GBM/C3N-01517-21.svs,True
C3L-01045,2,GBM,/leonardo_work/CNHPC_2116672/CPTAC/GBM/C3L-01045-24.svs;/leonardo_work/CNHPC_2116672/CPTAC/GBM/C3L-01045-23.svs,True
C3N-00243,0,,,False
C3L-02212,0,,,False
C3L-01929,2,CCRCC,/leonardo_work/CNHPC_2116672/CPTAC/CCRCC/C3L-01929-22.svs;/leonardo_work/CNHPC_2116672/CPTAC/CCRCC/C3L-01929-21.svs,True
C3L-01963,2,CCRCC,/leonardo_work/CNHPC_2116672/CPTAC/CCRCC/C3L-01963-22.svs;/leonardo_work/CNHPC_2116672/CPTAC/CCRCC/C3L-01963-21.svs,True
C3N-00822,3,HNSCC,/leonardo_work/CNHPC_2116672/CPTAC/HNSCC/C3N-00822-21.svs;/leonardo_work/CNHPC_2116672/CPTAC/HNSCC/C3N-00822-22.svs;/leonardo_work/CNHPC_2116672/CPTAC/HNSCC/C3N-00822-25.svs,True
C3L-08660,0,,,False
C3L-00081,2,LSCC,/leonardo_work/CNHPC_2116672/CPTAC/LSCC/C3L-00081-26.svs;/leonardo_work/CNHPC_2116672/CPTAC/LSCC/C3L-00081-21.svs,True
C3L-08279,0,,,False
C3L-00792,2,CCRCC,/leonardo_work/CNHPC_2116672/CPTAC/CCRCC/C3L-00792-21.svs;/leonardo_work/CNHPC_2116672/CPTAC/CCRCC/C3L-00792-22.svs,True
C3N-03791,3,GBM,/leonardo_work/CNHPC_2116672/CPTAC/GBM/C3N-03791-23.svs;/leonardo_work/CNHPC_2116672/CPTAC/GBM/C3N-03791-22.svs;/leonardo_work/CNHPC_2116672/CPTAC/GBM/C3N-03791-24.svs,True
C3N-02070,3,CCRCC,/leonardo_work/CNHPC_2116672/CPTAC/CCRCC/C3N-02070-23.svs;/leonardo_work/CNHPC_2116672/CPTAC/CCRCC/C3N-02070-21.svs;/leonardo_work/CNHPC_2116672/CPTAC/CCRCC/C3N-02070-22.svs,True
C3L-02643,7,LUAD,/leonardo_work/CNHPC_2116672/CPTAC/LUAD/C3L-02643-26.svs;/leonardo_work/CNHPC_2116672/CPTAC/LUAD/C3L-02643-22.svs;/leonardo_work/CNHPC_2116672/CPTAC/LUAD/C3L-02643-27.svs;/leonardo_work/CNHPC_2116672/CPTAC/LUAD/C3L-02643-23.svs;/leonardo_work/CNHPC_2116672/CPTAC/LUAD/C3L-02643-21.svs;/leonardo_work/CNHPC_2116672/CPTAC/LUAD/C3L-02643-24.svs;/leonardo_work/CNHPC_2116672/CPTAC/LUAD/C3L-02643-25.svs,True
C3N-04686,4,GBM,/leonardo_work/CNHPC_2116672/CPTAC/GBM/C3N-04686-21.svs;/leonardo_work/CNHPC_2116672/CPTAC/GBM/C3N-04686-23.svs;/leonardo_work/CNHPC_2116672/CPTAC/GBM/C3N-04686-22.svs;/leonardo_work/CNHPC_2116672/CPTAC/GBM/C3N-04686-24.svs,True
C3L-08637,0,,,False
C3L-06219,0,,,False
C3L-00921,0,,,False
C3N-02572,3,LUAD,/leonardo_work/CNHPC_2116672/CPTAC/LUAD/C3N-02572-21.svs;/leonardo_work/CNHPC_2116672/CPTAC/LUAD/C3N-02572-23.svs;/leonardo_work/CNHPC_2116672/CPTAC/LUAD/C3N-02572-22.svs,True
C3L-00769,0,,,False
C3N-01510,0,,,False
C3L-08247,0,,,False
C3N-03888,4,HNSCC,/leonardo_work/CNHPC_2116672/CPTAC/HNSCC/C3N-03888-21.svs;/leonardo_work/CNHPC_2116672/CPTAC/HNSCC/C3N-03888-22.svs;/leonardo_work/CNHPC_2116672/CPTAC/HNSCC/C3N-03888-23.svs;/leonardo_work/CNHPC_2116672/CPTAC/HNSCC/C3N-03888-26.svs,True
C3L-00032,0,,,False
C3N-00388,0,,,False
C3L-02201,2,CCRCC,/leonardo_work/CNHPC_2116672/CPTAC/CCRCC/C3L-02201-21.svs;/leonardo_work/CNHPC_2116672/CPTAC/CCRCC/C3L-02201-22.svs,True
C3L-09554,0,,,False
C3N-03012,2,HNSCC,/leonardo_work/CNHPC_2116672/CPTAC/HNSCC/C3N-03012-21.svs;/leonardo_work/CNHPC_2116672/CPTAC/HNSCC/C3N-03012-25.svs,True
C3N-02639,0,,,False
C3N-01893,3,LSCC,/leonardo_work/CNHPC_2116672/CPTAC/LSCC/C3N-01893-22.svs;/leonardo_work/CNHPC_2116672/CPTAC/LSCC/C3N-01893-30.svs;/leonardo_work/CNHPC_2116672/CPTAC/LSCC/C3N-01893-23.svs,True
C3N-00737,5,LUAD,/leonardo_work/CNHPC_2116672/CPTAC/LUAD/C3N-00737-21.svs;/leonardo_work/CNHPC_2116672/CPTAC/LUAD/C3N-00737-26.svs;/leonardo_work/CNHPC_2116672/CPTAC/LUAD/C3N-00737-23.svs;/leonardo_work/CNHPC_2116672/CPTAC/LUAD/C3N-00737-27.svs;/leonardo_work/CNHPC_2116672/CPTAC/LUAD/C3N-00737-22.svs,True
C3N-03788,0,,,False
C3L-03733,0,,,False
C3N-01859,2,HNSCC,/leonardo_work/CNHPC_2116672/CPTAC/HNSCC/C3N-01859-24.svs;/leonardo_work/CNHPC_2116672/CPTAC/HNSCC/C3N-01859-21.svs,True
C3L-04037,8,LUAD,/leonardo_work/CNHPC_2116672/CPTAC/LUAD/C3L-04037-21.svs;/leonardo_work/CNHPC_2116672/CPTAC/LUAD/C3L-04037-24.svs;/leonardo_work/CNHPC_2116672/CPTAC/LUAD/C3L-04037-23.svs;/leonardo_work/CNHPC_2116672/CPTAC/LUAD/C3L-04037-27.svs;/leonardo_work/CNHPC_2116672/CPTAC/LUAD/C3L-04037-26.svs;/leonardo_work/CNHPC_2116672/CPTAC/LUAD/C3L-04037-22.svs;/leonardo_work/CNHPC_2116672/CPTAC/LUAD/C3L-04037-28.svs;/leonardo_work/CNHPC_2116672/CPTAC/LUAD/C3L-04037-25.svs,True
C3L-00614,2,dataset_20x,/leonardo_work/CNHPC_2116672/CPTAC/dataset_20x/C3L-00614-41.tiff;/leonardo_work/CNHPC_2116672/CPTAC/dataset_20x/C3L-00614-42.tiff,True
C3N-03006,2,PDA,/leonardo_work/CNHPC_2116672/CPTAC/PDA/C3N-03006-22.svs;/leonardo_work/CNHPC_2116672/CPTAC/PDA/C3N-03006-21.svs,True
C3N-02589,2,PDA,/leonardo_work/CNHPC_2116672/CPTAC/PDA/C3N-02589-21.svs;/leonardo_work/CNHPC_2116672/CPTAC/PDA/C3N-02589-23.svs,True
C3L-05905,0,,,False
C3L-01744,0,,,False
C3L-00001,2,LUAD,/leonardo_work/CNHPC_2116672/CPTAC/LUAD/C3L-00001-26.svs;/leonardo_work/CNHPC_2116672/CPTAC/LUAD/C3L-00001-21.svs,True
C3L-03717,2,LUAD,/leonardo_work/CNHPC_2116672/CPTAC/LUAD/C3L-03717-22.svs;/leonardo_work/CNHPC_2116672/CPTAC/LUAD/C3L-03717-21.svs,True
C3L-00362,0,,,False
C3L-04339,5,GBM,/leonardo_work/CNHPC_2116672/CPTAC/GBM/C3L-04339-23.svs;/leonardo_work/CNHPC_2116672/CPTAC/GBM/C3L-04339-24.svs;/leonardo_work/CNHPC_2116672/CPTAC/GBM/C3L-04339-22.svs;/leonardo_work/CNHPC_2116672/CPTAC/GBM/C3L-04339-25.svs;/leonardo_work/CNHPC_2116672/CPTAC/GBM/C3L-04339-21.svs,True
C3L-00010,2,CCRCC,/leonardo_work/CNHPC_2116672/CPTAC/CCRCC/C3L-00010-21.svs;/leonardo_work/CNHPC_2116672/CPTAC/CCRCC/C3L-00010-26.svs,True
C3N-02947,0,,,False
C3L-04486,2,dataset_20x,/leonardo_work/CNHPC_2116672/CPTAC/dataset_20x/C3L-04486-41.tiff;/leonardo_work/CNHPC_2116672/CPTAC/dataset_20x/C3L-04486-42.tiff,True
C3L-09778,0,,,False
C3N-00577,6,CCRCC,/leonardo_work/CNHPC_2116672/CPTAC/CCRCC/C3N-00577-21.svs;/leonardo_work/CNHPC_2116672/CPTAC/CCRCC/C3N-00577-27.svs;/leonardo_work/CNHPC_2116672/CPTAC/CCRCC/C3N-00577-24.svs;/leonardo_work/CNHPC_2116672/CPTAC/CCRCC/C3N-00577-23.svs;/leonardo_work/CNHPC_2116672/CPTAC/CCRCC/C3N-00577-22.svs;/leonardo_work/CNHPC_2116672/CPTAC/CCRCC/C3N-00577-26.svs,True
C3N-02271,0,,,False
C3N-02265,2,CCRCC,/leonardo_work/CNHPC_2116672/CPTAC/CCRCC/C3N-02265-21.svs;/leonardo_work/CNHPC_2116672/CPTAC/CCRCC/C3N-02265-25.svs,True
C3L-00767,0,,,False
C3L-06953,0,,,False
C3L-00097,2,CCRCC,/leonardo_work/CNHPC_2116672/CPTAC/CCRCC/C3L-00097-26.svs;/leonardo_work/CNHPC_2116672/CPTAC/CCRCC/C3L-00097-21.svs,True
C3L-05983,0,,,False
C3L-02964,3,LSCC,/leonardo_work/CNHPC_2116672/CPTAC/LSCC/C3L-02964-21.svs;/leonardo_work/CNHPC_2116672/CPTAC/LSCC/C3L-02964-26.svs;/leonardo_work/CNHPC_2116672/CPTAC/LSCC/C3L-02964-22.svs,True
C3N-02678,0,,,False
C3N-03792,0,,,False
C3N-01875,0,,,False
C3L-00017,6,PDA,/leonardo_work/CNHPC_2116672/CPTAC/PDA/C3L-00017-23.svs;/leonardo_work/CNHPC_2116672/CPTAC/PDA/C3L-00017-25.svs;/leonardo_work/CNHPC_2116672/CPTAC/PDA/C3L-00017-24.svs;/leonardo_work/CNHPC_2116672/CPTAC/PDA/C3L-00017-21.svs;/leonardo_work/CNHPC_2116672/CPTAC/PDA/C3L-00017-22.svs;/leonardo_work/CNHPC_2116672/CPTAC/PDA/C3L-00017-26.svs,True
C3L-00928,4,PDA,/leonardo_work/CNHPC_2116672/CPTAC/PDA/C3L-00928-22.svs;/leonardo_work/CNHPC_2116672/CPTAC/PDA/C3L-00928-23.svs;/leonardo_work/CNHPC_2116672/CPTAC/PDA/C3L-00928-26.svs;/leonardo_work/CNHPC_2116672/CPTAC/PDA/C3L-00928-21.svs,True
C3N-02183,3,GBM,/leonardo_work/CNHPC_2116672/CPTAC/GBM/C3N-02183-22.svs;/leonardo_work/CNHPC_2116672/CPTAC/GBM/C3N-02183-21.svs;/leonardo_work/CNHPC_2116672/CPTAC/GBM/C3N-02183-23.svs,True
C3N-01525,0,,,False
C3N-01342,0,,,False
C3L-01971,6,PDA,/leonardo_work/CNHPC_2116672/CPTAC/PDA/C3L-01971-22.svs;/leonardo_work/CNHPC_2116672/CPTAC/PDA/C3L-01971-21.svs;/leonardo_work/CNHPC_2116672/CPTAC/PDA/C3L-01971-24.svs;/leonardo_work/CNHPC_2116672/CPTAC/PDA/C3L-01971-26.svs;/leonardo_work/CNHPC_2116672/CPTAC/PDA/C3L-01971-23.svs;/leonardo_work/CNHPC_2116672/CPTAC/PDA/C3L-01971-25.svs,True
C3N-01526,0,,,False
C3L-00966,7,CCRCC,/leonardo_work/CNHPC_2116672/CPTAC/CCRCC/C3L-00966-24.svs;/leonardo_work/CNHPC_2116672/CPTAC/CCRCC/C3L-00966-27.svs;/leonardo_work/CNHPC_2116672/CPTAC/CCRCC/C3L-00966-22.svs;/leonardo_work/CNHPC_2116672/CPTAC/CCRCC/C3L-00966-25.svs;/leonardo_work/CNHPC_2116672/CPTAC/CCRCC/C3L-00966-26.svs;/leonardo_work/CNHPC_2116672/CPTAC/CCRCC/C3L-00966-23.svs;/leonardo_work/CNHPC_2116672/CPTAC/CCRCC/C3L-00966-21.svs,True
C3L-02041,2,GBM,/leonardo_work/CNHPC_2116672/CPTAC/GBM/C3L-02041-22.svs;/leonardo_work/CNHPC_2116672/CPTAC/GBM/C3L-02041-21.svs,True
C3N-00857,3,HNSCC,/leonardo_work/CNHPC_2116672/CPTAC/HNSCC/C3N-00857-21.svs;/leonardo_work/CNHPC_2116672/CPTAC/HNSCC/C3N-00857-25.svs;/leonardo_work/CNHPC_2116672/CPTAC/HNSCC/C3N-00857-22.svs,True
C3N-01857,2,GBM,/leonardo_work/CNHPC_2116672/CPTAC/GBM/C3N-01857-22.svs;/leonardo_work/CNHPC_2116672/CPTAC/GBM/C3N-01857-21.svs,True
C3L-01958,1,CCRCC,/leonardo_work/CNHPC_2116672/CPTAC/CCRCC/C3L-01958-21.svs,True
C3N-00519,5,HNSCC,/leonardo_work/CNHPC_2116672/CPTAC/HNSCC/C3N-00519-24.svs;/leonardo_work/CNHPC_2116672/CPTAC/HNSCC/C3N-00519-25.svs;/leonardo_work/CNHPC_2116672/CPTAC/HNSCC/C3N-00519-21.svs;/leonardo_work/CNHPC_2116672/CPTAC/HNSCC/C3N-00519-22.svs;/leonardo_work/CNHPC_2116672/CPTAC/HNSCC/C3N-00519-23.svs,True
C3N-00512,3,PDA,/leonardo_work/CNHPC_2116672/CPTAC/PDA/C3N-00512-25.svs;/leonardo_work/CNHPC_2116672/CPTAC/PDA/C3N-00512-21.svs;/leonardo_work/CNHPC_2116672/CPTAC/PDA/C3N-00512-22.svs,True
C3N-01007,0,,,False
C3L-01633,0,,,False
C3L-01962,0,,,False
C3L-01954,2,CCRCC,/leonardo_work/CNHPC_2116672/CPTAC/CCRCC/C3L-01954-22.svs;/leonardo_work/CNHPC_2116672/CPTAC/CCRCC/C3L-01954-21.svs,True
C3N-02261,0,,,False
C3L-00401,4,PDA,/leonardo_work/CNHPC_2116672/CPTAC/PDA/C3L-00401-22.svs;/leonardo_work/CNHPC_2116672/CPTAC/PDA/C3L-00401-24.svs;/leonardo_work/CNHPC_2116672/CPTAC/PDA/C3L-00401-25.svs;/leonardo_work/CNHPC_2116672/CPTAC/PDA/C3L-00401-28.svs,True
C3N-00497,2,LSCC,/leonardo_work/CNHPC_2116672/CPTAC/LSCC/C3N-00497-21.svs;/leonardo_work/CNHPC_2116672/CPTAC/LSCC/C3N-00497-25.svs,True
C3N-01368,2,GBM,/leonardo_work/CNHPC_2116672/CPTAC/GBM/C3N-01368-21.svs;/leonardo_work/CNHPC_2116672/CPTAC/GBM/C3N-01368-23.svs,True
C3L-02610,4,PDA,/leonardo_work/CNHPC_2116672/CPTAC/PDA/C3L-02610-21.svs;/leonardo_work/CNHPC_2116672/CPTAC/PDA/C3L-02610-23.svs;/leonardo_work/CNHPC_2116672/CPTAC/PDA/C3L-02610-22.svs;/leonardo_work/CNHPC_2116672/CPTAC/PDA/C3L-02610-24.svs,True
C3L-02860,0,,,False
C3N-01166,2,PDA,/leonardo_work/CNHPC_2116672/CPTAC/PDA/C3N-01166-22.svs;/leonardo_work/CNHPC_2116672/CPTAC/PDA/C3N-01166-21.svs,True
C3N-00307,5,HNSCC,/leonardo_work/CNHPC_2116672/CPTAC/HNSCC/C3N-00307-25.svs;/leonardo_work/CNHPC_2116672/CPTAC/HNSCC/C3N-00307-22.svs;/leonardo_work/CNHPC_2116672/CPTAC/HNSCC/C3N-00307-23.svs;/leonardo_work/CNHPC_2116672/CPTAC/HNSCC/C3N-00307-24.svs;/leonardo_work/CNHPC_2116672/CPTAC/HNSCC/C3N-00307-21.svs,True
C3L-01355,0,,,False
C3L-01637,4,PDA,/leonardo_work/CNHPC_2116672/CPTAC/PDA/C3L-01637-21.svs;/leonardo_work/CNHPC_2116672/CPTAC/PDA/C3L-01637-22.svs;/leonardo_work/CNHPC_2116672/CPTAC/PDA/C3L-01637-26.svs;/leonardo_work/CNHPC_2116672/CPTAC/PDA/C3L-01637-23.svs,True
C3L-01689,4,PDA,/leonardo_work/CNHPC_2116672/CPTAC/PDA/C3L-01689-22.svs;/leonardo_work/CNHPC_2116672/CPTAC/PDA/C3L-01689-21.svs;/leonardo_work/CNHPC_2116672/CPTAC/PDA/C3L-01689-24.svs;/leonardo_work/CNHPC_2116672/CPTAC/PDA/C3L-01689-23.svs,True
C3N-00211,6,LSCC,/leonardo_work/CNHPC_2116672/CPTAC/LSCC/C3N-00211-24.svs;/leonardo_work/CNHPC_2116672/CPTAC/LSCC/C3N-00211-26.svs;/leonardo_work/CNHPC_2116672/CPTAC/LSCC/C3N-00211-27.svs;/leonardo_work/CNHPC_2116672/CPTAC/LSCC/C3N-00211-22.svs;/leonardo_work/CNHPC_2116672/CPTAC/LSCC/C3N-00211-21.svs;/leonardo_work/CNHPC_2116672/CPTAC/LSCC/C3N-00211-23.svs,True
C3L-02465,2,GBM,/leonardo_work/CNHPC_2116672/CPTAC/GBM/C3L-02465-22.svs;/leonardo_work/CNHPC_2116672/CPTAC/GBM/C3L-02465-21.svs,True
C3L-00968,7,CCRCC,/leonardo_work/CNHPC_2116672/CPTAC/CCRCC/C3L-00968-23.svs;/leonardo_work/CNHPC_2116672/CPTAC/CCRCC/C3L-00968-27.svs;/leonardo_work/CNHPC_2116672/CPTAC/CCRCC/C3L-00968-24.svs;/leonardo_work/CNHPC_2116672/CPTAC/CCRCC/C3L-00968-21.svs;/leonardo_work/CNHPC_2116672/CPTAC/CCRCC/C3L-00968-26.svs;/leonardo_work/CNHPC_2116672/CPTAC/CCRCC/C3L-00968-22.svs;/leonardo_work/CNHPC_2116672/CPTAC/CCRCC/C3L-00968-25.svs,True
C3L-01455,6,LSCC,/leonardo_work/CNHPC_2116672/CPTAC/LSCC/C3L-01455-24.svs;/leonardo_work/CNHPC_2116672/CPTAC/LSCC/C3L-01455-26.svs;/leonardo_work/CNHPC_2116672/CPTAC/LSCC/C3L-01455-21.svs;/leonardo_work/CNHPC_2116672/CPTAC/LSCC/C3L-01455-22.svs;/leonardo_work/CNHPC_2116672/CPTAC/LSCC/C3L-01455-23.svs;/leonardo_work/CNHPC_2116672/CPTAC/LSCC/C3L-01455-25.svs,True
C3N-02186,3,GBM,/leonardo_work/CNHPC_2116672/CPTAC/GBM/C3N-02186-22.svs;/leonardo_work/CNHPC_2116672/CPTAC/GBM/C3N-02186-21.svs;/leonardo_work/CNHPC_2116672/CPTAC/GBM/C3N-02186-23.svs,True
C3N-01172,0,,,False
C3N-01411,6,LSCC,/leonardo_work/CNHPC_2116672/CPTAC/LSCC/C3N-01411-27.svs;/leonardo_work/CNHPC_2116672/CPTAC/LSCC/C3N-01411-24.svs;/leonardo_work/CNHPC_2116672/CPTAC/LSCC/C3N-01411-21.svs;/leonardo_work/CNHPC_2116672/CPTAC/LSCC/C3N-01411-23.svs;/leonardo_work/CNHPC_2116672/CPTAC/LSCC/C3N-01411-22.svs;/leonardo_work/CNHPC_2116672/CPTAC/LSCC/C3N-01411-26.svs,True
C3N-01650,0,,,False
C3N-01334,2,GBM,/leonardo_work/CNHPC_2116672/CPTAC/GBM/C3N-01334-23.svs;/leonardo_work/CNHPC_2116672/CPTAC/GBM/C3N-01334-22.svs,True
C3L-01960,0,,,False
C3L-00965,6,LSCC,/leonardo_work/CNHPC_2116672/CPTAC/LSCC/C3L-00965-21.svs;/leonardo_work/CNHPC_2116672/CPTAC/LSCC/C3L-00965-22.svs;/leonardo_work/CNHPC_2116672/CPTAC/LSCC/C3L-00965-27.svs;/leonardo_work/CNHPC_2116672/CPTAC/LSCC/C3L-00965-24.svs;/leonardo_work/CNHPC_2116672/CPTAC/LSCC/C3L-00965-23.svs;/leonardo_work/CNHPC_2116672/CPTAC/LSCC/C3L-00965-26.svs,True
C3L-02116,4,PDA,/leonardo_work/CNHPC_2116672/CPTAC/PDA/C3L-02116-22.svs;/leonardo_work/CNHPC_2116672/CPTAC/PDA/C3L-02116-21.svs;/leonardo_work/CNHPC_2116672/CPTAC/PDA/C3L-02116-23.svs;/leonardo_work/CNHPC_2116672/CPTAC/PDA/C3L-02116-24.svs,True
C3L-02542,3,GBM,/leonardo_work/CNHPC_2116672/CPTAC/GBM/C3L-02542-21.svs;/leonardo_work/CNHPC_2116672/CPTAC/GBM/C3L-02542-23.svs;/leonardo_work/CNHPC_2116672/CPTAC/GBM/C3L-02542-22.svs,True
C3N-02188,3,GBM,/leonardo_work/CNHPC_2116672/CPTAC/GBM/C3N-02188-22.svs;/leonardo_work/CNHPC_2116672/CPTAC/GBM/C3N-02188-23.svs;/leonardo_work/CNHPC_2116672/CPTAC/GBM/C3N-02188-21.svs,True
C3N-00440,0,,,False
C3L-01732,0,,,False
C3L-02112,4,PDA,/leonardo_work/CNHPC_2116672/CPTAC/PDA/C3L-02112-23.svs;/leonardo_work/CNHPC_2116672/CPTAC/PDA/C3L-02112-24.svs;/leonardo_work/CNHPC_2116672/CPTAC/PDA/C3L-02112-21.svs;/leonardo_work/CNHPC_2116672/CPTAC/PDA/C3L-02112-22.svs,True
C3N-01337,3,HNSCC,/leonardo_work/CNHPC_2116672/CPTAC/HNSCC/C3N-01337-26.svs;/leonardo_work/CNHPC_2116672/CPTAC/HNSCC/C3N-01337-24.svs;/leonardo_work/CNHPC_2116672/CPTAC/HNSCC/C3N-01337-25.svs,True
C3N-00302,5,PDA,/leonardo_work/CNHPC_2116672/CPTAC/PDA/C3N-00302-25.svs;/leonardo_work/CNHPC_2116672/CPTAC/PDA/C3N-00302-22.svs;/leonardo_work/CNHPC_2116672/CPTAC/PDA/C3N-00302-24.svs;/leonardo_work/CNHPC_2116672/CPTAC/PDA/C3N-00302-21.svs;/leonardo_work/CNHPC_2116672/CPTAC/PDA/C3N-00302-23.svs,True
C3L-00927,4,LSCC,/leonardo_work/CNHPC_2116672/CPTAC/LSCC/C3L-00927-21.svs;/leonardo_work/CNHPC_2116672/CPTAC/LSCC/C3L-00927-26.svs;/leonardo_work/CNHPC_2116672/CPTAC/LSCC/C3L-00927-22.svs;/leonardo_work/CNHPC_2116672/CPTAC/LSCC/C3L-00927-23.svs,True
C3N-00438,0,,,False
C3L-01465,2,CCRCC,/leonardo_work/CNHPC_2116672/CPTAC/CCRCC/C3L-01465-21.svs;/leonardo_work/CNHPC_2116672/CPTAC/CCRCC/C3L-01465-22.svs,True
C3L-00993,6,LSCC,/leonardo_work/CNHPC_2116672/CPTAC/LSCC/C3L-00993-23.svs;/leonardo_work/CNHPC_2116672/CPTAC/LSCC/C3L-00993-26.svs;/leonardo_work/CNHPC_2116672/CPTAC/LSCC/C3L-00993-22.svs;/leonardo_work/CNHPC_2116672/CPTAC/LSCC/C3L-00993-24.svs;/leonardo_work/CNHPC_2116672/CPTAC/LSCC/C3L-00993-21.svs;/leonardo_work/CNHPC_2116672/CPTAC/LSCC/C3L-00993-27.svs,True
C3L-01665,3,CCRCC,/leonardo_work/CNHPC_2116672/CPTAC/CCRCC/C3L-01665-26.svs;/leonardo_work/CNHPC_2116672/CPTAC/CCRCC/C3L-01665-21.svs;/leonardo_work/CNHPC_2116672/CPTAC/CCRCC/C3L-01665-23.svs,True
C3L-00189,4,PDA,/leonardo_work/CNHPC_2116672/CPTAC/PDA/C3L-00189-21.svs;/leonardo_work/CNHPC_2116672/CPTAC/PDA/C3L-00189-22.svs;/leonardo_work/CNHPC_2116672/CPTAC/PDA/C3L-00189-24.svs;/leonardo_work/CNHPC_2116672/CPTAC/PDA/C3L-00189-23.svs,True
C3L-01606,2,LSCC,/leonardo_work/CNHPC_2116672/CPTAC/LSCC/C3L-01606-26.svs;/leonardo_work/CNHPC_2116672/CPTAC/LSCC/C3L-01606-21.svs,True
C3N-01515,1,GBM,/leonardo_work/CNHPC_2116672/CPTAC/GBM/C3N-01515-21.svs,True
C3L-00365,1,GBM,/leonardo_work/CNHPC_2116672/CPTAC/GBM/C3L-00365-21.svs,True
C3L-02175,2,CCRCC,/leonardo_work/CNHPC_2116672/CPTAC/CCRCC/C3L-02175-21.svs;/leonardo_work/CNHPC_2116672/CPTAC/CCRCC/C3L-02175-22.svs,True
C3L-00881,6,PDA,/leonardo_work/CNHPC_2116672/CPTAC/PDA/C3L-00881-23.svs;/leonardo_work/CNHPC_2116672/CPTAC/PDA/C3L-00881-21.svs;/leonardo_work/CNHPC_2116672/CPTAC/PDA/C3L-00881-26.svs;/leonardo_work/CNHPC_2116672/CPTAC/PDA/C3L-00881-22.svs;/leonardo_work/CNHPC_2116672/CPTAC/PDA/C3L-00881-24.svs;/leonardo_work/CNHPC_2116672/CPTAC/PDA/C3L-00881-25.svs,True
C3N-00958,0,,,False
C204057,0,,,False
C3L-01631,0,,,False
C3L-01328,4,PDA,/leonardo_work/CNHPC_2116672/CPTAC/PDA/C3L-01328-21.svs;/leonardo_work/CNHPC_2116672/CPTAC/PDA/C3L-01328-22.svs;/leonardo_work/CNHPC_2116672/CPTAC/PDA/C3L-01328-24.svs;/leonardo_work/CNHPC_2116672/CPTAC/PDA/C3L-01328-23.svs,True
C3N-01380,2,PDA,/leonardo_work/CNHPC_2116672/CPTAC/PDA/C3N-01380-23.svs;/leonardo_work/CNHPC_2116672/CPTAC/PDA/C3N-01380-21.svs,True
C3L-01865,0,,,False
C3N-02150,6,LUAD,/leonardo_work/CNHPC_2116672/CPTAC/LUAD/C3N-02150-26.svs;/leonardo_work/CNHPC_2116672/CPTAC/LUAD/C3N-02150-22.svs;/leonardo_work/CNHPC_2116672/CPTAC/LUAD/C3N-02150-27.svs;/leonardo_work/CNHPC_2116672/CPTAC/LUAD/C3N-02150-21.svs;/leonardo_work/CNHPC_2116672/CPTAC/LUAD/C3N-02150-24.svs;/leonardo_work/CNHPC_2116672/CPTAC/LUAD/C3N-02150-23.svs,True
C3N-00511,4,PDA,/leonardo_work/CNHPC_2116672/CPTAC/PDA/C3N-00511-22.svs;/leonardo_work/CNHPC_2116672/CPTAC/PDA/C3N-00511-21.svs;/leonardo_work/CNHPC_2116672/CPTAC/PDA/C3N-00511-25.svs;/leonardo_work/CNHPC_2116672/CPTAC/PDA/C3N-00511-23.svs,True
C3N-00247,5,LSCC,/leonardo_work/CNHPC_2116672/CPTAC/LSCC/C3N-00247-21.svs;/leonardo_work/CNHPC_2116672/CPTAC/LSCC/C3N-00247-26.svs;/leonardo_work/CNHPC_2116672/CPTAC/LSCC/C3N-00247-23.svs;/leonardo_work/CNHPC_2116672/CPTAC/LSCC/C3N-00247-28.svs;/leonardo_work/CNHPC_2116672/CPTAC/LSCC/C3N-00247-22.svs,True
C3N-01409,5,LUAD,/leonardo_work/CNHPC_2116672/CPTAC/LUAD/C3N-01409-23.svs;/leonardo_work/CNHPC_2116672/CPTAC/LUAD/C3N-01409-21.svs;/leonardo_work/CNHPC_2116672/CPTAC/LUAD/C3N-01409-27.svs;/leonardo_work/CNHPC_2116672/CPTAC/LUAD/C3N-01409-22.svs;/leonardo_work/CNHPC_2116672/CPTAC/LUAD/C3N-01409-24.svs,True
C3N-00662,3,GBM,/leonardo_work/CNHPC_2116672/CPTAC/GBM/C3N-00662-22.svs;/leonardo_work/CNHPC_2116672/CPTAC/GBM/C3N-00662-21.svs;/leonardo_work/CNHPC_2116672/CPTAC/GBM/C3N-00662-23.svs,True
C3L-01955,0,,,False
C3L-01467,0,,,False
C3L-02177,2,CCRCC,/leonardo_work/CNHPC_2116672/CPTAC/CCRCC/C3L-02177-22.svs;/leonardo_work/CNHPC_2116672/CPTAC/CCRCC/C3L-02177-21.svs,True
C3L-00923,2,LSCC,/leonardo_work/CNHPC_2116672/CPTAC/LSCC/C3L-00923-23.svs;/leonardo_work/CNHPC_2116672/CPTAC/LSCC/C3L-00923-26.svs,True
C3N-02672,3,LUAD,/leonardo_work/CNHPC_2116672/CPTAC/LUAD/C3N-02672-21.svs;/leonardo_work/CNHPC_2116672/CPTAC/LUAD/C3N-02672-22.svs;/leonardo_work/CNHPC_2116672/CPTAC/LUAD/C3N-02672-28.svs,True
C3L-01729,0,,,False
C3L-06064,1,dataset_20x,/leonardo_work/CNHPC_2116672/CPTAC/dataset_20x/C3L-06064-43.tiff,True
C3L-02163,5,LSCC,/leonardo_work/CNHPC_2116672/CPTAC/LSCC/C3L-02163-25.svs;/leonardo_work/CNHPC_2116672/CPTAC/LSCC/C3L-02163-21.svs;/leonardo_work/CNHPC_2116672/CPTAC/LSCC/C3L-02163-23.svs;/leonardo_work/CNHPC_2116672/CPTAC/LSCC/C3L-02163-22.svs;/leonardo_work/CNHPC_2116672/CPTAC/LSCC/C3L-02163-24.svs,True
C3L-00766,2,CCRCC,/leonardo_work/CNHPC_2116672/CPTAC/CCRCC/C3L-00766-22.svs;/leonardo_work/CNHPC_2116672/CPTAC/CCRCC/C3L-00766-21.svs,True
C3L-04081,0,,,False
C3L-07145,0,,,False
C3L-07624,0,,,False
C3N-01071,6,LUAD,/leonardo_work/CNHPC_2116672/CPTAC/LUAD/C3N-01071-23.svs;/leonardo_work/CNHPC_2116672/CPTAC/LUAD/C3N-01071-22.svs;/leonardo_work/CNHPC_2116672/CPTAC/LUAD/C3N-01071-24.svs;/leonardo_work/CNHPC_2116672/CPTAC/LUAD/C3N-01071-27.svs;/leonardo_work/CNHPC_2116672/CPTAC/LUAD/C3N-01071-26.svs;/leonardo_work/CNHPC_2116672/CPTAC/LUAD/C3N-01071-21.svs,True
C3L-02552,3,LSCC,/leonardo_work/CNHPC_2116672/CPTAC/LSCC/C3L-02552-23.svs;/leonardo_work/CNHPC_2116672/CPTAC/LSCC/C3L-02552-22.svs;/leonardo_work/CNHPC_2116672/CPTAC/LSCC/C3L-02552-26.svs,True
C3L-02545,0,,,False
C3L-08872,0,,,False
C3L-08265,0,,,False
C3N-01655,2,CCRCC,/leonardo_work/CNHPC_2116672/CPTAC/CCRCC/C3N-01655-21.svs;/leonardo_work/CNHPC_2116672/CPTAC/CCRCC/C3N-01655-22.svs,True
C3L-05478,0,,,False
C3N-02976,0,,,False
C3L-04241,1,dataset_20x,/leonardo_work/CNHPC_2116672/CPTAC/dataset_20x/C3L-04241-42.tiff,True
C3L-02900,1,GBM,/leonardo_work/CNHPC_2116672/CPTAC/GBM/C3L-02900-21.svs,True
C3N-00579,6,LUAD,/leonardo_work/CNHPC_2116672/CPTAC/LUAD/C3N-00579-21.svs;/leonardo_work/CNHPC_2116672/CPTAC/LUAD/C3N-00579-27.svs;/leonardo_work/CNHPC_2116672/CPTAC/LUAD/C3N-00579-23.svs;/leonardo_work/CNHPC_2116672/CPTAC/LUAD/C3N-00579-26.svs;/leonardo_work/CNHPC_2116672/CPTAC/LUAD/C3N-00579-24.svs;/leonardo_work/CNHPC_2116672/CPTAC/LUAD/C3N-00579-22.svs,True
C3L-09066,0,,,False
C3N-02785,3,GBM,/leonardo_work/CNHPC_2116672/CPTAC/GBM/C3N-02785-22.svs;/leonardo_work/CNHPC_2116672/CPTAC/GBM/C3N-02785-23.svs;/leonardo_work/CNHPC_2116672/CPTAC/GBM/C3N-02785-21.svs,True
C3N-03021,2,CCRCC,/leonardo_work/CNHPC_2116672/CPTAC/CCRCC/C3N-03021-21.svs;/leonardo_work/CNHPC_2116672/CPTAC/CCRCC/C3N-03021-24.svs,True
C3L-00009,2,LUAD,/leonardo_work/CNHPC_2116672/CPTAC/LUAD/C3L-00009-26.svs;/leonardo_work/CNHPC_2116672/CPTAC/LUAD/C3L-00009-21.svs,True
C3N-02242,6,LUAD,/leonardo_work/CNHPC_2116672/CPTAC/LUAD/C3N-02242-26.svs;/leonardo_work/CNHPC_2116672/CPTAC/LUAD/C3N-02242-27.svs;/leonardo_work/CNHPC_2116672/CPTAC/LUAD/C3N-02242-23.svs;/leonardo_work/CNHPC_2116672/CPTAC/LUAD/C3N-02242-21.svs;/leonardo_work/CNHPC_2116672/CPTAC/LUAD/C3N-02242-24.svs;/leonardo_work/CNHPC_2116672/CPTAC/LUAD/C3N-02242-22.svs,True
C3L-10135,0,,,False
C3N-01657,3,CCRCC,/leonardo_work/CNHPC_2116672/CPTAC/CCRCC/C3N-01657-23.svs;/leonardo_work/CNHPC_2116672/CPTAC/CCRCC/C3N-01657-22.svs;/leonardo_work/CNHPC_2116672/CPTAC/CCRCC/C3N-01657-21.svs,True
C3N-04284,2,PDA,/leonardo_work/CNHPC_2116672/CPTAC/PDA/C3N-04284-21.svs;/leonardo_work/CNHPC_2116672/CPTAC/PDA/C3N-04284-23.svs,True
C3N-00310,5,CCRCC,/leonardo_work/CNHPC_2116672/CPTAC/CCRCC/C3N-00310-25.svs;/leonardo_work/CNHPC_2116672/CPTAC/CCRCC/C3N-00310-23.svs;/leonardo_work/CNHPC_2116672/CPTAC/CCRCC/C3N-00310-24.svs;/leonardo_work/CNHPC_2116672/CPTAC/CCRCC/C3N-00310-22.svs;/leonardo_work/CNHPC_2116672/CPTAC/CCRCC/C3N-00310-21.svs,True
C3N-02769,3,GBM,/leonardo_work/CNHPC_2116672/CPTAC/GBM/C3N-02769-23.svs;/leonardo_work/CNHPC_2116672/CPTAC/GBM/C3N-02769-22.svs;/leonardo_work/CNHPC_2116672/CPTAC/GBM/C3N-02769-21.svs,True
C3L-00279,6,LUAD,/leonardo_work/CNHPC_2116672/CPTAC/LUAD/C3L-00279-25.svs;/leonardo_work/CNHPC_2116672/CPTAC/LUAD/C3L-00279-26.svs;/leonardo_work/CNHPC_2116672/CPTAC/LUAD/C3L-00279-21.svs;/leonardo_work/CNHPC_2116672/CPTAC/LUAD/C3L-00279-24.svs;/leonardo_work/CNHPC_2116672/CPTAC/LUAD/C3L-00279-22.svs;/leonardo_work/CNHPC_2116672/CPTAC/LUAD/C3L-00279-23.svs,True
C3L-01603,4,CCRCC,/leonardo_work/CNHPC_2116672/CPTAC/CCRCC/C3L-01603-23.svs;/leonardo_work/CNHPC_2116672/CPTAC/CCRCC/C3L-01603-22.svs;/leonardo_work/CNHPC_2116672/CPTAC/CCRCC/C3L-01603-21.svs;/leonardo_work/CNHPC_2116672/CPTAC/CCRCC/C3L-01603-26.svs,True
C3N-00151,0,,,False
C3N-02763,3,CCRCC,/leonardo_work/CNHPC_2116672/CPTAC/CCRCC/C3N-02763-22.svs;/leonardo_work/CNHPC_2116672/CPTAC/CCRCC/C3N-02763-23.svs;/leonardo_work/CNHPC_2116672/CPTAC/CCRCC/C3N-02763-21.svs,True
C3L-02705,5,GBM,/leonardo_work/CNHPC_2116672/CPTAC/GBM/C3L-02705-25.svs;/leonardo_work/CNHPC_2116672/CPTAC/GBM/C3L-02705-22.svs;/leonardo_work/CNHPC_2116672/CPTAC/GBM/C3L-02705-24.svs;/leonardo_work/CNHPC_2116672/CPTAC/GBM/C3L-02705-21.svs;/leonardo_work/CNHPC_2116672/CPTAC/GBM/C3L-02705-23.svs,True
C3N-01649,3,CCRCC,/leonardo_work/CNHPC_2116672/CPTAC/CCRCC/C3N-01649-30.svs;/leonardo_work/CNHPC_2116672/CPTAC/CCRCC/C3N-01649-22.svs;/leonardo_work/CNHPC_2116672/CPTAC/CCRCC/C3N-01649-21.svs,True
C3L-08548,0,,,False
C3L-00161,0,,,False
C3N-02248,5,CCRCC,/leonardo_work/CNHPC_2116672/CPTAC/CCRCC/C3N-02248-25.svs;/leonardo_work/CNHPC_2116672/CPTAC/CCRCC/C3N-02248-24.svs;/leonardo_work/CNHPC_2116672/CPTAC/CCRCC/C3N-02248-22.svs;/leonardo_work/CNHPC_2116672/CPTAC/CCRCC/C3N-02248-23.svs;/leonardo_work/CNHPC_2116672/CPTAC/CCRCC/C3N-02248-21.svs,True
C3L-01156,2,GBM,/leonardo_work/CNHPC_2116672/CPTAC/GBM/C3L-01156-22.svs;/leonardo_work/CNHPC_2116672/CPTAC/GBM/C3L-01156-21.svs,True
C3N-02437,0,,,False
C3L-06706,0,,,False
C3L-01283,1,CCRCC,/leonardo_work/CNHPC_2116672/CPTAC/CCRCC/C3L-01283-21.svs,True
C3L-06228,0,,,False
C3L-04537,1,GBM,/leonardo_work/CNHPC_2116672/CPTAC/GBM/C3L-04537-21.svs,True
C3L-02621,8,HNSCC,/leonardo_work/CNHPC_2116672/CPTAC/HNSCC/C3L-02621-26.svs;/leonardo_work/CNHPC_2116672/CPTAC/HNSCC/C3L-02621-21.svs;/leonardo_work/CNHPC_2116672/CPTAC/HNSCC/C3L-02621-24.svs;/leonardo_work/CNHPC_2116672/CPTAC/HNSCC/C3L-02621-25.svs;/leonardo_work/CNHPC_2116672/CPTAC/HNSCC/C3L-02621-23.svs;/leonardo_work/CNHPC_2116672/CPTAC/HNSCC/C3L-02621-27.svs;/leonardo_work/CNHPC_2116672/CPTAC/HNSCC/C3L-02621-28.svs;/leonardo_work/CNHPC_2116672/CPTAC/HNSCC/C3L-02621-22.svs,True
C3N-02718,4,LUAD,/leonardo_work/CNHPC_2116672/CPTAC/LUAD/C3N-02718-21.svs;/leonardo_work/CNHPC_2116672/CPTAC/LUAD/C3N-02718-26.svs;/leonardo_work/CNHPC_2116672/CPTAC/LUAD/C3N-02718-23.svs;/leonardo_work/CNHPC_2116672/CPTAC/LUAD/C3N-02718-22.svs,True
C3N-00437,4,CCRCC,/leonardo_work/CNHPC_2116672/CPTAC/CCRCC/C3N-00437-25.svs;/leonardo_work/CNHPC_2116672/CPTAC/CCRCC/C3N-00437-23.svs;/leonardo_work/CNHPC_2116672/CPTAC/CCRCC/C3N-00437-21.svs;/leonardo_work/CNHPC_2116672/CPTAC/CCRCC/C3N-00437-22.svs,True
C3N-01648,3,CCRCC,/leonardo_work/CNHPC_2116672/CPTAC/CCRCC/C3N-01648-21.svs;/leonardo_work/CNHPC_2116672/CPTAC/CCRCC/C3N-01648-22.svs;/leonardo_work/CNHPC_2116672/CPTAC/CCRCC/C3N-01648-28.svs,True
C3L-02967,2,LUAD,/leonardo_work/CNHPC_2116672/CPTAC/LUAD/C3L-02967-26.svs;/leonardo_work/CNHPC_2116672/CPTAC/LUAD/C3L-02967-21.svs,True
C3N-01825,0,,,False
C3L-00918,0,,,False
C3L-01676,7,CCRCC,/leonardo_work/CNHPC_2116672/CPTAC/CCRCC/C3L-01676-22.svs;/leonardo_work/CNHPC_2116672/CPTAC/CCRCC/C3L-01676-27.svs;/leonardo_work/CNHPC_2116672/CPTAC/CCRCC/C3L-01676-25.svs;/leonardo_work/CNHPC_2116672/CPTAC/CCRCC/C3L-01676-23.svs;/leonardo_work/CNHPC_2116672/CPTAC/CCRCC/C3L-01676-24.svs;/leonardo_work/CNHPC_2116672/CPTAC/CCRCC/C3L-01676-26.svs;/leonardo_work/CNHPC_2116672/CPTAC/CCRCC/C3L-01676-21.svs,True
C3N-00194,6,CCRCC,/leonardo_work/CNHPC_2116672/CPTAC/CCRCC/C3N-00194-21.svs;/leonardo_work/CNHPC_2116672/CPTAC/CCRCC/C3N-00194-26.svs;/leonardo_work/CNHPC_2116672/CPTAC/CCRCC/C3N-00194-22.svs;/leonardo_work/CNHPC_2116672/CPTAC/CCRCC/C3N-00194-27.svs;/leonardo_work/CNHPC_2116672/CPTAC/CCRCC/C3N-00194-23.svs;/leonardo_work/CNHPC_2116672/CPTAC/CCRCC/C3N-00194-24.svs,True
C3L-02202,2,CCRCC,/leonardo_work/CNHPC_2116672/CPTAC/CCRCC/C3L-02202-21.svs;/leonardo_work/CNHPC_2116672/CPTAC/CCRCC/C3L-02202-22.svs,True
C3N-02529,3,LUAD,/leonardo_work/CNHPC_2116672/CPTAC/LUAD/C3N-02529-21.svs;/leonardo_work/CNHPC_2116672/CPTAC/LUAD/C3N-02529-22.svs;/leonardo_work/CNHPC_2116672/CPTAC/LUAD/C3N-02529-23.svs,True
C3L-00898,0,,,False
C3N-00314,5,CCRCC,/leonardo_work/CNHPC_2116672/CPTAC/CCRCC/C3N-00314-22.svs;/leonardo_work/CNHPC_2116672/CPTAC/CCRCC/C3N-00314-23.svs;/leonardo_work/CNHPC_2116672/CPTAC/CCRCC/C3N-00314-24.svs;/leonardo_work/CNHPC_2116672/CPTAC/CCRCC/C3N-00314-25.svs;/leonardo_work/CNHPC_2116672/CPTAC/CCRCC/C3N-00314-21.svs,True
C3N-00659,0,,,False
C3L-07221,0,,,False
C3N-02944,3,PDA,/leonardo_work/CNHPC_2116672/CPTAC/PDA/C3N-02944-21.svs;/leonardo_work/CNHPC_2116672/CPTAC/PDA/C3N-02944-22.svs;/leonardo_work/CNHPC_2116672/CPTAC/PDA/C3N-02944-23.svs,True
C3L-02508,6,LUAD,/leonardo_work/CNHPC_2116672/CPTAC/LUAD/C3L-02508-22.svs;/leonardo_work/CNHPC_2116672/CPTAC/LUAD/C3L-02508-23.svs;/leonardo_work/CNHPC_2116672/CPTAC/LUAD/C3L-02508-26.svs;/leonardo_work/CNHPC_2116672/CPTAC/LUAD/C3L-02508-25.svs;/leonardo_work/CNHPC_2116672/CPTAC/LUAD/C3L-02508-21.svs;/leonardo_work/CNHPC_2116672/CPTAC/LUAD/C3L-02508-24.svs,True
C3L-00369,4,CCRCC,/leonardo_work/CNHPC_2116672/CPTAC/CCRCC/C3L-00369-26.svs;/leonardo_work/CNHPC_2116672/CPTAC/CCRCC/C3L-00369-21.svs;/leonardo_work/CNHPC_2116672/CPTAC/CCRCC/C3L-00369-22.svs;/leonardo_work/CNHPC_2116672/CPTAC/CCRCC/C3L-00369-23.svs,True
C3N-02302,0,,,False
C3L-09561,0,,,False
C3N-03439,2,PDA,/leonardo_work/CNHPC_2116672/CPTAC/PDA/C3N-03439-22.svs;/leonardo_work/CNHPC_2116672/CPTAC/PDA/C3N-03439-23.svs,True
C3L-03976,8,LUAD,/leonardo_work/CNHPC_2116672/CPTAC/LUAD/C3L-03976-25.svs;/leonardo_work/CNHPC_2116672/CPTAC/LUAD/C3L-03976-21.svs;/leonardo_work/CNHPC_2116672/CPTAC/LUAD/C3L-03976-28.svs;/leonardo_work/CNHPC_2116672/CPTAC/LUAD/C3L-03976-23.svs;/leonardo_work/CNHPC_2116672/CPTAC/LUAD/C3L-03976-27.svs;/leonardo_work/CNHPC_2116672/CPTAC/LUAD/C3L-03976-24.svs;/leonardo_work/CNHPC_2116672/CPTAC/LUAD/C3L-03976-22.svs;/leonardo_work/CNHPC_2116672/CPTAC/LUAD/C3L-03976-26.svs,True
C3L-05815,2,dataset_20x,/leonardo_work/CNHPC_2116672/CPTAC/dataset_20x/C3L-05815-41.tiff;/leonardo_work/CNHPC_2116672/CPTAC/dataset_20x/C3L-05815-42.tiff,True
C3L-03123,4,PDA,/leonardo_work/CNHPC_2116672/CPTAC/PDA/C3L-03123-23.svs;/leonardo_work/CNHPC_2116672/CPTAC/PDA/C3L-03123-24.svs;/leonardo_work/CNHPC_2116672/CPTAC/PDA/C3L-03123-22.svs;/leonardo_work/CNHPC_2116672/CPTAC/PDA/C3L-03123-21.svs,True
C3N-03848,3,LSCC,/leonardo_work/CNHPC_2116672/CPTAC/LSCC/C3N-03848-23.svs;/leonardo_work/CNHPC_2116672/CPTAC/LSCC/C3N-03848-22.svs;/leonardo_work/CNHPC_2116672/CPTAC/LSCC/C3N-03848-21.svs,True
C3L-02365,5,LUAD,/leonardo_work/CNHPC_2116672/CPTAC/LUAD/C3L-02365-24.svs;/leonardo_work/CNHPC_2116672/CPTAC/LUAD/C3L-02365-22.svs;/leonardo_work/CNHPC_2116672/CPTAC/LUAD/C3L-02365-25.svs;/leonardo_work/CNHPC_2116672/CPTAC/LUAD/C3L-02365-21.svs;/leonardo_work/CNHPC_2116672/CPTAC/LUAD/C3L-02365-23.svs,True
C3L-01885,4,CCRCC,/leonardo_work/CNHPC_2116672/CPTAC/CCRCC/C3L-01885-21.svs;/leonardo_work/CNHPC_2116672/CPTAC/CCRCC/C3L-01885-22.svs;/leonardo_work/CNHPC_2116672/CPTAC/CCRCC/C3L-01885-23.svs;/leonardo_work/CNHPC_2116672/CPTAC/CCRCC/C3L-01885-26.svs,True
C3L-02392,0,,,False
C3L-07987,0,,,False
C3L-02701,8,PDA,/leonardo_work/CNHPC_2116672/CPTAC/PDA/C3L-02701-24.svs;/leonardo_work/CNHPC_2116672/CPTAC/PDA/C3L-02701-27.svs;/leonardo_work/CNHPC_2116672/CPTAC/PDA/C3L-02701-26.svs;/leonardo_work/CNHPC_2116672/CPTAC/PDA/C3L-02701-25.svs;/leonardo_work/CNHPC_2116672/CPTAC/PDA/C3L-02701-21.svs;/leonardo_work/CNHPC_2116672/CPTAC/PDA/C3L-02701-23.svs;/leonardo_work/CNHPC_2116672/CPTAC/PDA/C3L-02701-22.svs;/leonardo_work/CNHPC_2116672/CPTAC/PDA/C3L-02701-28.svs,True
C3N-02063,4,CCRCC,/leonardo_work/CNHPC_2116672/CPTAC/CCRCC/C3N-02063-22.svs;/leonardo_work/CNHPC_2116672/CPTAC/CCRCC/C3N-02063-21.svs;/leonardo_work/CNHPC_2116672/CPTAC/CCRCC/C3N-02063-26.svs;/leonardo_work/CNHPC_2116672/CPTAC/CCRCC/C3N-02063-23.svs,True
C3L-06716,0,,,False
C3N-05114,0,,,False
C3N-00750,0,,,False
C3L-06809,0,,,False
C3L-02347,0,,,False
C3L-06649,0,,,False
C3L-02857,2,CCRCC,/leonardo_work/CNHPC_2116672/CPTAC/CCRCC/C3L-02857-21.svs;/leonardo_work/CNHPC_2116672/CPTAC/CCRCC/C3L-02857-22.svs,True
C3L-00980,2,CCRCC,/leonardo_work/CNHPC_2116672/CPTAC/CCRCC/C3L-00980-26.svs;/leonardo_work/CNHPC_2116672/CPTAC/CCRCC/C3L-00980-22.svs,True
C3N-02940,3,PDA,/leonardo_work/CNHPC_2116672/CPTAC/PDA/C3N-02940-21.svs;/leonardo_work/CNHPC_2116672/CPTAC/PDA/C3N-02940-23.svs;/leonardo_work/CNHPC_2116672/CPTAC/PDA/C3N-02940-22.svs,True
C3N-00333,0,,,False
C3L-01287,4,CCRCC,/leonardo_work/CNHPC_2116672/CPTAC/CCRCC/C3L-01287-22.svs;/leonardo_work/CNHPC_2116672/CPTAC/CCRCC/C3L-01287-21.svs;/leonardo_work/CNHPC_2116672/CPTAC/CCRCC/C3L-01287-26.svs;/leonardo_work/CNHPC_2116672/CPTAC/CCRCC/C3L-01287-23.svs,True
C3N-04098,3,GBM,/leonardo_work/CNHPC_2116672/CPTAC/GBM/C3N-04098-21.svs;/leonardo_work/CNHPC_2116672/CPTAC/GBM/C3N-04098-23.svs;/leonardo_work/CNHPC_2116672/CPTAC/GBM/C3N-04098-22.svs,True
C3N-02230,6,LUAD,/leonardo_work/CNHPC_2116672/CPTAC/LUAD/C3N-02230-26.svs;/leonardo_work/CNHPC_2116672/CPTAC/LUAD/C3N-02230-22.svs;/leonardo_work/CNHPC_2116672/CPTAC/LUAD/C3N-02230-23.svs;/leonardo_work/CNHPC_2116672/CPTAC/LUAD/C3N-02230-27.svs;/leonardo_work/CNHPC_2116672/CPTAC/LUAD/C3N-02230-24.svs;/leonardo_work/CNHPC_2116672/CPTAC/LUAD/C3N-02230-21.svs,True
C3N-02435,5,LSCC,/leonardo_work/CNHPC_2116672/CPTAC/LSCC/C3N-02435-26.svs;/leonardo_work/CNHPC_2116672/CPTAC/LSCC/C3N-02435-22.svs;/leonardo_work/CNHPC_2116672/CPTAC/LSCC/C3N-02435-23.svs;/leonardo_work/CNHPC_2116672/CPTAC/LSCC/C3N-02435-27.svs;/leonardo_work/CNHPC_2116672/CPTAC/LSCC/C3N-02435-21.svs,True
C3L-00137,0,,,False
C3N-01524,4,CCRCC,/leonardo_work/CNHPC_2116672/CPTAC/CCRCC/C3N-01524-26.svs;/leonardo_work/CNHPC_2116672/CPTAC/CCRCC/C3N-01524-22.svs;/leonardo_work/CNHPC_2116672/CPTAC/CCRCC/C3N-01524-21.svs;/leonardo_work/CNHPC_2116672/CPTAC/CCRCC/C3N-01524-23.svs,True
C3N-00217,6,LUAD,/leonardo_work/CNHPC_2116672/CPTAC/LUAD/C3N-00217-21.svs;/leonardo_work/CNHPC_2116672/CPTAC/LUAD/C3N-00217-22.svs;/leonardo_work/CNHPC_2116672/CPTAC/LUAD/C3N-00217-26.svs;/leonardo_work/CNHPC_2116672/CPTAC/LUAD/C3N-00217-23.svs;/leonardo_work/CNHPC_2116672/CPTAC/LUAD/C3N-00217-27.svs;/leonardo_work/CNHPC_2116672/CPTAC/LUAD/C3N-00217-24.svs,True
C3N-00738,4,LUAD,/leonardo_work/CNHPC_2116672/CPTAC/LUAD/C3N-00738-24.svs;/leonardo_work/CNHPC_2116672/CPTAC/LUAD/C3N-00738-23.svs;/leonardo_work/CNHPC_2116672/CPTAC/LUAD/C3N-00738-22.svs;/leonardo_work/CNHPC_2116672/CPTAC/LUAD/C3N-00738-21.svs,True
C3N-00831,3,CCRCC,/leonardo_work/CNHPC_2116672/CPTAC/CCRCC/C3N-00831-21.svs;/leonardo_work/CNHPC_2116672/CPTAC/CCRCC/C3N-00831-25.svs;/leonardo_work/CNHPC_2116672/CPTAC/CCRCC/C3N-00831-22.svs,True
C3L-08973,0,,,False
C3N-02783,5,GBM,/leonardo_work/CNHPC_2116672/CPTAC/GBM/C3N-02783-21.svs;/leonardo_work/CNHPC_2116672/CPTAC/GBM/C3N-02783-25.svs;/leonardo_work/CNHPC_2116672/CPTAC/GBM/C3N-02783-23.svs;/leonardo_work/CNHPC_2116672/CPTAC/GBM/C3N-02783-24.svs;/leonardo_work/CNHPC_2116672/CPTAC/GBM/C3N-02783-22.svs,True
C3L-01282,0,,,False
C3N-00312,5,CCRCC,/leonardo_work/CNHPC_2116672/CPTAC/CCRCC/C3N-00312-23.svs;/leonardo_work/CNHPC_2116672/CPTAC/CCRCC/C3N-00312-22.svs;/leonardo_work/CNHPC_2116672/CPTAC/CCRCC/C3N-00312-25.svs;/leonardo_work/CNHPC_2116672/CPTAC/CCRCC/C3N-00312-21.svs;/leonardo_work/CNHPC_2116672/CPTAC/CCRCC/C3N-00312-24.svs,True
C3L-02412,0,,,False
C3L-01330,6,LUAD,/leonardo_work/CNHPC_2116672/CPTAC/LUAD/C3L-01330-26.svs;/leonardo_work/CNHPC_2116672/CPTAC/LUAD/C3L-01330-24.svs;/leonardo_work/CNHPC_2116672/CPTAC/LUAD/C3L-01330-22.svs;/leonardo_work/CNHPC_2116672/CPTAC/LUAD/C3L-01330-23.svs;/leonardo_work/CNHPC_2116672/CPTAC/LUAD/C3L-01330-21.svs;/leonardo_work/CNHPC_2116672/CPTAC/LUAD/C3L-01330-25.svs,True
C3N-02264,2,CCRCC,/leonardo_work/CNHPC_2116672/CPTAC/CCRCC/C3N-02264-22.svs;/leonardo_work/CNHPC_2116672/CPTAC/CCRCC/C3N-02264-21.svs,True
C3L-03735,1,GBM,/leonardo_work/CNHPC_2116672/CPTAC/GBM/C3L-03735-21.svs,True
C3L-06625,0,,,False
C3N-00149,6,CCRCC,/leonardo_work/CNHPC_2116672/CPTAC/CCRCC/C3N-00149-22.svs;/leonardo_work/CNHPC_2116672/CPTAC/CCRCC/C3N-00149-24.svs;/leonardo_work/CNHPC_2116672/CPTAC/CCRCC/C3N-00149-21.svs;/leonardo_work/CNHPC_2116672/CPTAC/CCRCC/C3N-00149-23.svs;/leonardo_work/CNHPC_2116672/CPTAC/CCRCC/C3N-00149-27.svs;/leonardo_work/CNHPC_2116672/CPTAC/CCRCC/C3N-00149-26.svs,True
C3N-00743,0,,,False
C3N-03426,2,PDA,/leonardo_work/CNHPC_2116672/CPTAC/PDA/C3N-03426-21.svs;/leonardo_work/CNHPC_2116672/CPTAC/PDA/C3N-03426-24.svs,True
C3L-06540,0,,,False
C3L-07081,0,,,False
C3L-06648,0,,,False
C3N-02010,5,PDA,/leonardo_work/CNHPC_2116672/CPTAC/PDA/C3N-02010-22.svs;/leonardo_work/CNHPC_2116672/CPTAC/PDA/C3N-02010-21.svs;/leonardo_work/CNHPC_2116672/CPTAC/PDA/C3N-02010-26.svs;/leonardo_work/CNHPC_2116672/CPTAC/PDA/C3N-02010-23.svs;/leonardo_work/CNHPC_2116672/CPTAC/PDA/C3N-02010-27.svs,True
C3N-03018,2,CCRCC,/leonardo_work/CNHPC_2116672/CPTAC/CCRCC/C3N-03018-22.svs;/leonardo_work/CNHPC_2116672/CPTAC/CCRCC/C3N-03018-26.svs,True
C3L-02662,5,GBM,/leonardo_work/CNHPC_2116672/CPTAC/GBM/C3L-02662-21.svs;/leonardo_work/CNHPC_2116672/CPTAC/GBM/C3L-02662-23.svs;/leonardo_work/CNHPC_2116672/CPTAC/GBM/C3L-02662-24.svs;/leonardo_work/CNHPC_2116672/CPTAC/GBM/C3L-02662-25.svs;/leonardo_work/CNHPC_2116672/CPTAC/GBM/C3L-02662-22.svs,True
C3N-01178,3,CCRCC,/leonardo_work/CNHPC_2116672/CPTAC/CCRCC/C3N-01178-22.svs;/leonardo_work/CNHPC_2116672/CPTAC/CCRCC/C3N-01178-25.svs;/leonardo_work/CNHPC_2116672/CPTAC/CCRCC/C3N-01178-21.svs,True
C3N-01344,0,,,False
C3L-04013,8,LSCC,/leonardo_work/CNHPC_2116672/CPTAC/LSCC/C3L-04013-27.svs;/leonardo_work/CNHPC_2116672/CPTAC/LSCC/C3L-04013-28.svs;/leonardo_work/CNHPC_2116672/CPTAC/LSCC/C3L-04013-22.svs;/leonardo_work/CNHPC_2116672/CPTAC/LSCC/C3L-04013-26.svs;/leonardo_work/CNHPC_2116672/CPTAC/LSCC/C3L-04013-24.svs;/leonardo_work/CNHPC_2116672/CPTAC/LSCC/C3L-04013-23.svs;/leonardo_work/CNHPC_2116672/CPTAC/LSCC/C3L-04013-25.svs;/leonardo_work/CNHPC_2116672/CPTAC/LSCC/C3L-04013-21.svs,True
C3L-07611,0,,,False
C3L-03963,8,LSCC,/leonardo_work/CNHPC_2116672/CPTAC/LSCC/C3L-03963-23.svs;/leonardo_work/CNHPC_2116672/CPTAC/LSCC/C3L-03963-27.svs;/leonardo_work/CNHPC_2116672/CPTAC/LSCC/C3L-03963-26.svs;/leonardo_work/CNHPC_2116672/CPTAC/LSCC/C3L-03963-25.svs;/leonardo_work/CNHPC_2116672/CPTAC/LSCC/C3L-03963-24.svs;/leonardo_work/CNHPC_2116672/CPTAC/LSCC/C3L-03963-22.svs;/leonardo_work/CNHPC_2116672/CPTAC/LSCC/C3L-03963-21.svs;/leonardo_work/CNHPC_2116672/CPTAC/LSCC/C3L-03963-28.svs,True
C3L-00991,6,CCRCC,/leonardo_work/CNHPC_2116672/CPTAC/CCRCC/C3L-00991-26.svs;/leonardo_work/CNHPC_2116672/CPTAC/CCRCC/C3L-00991-24.svs;/leonardo_work/CNHPC_2116672/CPTAC/CCRCC/C3L-00991-22.svs;/leonardo_work/CNHPC_2116672/CPTAC/CCRCC/C3L-00991-21.svs;/leonardo_work/CNHPC_2116672/CPTAC/CCRCC/C3L-00991-27.svs;/leonardo_work/CNHPC_2116672/CPTAC/CCRCC/C3L-00991-23.svs,True
C3L-08154,0,,,False
C3N-02000,3,LUAD,/leonardo_work/CNHPC_2116672/CPTAC/LUAD/C3N-02000-22.svs;/leonardo_work/CNHPC_2116672/CPTAC/LUAD/C3N-02000-23.svs;/leonardo_work/CNHPC_2116672/CPTAC/LUAD/C3N-02000-21.svs,True
C3N-01176,2,CCRCC,/leonardo_work/CNHPC_2116672/CPTAC/CCRCC/C3N-01176-25.svs;/leonardo_work/CNHPC_2116672/CPTAC/CCRCC/C3N-01176-21.svs,True
C3N-00852,4,CCRCC,/leonardo_work/CNHPC_2116672/CPTAC/CCRCC/C3N-00852-23.svs;/leonardo_work/CNHPC_2116672/CPTAC/CCRCC/C3N-00852-21.svs;/leonardo_work/CNHPC_2116672/CPTAC/CCRCC/C3N-00852-22.svs;/leonardo_work/CNHPC_2116672/CPTAC/CCRCC/C3N-00852-26.svs,True
C3N-04691,1,GBM,/leonardo_work/CNHPC_2116672/CPTAC/GBM/C3N-04691-21.svs,True
C3L-00090,0,,,False
C3N-00646,6,CCRCC,/leonardo_work/CNHPC_2116672/CPTAC/CCRCC/C3N-00646-24.svs;/leonardo_work/CNHPC_2116672/CPTAC/CCRCC/C3N-00646-21.svs;/leonardo_work/CNHPC_2116672/CPTAC/CCRCC/C3N-00646-23.svs;/leonardo_work/CNHPC_2116672/CPTAC/CCRCC/C3N-00646-26.svs;/leonardo_work/CNHPC_2116672/CPTAC/CCRCC/C3N-00646-22.svs;/leonardo_work/CNHPC_2116672/CPTAC/CCRCC/C3N-00646-27.svs,True
C3N-01090,5,CCRCC,/leonardo_work/CNHPC_2116672/CPTAC/CCRCC/C3N-01090-23.svs;/leonardo_work/CNHPC_2116672/CPTAC/CCRCC/C3N-01090-22.svs;/leonardo_work/CNHPC_2116672/CPTAC/CCRCC/C3N-01090-24.svs;/leonardo_work/CNHPC_2116672/CPTAC/CCRCC/C3N-01090-26.svs;/leonardo_work/CNHPC_2116672/CPTAC/CCRCC/C3N-01090-21.svs,True
C3L-02642,5,GBM,/leonardo_work/CNHPC_2116672/CPTAC/GBM/C3L-02642-22.svs;/leonardo_work/CNHPC_2116672/CPTAC/GBM/C3L-02642-21.svs;/leonardo_work/CNHPC_2116672/CPTAC/GBM/C3L-02642-23.svs;/leonardo_work/CNHPC_2116672/CPTAC/GBM/C3L-02642-25.svs;/leonardo_work/CNHPC_2116672/CPTAC/GBM/C3L-02642-24.svs,True
C3N-01902,3,CCRCC,/leonardo_work/CNHPC_2116672/CPTAC/CCRCC/C3N-01902-29.svs;/leonardo_work/CNHPC_2116672/CPTAC/CCRCC/C3N-01902-22.svs;/leonardo_work/CNHPC_2116672/CPTAC/CCRCC/C3N-01902-25.svs,True
C3L-05887,0,,,False
C3N-01175,2,CCRCC,/leonardo_work/CNHPC_2116672/CPTAC/CCRCC/C3N-01175-21.svs;/leonardo_work/CNHPC_2116672/CPTAC/CCRCC/C3N-01175-25.svs,True
C3N-01213,4,CCRCC,/leonardo_work/CNHPC_2116672/CPTAC/CCRCC/C3N-01213-22.svs;/leonardo_work/CNHPC_2116672/CPTAC/CCRCC/C3N-01213-21.svs;/leonardo_work/CNHPC_2116672/CPTAC/CCRCC/C3N-01213-23.svs;/leonardo_work/CNHPC_2116672/CPTAC/CCRCC/C3N-01213-26.svs,True
C3N-04276,2,HNSCC,/leonardo_work/CNHPC_2116672/CPTAC/HNSCC/C3N-04276-26.svs;/leonardo_work/CNHPC_2116672/CPTAC/HNSCC/C3N-04276-21.svs,True
C3L-01882,2,CCRCC,/leonardo_work/CNHPC_2116672/CPTAC/CCRCC/C3L-01882-21.svs;/leonardo_work/CNHPC_2116672/CPTAC/CCRCC/C3L-01882-26.svs,True
C3N-00547,6,LUAD,/leonardo_work/CNHPC_2116672/CPTAC/LUAD/C3N-00547-27.svs;/leonardo_work/CNHPC_2116672/CPTAC/LUAD/C3N-00547-22.svs;/leonardo_work/CNHPC_2116672/CPTAC/LUAD/C3N-00547-26.svs;/leonardo_work/CNHPC_2116672/CPTAC/LUAD/C3N-00547-23.svs;/leonardo_work/CNHPC_2116672/CPTAC/LUAD/C3N-00547-21.svs;/leonardo_work/CNHPC_2116672/CPTAC/LUAD/C3N-00547-24.svs,True
C3L-02890,4,PDA,/leonardo_work/CNHPC_2116672/CPTAC/PDA/C3L-02890-24.svs;/leonardo_work/CNHPC_2116672/CPTAC/PDA/C3L-02890-21.svs;/leonardo_work/CNHPC_2116672/CPTAC/PDA/C3L-02890-22.svs;/leonardo_work/CNHPC_2116672/CPTAC/PDA/C3L-02890-23.svs,True
C3N-03939,3,GBM,/leonardo_work/CNHPC_2116672/CPTAC/GBM/C3N-03939-22.svs;/leonardo_work/CNHPC_2116672/CPTAC/GBM/C3N-03939-21.svs;/leonardo_work/CNHPC_2116672/CPTAC/GBM/C3N-03939-23.svs,True
C3N-00168,6,CCRCC,/leonardo_work/CNHPC_2116672/CPTAC/CCRCC/C3N-00168-26.svs;/leonardo_work/CNHPC_2116672/CPTAC/CCRCC/C3N-00168-24.svs;/leonardo_work/CNHPC_2116672/CPTAC/CCRCC/C3N-00168-27.svs;/leonardo_work/CNHPC_2116672/CPTAC/CCRCC/C3N-00168-23.svs;/leonardo_work/CNHPC_2116672/CPTAC/CCRCC/C3N-00168-22.svs;/leonardo_work/CNHPC_2116672/CPTAC/CCRCC/C3N-00168-21.svs,True
C3N-01643,2,HNSCC,/leonardo_work/CNHPC_2116672/CPTAC/HNSCC/C3N-01643-23.svs;/leonardo_work/CNHPC_2116672/CPTAC/HNSCC/C3N-01643-24.svs,True
C3L-03744,3,GBM,/leonardo_work/CNHPC_2116672/CPTAC/GBM/C3L-03744-22.svs;/leonardo_work/CNHPC_2116672/CPTAC/GBM/C3L-03744-23.svs;/leonardo_work/CNHPC_2116672/CPTAC/GBM/C3L-03744-21.svs,True
C3N-01346,0,,,False
C3L-00982,6,CCRCC,/leonardo_work/CNHPC_2116672/CPTAC/CCRCC/C3L-00982-27.svs;/leonardo_work/CNHPC_2116672/CPTAC/CCRCC/C3L-00982-23.svs;/leonardo_work/CNHPC_2116672/CPTAC/CCRCC/C3L-00982-24.svs;/leonardo_work/CNHPC_2116672/CPTAC/CCRCC/C3L-00982-21.svs;/leonardo_work/CNHPC_2116672/CPTAC/CCRCC/C3L-00982-22.svs;/leonardo_work/CNHPC_2116672/CPTAC/CCRCC/C3L-00982-26.svs,True
C3L-02834,6,LUAD,/leonardo_work/CNHPC_2116672/CPTAC/LUAD/C3L-02834-23.svs;/leonardo_work/CNHPC_2116672/CPTAC/LUAD/C3L-02834-21.svs;/leonardo_work/CNHPC_2116672/CPTAC/LUAD/C3L-02834-25.svs;/leonardo_work/CNHPC_2116672/CPTAC/LUAD/C3L-02834-22.svs;/leonardo_work/CNHPC_2116672/CPTAC/LUAD/C3L-02834-26.svs;/leonardo_work/CNHPC_2116672/CPTAC/LUAD/C3L-02834-24.svs,True
C3N-02290,3,LUAD,/leonardo_work/CNHPC_2116672/CPTAC/LUAD/C3N-02290-22.svs;/leonardo_work/CNHPC_2116672/CPTAC/LUAD/C3N-02290-21.svs;/leonardo_work/CNHPC_2116672/CPTAC/LUAD/C3N-02290-29.svs,True
C3N-02994,0,,,False
C3L-00098,0,,,False
C3L-00917,3,CCRCC,/leonardo_work/CNHPC_2116672/CPTAC/CCRCC/C3L-00917-23.svs;/leonardo_work/CNHPC_2116672/CPTAC/CCRCC/C3L-00917-21.svs;/leonardo_work/CNHPC_2116672/CPTAC/CCRCC/C3L-00917-26.svs,True
C3L-02165,5,LUAD,/leonardo_work/CNHPC_2116672/CPTAC/LUAD/C3L-02165-24.svs;/leonardo_work/CNHPC_2116672/CPTAC/LUAD/C3L-02165-25.svs;/leonardo_work/CNHPC_2116672/CPTAC/LUAD/C3L-02165-21.svs;/leonardo_work/CNHPC_2116672/CPTAC/LUAD/C3L-02165-23.svs;/leonardo_work/CNHPC_2116672/CPTAC/LUAD/C3L-02165-22.svs,True
C3N-02333,4,HNSCC,/leonardo_work/CNHPC_2116672/CPTAC/HNSCC/C3N-02333-26.svs;/leonardo_work/CNHPC_2116672/CPTAC/HNSCC/C3N-02333-23.svs;/leonardo_work/CNHPC_2116672/CPTAC/HNSCC/C3N-02333-22.svs;/leonardo_work/CNHPC_2116672/CPTAC/HNSCC/C3N-02333-21.svs,True
C3N-05135,0,,,False
C3L-02968,2,LSCC,/leonardo_work/CNHPC_2116672/CPTAC/LSCC/C3L-02968-22.svs;/leonardo_work/CNHPC_2116672/CPTAC/LSCC/C3L-02968-26.svs,True
C3L-04040,8,LUAD,/leonardo_work/CNHPC_2116672/CPTAC/LUAD/C3L-04040-21.svs;/leonardo_work/CNHPC_2116672/CPTAC/LUAD/C3L-04040-28.svs;/leonardo_work/CNHPC_2116672/CPTAC/LUAD/C3L-04040-26.svs;/leonardo_work/CNHPC_2116672/CPTAC/LUAD/C3L-04040-23.svs;/leonardo_work/CNHPC_2116672/CPTAC/LUAD/C3L-04040-24.svs;/leonardo_work/CNHPC_2116672/CPTAC/LUAD/C3L-04040-25.svs;/leonardo_work/CNHPC_2116672/CPTAC/LUAD/C3L-04040-22.svs;/leonardo_work/CNHPC_2116672/CPTAC/LUAD/C3L-04040-27.svs,True
C3N-03092,6,LSCC,/leonardo_work/CNHPC_2116672/CPTAC/LSCC/C3N-03092-21.svs;/leonardo_work/CNHPC_2116672/CPTAC/LSCC/C3N-03092-23.svs;/leonardo_work/CNHPC_2116672/CPTAC/LSCC/C3N-03092-26.svs;/leonardo_work/CNHPC_2116672/CPTAC/LSCC/C3N-03092-24.svs;/leonardo_work/CNHPC_2116672/CPTAC/LSCC/C3N-03092-27.svs;/leonardo_work/CNHPC_2116672/CPTAC/LSCC/C3N-03092-22.svs,True
C3L-01836,4,CCRCC,/leonardo_work/CNHPC_2116672/CPTAC/CCRCC/C3L-01836-23.svs;/leonardo_work/CNHPC_2116672/CPTAC/CCRCC/C3L-01836-21.svs;/leonardo_work/CNHPC_2116672/CPTAC/CCRCC/C3L-01836-22.svs;/leonardo_work/CNHPC_2116672/CPTAC/CCRCC/C3L-01836-26.svs,True
C3L-06642,0,,,False
C3L-07974,0,,,False
C3L-07629,0,,,False
C3N-01823,4,LUAD,/leonardo_work/CNHPC_2116672/CPTAC/LUAD/C3N-01823-26.svs;/leonardo_work/CNHPC_2116672/CPTAC/LUAD/C3N-01823-21.svs;/leonardo_work/CNHPC_2116672/CPTAC/LUAD/C3N-01823-23.svs;/leonardo_work/CNHPC_2116672/CPTAC/LUAD/C3N-01823-22.svs,True
C3N-01808,5,CCRCC,/leonardo_work/CNHPC_2116672/CPTAC/CCRCC/C3N-01808-23.svs;/leonardo_work/CNHPC_2116672/CPTAC/CCRCC/C3N-01808-21.svs;/leonardo_work/CNHPC_2116672/CPTAC/CCRCC/C3N-01808-22.svs;/leonardo_work/CNHPC_2116672/CPTAC/CCRCC/C3N-01808-26.svs;/leonardo_work/CNHPC_2116672/CPTAC/CCRCC/C3N-01808-27.svs,True
C3L-01249,0,,,False
C3L-04071,4,LSCC,/leonardo_work/CNHPC_2116672/CPTAC/LSCC/C3L-04071-24.svs;/leonardo_work/CNHPC_2116672/CPTAC/LSCC/C3L-04071-22.svs;/leonardo_work/CNHPC_2116672/CPTAC/LSCC/C3L-04071-21.svs;/leonardo_work/CNHPC_2116672/CPTAC/LSCC/C3L-04071-23.svs,True
C3N-00755,0,,,False
C3L-00263,8,LUAD,/leonardo_work/CNHPC_2116672/CPTAC/LUAD/C3L-00263-27.svs;/leonardo_work/CNHPC_2116672/CPTAC/LUAD/C3L-00263-28.svs;/leonardo_work/CNHPC_2116672/CPTAC/LUAD/C3L-00263-25.svs;/leonardo_work/CNHPC_2116672/CPTAC/LUAD/C3L-00263-22.svs;/leonardo_work/CNHPC_2116672/CPTAC/LUAD/C3L-00263-21.svs;/leonardo_work/CNHPC_2116672/CPTAC/LUAD/C3L-00263-26.svs;/leonardo_work/CNHPC_2116672/CPTAC/LUAD/C3L-00263-23.svs;/leonardo_work/CNHPC_2116672/CPTAC/LUAD/C3L-00263-24.svs,True
C3L-04014,8,LSCC,/leonardo_work/CNHPC_2116672/CPTAC/LSCC/C3L-04014-26.svs;/leonardo_work/CNHPC_2116672/CPTAC/LSCC/C3L-04014-21.svs;/leonardo_work/CNHPC_2116672/CPTAC/LSCC/C3L-04014-24.svs;/leonardo_work/CNHPC_2116672/CPTAC/LSCC/C3L-04014-25.svs;/leonardo_work/CNHPC_2116672/CPTAC/LSCC/C3L-04014-23.svs;/leonardo_work/CNHPC_2116672/CPTAC/LSCC/C3L-04014-28.svs;/leonardo_work/CNHPC_2116672/CPTAC/LSCC/C3L-04014-27.svs;/leonardo_work/CNHPC_2116672/CPTAC/LSCC/C3L-04014-22.svs,True
C3L-04759,8,LUAD,/leonardo_work/CNHPC_2116672/CPTAC/LUAD/C3L-04759-28.svs;/leonardo_work/CNHPC_2116672/CPTAC/LUAD/C3L-04759-23.svs;/leonardo_work/CNHPC_2116672/CPTAC/LUAD/C3L-04759-27.svs;/leonardo_work/CNHPC_2116672/CPTAC/LUAD/C3L-04759-21.svs;/leonardo_work/CNHPC_2116672/CPTAC/LUAD/C3L-04759-22.svs;/leonardo_work/CNHPC_2116672/CPTAC/LUAD/C3L-04759-24.svs;/leonardo_work/CNHPC_2116672/CPTAC/LUAD/C3L-04759-25.svs;/leonardo_work/CNHPC_2116672/CPTAC/LUAD/C3L-04759-26.svs,True
C3N-02636,0,,,False
C3N-04180,2,LUAD,/leonardo_work/CNHPC_2116672/CPTAC/LUAD/C3N-04180-21.svs;/leonardo_work/CNHPC_2116672/CPTAC/LUAD/C3N-04180-30.svs,True
C3N-00221,8,LSCC,/leonardo_work/CNHPC_2116672/CPTAC/LSCC/C3N-00221-24.svs;/leonardo_work/CNHPC_2116672/CPTAC/LSCC/C3N-00221-27.svs;/leonardo_work/CNHPC_2116672/CPTAC/LSCC/C3N-00221-26.svs;/leonardo_work/CNHPC_2116672/CPTAC/LSCC/C3N-00221-21.svs;/leonardo_work/CNHPC_2116672/CPTAC/LSCC/C3N-00221-23.svs;/leonardo_work/CNHPC_2116672/CPTAC/LSCC/C3N-00221-25.svs;/leonardo_work/CNHPC_2116672/CPTAC/LSCC/C3N-00221-22.svs;/leonardo_work/CNHPC_2116672/CPTAC/LSCC/C3N-00221-28.svs,True
C3N-01219,0,,,False
C3N-01417,6,LUAD,/leonardo_work/CNHPC_2116672/CPTAC/LUAD/C3N-01417-23.svs;/leonardo_work/CNHPC_2116672/CPTAC/LUAD/C3N-01417-26.svs;/leonardo_work/CNHPC_2116672/CPTAC/LUAD/C3N-01417-21.svs;/leonardo_work/CNHPC_2116672/CPTAC/LUAD/C3N-01417-27.svs;/leonardo_work/CNHPC_2116672/CPTAC/LUAD/C3N-01417-24.svs;/leonardo_work/CNHPC_2116672/CPTAC/LUAD/C3N-01417-22.svs,True
C3N-03666,1,PDA,/leonardo_work/CNHPC_2116672/CPTAC/PDA/C3N-03666-21.svs,True
C3N-00383,0,,,False
C3N-03182,3,GBM,/leonardo_work/CNHPC_2116672/CPTAC/GBM/C3N-03182-21.svs;/leonardo_work/CNHPC_2116672/CPTAC/GBM/C3N-03182-23.svs;/leonardo_work/CNHPC_2116672/CPTAC/GBM/C3N-03182-22.svs,True
C3N-03765,2,LUAD,/leonardo_work/CNHPC_2116672/CPTAC/LUAD/C3N-03765-27.svs;/leonardo_work/CNHPC_2116672/CPTAC/LUAD/C3N-03765-29.svs,True
C3N-00550,6,LUAD,/leonardo_work/CNHPC_2116672/CPTAC/LUAD/C3N-00550-23.svs;/leonardo_work/CNHPC_2116672/CPTAC/LUAD/C3N-00550-21.svs;/leonardo_work/CNHPC_2116672/CPTAC/LUAD/C3N-00550-24.svs;/leonardo_work/CNHPC_2116672/CPTAC/LUAD/C3N-00550-26.svs;/leonardo_work/CNHPC_2116672/CPTAC/LUAD/C3N-00550-22.svs;/leonardo_work/CNHPC_2116672/CPTAC/LUAD/C3N-00550-27.svs,True
C3L-03508,2,dataset_20x,/leonardo_work/CNHPC_2116672/CPTAC/dataset_20x/C3L-03508-41.tiff;/leonardo_work/CNHPC_2116672/CPTAC/dataset_20x/C3L-03508-43.tiff,True
C3L-04072,2,PDA,/leonardo_work/CNHPC_2116672/CPTAC/PDA/C3L-04072-21.svs;/leonardo_work/CNHPC_2116672/CPTAC/PDA/C3L-04072-22.svs,True
C3N-02788,3,GBM,/leonardo_work/CNHPC_2116672/CPTAC/GBM/C3N-02788-21.svs;/leonardo_work/CNHPC_2116672/CPTAC/GBM/C3N-02788-23.svs;/leonardo_work/CNHPC_2116672/CPTAC/GBM/C3N-02788-22.svs,True
C3L-02357,0,,,False
C3L-06954,0,,,False
C3N-02713,4,HNSCC,/leonardo_work/CNHPC_2116672/CPTAC/HNSCC/C3N-02713-22.svs;/leonardo_work/CNHPC_2116672/CPTAC/HNSCC/C3N-02713-23.svs;/leonardo_work/CNHPC_2116672/CPTAC/HNSCC/C3N-02713-21.svs;/leonardo_work/CNHPC_2116672/CPTAC/HNSCC/C3N-02713-26.svs,True
C3N-02789,0,,,False
C3N-01074,6,LUAD,/leonardo_work/CNHPC_2116672/CPTAC/LUAD/C3N-01074-24.svs;/leonardo_work/CNHPC_2116672/CPTAC/LUAD/C3N-01074-22.svs;/leonardo_work/CNHPC_2116672/CPTAC/LUAD/C3N-01074-26.svs;/leonardo_work/CNHPC_2116672/CPTAC/LUAD/C3N-01074-21.svs;/leonardo_work/CNHPC_2116672/CPTAC/LUAD/C3N-01074-27.svs;/leonardo_work/CNHPC_2116672/CPTAC/LUAD/C3N-01074-23.svs,True
C3L-06803,0,,,False
C3N-02945,5,CCRCC,/leonardo_work/CNHPC_2116672/CPTAC/CCRCC/C3N-02945-26.svs;/leonardo_work/CNHPC_2116672/CPTAC/CCRCC/C3N-02945-23.svs;/leonardo_work/CNHPC_2116672/CPTAC/CCRCC/C3N-02945-22.svs;/leonardo_work/CNHPC_2116672/CPTAC/CCRCC/C3N-02945-21.svs;/leonardo_work/CNHPC_2116672/CPTAC/CCRCC/C3N-02945-27.svs,True
C3N-04693,1,GBM,/leonardo_work/CNHPC_2116672/CPTAC/GBM/C3N-04693-21.svs,True
C3N-03025,1,GBM,/leonardo_work/CNHPC_2116672/CPTAC/GBM/C3N-03025-21.svs,True
C3N-04126,3,PDA,/leonardo_work/CNHPC_2116672/CPTAC/PDA/C3N-04126-21.svs;/leonardo_work/CNHPC_2116672/CPTAC/PDA/C3N-04126-23.svs;/leonardo_work/CNHPC_2116672/CPTAC/PDA/C3N-04126-22.svs,True
C3L-08152,0,,,False
C3N-03430,1,PDA,/leonardo_work/CNHPC_2116672/CPTAC/PDA/C3N-03430-22.svs,True
C3L-00947,0,,,False
C3L-07144,0,,,False
C3L-00004,2,CCRCC,/leonardo_work/CNHPC_2116672/CPTAC/CCRCC/C3L-00004-21.svs;/leonardo_work/CNHPC_2116672/CPTAC/CCRCC/C3L-00004-26.svs,True
C3L-07982,0,,,False
C3L-06357,1,dataset_20x,/leonardo_work/CNHPC_2116672/CPTAC/dataset_20x/C3L-06357-41.tiff,True
C3L-02557,0,,,False
C3N-03061,3,PDA,/leonardo_work/CNHPC_2116672/CPTAC/PDA/C3N-03061-21.svs;/leonardo_work/CNHPC_2116672/CPTAC/PDA/C3N-03061-22.svs;/leonardo_work/CNHPC_2116672/CPTAC/PDA/C3N-03061-23.svs,True
C3L-02707,5,GBM,/leonardo_work/CNHPC_2116672/CPTAC/GBM/C3L-02707-22.svs;/leonardo_work/CNHPC_2116672/CPTAC/GBM/C3L-02707-21.svs;/leonardo_work/CNHPC_2116672/CPTAC/GBM/C3L-02707-25.svs;/leonardo_work/CNHPC_2116672/CPTAC/GBM/C3L-02707-24.svs;/leonardo_work/CNHPC_2116672/CPTAC/GBM/C3L-02707-23.svs,True
C3L-04242,1,dataset_20x,/leonardo_work/CNHPC_2116672/CPTAC/dataset_20x/C3L-04242-42.tiff,True
C3L-00799,2,CCRCC,/leonardo_work/CNHPC_2116672/CPTAC/CCRCC/C3L-00799-22.svs;/leonardo_work/CNHPC_2116672/CPTAC/CCRCC/C3L-00799-21.svs,True
C3N-01405,6,LUAD,/leonardo_work/CNHPC_2116672/CPTAC/LUAD/C3N-01405-23.svs;/leonardo_work/CNHPC_2116672/CPTAC/LUAD/C3N-01405-27.svs;/leonardo_work/CNHPC_2116672/CPTAC/LUAD/C3N-01405-22.svs;/leonardo_work/CNHPC_2116672/CPTAC/LUAD/C3N-01405-26.svs;/leonardo_work/CNHPC_2116672/CPTAC/LUAD/C3N-01405-21.svs;/leonardo_work/CNHPC_2116672/CPTAC/LUAD/C3N-01405-24.svs,True
C3L-01861,4,CCRCC,/leonardo_work/CNHPC_2116672/CPTAC/CCRCC/C3L-01861-21.svs;/leonardo_work/CNHPC_2116672/CPTAC/CCRCC/C3L-01861-22.svs;/leonardo_work/CNHPC_2116672/CPTAC/CCRCC/C3L-01861-26.svs;/leonardo_work/CNHPC_2116672/CPTAC/CCRCC/C3L-01861-23.svs,True
C3L-02708,4,GBM,/leonardo_work/CNHPC_2116672/CPTAC/GBM/C3L-02708-24.svs;/leonardo_work/CNHPC_2116672/CPTAC/GBM/C3L-02708-22.svs;/leonardo_work/CNHPC_2116672/CPTAC/GBM/C3L-02708-21.svs;/leonardo_work/CNHPC_2116672/CPTAC/GBM/C3L-02708-23.svs,True
C3L-01064,0,,,False
C3L-00780,0,,,False
C3N-03486,4,LSCC,/leonardo_work/CNHPC_2116672/CPTAC/LSCC/C3N-03486-26.svs;/leonardo_work/CNHPC_2116672/CPTAC/LSCC/C3N-03486-21.svs;/leonardo_work/CNHPC_2116672/CPTAC/LSCC/C3N-03486-22.svs;/leonardo_work/CNHPC_2116672/CPTAC/LSCC/C3N-03486-23.svs,True
C3L-09204,0,,,False
C3N-00155,0,,,False
C3N-02027,0,,,False
C3L-10231,0,,,False
C3L-02468,0,,,False
C3L-03496,1,dataset_20x,/leonardo_work/CNHPC_2116672/CPTAC/dataset_20x/C3L-03496-42.tiff,True
C3N-02338,4,CCRCC,/leonardo_work/CNHPC_2116672/CPTAC/CCRCC/C3N-02338-26.svs;/leonardo_work/CNHPC_2116672/CPTAC/CCRCC/C3N-02338-22.svs;/leonardo_work/CNHPC_2116672/CPTAC/CCRCC/C3N-02338-23.svs;/leonardo_work/CNHPC_2116672/CPTAC/CCRCC/C3N-02338-21.svs,True
C3L-05816,2,dataset_20x,/leonardo_work/CNHPC_2116672/CPTAC/dataset_20x/C3L-05816-41.tiff;/leonardo_work/CNHPC_2116672/CPTAC/dataset_20x/C3L-05816-42.tiff,True
C3L-07963,0,,,False
C3L-01889,2,LUAD,/leonardo_work/CNHPC_2116672/CPTAC/LUAD/C3L-01889-21.svs;/leonardo_work/CNHPC_2116672/CPTAC/LUAD/C3L-01889-26.svs,True
C3N-02637,0,,,False
C3N-03417,0,,,False
C3N-02675,2,LSCC,/leonardo_work/CNHPC_2116672/CPTAC/LSCC/C3N-02675-27.svs;/leonardo_work/CNHPC_2116672/CPTAC/LSCC/C3N-02675-24.svs,True
C3L-02899,3,PDA,/leonardo_work/CNHPC_2116672/CPTAC/PDA/C3L-02899-22.svs;/leonardo_work/CNHPC_2116672/CPTAC/PDA/C3L-02899-26.svs;/leonardo_work/CNHPC_2116672/CPTAC/PDA/C3L-02899-21.svs,True
C3L-04236,2,dataset_20x,/leonardo_work/CNHPC_2116672/CPTAC/dataset_20x/C3L-04236-42.tiff;/leonardo_work/CNHPC_2116672/CPTAC/dataset_20x/C3L-04236-41.tiff,True
C3L-00156,0,,,False
C3L-02408,0,,,False
C3N-03849,3,HNSCC,/leonardo_work/CNHPC_2116672/CPTAC/HNSCC/C3N-03849-21.svs;/leonardo_work/CNHPC_2116672/CPTAC/HNSCC/C3N-03849-23.svs;/leonardo_work/CNHPC_2116672/CPTAC/HNSCC/C3N-03849-22.svs,True
C3L-09390,0,,,False
C3L-04270,2,dataset_20x,/leonardo_work/CNHPC_2116672/CPTAC/dataset_20x/C3L-04270-41.tiff;/leonardo_work/CNHPC_2116672/CPTAC/dataset_20x/C3L-04270-42.tiff,True
C3L-06543,0,,,False
C3L-06922,0,,,False
C3L-00448,2,CCRCC,/leonardo_work/CNHPC_2116672/CPTAC/CCRCC/C3L-00448-26.svs;/leonardo_work/CNHPC_2116672/CPTAC/CCRCC/C3L-00448-21.svs,True
C3N-00847,0,,,False
C3L-03635,3,PDA,/leonardo_work/CNHPC_2116672/CPTAC/PDA/C3L-03635-22.svs;/leonardo_work/CNHPC_2116672/CPTAC/PDA/C3L-03635-21.svs;/leonardo_work/CNHPC_2116672/CPTAC/PDA/C3L-03635-23.svs,True
C3N-03074,3,LUAD,/leonardo_work/CNHPC_2116672/CPTAC/LUAD/C3N-03074-22.svs;/leonardo_work/CNHPC_2116672/CPTAC/LUAD/C3N-03074-21.svs;/leonardo_work/CNHPC_2116672/CPTAC/LUAD/C3N-03074-23.svs,True
C3L-00359,4,CCRCC,/leonardo_work/CNHPC_2116672/CPTAC/CCRCC/C3L-00359-23.svs;/leonardo_work/CNHPC_2116672/CPTAC/CCRCC/C3L-00359-21.svs;/leonardo_work/CNHPC_2116672/CPTAC/CCRCC/C3L-00359-22.svs;/leonardo_work/CNHPC_2116672/CPTAC/CCRCC/C3L-00359-26.svs,True
C3L-02969,3,LSCC,/leonardo_work/CNHPC_2116672/CPTAC/LSCC/C3L-02969-22.svs;/leonardo_work/CNHPC_2116672/CPTAC/LSCC/C3L-02969-26.svs;/leonardo_work/CNHPC_2116672/CPTAC/LSCC/C3L-02969-21.svs,True
C3N-04283,2,PDA,/leonardo_work/CNHPC_2116672/CPTAC/PDA/C3N-04283-23.svs;/leonardo_work/CNHPC_2116672/CPTAC/PDA/C3N-04283-24.svs,True
C3N-01842,4,LUAD,/leonardo_work/CNHPC_2116672/CPTAC/LUAD/C3N-01842-23.svs;/leonardo_work/CNHPC_2116672/CPTAC/LUAD/C3N-01842-22.svs;/leonardo_work/CNHPC_2116672/CPTAC/LUAD/C3N-01842-26.svs;/leonardo_work/CNHPC_2116672/CPTAC/LUAD/C3N-01842-21.svs,True
C3L-04763,1,dataset_20x,/leonardo_work/CNHPC_2116672/CPTAC/dataset_20x/C3L-04763-43.tiff,True
C3L-05329,0,,,False
C3N-02971,3,PDA,/leonardo_work/CNHPC_2116672/CPTAC/PDA/C3N-02971-23.svs;/leonardo_work/CNHPC_2116672/CPTAC/PDA/C3N-02971-21.svs;/leonardo_work/CNHPC_2116672/CPTAC/PDA/C3N-02971-22.svs,True
C3N-02916,6,LUAD,/leonardo_work/CNHPC_2116672/CPTAC/LUAD/C3N-02916-24.svs;/leonardo_work/CNHPC_2116672/CPTAC/LUAD/C3N-02916-26.svs;/leonardo_work/CNHPC_2116672/CPTAC/LUAD/C3N-02916-23.svs;/leonardo_work/CNHPC_2116672/CPTAC/LUAD/C3N-02916-21.svs;/leonardo_work/CNHPC_2116672/CPTAC/LUAD/C3N-02916-27.svs;/leonardo_work/CNHPC_2116672/CPTAC/LUAD/C3N-02916-22.svs,True
C3L-00157,0,,,False
C3L-00360,3,CCRCC,/leonardo_work/CNHPC_2116672/CPTAC/CCRCC/C3L-00360-21.svs;/leonardo_work/CNHPC_2116672/CPTAC/CCRCC/C3L-00360-22.svs;/leonardo_work/CNHPC_2116672/CPTAC/CCRCC/C3L-00360-26.svs,True
C3N-03781,2,HNSCC,/leonardo_work/CNHPC_2116672/CPTAC/HNSCC/C3N-03781-24.svs;/leonardo_work/CNHPC_2116672/CPTAC/HNSCC/C3N-03781-21.svs,True
C3L-01884,4,LSCC,/leonardo_work/CNHPC_2116672/CPTAC/LSCC/C3L-01884-26.svs;/leonardo_work/CNHPC_2116672/CPTAC/LSCC/C3L-01884-23.svs;/leonardo_work/CNHPC_2116672/CPTAC/LSCC/C3L-01884-21.svs;/leonardo_work/CNHPC_2116672/CPTAC/LSCC/C3L-01884-22.svs,True
C3N-03756,2,GBM,/leonardo_work/CNHPC_2116672/CPTAC/GBM/C3N-03756-22.svs;/leonardo_work/CNHPC_2116672/CPTAC/GBM/C3N-03756-21.svs,True
C3N-03210,3,LUAD,/leonardo_work/CNHPC_2116672/CPTAC/LUAD/C3N-03210-22.svs;/leonardo_work/CNHPC_2116672/CPTAC/LUAD/C3N-03210-23.svs;/leonardo_work/CNHPC_2116672/CPTAC/LUAD/C3N-03210-21.svs,True
C3L-00963,0,,,False
C3L-02616,8,LUAD,/leonardo_work/CNHPC_2116672/CPTAC/LUAD/C3L-02616-23.svs;/leonardo_work/CNHPC_2116672/CPTAC/LUAD/C3L-02616-27.svs;/leonardo_work/CNHPC_2116672/CPTAC/LUAD/C3L-02616-22.svs;/leonardo_work/CNHPC_2116672/CPTAC/LUAD/C3L-02616-21.svs;/leonardo_work/CNHPC_2116672/CPTAC/LUAD/C3L-02616-28.svs;/leonardo_work/CNHPC_2116672/CPTAC/LUAD/C3L-02616-25.svs;/leonardo_work/CNHPC_2116672/CPTAC/LUAD/C3L-02616-26.svs;/leonardo_work/CNHPC_2116672/CPTAC/LUAD/C3L-02616-24.svs,True
C3N-00167,6,LUAD,/leonardo_work/CNHPC_2116672/CPTAC/LUAD/C3N-00167-24.svs;/leonardo_work/CNHPC_2116672/CPTAC/LUAD/C3N-00167-26.svs;/leonardo_work/CNHPC_2116672/CPTAC/LUAD/C3N-00167-21.svs;/leonardo_work/CNHPC_2116672/CPTAC/LUAD/C3N-00167-27.svs;/leonardo_work/CNHPC_2116672/CPTAC/LUAD/C3N-00167-23.svs;/leonardo_work/CNHPC_2116672/CPTAC/LUAD/C3N-00167-22.svs,True
C3L-04090,4,GBM,/leonardo_work/CNHPC_2116672/CPTAC/GBM/C3L-04090-24.svs;/leonardo_work/CNHPC_2116672/CPTAC/GBM/C3L-04090-21.svs;/leonardo_work/CNHPC_2116672/CPTAC/GBM/C3L-04090-23.svs;/leonardo_work/CNHPC_2116672/CPTAC/GBM/C3L-04090-22.svs,True
C3N-00689,0,,,False
C3L-06960,0,,,False
C3N-01083,6,CCRCC,/leonardo_work/CNHPC_2116672/CPTAC/CCRCC/C3N-01083-26.svs;/leonardo_work/CNHPC_2116672/CPTAC/CCRCC/C3N-01083-24.svs;/leonardo_work/CNHPC_2116672/CPTAC/CCRCC/C3N-01083-22.svs;/leonardo_work/CNHPC_2116672/CPTAC/CCRCC/C3N-01083-21.svs;/leonardo_work/CNHPC_2116672/CPTAC/CCRCC/C3N-01083-27.svs;/leonardo_work/CNHPC_2116672/CPTAC/CCRCC/C3N-01083-23.svs,True
C3N-02429,3,CCRCC,/leonardo_work/CNHPC_2116672/CPTAC/CCRCC/C3N-02429-21.svs;/leonardo_work/CNHPC_2116672/CPTAC/CCRCC/C3N-02429-22.svs;/leonardo_work/CNHPC_2116672/CPTAC/CCRCC/C3N-02429-23.svs,True
C3N-02143,6,LUAD,/leonardo_work/CNHPC_2116672/CPTAC/LUAD/C3N-02143-26.svs;/leonardo_work/CNHPC_2116672/CPTAC/LUAD/C3N-02143-24.svs;/leonardo_work/CNHPC_2116672/CPTAC/LUAD/C3N-02143-22.svs;/leonardo_work/CNHPC_2116672/CPTAC/LUAD/C3N-02143-21.svs;/leonardo_work/CNHPC_2116672/CPTAC/LUAD/C3N-02143-23.svs;/leonardo_work/CNHPC_2116672/CPTAC/LUAD/C3N-02143-27.svs,True
C3L-01102,3,CCRCC,/leonardo_work/CNHPC_2116672/CPTAC/CCRCC/C3L-01102-21.svs;/leonardo_work/CNHPC_2116672/CPTAC/CCRCC/C3L-01102-23.svs;/leonardo_work/CNHPC_2116672/CPTAC/CCRCC/C3L-01102-26.svs,True
C3L-00813,2,CCRCC,/leonardo_work/CNHPC_2116672/CPTAC/CCRCC/C3L-00813-21.svs;/leonardo_work/CNHPC_2116672/CPTAC/CCRCC/C3L-00813-22.svs,True
C3N-00959,5,LUAD,/leonardo_work/CNHPC_2116672/CPTAC/LUAD/C3N-00959-23.svs;/leonardo_work/CNHPC_2116672/CPTAC/LUAD/C3N-00959-27.svs;/leonardo_work/CNHPC_2116672/CPTAC/LUAD/C3N-00959-21.svs;/leonardo_work/CNHPC_2116672/CPTAC/LUAD/C3N-00959-26.svs;/leonardo_work/CNHPC_2116672/CPTAC/LUAD/C3N-00959-22.svs,True
C3L-01142,2,GBM,/leonardo_work/CNHPC_2116672/CPTAC/GBM/C3L-01142-21.svs;/leonardo_work/CNHPC_2116672/CPTAC/GBM/C3L-01142-22.svs,True
C3L-06070,1,dataset_20x,/leonardo_work/CNHPC_2116672/CPTAC/dataset_20x/C3L-06070-43.tiff,True
C3L-08992,0,,,False
C3L-00008,0,,,False
C3N-00580,6,LUAD,/leonardo_work/CNHPC_2116672/CPTAC/LUAD/C3N-00580-22.svs;/leonardo_work/CNHPC_2116672/CPTAC/LUAD/C3N-00580-27.svs;/leonardo_work/CNHPC_2116672/CPTAC/LUAD/C3N-00580-26.svs;/leonardo_work/CNHPC_2116672/CPTAC/LUAD/C3N-00580-24.svs;/leonardo_work/CNHPC_2116672/CPTAC/LUAD/C3N-00580-21.svs;/leonardo_work/CNHPC_2116672/CPTAC/LUAD/C3N-00580-23.svs,True
C3L-04033,8,LUAD,/leonardo_work/CNHPC_2116672/CPTAC/LUAD/C3L-04033-27.svs;/leonardo_work/CNHPC_2116672/CPTAC/LUAD/C3L-04033-28.svs;/leonardo_work/CNHPC_2116672/CPTAC/LUAD/C3L-04033-24.svs;/leonardo_work/CNHPC_2116672/CPTAC/LUAD/C3L-04033-21.svs;/leonardo_work/CNHPC_2116672/CPTAC/LUAD/C3L-04033-26.svs;/leonardo_work/CNHPC_2116672/CPTAC/LUAD/C3L-04033-25.svs;/leonardo_work/CNHPC_2116672/CPTAC/LUAD/C3L-04033-22.svs;/leonardo_work/CNHPC_2116672/CPTAC/LUAD/C3L-04033-23.svs,True
C3L-06542,0,,,False
C3N-02758,3,LUAD,/leonardo_work/CNHPC_2116672/CPTAC/LUAD/C3N-02758-23.svs;/leonardo_work/CNHPC_2116672/CPTAC/LUAD/C3N-02758-22.svs;/leonardo_work/CNHPC_2116672/CPTAC/LUAD/C3N-02758-21.svs,True
C3L-00607,2,CCRCC,/leonardo_work/CNHPC_2116672/CPTAC/CCRCC/C3L-00607-22.svs;/leonardo_work/CNHPC_2116672/CPTAC/CCRCC/C3L-00607-21.svs,True
C3L-03491,1,dataset_20x,/leonardo_work/CNHPC_2116672/CPTAC/dataset_20x/C3L-03491-43.tiff,True
C3L-03271,6,LUAD,/leonardo_work/CNHPC_2116672/CPTAC/LUAD/C3L-03271-25.svs;/leonardo_work/CNHPC_2116672/CPTAC/LUAD/C3L-03271-21.svs;/leonardo_work/CNHPC_2116672/CPTAC/LUAD/C3L-03271-26.svs;/leonardo_work/CNHPC_2116672/CPTAC/LUAD/C3L-03271-23.svs;/leonardo_work/CNHPC_2116672/CPTAC/LUAD/C3L-03271-22.svs;/leonardo_work/CNHPC_2116672/CPTAC/LUAD/C3L-03271-24.svs,True
C3L-09973,0,,,False
C3L-01037,3,PDA,/leonardo_work/CNHPC_2116672/CPTAC/PDA/C3L-01037-21.svs;/leonardo_work/CNHPC_2116672/CPTAC/PDA/C3L-01037-25.svs;/leonardo_work/CNHPC_2116672/CPTAC/PDA/C3L-01037-23.svs,True
C3L-03463,2,LUAD,/leonardo_work/CNHPC_2116672/CPTAC/LUAD/C3L-03463-26.svs;/leonardo_work/CNHPC_2116672/CPTAC/LUAD/C3L-03463-27.svs,True
C3L-08635,0,,,False
C3L-03721,2,LUAD,/leonardo_work/CNHPC_2116672/CPTAC/LUAD/C3L-03721-22.svs;/leonardo_work/CNHPC_2116672/CPTAC/LUAD/C3L-03721-21.svs,True
C3N-02160,6,CCRCC,/leonardo_work/CNHPC_2116672/CPTAC/CCRCC/C3N-02160-23.svs;/leonardo_work/CNHPC_2116672/CPTAC/CCRCC/C3N-02160-21.svs;/leonardo_work/CNHPC_2116672/CPTAC/CCRCC/C3N-02160-26.svs;/leonardo_work/CNHPC_2116672/CPTAC/CCRCC/C3N-02160-24.svs;/leonardo_work/CNHPC_2116672/CPTAC/CCRCC/C3N-02160-27.svs;/leonardo_work/CNHPC_2116672/CPTAC/CCRCC/C3N-02160-22.svs,True
C3N-05039,0,,,False
C3N-02588,3,LUAD,/leonardo_work/CNHPC_2116672/CPTAC/LUAD/C3N-02588-21.svs;/leonardo_work/CNHPC_2116672/CPTAC/LUAD/C3N-02588-22.svs;/leonardo_work/CNHPC_2116672/CPTAC/LUAD/C3N-02588-23.svs,True
C3N-00832,1,CCRCC,/leonardo_work/CNHPC_2116672/CPTAC/CCRCC/C3N-00832-21.svs,True
C3L-03497,1,dataset_20x,/leonardo_work/CNHPC_2116672/CPTAC/dataset_20x/C3L-03497-43.tiff,True
C3L-00932,0,,,False
C3L-01890,2,LUAD,/leonardo_work/CNHPC_2116672/CPTAC/LUAD/C3L-01890-26.svs;/leonardo_work/CNHPC_2116672/CPTAC/LUAD/C3L-01890-22.svs,True
C3L-01107,3,CCRCC,/leonardo_work/CNHPC_2116672/CPTAC/CCRCC/C3L-01107-21.svs;/leonardo_work/CNHPC_2116672/CPTAC/CCRCC/C3L-01107-27.svs;/leonardo_work/CNHPC_2116672/CPTAC/CCRCC/C3L-01107-22.svs,True
C3L-00610,2,CCRCC,/leonardo_work/CNHPC_2116672/CPTAC/CCRCC/C3L-00610-21.svs;/leonardo_work/CNHPC_2116672/CPTAC/CCRCC/C3L-00610-22.svs,True
C3N-00491,5,CCRCC,/leonardo_work/CNHPC_2116672/CPTAC/CCRCC/C3N-00491-22.svs;/leonardo_work/CNHPC_2116672/CPTAC/CCRCC/C3N-00491-25.svs;/leonardo_work/CNHPC_2116672/CPTAC/CCRCC/C3N-00491-21.svs;/leonardo_work/CNHPC_2116672/CPTAC/CCRCC/C3N-00491-23.svs;/leonardo_work/CNHPC_2116672/CPTAC/CCRCC/C3N-00491-24.svs,True
C3L-06937,0,,,False
C3L-02650,8,LSCC,/leonardo_work/CNHPC_2116672/CPTAC/LSCC/C3L-02650-26.svs;/leonardo_work/CNHPC_2116672/CPTAC/LSCC/C3L-02650-25.svs;/leonardo_work/CNHPC_2116672/CPTAC/LSCC/C3L-02650-23.svs;/leonardo_work/CNHPC_2116672/CPTAC/LSCC/C3L-02650-24.svs;/leonardo_work/CNHPC_2116672/CPTAC/LSCC/C3L-02650-29.svs;/leonardo_work/CNHPC_2116672/CPTAC/LSCC/C3L-02650-30.svs;/leonardo_work/CNHPC_2116672/CPTAC/LSCC/C3L-02650-22.svs;/leonardo_work/CNHPC_2116672/CPTAC/LSCC/C3L-02650-28.svs,True
C3N-02579,3,PDA,/leonardo_work/CNHPC_2116672/CPTAC/PDA/C3N-02579-22.svs;/leonardo_work/CNHPC_2116672/CPTAC/PDA/C3N-02579-21.svs;/leonardo_work/CNHPC_2116672/CPTAC/PDA/C3N-02579-23.svs,True
C3N-01876,0,,,False
C3L-06374,0,,,False
C3N-01016,6,LUAD,/leonardo_work/CNHPC_2116672/CPTAC/LUAD/C3N-01016-27.svs;/leonardo_work/CNHPC_2116672/CPTAC/LUAD/C3N-01016-21.svs;/leonardo_work/CNHPC_2116672/CPTAC/LUAD/C3N-01016-22.svs;/leonardo_work/CNHPC_2116672/CPTAC/LUAD/C3N-01016-24.svs;/leonardo_work/CNHPC_2116672/CPTAC/LUAD/C3N-01016-26.svs;/leonardo_work/CNHPC_2116672/CPTAC/LUAD/C3N-01016-23.svs,True
C3L-04848,4,PDA,/leonardo_work/CNHPC_2116672/CPTAC/PDA/C3L-04848-21.svs;/leonardo_work/CNHPC_2116672/CPTAC/PDA/C3L-04848-23.svs;/leonardo_work/CNHPC_2116672/CPTAC/PDA/C3L-04848-22.svs;/leonardo_work/CNHPC_2116672/CPTAC/PDA/C3L-04848-24.svs,True
11LU022,0,,,False
C3N-02425,3,LSCC,/leonardo_work/CNHPC_2116672/CPTAC/LSCC/C3N-02425-22.svs;/leonardo_work/CNHPC_2116672/CPTAC/LSCC/C3N-02425-23.svs;/leonardo_work/CNHPC_2116672/CPTAC/LSCC/C3N-02425-21.svs,True
C3N-00203,6,LUAD,/leonardo_work/CNHPC_2116672/CPTAC/LUAD/C3N-00203-23.svs;/leonardo_work/CNHPC_2116672/CPTAC/LUAD/C3N-00203-26.svs;/leonardo_work/CNHPC_2116672/CPTAC/LUAD/C3N-00203-22.svs;/leonardo_work/CNHPC_2116672/CPTAC/LUAD/C3N-00203-27.svs;/leonardo_work/CNHPC_2116672/CPTAC/LUAD/C3N-00203-21.svs;/leonardo_work/CNHPC_2116672/CPTAC/LUAD/C3N-00203-24.svs,True
C3L-01681,4,CCRCC,/leonardo_work/CNHPC_2116672/CPTAC/CCRCC/C3L-01681-27.svs;/leonardo_work/CNHPC_2116672/CPTAC/CCRCC/C3L-01681-28.svs;/leonardo_work/CNHPC_2116672/CPTAC/CCRCC/C3L-01681-26.svs;/leonardo_work/CNHPC_2116672/CPTAC/CCRCC/C3L-01681-29.svs,True
C3L-02963,4,LSCC,/leonardo_work/CNHPC_2116672/CPTAC/LSCC/C3L-02963-21.svs;/leonardo_work/CNHPC_2116672/CPTAC/LSCC/C3L-02963-26.svs;/leonardo_work/CNHPC_2116672/CPTAC/LSCC/C3L-02963-22.svs;/leonardo_work/CNHPC_2116672/CPTAC/LSCC/C3L-02963-23.svs,True
C3L-04085,0,,,False
C3L-07534,0,,,False
C3L-02125,0,,,False
C3N-03238,4,LUAD,/leonardo_work/CNHPC_2116672/CPTAC/LUAD/C3N-03238-23.svs;/leonardo_work/CNHPC_2116672/CPTAC/LUAD/C3N-03238-22.svs;/leonardo_work/CNHPC_2116672/CPTAC/LUAD/C3N-03238-26.svs;/leonardo_work/CNHPC_2116672/CPTAC/LUAD/C3N-03238-21.svs,True
C3N-03480,3,GBM,/leonardo_work/CNHPC_2116672/CPTAC/GBM/C3N-03480-23.svs;/leonardo_work/CNHPC_2116672/CPTAC/GBM/C3N-03480-21.svs;/leonardo_work/CNHPC_2116672/CPTAC/GBM/C3N-03480-22.svs,True
C3L-06807,0,,,False
C3N-00492,5,CCRCC,/leonardo_work/CNHPC_2116672/CPTAC/CCRCC/C3N-00492-23.svs;/leonardo_work/CNHPC_2116672/CPTAC/CCRCC/C3N-00492-21.svs;/leonardo_work/CNHPC_2116672/CPTAC/CCRCC/C3N-00492-25.svs;/leonardo_work/CNHPC_2116672/CPTAC/CCRCC/C3N-00492-24.svs;/leonardo_work/CNHPC_2116672/CPTAC/CCRCC/C3N-00492-22.svs,True
C3N-01943,3,HNSCC,/leonardo_work/CNHPC_2116672/CPTAC/HNSCC/C3N-01943-23.svs;/leonardo_work/CNHPC_2116672/CPTAC/HNSCC/C3N-01943-26.svs;/leonardo_work/CNHPC_2116672/CPTAC/HNSCC/C3N-01943-22.svs,True
C3L-02654,8,LUAD,/leonardo_work/CNHPC_2116672/CPTAC/LUAD/C3L-02654-26.svs;/leonardo_work/CNHPC_2116672/CPTAC/LUAD/C3L-02654-28.svs;/leonardo_work/CNHPC_2116672/CPTAC/LUAD/C3L-02654-23.svs;/leonardo_work/CNHPC_2116672/CPTAC/LUAD/C3L-02654-24.svs;/leonardo_work/CNHPC_2116672/CPTAC/LUAD/C3L-02654-27.svs;/leonardo_work/CNHPC_2116672/CPTAC/LUAD/C3L-02654-22.svs;/leonardo_work/CNHPC_2116672/CPTAC/LUAD/C3L-02654-25.svs;/leonardo_work/CNHPC_2116672/CPTAC/LUAD/C3L-02654-21.svs,True
C3L-01138,2,HNSCC,/leonardo_work/CNHPC_2116672/CPTAC/HNSCC/C3L-01138-21.svs;/leonardo_work/CNHPC_2116672/CPTAC/HNSCC/C3L-01138-26.svs,True
C3N-01651,3,CCRCC,/leonardo_work/CNHPC_2116672/CPTAC/CCRCC/C3N-01651-21.svs;/leonardo_work/CNHPC_2116672/CPTAC/CCRCC/C3N-01651-25.svs;/leonardo_work/CNHPC_2116672/CPTAC/CCRCC/C3N-01651-30.svs,True
C3L-06231,0,,,False
C3N-01072,6,LUAD,/leonardo_work/CNHPC_2116672/CPTAC/LUAD/C3N-01072-24.svs;/leonardo_work/CNHPC_2116672/CPTAC/LUAD/C3N-01072-26.svs;/leonardo_work/CNHPC_2116672/CPTAC/LUAD/C3N-01072-22.svs;/leonardo_work/CNHPC_2116672/CPTAC/LUAD/C3N-01072-21.svs;/leonardo_work/CNHPC_2116672/CPTAC/LUAD/C3N-01072-23.svs;/leonardo_work/CNHPC_2116672/CPTAC/LUAD/C3N-01072-27.svs,True
C3L-07552,0,,,False
C3N-02768,3,PDA,/leonardo_work/CNHPC_2116672/CPTAC/PDA/C3N-02768-21.svs;/leonardo_work/CNHPC_2116672/CPTAC/PDA/C3N-02768-22.svs;/leonardo_work/CNHPC_2116672/CPTAC/PDA/C3N-02768-23.svs,True
C3N-00337,0,,,False
C3N-03911,4,LUAD,/leonardo_work/CNHPC_2116672/CPTAC/LUAD/C3N-03911-23.svs;/leonardo_work/CNHPC_2116672/CPTAC/LUAD/C3N-03911-21.svs;/leonardo_work/CNHPC_2116672/CPTAC/LUAD/C3N-03911-22.svs;/leonardo_work/CNHPC_2116672/CPTAC/LUAD/C3N-03911-26.svs,True
C3L-04250,1,dataset_20x,/leonardo_work/CNHPC_2116672/CPTAC/dataset_20x/C3L-04250-41.tiff,True
C3N-02592,3,PDA,/leonardo_work/CNHPC_2116672/CPTAC/PDA/C3N-02592-21.svs;/leonardo_work/CNHPC_2116672/CPTAC/PDA/C3N-02592-22.svs;/leonardo_work/CNHPC_2116672/CPTAC/PDA/C3N-02592-25.svs,True
C3L-01281,4,CCRCC,/leonardo_work/CNHPC_2116672/CPTAC/CCRCC/C3L-01281-21.svs;/leonardo_work/CNHPC_2116672/CPTAC/CCRCC/C3L-01281-26.svs;/leonardo_work/CNHPC_2116672/CPTAC/CCRCC/C3L-01281-23.svs;/leonardo_work/CNHPC_2116672/CPTAC/CCRCC/C3L-01281-22.svs,True
C3L-09985,0,,,False
C3N-01874,0,,,False
C3N-00323,0,,,False
C3N-01802,0,,,False
C3N-04275,2,HNSCC,/leonardo_work/CNHPC_2116672/CPTAC/HNSCC/C3N-04275-25.svs;/leonardo_work/CNHPC_2116672/CPTAC/HNSCC/C3N-04275-24.svs,True
C3N-01079,0,,,False
C3L-09966,0,,,False
C3N-04312,3,GBM,/leonardo_work/CNHPC_2116672/CPTAC/GBM/C3N-04312-21.svs;/leonardo_work/CNHPC_2116672/CPTAC/GBM/C3N-04312-22.svs;/leonardo_work/CNHPC_2116672/CPTAC/GBM/C3N-04312-23.svs,True
C3L-02961,2,LUAD,/leonardo_work/CNHPC_2116672/CPTAC/LUAD/C3L-02961-26.svs;/leonardo_work/CNHPC_2116672/CPTAC/LUAD/C3L-02961-21.svs,True
C3N-00335,0,,,False
C3N-03019,2,CCRCC,/leonardo_work/CNHPC_2116672/CPTAC/CCRCC/C3N-03019-22.svs;/leonardo_work/CNHPC_2116672/CPTAC/CCRCC/C3N-03019-25.svs,True
C3L-00026,2,CCRCC,/leonardo_work/CNHPC_2116672/CPTAC/CCRCC/C3L-00026-21.svs;/leonardo_work/CNHPC_2116672/CPTAC/CCRCC/C3L-00026-26.svs,True
C3N-02948,5,LUAD,/leonardo_work/CNHPC_2116672/CPTAC/LUAD/C3N-02948-22.svs;/leonardo_work/CNHPC_2116672/CPTAC/LUAD/C3N-02948-26.svs;/leonardo_work/CNHPC_2116672/CPTAC/LUAD/C3N-02948-21.svs;/leonardo_work/CNHPC_2116672/CPTAC/LUAD/C3N-02948-23.svs;/leonardo_work/CNHPC_2116672/CPTAC/LUAD/C3N-02948-27.svs,True
C3L-04231,2,dataset_20x,/leonardo_work/CNHPC_2116672/CPTAC/dataset_20x/C3L-04231-41.tiff;/leonardo_work/CNHPC_2116672/CPTAC/dataset_20x/C3L-04231-42.tiff,True
C3N-00578,6,LUAD,/leonardo_work/CNHPC_2116672/CPTAC/LUAD/C3N-00578-26.svs;/leonardo_work/CNHPC_2116672/CPTAC/LUAD/C3N-00578-27.svs;/leonardo_work/CNHPC_2116672/CPTAC/LUAD/C3N-00578-23.svs;/leonardo_work/CNHPC_2116672/CPTAC/LUAD/C3N-00578-21.svs;/leonardo_work/CNHPC_2116672/CPTAC/LUAD/C3N-00578-22.svs;/leonardo_work/CNHPC_2116672/CPTAC/LUAD/C3N-00578-24.svs,True
C3L-02744,0,,,False
C3N-01719,3,PDA,/leonardo_work/CNHPC_2116672/CPTAC/PDA/C3N-01719-21.svs;/leonardo_work/CNHPC_2116672/CPTAC/PDA/C3N-01719-22.svs;/leonardo_work/CNHPC_2116672/CPTAC/PDA/C3N-01719-24.svs,True
C3N-03088,2,GBM,/leonardo_work/CNHPC_2116672/CPTAC/GBM/C3N-03088-21.svs;/leonardo_work/CNHPC_2116672/CPTAC/GBM/C3N-03088-22.svs,True
C3N-02577,3,CCRCC,/leonardo_work/CNHPC_2116672/CPTAC/CCRCC/C3N-02577-21.svs;/leonardo_work/CNHPC_2116672/CPTAC/CCRCC/C3N-02577-23.svs;/leonardo_work/CNHPC_2116672/CPTAC/CCRCC/C3N-02577-22.svs,True
C3L-02382,0,,,False
C3L-02651,8,HNSCC,/leonardo_work/CNHPC_2116672/CPTAC/HNSCC/C3L-02651-23.svs;/leonardo_work/CNHPC_2116672/CPTAC/HNSCC/C3L-02651-25.svs;/leonardo_work/CNHPC_2116672/CPTAC/HNSCC/C3L-02651-22.svs;/leonardo_work/CNHPC_2116672/CPTAC/HNSCC/C3L-02651-28.svs;/leonardo_work/CNHPC_2116672/CPTAC/HNSCC/C3L-02651-21.svs;/leonardo_work/CNHPC_2116672/CPTAC/HNSCC/C3L-02651-26.svs;/leonardo_work/CNHPC_2116672/CPTAC/HNSCC/C3L-02651-27.svs;/leonardo_work/CNHPC_2116672/CPTAC/HNSCC/C3L-02651-24.svs,True
C3L-01253,0,,,False
C3N-02424,3,LUAD,/leonardo_work/CNHPC_2116672/CPTAC/LUAD/C3N-02424-23.svs;/leonardo_work/CNHPC_2116672/CPTAC/LUAD/C3N-02424-22.svs;/leonardo_work/CNHPC_2116672/CPTAC/LUAD/C3N-02424-21.svs,True
C3N-00520,0,,,False
C3N-02282,2,LUAD,/leonardo_work/CNHPC_2116672/CPTAC/LUAD/C3N-02282-25.svs;/leonardo_work/CNHPC_2116672/CPTAC/LUAD/C3N-02282-30.svs,True
C3N-01081,6,CCRCC,/leonardo_work/CNHPC_2116672/CPTAC/CCRCC/C3N-01081-24.svs;/leonardo_work/CNHPC_2116672/CPTAC/CCRCC/C3N-01081-21.svs;/leonardo_work/CNHPC_2116672/CPTAC/CCRCC/C3N-01081-23.svs;/leonardo_work/CNHPC_2116672/CPTAC/CCRCC/C3N-01081-27.svs;/leonardo_work/CNHPC_2116672/CPTAC/CCRCC/C3N-01081-26.svs;/leonardo_work/CNHPC_2116672/CPTAC/CCRCC/C3N-01081-22.svs,True
C3L-02958,2,LUAD,/leonardo_work/CNHPC_2116672/CPTAC/LUAD/C3L-02958-26.svs;/leonardo_work/CNHPC_2116672/CPTAC/LUAD/C3L-02958-21.svs,True
C3L-04080,4,PDA,/leonardo_work/CNHPC_2116672/CPTAC/PDA/C3L-04080-22.svs;/leonardo_work/CNHPC_2116672/CPTAC/PDA/C3L-04080-21.svs;/leonardo_work/CNHPC_2116672/CPTAC/PDA/C3L-04080-23.svs;/leonardo_work/CNHPC_2116672/CPTAC/PDA/C3L-04080-24.svs,True
C3L-03728,1,GBM,/leonardo_work/CNHPC_2116672/CPTAC/GBM/C3L-03728-21.svs,True
C3L-03264,0,,,False
C3N-02922,6,LUAD,/leonardo_work/CNHPC_2116672/CPTAC/LUAD/C3N-02922-23.svs;/leonardo_work/CNHPC_2116672/CPTAC/LUAD/C3N-02922-26.svs;/leonardo_work/CNHPC_2116672/CPTAC/LUAD/C3N-02922-27.svs;/leonardo_work/CNHPC_2116672/CPTAC/LUAD/C3N-02922-21.svs;/leonardo_work/CNHPC_2116672/CPTAC/LUAD/C3N-02922-24.svs;/leonardo_work/CNHPC_2116672/CPTAC/LUAD/C3N-02922-22.svs,True
C3N-03005,0,,,False
C3L-03727,1,GBM,/leonardo_work/CNHPC_2116672/CPTAC/GBM/C3L-03727-21.svs,True
C3L-01924,7,LUAD,/leonardo_work/CNHPC_2116672/CPTAC/LUAD/C3L-01924-23.svs;/leonardo_work/CNHPC_2116672/CPTAC/LUAD/C3L-01924-24.svs;/leonardo_work/CNHPC_2116672/CPTAC/LUAD/C3L-01924-28.svs;/leonardo_work/CNHPC_2116672/CPTAC/LUAD/C3L-01924-21.svs;/leonardo_work/CNHPC_2116672/CPTAC/LUAD/C3L-01924-27.svs;/leonardo_work/CNHPC_2116672/CPTAC/LUAD/C3L-01924-22.svs;/leonardo_work/CNHPC_2116672/CPTAC/LUAD/C3L-01924-25.svs,True
C3N-00433,7,LUAD,/leonardo_work/CNHPC_2116672/CPTAC/LUAD/C3N-00433-24.svs;/leonardo_work/CNHPC_2116672/CPTAC/LUAD/C3N-00433-27.svs;/leonardo_work/CNHPC_2116672/CPTAC/LUAD/C3N-00433-26.svs;/leonardo_work/CNHPC_2116672/CPTAC/LUAD/C3N-00433-21.svs;/leonardo_work/CNHPC_2116672/CPTAC/LUAD/C3N-00433-23.svs;/leonardo_work/CNHPC_2116672/CPTAC/LUAD/C3N-00433-22.svs;/leonardo_work/CNHPC_2116672/CPTAC/LUAD/C3N-00433-25.svs,True
C3N-03448,1,GBM,/leonardo_work/CNHPC_2116672/CPTAC/GBM/C3N-03448-21.svs,True
C3L-05866,0,,,False
C3L-05889,0,,,False
C3L-02604,1,PDA,/leonardo_work/CNHPC_2116672/CPTAC/PDA/C3L-02604-21.svs,True
C3L-01246,0,,,False
C3N-03052,3,LUAD,/leonardo_work/CNHPC_2116672/CPTAC/LUAD/C3N-03052-22.svs;/leonardo_work/CNHPC_2116672/CPTAC/LUAD/C3N-03052-23.svs;/leonardo_work/CNHPC_2116672/CPTAC/LUAD/C3N-03052-21.svs,True
C3L-02984,4,GBM,/leonardo_work/CNHPC_2116672/CPTAC/GBM/C3L-02984-22.svs;/leonardo_work/CNHPC_2116672/CPTAC/GBM/C3L-02984-21.svs;/leonardo_work/CNHPC_2116672/CPTAC/GBM/C3L-02984-23.svs;/leonardo_work/CNHPC_2116672/CPTAC/GBM/C3L-02984-25.svs,True
C3L-07972,0,,,False
C3L-07096,0,,,False
C3N-00389,0,,,False
C3L-03642,2,LUAD,/leonardo_work/CNHPC_2116672/CPTAC/LUAD/C3L-03642-21.svs;/leonardo_work/CNHPC_2116672/CPTAC/LUAD/C3L-03642-22.svs,True
C3N-00866,0,,,False
C3L-08241,0,,,False
C3N-00753,0,,,False
C3N-00180,6,LUAD,/leonardo_work/CNHPC_2116672/CPTAC/LUAD/C3N-00180-21.svs;/leonardo_work/CNHPC_2116672/CPTAC/LUAD/C3N-00180-27.svs;/leonardo_work/CNHPC_2116672/CPTAC/LUAD/C3N-00180-23.svs;/leonardo_work/CNHPC_2116672/CPTAC/LUAD/C3N-00180-26.svs;/leonardo_work/CNHPC_2116672/CPTAC/LUAD/C3N-00180-22.svs;/leonardo_work/CNHPC_2116672/CPTAC/LUAD/C3N-00180-24.svs,True
C3L-01049,2,GBM,/leonardo_work/CNHPC_2116672/CPTAC/GBM/C3L-01049-22.svs;/leonardo_work/CNHPC_2116672/CPTAC/GBM/C3L-01049-21.svs,True
C3N-04155,4,LSCC,/leonardo_work/CNHPC_2116672/CPTAC/LSCC/C3N-04155-22.svs;/leonardo_work/CNHPC_2116672/CPTAC/LSCC/C3N-04155-23.svs;/leonardo_work/CNHPC_2116672/CPTAC/LSCC/C3N-04155-21.svs;/leonardo_work/CNHPC_2116672/CPTAC/LSCC/C3N-04155-26.svs,True
C3L-01052,4,PDA,/leonardo_work/CNHPC_2116672/CPTAC/PDA/C3L-01052-24.svs;/leonardo_work/CNHPC_2116672/CPTAC/PDA/C3L-01052-23.svs;/leonardo_work/CNHPC_2116672/CPTAC/PDA/C3L-01052-21.svs;/leonardo_work/CNHPC_2116672/CPTAC/PDA/C3L-01052-22.svs,True
C3L-01043,2,GBM,/leonardo_work/CNHPC_2116672/CPTAC/GBM/C3L-01043-24.svs;/leonardo_work/CNHPC_2116672/CPTAC/GBM/C3L-01043-21.svs,True
C3L-01459,1,CCRCC,/leonardo_work/CNHPC_2116672/CPTAC/CCRCC/C3L-01459-21.svs,True
C3N-00663,4,GBM,/leonardo_work/CNHPC_2116672/CPTAC/GBM/C3N-00663-23.svs;/leonardo_work/CNHPC_2116672/CPTAC/GBM/C3N-00663-21.svs;/leonardo_work/CNHPC_2116672/CPTAC/GBM/C3N-00663-24.svs;/leonardo_work/CNHPC_2116672/CPTAC/GBM/C3N-00663-22.svs,True
C3N-01196,1,GBM,/leonardo_work/CNHPC_2116672/CPTAC/GBM/C3N-01196-24.svs,True
C3N-01505,1,GBM,/leonardo_work/CNHPC_2116672/CPTAC/GBM/C3N-01505-21.svs,True
C3N-02153,6,LUAD,/leonardo_work/CNHPC_2116672/CPTAC/LUAD/C3N-02153-24.svs;/leonardo_work/CNHPC_2116672/CPTAC/LUAD/C3N-02153-26.svs;/leonardo_work/CNHPC_2116672/CPTAC/LUAD/C3N-02153-23.svs;/leonardo_work/CNHPC_2116672/CPTAC/LUAD/C3N-02153-21.svs;/leonardo_work/CNHPC_2116672/CPTAC/LUAD/C3N-02153-27.svs;/leonardo_work/CNHPC_2116672/CPTAC/LUAD/C3N-02153-22.svs,True
C3L-01462,2,CCRCC,/leonardo_work/CNHPC_2116672/CPTAC/CCRCC/C3L-01462-21.svs;/leonardo_work/CNHPC_2116672/CPTAC/CCRCC/C3L-01462-22.svs,True
C3N-02141,6,LUAD,/leonardo_work/CNHPC_2116672/CPTAC/LUAD/C3N-02141-27.svs;/leonardo_work/CNHPC_2116672/CPTAC/LUAD/C3N-02141-26.svs;/leonardo_work/CNHPC_2116672/CPTAC/LUAD/C3N-02141-22.svs;/leonardo_work/CNHPC_2116672/CPTAC/LUAD/C3N-02141-24.svs;/leonardo_work/CNHPC_2116672/CPTAC/LUAD/C3N-02141-23.svs;/leonardo_work/CNHPC_2116672/CPTAC/LUAD/C3N-02141-21.svs,True
C3L-00568,4,LSCC,/leonardo_work/CNHPC_2116672/CPTAC/LSCC/C3L-00568-23.svs;/leonardo_work/CNHPC_2116672/CPTAC/LSCC/C3L-00568-26.svs;/leonardo_work/CNHPC_2116672/CPTAC/LSCC/C3L-00568-22.svs;/leonardo_work/CNHPC_2116672/CPTAC/LSCC/C3L-00568-21.svs,True
C3L-01285,4,LSCC,/leonardo_work/CNHPC_2116672/CPTAC/LSCC/C3L-01285-23.svs;/leonardo_work/CNHPC_2116672/CPTAC/LSCC/C3L-01285-21.svs;/leonardo_work/CNHPC_2116672/CPTAC/LSCC/C3L-01285-26.svs;/leonardo_work/CNHPC_2116672/CPTAC/LSCC/C3L-01285-22.svs,True
C3L-01663,3,LSCC,/leonardo_work/CNHPC_2116672/CPTAC/LSCC/C3L-01663-22.svs;/leonardo_work/CNHPC_2116672/CPTAC/LSCC/C3L-01663-26.svs;/leonardo_work/CNHPC_2116672/CPTAC/LSCC/C3L-01663-21.svs,True
C3N-01022,6,LUAD,/leonardo_work/CNHPC_2116672/CPTAC/LUAD/C3N-01022-21.svs;/leonardo_work/CNHPC_2116672/CPTAC/LUAD/C3N-01022-22.svs;/leonardo_work/CNHPC_2116672/CPTAC/LUAD/C3N-01022-23.svs;/leonardo_work/CNHPC_2116672/CPTAC/LUAD/C3N-01022-24.svs;/leonardo_work/CNHPC_2116672/CPTAC/LUAD/C3N-01022-27.svs;/leonardo_work/CNHPC_2116672/CPTAC/LUAD/C3N-01022-26.svs,True
C3N-01338,3,HNSCC,/leonardo_work/CNHPC_2116672/CPTAC/HNSCC/C3N-01338-21.svs;/leonardo_work/CNHPC_2116672/CPTAC/HNSCC/C3N-01338-22.svs;/leonardo_work/CNHPC_2116672/CPTAC/HNSCC/C3N-01338-25.svs,True
C3N-01848,0,,,False
C3N-01847,0,,,False
C3L-01470,2,CCRCC,/leonardo_work/CNHPC_2116672/CPTAC/CCRCC/C3L-01470-22.svs;/leonardo_work/CNHPC_2116672/CPTAC/CCRCC/C3L-01470-21.svs,True
C3N-01998,3,PDA,/leonardo_work/CNHPC_2116672/CPTAC/PDA/C3N-01998-21.svs;/leonardo_work/CNHPC_2116672/CPTAC/PDA/C3N-01998-22.svs;/leonardo_work/CNHPC_2116672/CPTAC/PDA/C3N-01998-23.svs,True
C3N-00249,5,PDA,/leonardo_work/CNHPC_2116672/CPTAC/PDA/C3N-00249-26.svs;/leonardo_work/CNHPC_2116672/CPTAC/PDA/C3N-00249-23.svs;/leonardo_work/CNHPC_2116672/CPTAC/PDA/C3N-00249-22.svs;/leonardo_work/CNHPC_2116672/CPTAC/PDA/C3N-00249-21.svs;/leonardo_work/CNHPC_2116672/CPTAC/PDA/C3N-00249-27.svs,True
C3L-01558,0,,,False
C3L-00795,0,,,False
C3N-02682,1,GBM,/leonardo_work/CNHPC_2116672/CPTAC/GBM/C3N-02682-22.svs,True
C3L-04213,5,GBM,/leonardo_work/CNHPC_2116672/CPTAC/GBM/C3L-04213-21.svs;/leonardo_work/CNHPC_2116672/CPTAC/GBM/C3L-04213-25.svs;/leonardo_work/CNHPC_2116672/CPTAC/GBM/C3L-04213-23.svs;/leonardo_work/CNHPC_2116672/CPTAC/GBM/C3L-04213-22.svs;/leonardo_work/CNHPC_2116672/CPTAC/GBM/C3L-04213-24.svs,True
C3L-01146,2,GBM,/leonardo_work/CNHPC_2116672/CPTAC/GBM/C3L-01146-22.svs;/leonardo_work/CNHPC_2116672/CPTAC/GBM/C3L-01146-25.svs,True
C3N-01340,3,HNSCC,/leonardo_work/CNHPC_2116672/CPTAC/HNSCC/C3N-01340-22.svs;/leonardo_work/CNHPC_2116672/CPTAC/HNSCC/C3N-01340-24.svs;/leonardo_work/CNHPC_2116672/CPTAC/HNSCC/C3N-01340-21.svs,True
C3N-03205,3,LUAD,/leonardo_work/CNHPC_2116672/CPTAC/LUAD/C3N-03205-22.svs;/leonardo_work/CNHPC_2116672/CPTAC/LUAD/C3N-03205-21.svs;/leonardo_work/CNHPC_2116672/CPTAC/LUAD/C3N-03205-23.svs,True
C3N-02012,0,,,False
C3L-04084,5,GBM,/leonardo_work/CNHPC_2116672/CPTAC/GBM/C3L-04084-25.svs;/leonardo_work/CNHPC_2116672/CPTAC/GBM/C3L-04084-21.svs;/leonardo_work/CNHPC_2116672/CPTAC/GBM/C3L-04084-23.svs;/leonardo_work/CNHPC_2116672/CPTAC/GBM/C3L-04084-24.svs;/leonardo_work/CNHPC_2116672/CPTAC/GBM/C3L-04084-22.svs,True
C3L-05818,2,dataset_20x,/leonardo_work/CNHPC_2116672/CPTAC/dataset_20x/C3L-05818-42.tiff;/leonardo_work/CNHPC_2116672/CPTAC/dataset_20x/C3L-05818-41.tiff,True
C3L-01427,1,dataset_20x,/leonardo_work/CNHPC_2116672/CPTAC/dataset_20x/C3L-01427-42.tiff,True
C3L-03493,1,dataset_20x,/leonardo_work/CNHPC_2116672/CPTAC/dataset_20x/C3L-03493-43.tiff,True
C3L-00771,0,,,False
C3N-02439,5,CCRCC,/leonardo_work/CNHPC_2116672/CPTAC/CCRCC/C3N-02439-21.svs;/leonardo_work/CNHPC_2116672/CPTAC/CCRCC/C3N-02439-26.svs;/leonardo_work/CNHPC_2116672/CPTAC/CCRCC/C3N-02439-27.svs;/leonardo_work/CNHPC_2116672/CPTAC/CCRCC/C3N-02439-22.svs;/leonardo_work/CNHPC_2116672/CPTAC/CCRCC/C3N-02439-23.svs,True
C3L-08791,0,,,False
C3L-02660,8,LSCC,/leonardo_work/CNHPC_2116672/CPTAC/LSCC/C3L-02660-21.svs;/leonardo_work/CNHPC_2116672/CPTAC/LSCC/C3L-02660-25.svs;/leonardo_work/CNHPC_2116672/CPTAC/LSCC/C3L-02660-23.svs;/leonardo_work/CNHPC_2116672/CPTAC/LSCC/C3L-02660-28.svs;/leonardo_work/CNHPC_2116672/CPTAC/LSCC/C3L-02660-24.svs;/leonardo_work/CNHPC_2116672/CPTAC/LSCC/C3L-02660-27.svs;/leonardo_work/CNHPC_2116672/CPTAC/LSCC/C3L-02660-26.svs;/leonardo_work/CNHPC_2116672/CPTAC/LSCC/C3L-02660-22.svs,True
C3L-03639,4,PDA,/leonardo_work/CNHPC_2116672/CPTAC/PDA/C3L-03639-24.svs;/leonardo_work/CNHPC_2116672/CPTAC/PDA/C3L-03639-22.svs;/leonardo_work/CNHPC_2116672/CPTAC/PDA/C3L-03639-23.svs;/leonardo_work/CNHPC_2116672/CPTAC/PDA/C3L-03639-21.svs,True
C3L-03272,6,LSCC,/leonardo_work/CNHPC_2116672/CPTAC/LSCC/C3L-03272-22.svs;/leonardo_work/CNHPC_2116672/CPTAC/LSCC/C3L-03272-24.svs;/leonardo_work/CNHPC_2116672/CPTAC/LSCC/C3L-03272-26.svs;/leonardo_work/CNHPC_2116672/CPTAC/LSCC/C3L-03272-21.svs;/leonardo_work/CNHPC_2116672/CPTAC/LSCC/C3L-03272-23.svs;/leonardo_work/CNHPC_2116672/CPTAC/LSCC/C3L-03272-25.svs,True
C3N-00836,0,,,False
C3L-02556,4,CCRCC,/leonardo_work/CNHPC_2116672/CPTAC/CCRCC/C3L-02556-21.svs;/leonardo_work/CNHPC_2116672/CPTAC/CCRCC/C3L-02556-22.svs;/leonardo_work/CNHPC_2116672/CPTAC/CCRCC/C3L-02556-26.svs;/leonardo_work/CNHPC_2116672/CPTAC/CCRCC/C3L-02556-23.svs,True
C3N-03754,1,PDA,/leonardo_work/CNHPC_2116672/CPTAC/PDA/C3N-03754-21.svs,True
C3L-06801,0,,,False
C3N-02721,4,LUAD,/leonardo_work/CNHPC_2116672/CPTAC/LUAD/C3N-02721-22.svs;/leonardo_work/CNHPC_2116672/CPTAC/LUAD/C3N-02721-26.svs;/leonardo_work/CNHPC_2116672/CPTAC/LUAD/C3N-02721-21.svs;/leonardo_work/CNHPC_2116672/CPTAC/LUAD/C3N-02721-23.svs,True
C3L-06806,0,,,False
C3N-00560,6,LUAD,/leonardo_work/CNHPC_2116672/CPTAC/LUAD/C3N-00560-21.svs;/leonardo_work/CNHPC_2116672/CPTAC/LUAD/C3N-00560-26.svs;/leonardo_work/CNHPC_2116672/CPTAC/LUAD/C3N-00560-23.svs;/leonardo_work/CNHPC_2116672/CPTAC/LUAD/C3N-00560-24.svs;/leonardo_work/CNHPC_2116672/CPTAC/LUAD/C3N-00560-27.svs;/leonardo_work/CNHPC_2116672/CPTAC/LUAD/C3N-00560-22.svs,True
C3L-08146,0,,,False
C3N-02146,6,LUAD,/leonardo_work/CNHPC_2116672/CPTAC/LUAD/C3N-02146-24.svs;/leonardo_work/CNHPC_2116672/CPTAC/LUAD/C3N-02146-21.svs;/leonardo_work/CNHPC_2116672/CPTAC/LUAD/C3N-02146-26.svs;/leonardo_work/CNHPC_2116672/CPTAC/LUAD/C3N-02146-22.svs;/leonardo_work/CNHPC_2116672/CPTAC/LUAD/C3N-02146-27.svs;/leonardo_work/CNHPC_2116672/CPTAC/LUAD/C3N-02146-23.svs,True
C3L-00938,0,,,False
C3L-01157,2,GBM,/leonardo_work/CNHPC_2116672/CPTAC/GBM/C3L-01157-21.svs;/leonardo_work/CNHPC_2116672/CPTAC/GBM/C3L-01157-23.svs,True
C3L-07146,0,,,False
C3L-09049,0,,,False
C3N-02296,0,,,False
C3L-06541,0,,,False
C3N-00377,0,,,False
C3L-06369,0,,,False
C3L-09400,0,,,False
C3L-02746,0,,,False
C3N-03070,2,GBM,/leonardo_work/CNHPC_2116672/CPTAC/GBM/C3N-03070-21.svs;/leonardo_work/CNHPC_2116672/CPTAC/GBM/C3N-03070-22.svs,True
C3L-09379,0,,,False
C3N-03441,2,LSCC,/leonardo_work/CNHPC_2116672/CPTAC/LSCC/C3N-03441-29.svs;/leonardo_work/CNHPC_2116672/CPTAC/LSCC/C3N-03441-21.svs,True
C3L-02625,8,LSCC,/leonardo_work/CNHPC_2116672/CPTAC/LSCC/C3L-02625-25.svs;/leonardo_work/CNHPC_2116672/CPTAC/LSCC/C3L-02625-24.svs;/leonardo_work/CNHPC_2116672/CPTAC/LSCC/C3L-02625-22.svs;/leonardo_work/CNHPC_2116672/CPTAC/LSCC/C3L-02625-21.svs;/leonardo_work/CNHPC_2116672/CPTAC/LSCC/C3L-02625-27.svs;/leonardo_work/CNHPC_2116672/CPTAC/LSCC/C3L-02625-26.svs;/leonardo_work/CNHPC_2116672/CPTAC/LSCC/C3L-02625-23.svs;/leonardo_work/CNHPC_2116672/CPTAC/LSCC/C3L-02625-28.svs,True
C3L-08296,0,,,False
C3L-04761,0,,,False
C3N-03876,3,HNSCC,/leonardo_work/CNHPC_2116672/CPTAC/HNSCC/C3N-03876-22.svs;/leonardo_work/CNHPC_2116672/CPTAC/HNSCC/C3N-03876-23.svs;/leonardo_work/CNHPC_2116672/CPTAC/HNSCC/C3N-03876-21.svs,True
C3N-02089,6,LUAD,/leonardo_work/CNHPC_2116672/CPTAC/LUAD/C3N-02089-24.svs;/leonardo_work/CNHPC_2116672/CPTAC/LUAD/C3N-02089-26.svs;/leonardo_work/CNHPC_2116672/CPTAC/LUAD/C3N-02089-27.svs;/leonardo_work/CNHPC_2116672/CPTAC/LUAD/C3N-02089-23.svs;/leonardo_work/CNHPC_2116672/CPTAC/LUAD/C3N-02089-21.svs;/leonardo_work/CNHPC_2116672/CPTAC/LUAD/C3N-02089-22.svs,True
C3N-01212,0,,,False
C3L-07019,0,,,False
C3L-02403,0,,,False
C3N-04280,1,HNSCC,/leonardo_work/CNHPC_2116672/CPTAC/HNSCC/C3N-04280-23.svs,True
C3N-00154,6,CCRCC,/leonardo_work/CNHPC_2116672/CPTAC/CCRCC/C3N-00154-27.svs;/leonardo_work/CNHPC_2116672/CPTAC/CCRCC/C3N-00154-22.svs;/leonardo_work/CNHPC_2116672/CPTAC/CCRCC/C3N-00154-24.svs;/leonardo_work/CNHPC_2116672/CPTAC/CCRCC/C3N-00154-23.svs;/leonardo_work/CNHPC_2116672/CPTAC/CCRCC/C3N-00154-21.svs;/leonardo_work/CNHPC_2116672/CPTAC/CCRCC/C3N-00154-26.svs,True
C3N-00549,6,LUAD,/leonardo_work/CNHPC_2116672/CPTAC/LUAD/C3N-00549-21.svs;/leonardo_work/CNHPC_2116672/CPTAC/LUAD/C3N-00549-27.svs;/leonardo_work/CNHPC_2116672/CPTAC/LUAD/C3N-00549-22.svs;/leonardo_work/CNHPC_2116672/CPTAC/LUAD/C3N-00549-24.svs;/leonardo_work/CNHPC_2116672/CPTAC/LUAD/C3N-00549-26.svs;/leonardo_work/CNHPC_2116672/CPTAC/LUAD/C3N-00549-23.svs,True
C3N-03839,4,PDA,/leonardo_work/CNHPC_2116672/CPTAC/PDA/C3N-03839-21.svs;/leonardo_work/CNHPC_2116672/CPTAC/PDA/C3N-03839-25.svs;/leonardo_work/CNHPC_2116672/CPTAC/PDA/C3N-03839-23.svs;/leonardo_work/CNHPC_2116672/CPTAC/PDA/C3N-03839-22.svs,True
C3L-09059,0,,,False
C3L-06367,0,,,False
C3N-00435,7,CCRCC,/leonardo_work/CNHPC_2116672/CPTAC/CCRCC/C3N-00435-25.svs;/leonardo_work/CNHPC_2116672/CPTAC/CCRCC/C3N-00435-27.svs;/leonardo_work/CNHPC_2116672/CPTAC/CCRCC/C3N-00435-24.svs;/leonardo_work/CNHPC_2116672/CPTAC/CCRCC/C3N-00435-23.svs;/leonardo_work/CNHPC_2116672/CPTAC/CCRCC/C3N-00435-21.svs;/leonardo_work/CNHPC_2116672/CPTAC/CCRCC/C3N-00435-22.svs;/leonardo_work/CNHPC_2116672/CPTAC/CCRCC/C3N-00435-26.svs,True
C3L-07488,0,,,False
C3N-02681,1,GBM,/leonardo_work/CNHPC_2116672/CPTAC/GBM/C3N-02681-22.svs,True
C3L-02513,5,LUAD,/leonardo_work/CNHPC_2116672/CPTAC/LUAD/C3L-02513-21.svs;/leonardo_work/CNHPC_2116672/CPTAC/LUAD/C3L-02513-23.svs;/leonardo_work/CNHPC_2116672/CPTAC/LUAD/C3L-02513-24.svs;/leonardo_work/CNHPC_2116672/CPTAC/LUAD/C3L-02513-22.svs;/leonardo_work/CNHPC_2116672/CPTAC/LUAD/C3L-02513-25.svs,True
C3N-03001,4,GBM,/leonardo_work/CNHPC_2116672/CPTAC/GBM/C3N-03001-24.svs;/leonardo_work/CNHPC_2116672/CPTAC/GBM/C3N-03001-23.svs;/leonardo_work/CNHPC_2116672/CPTAC/GBM/C3N-03001-22.svs;/leonardo_work/CNHPC_2116672/CPTAC/GBM/C3N-03001-21.svs,True
C3L-02345,4,LUAD,/leonardo_work/CNHPC_2116672/CPTAC/LUAD/C3L-02345-26.svs;/leonardo_work/CNHPC_2116672/CPTAC/LUAD/C3L-02345-21.svs;/leonardo_work/CNHPC_2116672/CPTAC/LUAD/C3L-02345-23.svs;/leonardo_work/CNHPC_2116672/CPTAC/LUAD/C3L-02345-22.svs,True
C3L-07154,0,,,False
C3L-02802,0,,,False
C3N-01180,2,CCRCC,/leonardo_work/CNHPC_2116672/CPTAC/CCRCC/C3N-01180-22.svs;/leonardo_work/CNHPC_2116672/CPTAC/CCRCC/C3N-01180-21.svs,True
C3L-01683,4,LUAD,/leonardo_work/CNHPC_2116672/CPTAC/LUAD/C3L-01683-27.svs;/leonardo_work/CNHPC_2116672/CPTAC/LUAD/C3L-01683-28.svs;/leonardo_work/CNHPC_2116672/CPTAC/LUAD/C3L-01683-29.svs;/leonardo_work/CNHPC_2116672/CPTAC/LUAD/C3L-01683-26.svs,True
C3L-07213,0,,,False
C3L-04362,5,GBM,/leonardo_work/CNHPC_2116672/CPTAC/GBM/C3L-04362-22.svs;/leonardo_work/CNHPC_2116672/CPTAC/GBM/C3L-04362-24.svs;/leonardo_work/CNHPC_2116672/CPTAC/GBM/C3L-04362-25.svs;/leonardo_work/CNHPC_2116672/CPTAC/GBM/C3L-04362-21.svs;/leonardo_work/CNHPC_2116672/CPTAC/GBM/C3L-04362-23.svs,True
C3L-00563,0,,,False
C3L-03678,3,LSCC,/leonardo_work/CNHPC_2116672/CPTAC/LSCC/C3L-03678-23.svs;/leonardo_work/CNHPC_2116672/CPTAC/LSCC/C3L-03678-22.svs;/leonardo_work/CNHPC_2116672/CPTAC/LSCC/C3L-03678-21.svs,True
C3N-00380,6,CCRCC,/leonardo_work/CNHPC_2116672/CPTAC/CCRCC/C3N-00380-22.svs;/leonardo_work/CNHPC_2116672/CPTAC/CCRCC/C3N-00380-26.svs;/leonardo_work/CNHPC_2116672/CPTAC/CCRCC/C3N-00380-21.svs;/leonardo_work/CNHPC_2116672/CPTAC/CCRCC/C3N-00380-24.svs;/leonardo_work/CNHPC_2116672/CPTAC/CCRCC/C3N-00380-23.svs;/leonardo_work/CNHPC_2116672/CPTAC/CCRCC/C3N-00380-25.svs,True
C3N-03424,2,LSCC,/leonardo_work/CNHPC_2116672/CPTAC/LSCC/C3N-03424-23.svs;/leonardo_work/CNHPC_2116672/CPTAC/LSCC/C3N-03424-29.svs,True
C3L-02164,5,LSCC,/leonardo_work/CNHPC_2116672/CPTAC/LSCC/C3L-02164-26.svs;/leonardo_work/CNHPC_2116672/CPTAC/LSCC/C3L-02164-22.svs;/leonardo_work/CNHPC_2116672/CPTAC/LSCC/C3L-02164-21.svs;/leonardo_work/CNHPC_2116672/CPTAC/LSCC/C3L-02164-27.svs;/leonardo_work/CNHPC_2116672/CPTAC/LSCC/C3L-02164-23.svs,True
C3L-00446,7,LUAD,/leonardo_work/CNHPC_2116672/CPTAC/LUAD/C3L-00446-27.svs;/leonardo_work/CNHPC_2116672/CPTAC/LUAD/C3L-00446-23.svs;/leonardo_work/CNHPC_2116672/CPTAC/LUAD/C3L-00446-22.svs;/leonardo_work/CNHPC_2116672/CPTAC/LUAD/C3L-00446-26.svs;/leonardo_work/CNHPC_2116672/CPTAC/LUAD/C3L-00446-25.svs;/leonardo_work/CNHPC_2116672/CPTAC/LUAD/C3L-00446-21.svs;/leonardo_work/CNHPC_2116672/CPTAC/LUAD/C3L-00446-24.svs,True
C3L-07954,0,,,False
C3L-04245,1,dataset_20x,/leonardo_work/CNHPC_2116672/CPTAC/dataset_20x/C3L-04245-41.tiff,True
C3L-06539,0,,,False
C3N-02339,4,LSCC,/leonardo_work/CNHPC_2116672/CPTAC/LSCC/C3N-02339-21.svs;/leonardo_work/CNHPC_2116672/CPTAC/LSCC/C3N-02339-23.svs;/leonardo_work/CNHPC_2116672/CPTAC/LSCC/C3N-02339-26.svs;/leonardo_work/CNHPC_2116672/CPTAC/LSCC/C3N-02339-22.svs,True
C3L-09098,0,,,False
C3L-02389,0,,,False
C3N-03840,3,PDA,/leonardo_work/CNHPC_2116672/CPTAC/PDA/C3N-03840-21.svs;/leonardo_work/CNHPC_2116672/CPTAC/PDA/C3N-03840-23.svs;/leonardo_work/CNHPC_2116672/CPTAC/PDA/C3N-03840-22.svs,True
C3L-05325,1,dataset_20x,/leonardo_work/CNHPC_2116672/CPTAC/dataset_20x/C3L-05325-42.tiff,True
C3L-06537,0,,,False
C3L-00807,2,dataset_20x,/leonardo_work/CNHPC_2116672/CPTAC/dataset_20x/C3L-00807-41.tiff;/leonardo_work/CNHPC_2116672/CPTAC/dataset_20x/C3L-00807-42.tiff,True
C3N-02266,1,CCRCC,/leonardo_work/CNHPC_2116672/CPTAC/CCRCC/C3N-02266-21.svs,True
C3N-04127,3,LSCC,/leonardo_work/CNHPC_2116672/CPTAC/LSCC/C3N-04127-22.svs;/leonardo_work/CNHPC_2116672/CPTAC/LSCC/C3N-04127-23.svs;/leonardo_work/CNHPC_2116672/CPTAC/LSCC/C3N-04127-21.svs,True
C3L-06418,0,,,False
C3L-09396,0,,,False
C3L-03630,4,PDA,/leonardo_work/CNHPC_2116672/CPTAC/PDA/C3L-03630-21.svs;/leonardo_work/CNHPC_2116672/CPTAC/PDA/C3L-03630-24.svs;/leonardo_work/CNHPC_2116672/CPTAC/PDA/C3L-03630-22.svs;/leonardo_work/CNHPC_2116672/CPTAC/PDA/C3L-03630-23.svs,True
C3L-06776,0,,,False
C3N-02337,0,,,False
C3L-02841,2,CCRCC,/leonardo_work/CNHPC_2116672/CPTAC/CCRCC/C3L-02841-22.svs;/leonardo_work/CNHPC_2116672/CPTAC/CCRCC/C3L-02841-21.svs,True
C3N-02494,4,LSCC,/leonardo_work/CNHPC_2116672/CPTAC/LSCC/C3N-02494-22.svs;/leonardo_work/CNHPC_2116672/CPTAC/LSCC/C3N-02494-23.svs;/leonardo_work/CNHPC_2116672/CPTAC/LSCC/C3N-02494-21.svs;/leonardo_work/CNHPC_2116672/CPTAC/LSCC/C3N-02494-24.svs,True
C3L-05908,1,dataset_20x,/leonardo_work/CNHPC_2116672/CPTAC/dataset_20x/C3L-05908-42.tiff,True
C3N-02372,0,,,False
C3L-02515,5,LUAD,/leonardo_work/CNHPC_2116672/CPTAC/LUAD/C3L-02515-25.svs;/leonardo_work/CNHPC_2116672/CPTAC/LUAD/C3L-02515-24.svs;/leonardo_work/CNHPC_2116672/CPTAC/LUAD/C3L-02515-22.svs;/leonardo_work/CNHPC_2116672/CPTAC/LUAD/C3L-02515-23.svs;/leonardo_work/CNHPC_2116672/CPTAC/LUAD/C3L-02515-21.svs,True
C3L-02130,6,LSCC,/leonardo_work/CNHPC_2116672/CPTAC/LSCC/C3L-02130-26.svs;/leonardo_work/CNHPC_2116672/CPTAC/LSCC/C3L-02130-24.svs;/leonardo_work/CNHPC_2116672/CPTAC/LSCC/C3L-02130-25.svs;/leonardo_work/CNHPC_2116672/CPTAC/LSCC/C3L-02130-21.svs;/leonardo_work/CNHPC_2116672/CPTAC/LSCC/C3L-02130-22.svs;/leonardo_work/CNHPC_2116672/CPTAC/LSCC/C3L-02130-23.svs,True
C3L-01694,2,dataset_20x,/leonardo_work/CNHPC_2116672/CPTAC/dataset_20x/C3L-01694-41.tiff;/leonardo_work/CNHPC_2116672/CPTAC/dataset_20x/C3L-01694-42.tiff,True
C3L-00422,6,LUAD,/leonardo_work/CNHPC_2116672/CPTAC/LUAD/C3L-00422-25.svs;/leonardo_work/CNHPC_2116672/CPTAC/LUAD/C3L-00422-26.svs;/leonardo_work/CNHPC_2116672/CPTAC/LUAD/C3L-00422-24.svs;/leonardo_work/CNHPC_2116672/CPTAC/LUAD/C3L-00422-22.svs;/leonardo_work/CNHPC_2116672/CPTAC/LUAD/C3L-00422-21.svs;/leonardo_work/CNHPC_2116672/CPTAC/LUAD/C3L-00422-23.svs,True
C3L-07990,0,,,False
C3L-00976,4,CCRCC,/leonardo_work/CNHPC_2116672/CPTAC/CCRCC/C3L-00976-24.svs;/leonardo_work/CNHPC_2116672/CPTAC/CCRCC/C3L-00976-28.svs;/leonardo_work/CNHPC_2116672/CPTAC/CCRCC/C3L-00976-23.svs;/leonardo_work/CNHPC_2116672/CPTAC/CCRCC/C3L-00976-22.svs,True
C3L-06774,0,,,False
C3L-03390,2,GBM,/leonardo_work/CNHPC_2116672/CPTAC/GBM/C3L-03390-24.svs;/leonardo_work/CNHPC_2116672/CPTAC/GBM/C3L-03390-23.svs,True
C3N-01537,0,,,False
C3L-07080,0,,,False
C3N-03789,1,GBM,/leonardo_work/CNHPC_2116672/CPTAC/GBM/C3N-03789-25.svs,True
C3N-01799,4,LUAD,/leonardo_work/CNHPC_2116672/CPTAC/LUAD/C3N-01799-22.svs;/leonardo_work/CNHPC_2116672/CPTAC/LUAD/C3N-01799-26.svs;/leonardo_work/CNHPC_2116672/CPTAC/LUAD/C3N-01799-21.svs;/leonardo_work/CNHPC_2116672/CPTAC/LUAD/C3N-01799-27.svs,True
C3L-09811,0,,,False
C3L-06956,0,,,False
C3N-02084,3,CCRCC,/leonardo_work/CNHPC_2116672/CPTAC/CCRCC/C3N-02084-21.svs;/leonardo_work/CNHPC_2116672/CPTAC/CCRCC/C3N-02084-23.svs;/leonardo_work/CNHPC_2116672/CPTAC/CCRCC/C3N-02084-22.svs,True
C3L-05481,0,,,False
C3L-09552,0,,,False
C3L-03968,5,GBM,/leonardo_work/CNHPC_2116672/CPTAC/GBM/C3L-03968-25.svs;/leonardo_work/CNHPC_2116672/CPTAC/GBM/C3L-03968-22.svs;/leonardo_work/CNHPC_2116672/CPTAC/GBM/C3L-03968-24.svs;/leonardo_work/CNHPC_2116672/CPTAC/GBM/C3L-03968-21.svs;/leonardo_work/CNHPC_2116672/CPTAC/GBM/C3L-03968-23.svs,True
C3N-02973,5,LUAD,/leonardo_work/CNHPC_2116672/CPTAC/LUAD/C3N-02973-23.svs;/leonardo_work/CNHPC_2116672/CPTAC/LUAD/C3N-02973-26.svs;/leonardo_work/CNHPC_2116672/CPTAC/LUAD/C3N-02973-27.svs;/leonardo_work/CNHPC_2116672/CPTAC/LUAD/C3N-02973-21.svs;/leonardo_work/CNHPC_2116672/CPTAC/LUAD/C3N-02973-22.svs,True
C3N-02085,3,CCRCC,/leonardo_work/CNHPC_2116672/CPTAC/CCRCC/C3N-02085-22.svs;/leonardo_work/CNHPC_2116672/CPTAC/CCRCC/C3N-02085-23.svs;/leonardo_work/CNHPC_2116672/CPTAC/CCRCC/C3N-02085-21.svs,True
C3L-07057,0,,,False
C3L-02891,3,LSCC,/leonardo_work/CNHPC_2116672/CPTAC/LSCC/C3L-02891-26.svs;/leonardo_work/CNHPC_2116672/CPTAC/LSCC/C3L-02891-21.svs;/leonardo_work/CNHPC_2116672/CPTAC/LSCC/C3L-02891-23.svs,True
C3N-03038,4,LUAD,/leonardo_work/CNHPC_2116672/CPTAC/LUAD/C3N-03038-21.svs;/leonardo_work/CNHPC_2116672/CPTAC/LUAD/C3N-03038-22.svs;/leonardo_work/CNHPC_2116672/CPTAC/LUAD/C3N-03038-23.svs;/leonardo_work/CNHPC_2116672/CPTAC/LUAD/C3N-03038-24.svs,True
C3N-03039,6,PDA,/leonardo_work/CNHPC_2116672/CPTAC/PDA/C3N-03039-24.svs;/leonardo_work/CNHPC_2116672/CPTAC/PDA/C3N-03039-23.svs;/leonardo_work/CNHPC_2116672/CPTAC/PDA/C3N-03039-22.svs;/leonardo_work/CNHPC_2116672/CPTAC/PDA/C3N-03039-21.svs;/leonardo_work/CNHPC_2116672/CPTAC/PDA/C3N-03039-26.svs;/leonardo_work/CNHPC_2116672/CPTAC/PDA/C3N-03039-25.svs,True
C3N-00390,6,CCRCC,/leonardo_work/CNHPC_2116672/CPTAC/CCRCC/C3N-00390-22.svs;/leonardo_work/CNHPC_2116672/CPTAC/CCRCC/C3N-00390-26.svs;/leonardo_work/CNHPC_2116672/CPTAC/CCRCC/C3N-00390-23.svs;/leonardo_work/CNHPC_2116672/CPTAC/CCRCC/C3N-00390-21.svs;/leonardo_work/CNHPC_2116672/CPTAC/CCRCC/C3N-00390-24.svs;/leonardo_work/CNHPC_2116672/CPTAC/CCRCC/C3N-00390-27.svs,True
C3L-05896,0,,,False
C3N-02727,4,HNSCC,/leonardo_work/CNHPC_2116672/CPTAC/HNSCC/C3N-02727-26.svs;/leonardo_work/CNHPC_2116672/CPTAC/HNSCC/C3N-02727-23.svs;/leonardo_work/CNHPC_2116672/CPTAC/HNSCC/C3N-02727-22.svs;/leonardo_work/CNHPC_2116672/CPTAC/HNSCC/C3N-02727-21.svs,True
C3L-02990,0,,,False
C3L-09775,0,,,False
C3L-02129,4,LUAD,/leonardo_work/CNHPC_2116672/CPTAC/LUAD/C3L-02129-22.svs;/leonardo_work/CNHPC_2116672/CPTAC/LUAD/C3L-02129-23.svs;/leonardo_work/CNHPC_2116672/CPTAC/LUAD/C3L-02129-24.svs;/leonardo_work/CNHPC_2116672/CPTAC/LUAD/C3L-02129-21.svs,True
C3L-09189,0,,,False
C3L-00368,3,LUAD,/leonardo_work/CNHPC_2116672/CPTAC/LUAD/C3L-00368-22.svs;/leonardo_work/CNHPC_2116672/CPTAC/LUAD/C3L-00368-26.svs;/leonardo_work/CNHPC_2116672/CPTAC/LUAD/C3L-00368-21.svs,True
C3L-05888,2,dataset_20x,/leonardo_work/CNHPC_2116672/CPTAC/dataset_20x/C3L-05888-41.tiff;/leonardo_work/CNHPC_2116672/CPTAC/dataset_20x/C3L-05888-42.tiff,True
C3N-01755,3,HNSCC,/leonardo_work/CNHPC_2116672/CPTAC/HNSCC/C3N-01755-22.svs;/leonardo_work/CNHPC_2116672/CPTAC/HNSCC/C3N-01755-23.svs;/leonardo_work/CNHPC_2116672/CPTAC/HNSCC/C3N-01755-21.svs,True
C3L-08634,0,,,False
C3N-01200,6,CCRCC,/leonardo_work/CNHPC_2116672/CPTAC/CCRCC/C3N-01200-23.svs;/leonardo_work/CNHPC_2116672/CPTAC/CCRCC/C3N-01200-24.svs;/leonardo_work/CNHPC_2116672/CPTAC/CCRCC/C3N-01200-26.svs;/leonardo_work/CNHPC_2116672/CPTAC/CCRCC/C3N-01200-22.svs;/leonardo_work/CNHPC_2116672/CPTAC/CCRCC/C3N-01200-25.svs;/leonardo_work/CNHPC_2116672/CPTAC/CCRCC/C3N-01200-21.svs,True
C3N-01489,6,LUAD,/leonardo_work/CNHPC_2116672/CPTAC/LUAD/C3N-01489-23.svs;/leonardo_work/CNHPC_2116672/CPTAC/LUAD/C3N-01489-27.svs;/leonardo_work/CNHPC_2116672/CPTAC/LUAD/C3N-01489-21.svs;/leonardo_work/CNHPC_2116672/CPTAC/LUAD/C3N-01489-22.svs;/leonardo_work/CNHPC_2116672/CPTAC/LUAD/C3N-01489-26.svs;/leonardo_work/CNHPC_2116672/CPTAC/LUAD/C3N-01489-24.svs,True
C3N-00573,6,CCRCC,/leonardo_work/CNHPC_2116672/CPTAC/CCRCC/C3N-00573-23.svs;/leonardo_work/CNHPC_2116672/CPTAC/CCRCC/C3N-00573-22.svs;/leonardo_work/CNHPC_2116672/CPTAC/CCRCC/C3N-00573-21.svs;/leonardo_work/CNHPC_2116672/CPTAC/CCRCC/C3N-00573-26.svs;/leonardo_work/CNHPC_2116672/CPTAC/CCRCC/C3N-00573-27.svs;/leonardo_work/CNHPC_2116672/CPTAC/CCRCC/C3N-00573-24.svs,True
C3L-01862,4,LUAD,/leonardo_work/CNHPC_2116672/CPTAC/LUAD/C3L-01862-21.svs;/leonardo_work/CNHPC_2116672/CPTAC/LUAD/C3L-01862-22.svs;/leonardo_work/CNHPC_2116672/CPTAC/LUAD/C3L-01862-26.svs;/leonardo_work/CNHPC_2116672/CPTAC/LUAD/C3L-01862-23.svs,True
C3L-02669,8,LSCC,/leonardo_work/CNHPC_2116672/CPTAC/LSCC/C3L-02669-21.svs;/leonardo_work/CNHPC_2116672/CPTAC/LSCC/C3L-02669-23.svs;/leonardo_work/CNHPC_2116672/CPTAC/LSCC/C3L-02669-27.svs;/leonardo_work/CNHPC_2116672/CPTAC/LSCC/C3L-02669-28.svs;/leonardo_work/CNHPC_2116672/CPTAC/LSCC/C3L-02669-26.svs;/leonardo_work/CNHPC_2116672/CPTAC/LSCC/C3L-02669-25.svs;/leonardo_work/CNHPC_2116672/CPTAC/LSCC/C3L-02669-24.svs;/leonardo_work/CNHPC_2116672/CPTAC/LSCC/C3L-02669-22.svs,True
C3L-04795,5,GBM,/leonardo_work/CNHPC_2116672/CPTAC/GBM/C3L-04795-23.svs;/leonardo_work/CNHPC_2116672/CPTAC/GBM/C3L-04795-22.svs;/leonardo_work/CNHPC_2116672/CPTAC/GBM/C3L-04795-25.svs;/leonardo_work/CNHPC_2116672/CPTAC/GBM/C3L-04795-21.svs;/leonardo_work/CNHPC_2116672/CPTAC/GBM/C3L-04795-24.svs,True
C3L-05877,0,,,False
C3N-02761,3,CCRCC,/leonardo_work/CNHPC_2116672/CPTAC/CCRCC/C3N-02761-22.svs;/leonardo_work/CNHPC_2116672/CPTAC/CCRCC/C3N-02761-21.svs;/leonardo_work/CNHPC_2116672/CPTAC/CCRCC/C3N-02761-23.svs,True
C3L-04505,1,dataset_20x,/leonardo_work/CNHPC_2116672/CPTAC/dataset_20x/C3L-04505-42.tiff,True
C3N-02723,4,CCRCC,/leonardo_work/CNHPC_2116672/CPTAC/CCRCC/C3N-02723-26.svs;/leonardo_work/CNHPC_2116672/CPTAC/CCRCC/C3N-02723-22.svs;/leonardo_work/CNHPC_2116672/CPTAC/CCRCC/C3N-02723-23.svs;/leonardo_work/CNHPC_2116672/CPTAC/CCRCC/C3N-02723-21.svs,True
C3N-02295,2,PDA,/leonardo_work/CNHPC_2116672/CPTAC/PDA/C3N-02295-21.svs;/leonardo_work/CNHPC_2116672/CPTAC/PDA/C3N-02295-24.svs,True
C3L-06072,0,,,False
C3L-02953,0,,,False
C3L-02951,3,LSCC,/leonardo_work/CNHPC_2116672/CPTAC/LSCC/C3L-02951-23.svs;/leonardo_work/CNHPC_2116672/CPTAC/LSCC/C3L-02951-22.svs;/leonardo_work/CNHPC_2116672/CPTAC/LSCC/C3L-02951-26.svs,True
C3L-06983,0,,,False
C3L-06075,0,,,False
C3N-02087,6,LUAD,/leonardo_work/CNHPC_2116672/CPTAC/LUAD/C3N-02087-27.svs;/leonardo_work/CNHPC_2116672/CPTAC/LUAD/C3N-02087-24.svs;/leonardo_work/CNHPC_2116672/CPTAC/LUAD/C3N-02087-21.svs;/leonardo_work/CNHPC_2116672/CPTAC/LUAD/C3N-02087-22.svs;/leonardo_work/CNHPC_2116672/CPTAC/LUAD/C3N-02087-26.svs;/leonardo_work/CNHPC_2116672/CPTAC/LUAD/C3N-02087-23.svs,True
C3N-02263,2,CCRCC,/leonardo_work/CNHPC_2116672/CPTAC/CCRCC/C3N-02263-21.svs;/leonardo_work/CNHPC_2116672/CPTAC/CCRCC/C3N-02263-26.svs,True
C3N-02784,3,GBM,/leonardo_work/CNHPC_2116672/CPTAC/GBM/C3N-02784-23.svs;/leonardo_work/CNHPC_2116672/CPTAC/GBM/C3N-02784-22.svs;/leonardo_work/CNHPC_2116672/CPTAC/GBM/C3N-02784-21.svs,True
C3L-02546,3,LSCC,/leonardo_work/CNHPC_2116672/CPTAC/LSCC/C3L-02546-21.svs;/leonardo_work/CNHPC_2116672/CPTAC/LSCC/C3L-02546-23.svs;/leonardo_work/CNHPC_2116672/CPTAC/LSCC/C3L-02546-26.svs,True
C3L-06766,0,,,False
C3L-05335,1,dataset_20x,/leonardo_work/CNHPC_2116672/CPTAC/dataset_20x/C3L-05335-42.tiff,True
C3L-01106,3,CCRCC,/leonardo_work/CNHPC_2116672/CPTAC/CCRCC/C3L-01106-21.svs;/leonardo_work/CNHPC_2116672/CPTAC/CCRCC/C3L-01106-22.svs;/leonardo_work/CNHPC_2116672/CPTAC/CCRCC/C3L-01106-26.svs,True
C3N-02632,0,,,False
C3N-00709,2,PDA,/leonardo_work/CNHPC_2116672/CPTAC/PDA/C3N-00709-21.svs;/leonardo_work/CNHPC_2116672/CPTAC/PDA/C3N-00709-26.svs,True
C3L-06459,0,,,False
C3L-00817,2,CCRCC,/leonardo_work/CNHPC_2116672/CPTAC/CCRCC/C3L-00817-22.svs;/leonardo_work/CNHPC_2116672/CPTAC/CCRCC/C3L-00817-21.svs,True
C3L-07622,0,,,False
C3L-08244,0,,,False
C3L-09082,0,,,False
C3L-02897,1,PDA,/leonardo_work/CNHPC_2116672/CPTAC/PDA/C3L-02897-21.svs,True
C3N-03764,2,LUAD,/leonardo_work/CNHPC_2116672/CPTAC/LUAD/C3N-03764-29.svs;/leonardo_work/CNHPC_2116672/CPTAC/LUAD/C3N-03764-22.svs,True
C3N-04695,0,,,False
C3L-08257,0,,,False
C3L-00183,6,CCRCC,/leonardo_work/CNHPC_2116672/CPTAC/CCRCC/C3L-00183-26.svs;/leonardo_work/CNHPC_2116672/CPTAC/CCRCC/C3L-00183-24.svs;/leonardo_work/CNHPC_2116672/CPTAC/CCRCC/C3L-00183-21.svs;/leonardo_work/CNHPC_2116672/CPTAC/CCRCC/C3L-00183-25.svs;/leonardo_work/CNHPC_2116672/CPTAC/CCRCC/C3L-00183-23.svs;/leonardo_work/CNHPC_2116672/CPTAC/CCRCC/C3L-00183-22.svs,True
C3L-06413,0,,,False
C3N-03183,3,GBM,/leonardo_work/CNHPC_2116672/CPTAC/GBM/C3N-03183-22.svs;/leonardo_work/CNHPC_2116672/CPTAC/GBM/C3N-03183-21.svs;/leonardo_work/CNHPC_2116672/CPTAC/GBM/C3N-03183-23.svs,True
C3N-04097,3,GBM,/leonardo_work/CNHPC_2116672/CPTAC/GBM/C3N-04097-22.svs;/leonardo_work/CNHPC_2116672/CPTAC/GBM/C3N-04097-21.svs;/leonardo_work/CNHPC_2116672/CPTAC/GBM/C3N-04097-23.svs,True
C3L-07544,0,,,False
C3N-00559,6,LUAD,/leonardo_work/CNHPC_2116672/CPTAC/LUAD/C3N-00559-22.svs;/leonardo_work/CNHPC_2116672/CPTAC/LUAD/C3N-00559-27.svs;/leonardo_work/CNHPC_2116672/CPTAC/LUAD/C3N-00559-26.svs;/leonardo_work/CNHPC_2116672/CPTAC/LUAD/C3N-00559-21.svs;/leonardo_work/CNHPC_2116672/CPTAC/LUAD/C3N-00559-23.svs;/leonardo_work/CNHPC_2116672/CPTAC/LUAD/C3N-00559-24.svs,True
C3L-03740,1,GBM,/leonardo_work/CNHPC_2116672/CPTAC/GBM/C3L-03740-21.svs,True
C3N-02786,3,GBM,/leonardo_work/CNHPC_2116672/CPTAC/GBM/C3N-02786-23.svs;/leonardo_work/CNHPC_2116672/CPTAC/GBM/C3N-02786-21.svs;/leonardo_work/CNHPC_2116672/CPTAC/GBM/C3N-02786-22.svs,True
C3L-06474,0,,,False
C3N-03057,3,LUAD,/leonardo_work/CNHPC_2116672/CPTAC/LUAD/C3N-03057-21.svs;/leonardo_work/CNHPC_2116672/CPTAC/LUAD/C3N-03057-23.svs;/leonardo_work/CNHPC_2116672/CPTAC/LUAD/C3N-03057-22.svs,True
C3L-07542,0,,,False
C3N-02015,4,CCRCC,/leonardo_work/CNHPC_2116672/CPTAC/CCRCC/C3N-02015-22.svs;/leonardo_work/CNHPC_2116672/CPTAC/CCRCC/C3N-02015-21.svs;/leonardo_work/CNHPC_2116672/CPTAC/CCRCC/C3N-02015-26.svs;/leonardo_work/CNHPC_2116672/CPTAC/CCRCC/C3N-02015-23.svs,True
11LU013,0,,,False
C3N-03929,4,LUAD,/leonardo_work/CNHPC_2116672/CPTAC/LUAD/C3N-03929-22.svs;/leonardo_work/CNHPC_2116672/CPTAC/LUAD/C3N-03929-26.svs;/leonardo_work/CNHPC_2116672/CPTAC/LUAD/C3N-03929-21.svs;/leonardo_work/CNHPC_2116672/CPTAC/LUAD/C3N-03929-23.svs,True
C3L-02348,3,LUAD,/leonardo_work/CNHPC_2116672/CPTAC/LUAD/C3L-02348-26.svs;/leonardo_work/CNHPC_2116672/CPTAC/LUAD/C3L-02348-21.svs;/leonardo_work/CNHPC_2116672/CPTAC/LUAD/C3L-02348-22.svs,True
C3L-03467,0,,,False
C3L-01632,4,LUAD,/leonardo_work/CNHPC_2116672/CPTAC/LUAD/C3L-01632-23.svs;/leonardo_work/CNHPC_2116672/CPTAC/LUAD/C3L-01632-26.svs;/leonardo_work/CNHPC_2116672/CPTAC/LUAD/C3L-01632-21.svs;/leonardo_work/CNHPC_2116672/CPTAC/LUAD/C3L-01632-22.svs,True
C3L-03589,0,,,False
C3N-00729,0,,,False
C3L-00444,6,LUAD,/leonardo_work/CNHPC_2116672/CPTAC/LUAD/C3L-00444-21.svs;/leonardo_work/CNHPC_2116672/CPTAC/LUAD/C3L-00444-22.svs;/leonardo_work/CNHPC_2116672/CPTAC/LUAD/C3L-00444-23.svs;/leonardo_work/CNHPC_2116672/CPTAC/LUAD/C3L-00444-27.svs;/leonardo_work/CNHPC_2116672/CPTAC/LUAD/C3L-00444-28.svs;/leonardo_work/CNHPC_2116672/CPTAC/LUAD/C3L-00444-26.svs,True
C3N-03093,6,LSCC,/leonardo_work/CNHPC_2116672/CPTAC/LSCC/C3N-03093-22.svs;/leonardo_work/CNHPC_2116672/CPTAC/LSCC/C3N-03093-23.svs;/leonardo_work/CNHPC_2116672/CPTAC/LSCC/C3N-03093-25.svs;/leonardo_work/CNHPC_2116672/CPTAC/LSCC/C3N-03093-26.svs;/leonardo_work/CNHPC_2116672/CPTAC/LSCC/C3N-03093-24.svs;/leonardo_work/CNHPC_2116672/CPTAC/LSCC/C3N-03093-21.svs,True
C3N-03449,1,GBM,/leonardo_work/CNHPC_2116672/CPTAC/GBM/C3N-03449-21.svs,True
C3L-01252,0,,,False
C3N-04113,3,GBM,/leonardo_work/CNHPC_2116672/CPTAC/GBM/C3N-04113-21.svs;/leonardo_work/CNHPC_2116672/CPTAC/GBM/C3N-04113-23.svs;/leonardo_work/CNHPC_2116672/CPTAC/GBM/C3N-04113-22.svs,True
C3N-02158,6,LUAD,/leonardo_work/CNHPC_2116672/CPTAC/LUAD/C3N-02158-22.svs;/leonardo_work/CNHPC_2116672/CPTAC/LUAD/C3N-02158-23.svs;/leonardo_work/CNHPC_2116672/CPTAC/LUAD/C3N-02158-21.svs;/leonardo_work/CNHPC_2116672/CPTAC/LUAD/C3N-02158-27.svs;/leonardo_work/CNHPC_2116672/CPTAC/LUAD/C3N-02158-24.svs;/leonardo_work/CNHPC_2116672/CPTAC/LUAD/C3N-02158-26.svs,True
C3L-00605,0,,,False
C3L-01295,1,dataset_20x,/leonardo_work/CNHPC_2116672/CPTAC/dataset_20x/C3L-01295-41.tiff,True
C3N-03484,2,GBM,/leonardo_work/CNHPC_2116672/CPTAC/GBM/C3N-03484-22.svs;/leonardo_work/CNHPC_2116672/CPTAC/GBM/C3N-03484-21.svs,True
C3N-01088,6,CCRCC,/leonardo_work/CNHPC_2116672/CPTAC/CCRCC/C3N-01088-22.svs;/leonardo_work/CNHPC_2116672/CPTAC/CCRCC/C3N-01088-21.svs;/leonardo_work/CNHPC_2116672/CPTAC/CCRCC/C3N-01088-26.svs;/leonardo_work/CNHPC_2116672/CPTAC/CCRCC/C3N-01088-27.svs;/leonardo_work/CNHPC_2116672/CPTAC/CCRCC/C3N-01088-24.svs;/leonardo_work/CNHPC_2116672/CPTAC/CCRCC/C3N-01088-23.svs,True
C3L-03372,2,GBM,/leonardo_work/CNHPC_2116672/CPTAC/GBM/C3L-03372-22.svs;/leonardo_work/CNHPC_2116672/CPTAC/GBM/C3L-03372-24.svs,True
C3L-07546,0,,,False
C3N-02289,2,LSCC,/leonardo_work/CNHPC_2116672/CPTAC/LSCC/C3N-02289-29.svs;/leonardo_work/CNHPC_2116672/CPTAC/LSCC/C3N-02289-26.svs,True
C3L-00910,3,CCRCC,/leonardo_work/CNHPC_2116672/CPTAC/CCRCC/C3L-00910-22.svs;/leonardo_work/CNHPC_2116672/CPTAC/CCRCC/C3L-00910-21.svs;/leonardo_work/CNHPC_2116672/CPTAC/CCRCC/C3L-00910-26.svs,True
C3N-02274,0,,,False
C3N-03007,1,PDA,/leonardo_work/CNHPC_2116672/CPTAC/PDA/C3N-03007-22.svs,True
C3L-03743,6,PDA,/leonardo_work/CNHPC_2116672/CPTAC/PDA/C3L-03743-21.svs;/leonardo_work/CNHPC_2116672/CPTAC/PDA/C3L-03743-23.svs;/leonardo_work/CNHPC_2116672/CPTAC/PDA/C3L-03743-22.svs;/leonardo_work/CNHPC_2116672/CPTAC/PDA/C3L-03743-25.svs;/leonardo_work/CNHPC_2116672/CPTAC/PDA/C3L-03743-24.svs;/leonardo_work/CNHPC_2116672/CPTAC/PDA/C3L-03743-26.svs,True
C3L-08974,0,,,False
C3L-07614,0,,,False
C3N-01654,3,CCRCC,/leonardo_work/CNHPC_2116672/CPTAC/CCRCC/C3N-01654-21.svs;/leonardo_work/CNHPC_2116672/CPTAC/CCRCC/C3N-01654-22.svs;/leonardo_work/CNHPC_2116672/CPTAC/CCRCC/C3N-01654-29.svs,True
C3L-06981,0,,,False
C3N-03877,3,LSCC,/leonardo_work/CNHPC_2116672/CPTAC/LSCC/C3N-03877-23.svs;/leonardo_work/CNHPC_2116672/CPTAC/LSCC/C3N-03877-22.svs;/leonardo_work/CNHPC_2116672/CPTAC/LSCC/C3N-03877-21.svs,True
C3L-01247,0,,,False
C3L-00791,2,CCRCC,/leonardo_work/CNHPC_2116672/CPTAC/CCRCC/C3L-00791-22.svs;/leonardo_work/CNHPC_2116672/CPTAC/CCRCC/C3L-00791-21.svs,True
C3L-02559,2,LUAD,/leonardo_work/CNHPC_2116672/CPTAC/LUAD/C3L-02559-26.svs;/leonardo_work/CNHPC_2116672/CPTAC/LUAD/C3L-02559-21.svs,True
C3L-04475,4,PDA,/leonardo_work/CNHPC_2116672/CPTAC/PDA/C3L-04475-21.svs;/leonardo_work/CNHPC_2116672/CPTAC/PDA/C3L-04475-23.svs;/leonardo_work/CNHPC_2116672/CPTAC/PDA/C3L-04475-22.svs;/leonardo_work/CNHPC_2116672/CPTAC/PDA/C3L-04475-24.svs,True
C3N-01849,4,GBM,/leonardo_work/CNHPC_2116672/CPTAC/GBM/C3N-01849-22.svs;/leonardo_work/CNHPC_2116672/CPTAC/GBM/C3N-01849-24.svs;/leonardo_work/CNHPC_2116672/CPTAC/GBM/C3N-01849-23.svs;/leonardo_work/CNHPC_2116672/CPTAC/GBM/C3N-01849-21.svs,True
C3L-01257,0,,,False
