Case ID,fold,split
TCGA-02-0016,1,train
TCGA-02-0033,1,train
TCGA-02-0038,1,train
TCGA-05-4245,1,train
TCGA-05-4249,1,train
TCGA-05-4250,1,train
TCGA-05-4382,1,train
TCGA-05-4395,1,train
TCGA-05-4396,1,train
TCGA-05-4397,1,train
TCGA-05-4398,1,train
TCGA-05-4402,1,train
TCGA-05-4418,1,train
TCGA-05-4420,1,train
TCGA-05-4422,1,train
TCGA-05-4426,1,train
TCGA-05-4430,1,train
TCGA-05-4432,1,train
TCGA-05-4433,1,train
TCGA-05-4434,1,train
TCGA-06-0124,1,train
TCGA-06-0126,1,train
TCGA-06-0128,1,train
TCGA-06-0138,1,train
TCGA-06-0139,1,train
TCGA-06-0141,1,train
TCGA-06-0145,1,train
TCGA-06-0152,1,train
TCGA-06-0157,1,train
TCGA-06-0158,1,train
TCGA-06-0166,1,train
TCGA-06-0169,1,train
TCGA-06-0171,1,train
TCGA-06-0174,1,train
TCGA-06-0176,1,train
TCGA-06-0184,1,train
TCGA-06-0185,1,train
TCGA-06-0188,1,train
TCGA-06-0192,1,train
TCGA-06-0208,1,train
TCGA-06-0210,1,train
TCGA-06-0211,1,train
TCGA-06-0214,1,train
TCGA-06-0216,1,train
TCGA-06-0221,1,train
TCGA-06-0238,1,train
TCGA-06-0644,1,train
TCGA-06-0645,1,train
TCGA-06-0646,1,train
TCGA-06-0649,1,train
TCGA-06-0686,1,train
TCGA-06-0743,1,train
TCGA-06-0744,1,train
TCGA-06-0745,1,train
TCGA-06-0747,1,train
TCGA-06-0749,1,train
TCGA-06-0750,1,train
TCGA-06-0875,1,train
TCGA-06-0877,1,train
TCGA-06-0878,1,train
TCGA-06-0879,1,train
TCGA-06-0881,1,train
TCGA-06-0882,1,train
TCGA-06-1084,1,train
TCGA-06-1086,1,train
TCGA-06-1087,1,train
TCGA-06-1801,1,train
TCGA-06-1802,1,train
TCGA-06-1805,1,train
TCGA-06-5408,1,train
TCGA-06-5410,1,train
TCGA-06-5411,1,train
TCGA-06-5412,1,train
TCGA-06-5413,1,train
TCGA-06-5414,1,train
TCGA-06-5415,1,train
TCGA-06-5416,1,train
TCGA-06-5418,1,train
TCGA-06-5856,1,train
TCGA-06-5859,1,train
TCGA-06-6388,1,train
TCGA-06-6390,1,train
TCGA-06-6391,1,train
TCGA-12-0618,1,train
TCGA-12-0619,1,train
TCGA-12-0688,1,train
TCGA-12-0692,1,train
TCGA-12-0707,1,train
TCGA-12-0820,1,train
TCGA-12-0821,1,train
TCGA-12-1088,1,train
TCGA-12-1089,1,train
TCGA-12-1093,1,train
TCGA-12-1598,1,train
TCGA-12-1599,1,train
TCGA-12-1600,1,train
TCGA-12-1602,1,train
TCGA-12-3646,1,train
TCGA-12-3649,1,train
TCGA-12-3650,1,train
TCGA-12-3651,1,train
TCGA-12-3652,1,train
TCGA-12-3653,1,train
TCGA-13-A5FT,1,train
TCGA-13-A5FU,1,train
TCGA-14-0786,1,train
TCGA-14-0787,1,train
TCGA-14-0789,1,train
TCGA-14-0813,1,train
TCGA-14-0817,1,train
TCGA-14-0867,1,train
TCGA-14-0871,1,train
TCGA-14-1034,1,train
TCGA-14-1396,1,train
TCGA-14-1401,1,train
TCGA-14-1455,1,train
TCGA-14-1458,1,train
TCGA-14-1459,1,train
TCGA-14-1795,1,train
TCGA-14-1821,1,train
TCGA-14-1825,1,train
TCGA-19-0955,1,train
TCGA-19-1390,1,train
TCGA-19-1787,1,train
TCGA-19-1788,1,train
TCGA-19-1790,1,train
TCGA-19-1791,1,train
TCGA-19-2620,1,train
TCGA-19-2621,1,train
TCGA-19-2623,1,train
TCGA-19-2624,1,train
TCGA-19-2625,1,train
TCGA-19-2631,1,train
TCGA-19-4065,1,train
TCGA-19-4068,1,train
TCGA-19-5950,1,train
TCGA-19-5951,1,train
TCGA-19-5952,1,train
TCGA-19-5953,1,train
TCGA-19-5954,1,train
TCGA-19-5956,1,train
TCGA-19-5959,1,train
TCGA-19-5960,1,train
TCGA-19-A60I,1,train
TCGA-19-A6J4,1,train
TCGA-19-A6J5,1,train
TCGA-21-1081,1,train
TCGA-21-1082,1,train
TCGA-21-5782,1,train
TCGA-21-5783,1,train
TCGA-21-5784,1,train
TCGA-21-5786,1,train
TCGA-21-5787,1,train
TCGA-21-A5DI,1,train
TCGA-23-1027,1,train
TCGA-23-1029,1,train
TCGA-23-1109,1,train
TCGA-23-1113,1,train
TCGA-23-1114,1,train
TCGA-23-1116,1,train
TCGA-23-1117,1,train
TCGA-23-1118,1,train
TCGA-23-1119,1,train
TCGA-23-1121,1,train
TCGA-23-1809,1,train
TCGA-23-2072,1,train
TCGA-23-2077,1,train
TCGA-23-2078,1,train
TCGA-23-2081,1,train
TCGA-23-2084,1,train
TCGA-23-2641,1,train
TCGA-25-1313,1,train
TCGA-25-1315,1,train
TCGA-25-1316,1,train
TCGA-25-1317,1,train
TCGA-25-1321,1,train
TCGA-25-1322,1,train
TCGA-25-1323,1,train
TCGA-25-1324,1,train
TCGA-25-1625,1,train
TCGA-25-1626,1,train
TCGA-25-1628,1,train
TCGA-25-1631,1,train
TCGA-25-1632,1,train
TCGA-25-1633,1,train
TCGA-25-1635,1,train
TCGA-25-1870,1,train
TCGA-25-1871,1,train
TCGA-25-2390,1,train
TCGA-25-2393,1,train
TCGA-25-2396,1,train
TCGA-25-2397,1,train
TCGA-25-2399,1,train
TCGA-25-2400,1,train
TCGA-25-2401,1,train
TCGA-25-2404,1,train
TCGA-25-2408,1,train
TCGA-26-1439,1,train
TCGA-26-1440,1,train
TCGA-26-1443,1,train
TCGA-26-5133,1,train
TCGA-26-5135,1,train
TCGA-26-5136,1,train
TCGA-26-A7UX,1,train
TCGA-27-1830,1,train
TCGA-27-1832,1,train
TCGA-27-1833,1,train
TCGA-27-1834,1,train
TCGA-27-1835,1,train
TCGA-27-1837,1,train
TCGA-27-1838,1,train
TCGA-27-2518,1,train
TCGA-27-2519,1,train
TCGA-27-2521,1,train
TCGA-27-2523,1,train
TCGA-28-1745,1,train
TCGA-28-1746,1,train
TCGA-28-1750,1,train
TCGA-28-1751,1,train
TCGA-28-1752,1,train
TCGA-28-1755,1,train
TCGA-28-1757,1,train
TCGA-2A-A8VL,1,train
TCGA-2A-A8VO,1,train
TCGA-2A-A8VT,1,train
TCGA-2A-A8VV,1,train
TCGA-2A-A8W3,1,train
TCGA-2A-AAYF,1,train
TCGA-2A-AAYO,1,train
TCGA-2A-AAYU,1,train
TCGA-2E-A9G8,1,train
TCGA-2F-A9KP,1,train
TCGA-2F-A9KQ,1,train
TCGA-2F-A9KR,1,train
TCGA-2F-A9KT,1,train
TCGA-2F-A9KW,1,train
TCGA-2G-AAEW,1,train
TCGA-2G-AAEX,1,train
TCGA-2G-AAF1,1,train
TCGA-2G-AAF4,1,train
TCGA-2G-AAF6,1,train
TCGA-2G-AAF8,1,train
TCGA-2G-AAFG,1,train
TCGA-2G-AAFI,1,train
TCGA-2G-AAFJ,1,train
TCGA-2G-AAFL,1,train
TCGA-2G-AAFM,1,train
TCGA-2G-AAFN,1,train
TCGA-2G-AAFO,1,train
TCGA-2G-AAFZ,1,train
TCGA-2G-AAG0,1,train
TCGA-2G-AAG3,1,train
TCGA-2G-AAG7,1,train
TCGA-2G-AAG9,1,train
TCGA-2G-AAGA,1,train
TCGA-2G-AAGC,1,train
TCGA-2G-AAGF,1,train
TCGA-2G-AAGG,1,train
TCGA-2G-AAGI,1,train
TCGA-2G-AAGJ,1,train
TCGA-2G-AAGK,1,train
TCGA-2G-AAGM,1,train
TCGA-2G-AAGN,1,train
TCGA-2G-AAGO,1,train
TCGA-2G-AAGP,1,train
TCGA-2G-AAGT,1,train
TCGA-2G-AAGV,1,train
TCGA-2G-AAGX,1,train
TCGA-2G-AAGY,1,train
TCGA-2G-AAGZ,1,train
TCGA-2G-AAH2,1,train
TCGA-2G-AAH4,1,train
TCGA-2G-AAH8,1,train
TCGA-2G-AAHA,1,train
TCGA-2G-AAHN,1,train
TCGA-2G-AAHT,1,train
TCGA-2G-AAKD,1,train
TCGA-2G-AAKG,1,train
TCGA-2G-AAKL,1,train
TCGA-2G-AAKO,1,train
TCGA-2G-AAL5,1,train
TCGA-2G-AAL7,1,train
TCGA-2G-AALF,1,train
TCGA-2G-AALN,1,train
TCGA-2G-AALO,1,train
TCGA-2G-AALP,1,train
TCGA-2G-AALR,1,train
TCGA-2G-AALS,1,train
TCGA-2G-AALT,1,train
TCGA-2G-AALX,1,train
TCGA-2G-AALZ,1,train
TCGA-2G-AAM2,1,train
TCGA-2G-AAM3,1,train
TCGA-2J-AAB1,1,train
TCGA-2J-AAB4,1,train
TCGA-2J-AAB6,1,train
TCGA-2J-AAB8,1,train
TCGA-2J-AABA,1,train
TCGA-2J-AABE,1,train
TCGA-2J-AABF,1,train
TCGA-2J-AABH,1,train
TCGA-2J-AABI,1,train
TCGA-2J-AABO,1,train
TCGA-2J-AABP,1,train
TCGA-2J-AABU,1,train
TCGA-2J-AABV,1,train
TCGA-2L-AAQE,1,train
TCGA-2L-AAQI,1,train
TCGA-2L-AAQJ,1,train
TCGA-2L-AAQL,1,train
TCGA-2L-AAQM,1,train
TCGA-2W-A8YY,1,train
TCGA-2X-A9D5,1,train
TCGA-2X-A9D6,1,train
TCGA-2Y-A9GS,1,train
TCGA-2Y-A9GT,1,train
TCGA-2Y-A9GU,1,train
TCGA-2Y-A9GV,1,train
TCGA-2Y-A9GX,1,train
TCGA-2Y-A9GY,1,train
TCGA-2Y-A9H0,1,train
TCGA-2Y-A9H2,1,train
TCGA-2Y-A9H3,1,train
TCGA-2Y-A9H4,1,train
TCGA-2Y-A9H6,1,train
TCGA-2Y-A9H7,1,train
TCGA-2Y-A9H8,1,train
TCGA-2Y-A9H9,1,train
TCGA-2Y-A9HA,1,train
TCGA-2Y-A9HB,1,train
TCGA-2Z-A9J3,1,train
TCGA-2Z-A9J5,1,train
TCGA-2Z-A9J6,1,train
TCGA-2Z-A9J7,1,train
TCGA-2Z-A9J8,1,train
TCGA-2Z-A9J9,1,train
TCGA-2Z-A9JD,1,train
TCGA-2Z-A9JE,1,train
TCGA-2Z-A9JG,1,train
TCGA-2Z-A9JI,1,train
TCGA-2Z-A9JJ,1,train
TCGA-2Z-A9JL,1,train
TCGA-2Z-A9JM,1,train
TCGA-2Z-A9JN,1,train
TCGA-2Z-A9JO,1,train
TCGA-2Z-A9JP,1,train
TCGA-2Z-A9JQ,1,train
TCGA-2Z-A9JR,1,train
TCGA-2Z-A9JS,1,train
TCGA-33-A5GW,1,train
TCGA-34-5232,1,train
TCGA-34-5240,1,train
TCGA-34-5241,1,train
TCGA-34-7107,1,train
TCGA-34-8455,1,train
TCGA-35-4122,1,train
TCGA-35-5375,1,train
TCGA-37-3783,1,train
TCGA-37-3792,1,train
TCGA-37-4130,1,train
TCGA-37-4132,1,train
TCGA-37-4135,1,train
TCGA-37-4141,1,train
TCGA-37-5819,1,train
TCGA-37-A5EL,1,train
TCGA-37-A5EN,1,train
TCGA-38-7271,1,train
TCGA-3A-A9I5,1,train
TCGA-3A-A9I9,1,train
TCGA-3A-A9IB,1,train
TCGA-3A-A9IC,1,train
TCGA-3A-A9IH,1,train
TCGA-3A-A9IN,1,train
TCGA-3A-A9IO,1,train
TCGA-3A-A9IR,1,train
TCGA-3A-A9IS,1,train
TCGA-3A-A9IU,1,train
TCGA-3A-A9IV,1,train
TCGA-3A-A9IX,1,train
TCGA-3A-A9J0,1,train
TCGA-3B-A9HI,1,train
TCGA-3B-A9HJ,1,train
TCGA-3B-A9HL,1,train
TCGA-3B-A9HO,1,train
TCGA-3B-A9HQ,1,train
TCGA-3B-A9HR,1,train
TCGA-3B-A9HS,1,train
TCGA-3B-A9HT,1,train
TCGA-3B-A9HU,1,train
TCGA-3B-A9HV,1,train
TCGA-3B-A9I0,1,train
TCGA-3C-AALJ,1,train
TCGA-3C-AALK,1,train
TCGA-3E-AAAY,1,train
TCGA-3E-AAAZ,1,train
TCGA-3H-AB3L,1,train
TCGA-3H-AB3M,1,train
TCGA-3H-AB3O,1,train
TCGA-3H-AB3S,1,train
TCGA-3H-AB3U,1,train
TCGA-3M-AB47,1,train
TCGA-3P-A9WA,1,train
TCGA-3Q-A9WF,1,train
TCGA-3R-A8YX,1,train
TCGA-3S-A8YW,1,train
TCGA-3S-AAYX,1,train
TCGA-3T-AA9L,1,train
TCGA-3U-A98E,1,train
TCGA-3U-A98F,1,train
TCGA-3U-A98G,1,train
TCGA-3U-A98H,1,train
TCGA-3U-A98I,1,train
TCGA-3Z-A93Z,1,train
TCGA-41-2571,1,train
TCGA-41-2573,1,train
TCGA-41-2575,1,train
TCGA-41-4097,1,train
TCGA-41-5651,1,train
TCGA-42-2588,1,train
TCGA-42-2589,1,train
TCGA-42-2590,1,train
TCGA-42-2593,1,train
TCGA-43-5668,1,train
TCGA-43-6143,1,train
TCGA-43-6647,1,train
TCGA-43-6770,1,train
TCGA-43-7656,1,train
TCGA-43-7657,1,train
TCGA-43-8115,1,train
TCGA-43-A56U,1,train
TCGA-44-2655,1,train
TCGA-44-2661,1,train
TCGA-44-2665,1,train
TCGA-44-3396,1,train
TCGA-44-3398,1,train
TCGA-44-3919,1,train
TCGA-44-4112,1,train
TCGA-44-5643,1,train
TCGA-44-6144,1,train
TCGA-44-6145,1,train
TCGA-44-6146,1,train
TCGA-44-6774,1,train
TCGA-44-6776,1,train
TCGA-44-6778,1,train
TCGA-44-7659,1,train
TCGA-44-7660,1,train
TCGA-44-7662,1,train
TCGA-44-7669,1,train
TCGA-44-7670,1,train
TCGA-44-A47F,1,train
TCGA-44-A4SS,1,train
TCGA-46-3765,1,train
TCGA-46-3766,1,train
TCGA-46-3767,1,train
TCGA-46-3768,1,train
TCGA-46-6026,1,train
TCGA-49-4487,1,train
TCGA-49-6743,1,train
TCGA-4A-A93X,1,train
TCGA-4A-A93Y,1,train
TCGA-4B-A93V,1,train
TCGA-4C-A93U,1,train
TCGA-4E-A92E,1,train
TCGA-4J-AA1J,1,train
TCGA-4K-AA1G,1,train
TCGA-4K-AA1I,1,train
TCGA-4K-AAAL,1,train
TCGA-4L-AA1F,1,train
TCGA-4P-AA8J,1,train
TCGA-4V-A9QI,1,train
TCGA-4V-A9QM,1,train
TCGA-4V-A9QN,1,train
TCGA-4V-A9QQ,1,train
TCGA-4V-A9QS,1,train
TCGA-4V-A9QT,1,train
TCGA-4V-A9QW,1,train
TCGA-4V-A9QX,1,train
TCGA-4W-AA9R,1,train
TCGA-4W-AA9S,1,train
TCGA-4X-A9F9,1,train
TCGA-4X-A9FA,1,train
TCGA-4X-A9FB,1,train
TCGA-4X-A9FC,1,train
TCGA-4X-A9FD,1,train
TCGA-4Z-AA7N,1,train
TCGA-4Z-AA7W,1,train
TCGA-4Z-AA7Y,1,train
TCGA-4Z-AA80,1,train
TCGA-4Z-AA81,1,train
TCGA-4Z-AA82,1,train
TCGA-4Z-AA83,1,train
TCGA-4Z-AA84,1,train
TCGA-4Z-AA86,1,train
TCGA-4Z-AA87,1,train
TCGA-4Z-AA89,1,train
TCGA-50-5044,1,train
TCGA-50-5931,1,train
TCGA-50-5939,1,train
TCGA-50-5946,1,train
TCGA-52-7622,1,train
TCGA-52-7809,1,train
TCGA-52-7810,1,train
TCGA-52-7811,1,train
TCGA-52-7812,1,train
TCGA-53-7624,1,train
TCGA-53-7626,1,train
TCGA-53-A4EZ,1,train
TCGA-55-5899,1,train
TCGA-55-6543,1,train
TCGA-55-6712,1,train
TCGA-55-6969,1,train
TCGA-55-6987,1,train
TCGA-55-7281,1,train
TCGA-55-7284,1,train
TCGA-55-7570,1,train
TCGA-55-7573,1,train
TCGA-55-7574,1,train
TCGA-55-7576,1,train
TCGA-55-7724,1,train
TCGA-55-8085,1,train
TCGA-55-8089,1,train
TCGA-55-8090,1,train
TCGA-55-8091,1,train
TCGA-55-8203,1,train
TCGA-55-8204,1,train
TCGA-55-8507,1,train
TCGA-55-8510,1,train
TCGA-55-8614,1,train
TCGA-55-8616,1,train
TCGA-55-8619,1,train
TCGA-55-A48X,1,train
TCGA-55-A48Y,1,train
TCGA-55-A492,1,train
TCGA-55-A493,1,train
TCGA-55-A4DF,1,train
TCGA-56-5897,1,train
TCGA-56-5898,1,train
TCGA-56-6545,1,train
TCGA-56-7221,1,train
TCGA-56-7223,1,train
TCGA-56-7580,1,train
TCGA-56-7582,1,train
TCGA-56-7731,1,train
TCGA-56-7822,1,train
TCGA-56-8082,1,train
TCGA-56-8304,1,train
TCGA-56-8307,1,train
TCGA-56-8308,1,train
TCGA-56-8309,1,train
TCGA-56-8503,1,train
TCGA-56-8504,1,train
TCGA-56-8623,1,train
TCGA-56-8624,1,train
TCGA-56-8626,1,train
TCGA-56-8629,1,train
TCGA-56-A4BX,1,train
TCGA-56-A4BY,1,train
TCGA-56-A4ZJ,1,train
TCGA-58-A46J,1,train
TCGA-58-A46L,1,train
TCGA-58-A46M,1,train
TCGA-58-A46N,1,train
TCGA-5B-A90C,1,train
TCGA-5C-A9VG,1,train
TCGA-5C-A9VH,1,train
TCGA-5C-AAPD,1,train
TCGA-5G-A9ZZ,1,train
TCGA-5K-AAAP,1,train
TCGA-5L-AAT0,1,train
TCGA-5L-AAT1,1,train
TCGA-5M-AAT6,1,train
TCGA-5M-AATE,1,train
TCGA-5N-A9KI,1,train
TCGA-5N-A9KM,1,train
TCGA-5P-A9JY,1,train
TCGA-5P-A9JZ,1,train
TCGA-5P-A9K0,1,train
TCGA-5P-A9K2,1,train
TCGA-5P-A9K3,1,train
TCGA-5P-A9K4,1,train
TCGA-5P-A9K8,1,train
TCGA-5P-A9K9,1,train
TCGA-5P-A9KC,1,train
TCGA-5P-A9KF,1,train
TCGA-5P-A9KH,1,train
TCGA-5R-AA1C,1,train
TCGA-5R-AA1D,1,train
TCGA-5R-AAAM,1,train
TCGA-5S-A9Q8,1,train
TCGA-5U-AB0D,1,train
TCGA-62-A46O,1,train
TCGA-62-A46P,1,train
TCGA-62-A470,1,train
TCGA-63-5131,1,train
TCGA-63-6202,1,train
TCGA-63-7020,1,train
TCGA-63-7021,1,train
TCGA-63-7022,1,train
TCGA-63-7023,1,train
TCGA-63-A5M9,1,train
TCGA-63-A5MB,1,train
TCGA-63-A5MG,1,train
TCGA-63-A5MI,1,train
TCGA-63-A5ML,1,train
TCGA-63-A5MR,1,train
TCGA-63-A5MS,1,train
TCGA-63-A5MT,1,train
TCGA-63-A5MU,1,train
TCGA-63-A5MV,1,train
TCGA-63-A5MW,1,train
TCGA-63-A5MY,1,train
TCGA-64-1678,1,train
TCGA-64-5774,1,train
TCGA-64-5775,1,train
TCGA-64-5778,1,train
TCGA-64-5779,1,train
TCGA-64-5781,1,train
TCGA-64-5815,1,train
TCGA-67-3771,1,train
TCGA-67-6215,1,train
TCGA-67-6217,1,train
TCGA-68-7755,1,train
TCGA-68-7756,1,train
TCGA-68-7757,1,train
TCGA-68-8250,1,train
TCGA-68-8251,1,train
TCGA-68-A59J,1,train
TCGA-69-7978,1,train
TCGA-69-8255,1,train
TCGA-6D-AA2E,1,train
TCGA-70-6723,1,train
TCGA-73-4670,1,train
TCGA-73-A9RS,1,train
TCGA-75-5122,1,train
TCGA-75-5125,1,train
TCGA-75-5126,1,train
TCGA-75-5146,1,train
TCGA-75-5147,1,train
TCGA-75-6203,1,train
TCGA-75-6205,1,train
TCGA-75-6206,1,train
TCGA-75-6212,1,train
TCGA-75-6214,1,train
TCGA-75-7031,1,train
TCGA-77-6843,1,train
TCGA-77-6844,1,train
TCGA-77-6845,1,train
TCGA-77-7138,1,train
TCGA-77-7139,1,train
TCGA-77-7140,1,train
TCGA-77-7142,1,train
TCGA-77-7463,1,train
TCGA-77-7465,1,train
TCGA-77-8128,1,train
TCGA-77-8130,1,train
TCGA-77-8131,1,train
TCGA-77-8136,1,train
TCGA-77-8138,1,train
TCGA-77-8139,1,train
TCGA-77-8144,1,train
TCGA-77-8146,1,train
TCGA-77-8154,1,train
TCGA-77-A5FZ,1,train
TCGA-77-A5G1,1,train
TCGA-77-A5G3,1,train
TCGA-77-A5G6,1,train
TCGA-77-A5GA,1,train
TCGA-77-A5GB,1,train
TCGA-77-A5GF,1,train
TCGA-78-7146,1,train
TCGA-78-7148,1,train
TCGA-78-7149,1,train
TCGA-78-7150,1,train
TCGA-78-7152,1,train
TCGA-78-7156,1,train
TCGA-78-7158,1,train
TCGA-78-7159,1,train
TCGA-78-7161,1,train
TCGA-78-7535,1,train
TCGA-78-7536,1,train
TCGA-78-8640,1,train
TCGA-78-8660,1,train
TCGA-79-5596,1,train
TCGA-80-5608,1,train
TCGA-81-5910,1,train
TCGA-81-5911,1,train
TCGA-83-5908,1,train
TCGA-85-6175,1,train
TCGA-85-6560,1,train
TCGA-85-6561,1,train
TCGA-85-6798,1,train
TCGA-85-7696,1,train
TCGA-85-7697,1,train
TCGA-85-7698,1,train
TCGA-85-7699,1,train
TCGA-85-7710,1,train
TCGA-85-7843,1,train
TCGA-85-7844,1,train
TCGA-85-7950,1,train
TCGA-85-8048,1,train
TCGA-85-8049,1,train
TCGA-85-8052,1,train
TCGA-85-8070,1,train
TCGA-85-8071,1,train
TCGA-85-8276,1,train
TCGA-85-8287,1,train
TCGA-85-8288,1,train
TCGA-85-8350,1,train
TCGA-85-8351,1,train
TCGA-85-8352,1,train
TCGA-85-8354,1,train
TCGA-85-8355,1,train
TCGA-85-8479,1,train
TCGA-85-8580,1,train
TCGA-85-8584,1,train
TCGA-85-8664,1,train
TCGA-85-8666,1,train
TCGA-85-A4CN,1,train
TCGA-85-A4JB,1,train
TCGA-85-A4JC,1,train
TCGA-85-A4QQ,1,train
TCGA-85-A4QR,1,train
TCGA-85-A50M,1,train
TCGA-85-A510,1,train
TCGA-85-A511,1,train
TCGA-85-A512,1,train
TCGA-85-A513,1,train
TCGA-85-A53L,1,train
TCGA-86-6562,1,train
TCGA-86-6851,1,train
TCGA-86-7711,1,train
TCGA-86-7953,1,train
TCGA-86-7954,1,train
TCGA-86-7955,1,train
TCGA-86-8073,1,train
TCGA-86-8076,1,train
TCGA-86-8278,1,train
TCGA-86-8358,1,train
TCGA-86-8585,1,train
TCGA-86-8669,1,train
TCGA-86-8671,1,train
TCGA-86-8672,1,train
TCGA-86-8673,1,train
TCGA-86-A4JF,1,train
TCGA-86-A4P7,1,train
TCGA-87-5896,1,train
TCGA-90-7964,1,train
TCGA-90-A4EE,1,train
TCGA-91-A4BD,1,train
TCGA-92-7340,1,train
TCGA-92-7341,1,train
TCGA-92-8063,1,train
TCGA-92-8064,1,train
TCGA-93-A4JN,1,train
TCGA-93-A4JO,1,train
TCGA-93-A4JQ,1,train
TCGA-94-7033,1,train
TCGA-94-7943,1,train
TCGA-94-8035,1,train
TCGA-94-8490,1,train
TCGA-94-8491,1,train
TCGA-94-A4VJ,1,train
TCGA-94-A5I4,1,train
TCGA-94-A5I6,1,train
TCGA-95-7039,1,train
TCGA-95-7948,1,train
TCGA-95-A4VK,1,train
TCGA-96-7544,1,train
TCGA-96-7545,1,train
TCGA-96-8169,1,train
TCGA-96-8170,1,train
TCGA-96-A4JK,1,train
TCGA-97-7552,1,train
TCGA-97-7937,1,train
TCGA-97-8172,1,train
TCGA-97-8179,1,train
TCGA-97-A4M3,1,train
TCGA-98-7454,1,train
TCGA-98-8020,1,train
TCGA-98-8021,1,train
TCGA-98-8022,1,train
TCGA-98-8023,1,train
TCGA-98-A538,1,train
TCGA-98-A53A,1,train
TCGA-98-A53C,1,train
TCGA-98-A53H,1,train
TCGA-98-A53J,1,train
TCGA-99-7458,1,train
TCGA-A1-A0SB,1,train
TCGA-A1-A0SD,1,train
TCGA-A1-A0SF,1,train
TCGA-A1-A0SI,1,train
TCGA-A1-A0SN,1,train
TCGA-A1-A0SP,1,train
TCGA-A1-A0SQ,1,train
TCGA-A2-A04N,1,train
TCGA-A2-A04P,1,train
TCGA-A2-A04Q,1,train
TCGA-A2-A04T,1,train
TCGA-A2-A04U,1,train
TCGA-A2-A04V,1,train
TCGA-A2-A04W,1,train
TCGA-A2-A0CM,1,train
TCGA-A2-A0CO,1,train
TCGA-A2-A0CP,1,train
TCGA-A2-A0CR,1,train
TCGA-A2-A0CS,1,train
TCGA-A2-A0CU,1,train
TCGA-A2-A0CV,1,train
TCGA-A2-A0CW,1,train
TCGA-A2-A0CX,1,train
TCGA-A2-A0CY,1,train
TCGA-A2-A0CZ,1,train
TCGA-A2-A0D3,1,train
TCGA-A2-A0EM,1,train
TCGA-A2-A0EN,1,train
TCGA-A2-A0EO,1,train
TCGA-A2-A0EP,1,train
TCGA-A2-A0ES,1,train
TCGA-A2-A0ET,1,train
TCGA-A2-A0EX,1,train
TCGA-A2-A0ST,1,train
TCGA-A2-A0SU,1,train
TCGA-A2-A0SV,1,train
TCGA-A2-A0SW,1,train
TCGA-A2-A0SX,1,train
TCGA-A2-A0SY,1,train
TCGA-A2-A0T1,1,train
TCGA-A2-A0T3,1,train
TCGA-A2-A0T4,1,train
TCGA-A2-A0T5,1,train
TCGA-A2-A0T7,1,train
TCGA-A2-A0YD,1,train
TCGA-A2-A0YE,1,train
TCGA-A2-A0YH,1,train
TCGA-A2-A0YI,1,train
TCGA-A2-A0YJ,1,train
TCGA-A2-A0YK,1,train
TCGA-A2-A0YL,1,train
TCGA-A2-A0YM,1,train
TCGA-A2-A0YT,1,train
TCGA-A2-A1FV,1,train
TCGA-A2-A1FW,1,train
TCGA-A2-A1FX,1,train
TCGA-A2-A1FZ,1,train
TCGA-A2-A1G1,1,train
TCGA-A2-A1G4,1,train
TCGA-A2-A1G6,1,train
TCGA-A2-A259,1,train
TCGA-A2-A25B,1,train
TCGA-A2-A25C,1,train
TCGA-A2-A25E,1,train
TCGA-A2-A25F,1,train
TCGA-A2-A3KC,1,train
TCGA-A2-A3KD,1,train
TCGA-A2-A3XS,1,train
TCGA-A2-A3XT,1,train
TCGA-A2-A3XV,1,train
TCGA-A2-A3XZ,1,train
TCGA-A2-A3Y0,1,train
TCGA-A2-A4RX,1,train
TCGA-A2-A4S0,1,train
TCGA-A2-A4S1,1,train
TCGA-A2-A4S2,1,train
TCGA-A3-3306,1,train
TCGA-A3-3307,1,train
TCGA-A3-3311,1,train
TCGA-A3-3313,1,train
TCGA-A3-3316,1,train
TCGA-A3-3317,1,train
TCGA-A3-3319,1,train
TCGA-A3-3322,1,train
TCGA-A3-3325,1,train
TCGA-A3-3326,1,train
TCGA-A3-3328,1,train
TCGA-A3-3329,1,train
TCGA-A3-3331,1,train
TCGA-A3-3335,1,train
TCGA-A3-3347,1,train
TCGA-A3-3349,1,train
TCGA-A3-3351,1,train
TCGA-A3-3352,1,train
TCGA-A3-3357,1,train
TCGA-A3-3358,1,train
TCGA-A3-3359,1,train
TCGA-A3-3362,1,train
TCGA-A3-3365,1,train
TCGA-A3-3373,1,train
TCGA-A3-3378,1,train
TCGA-A3-3382,1,train
TCGA-A3-3383,1,train
TCGA-A3-3385,1,train
TCGA-A3-A6NI,1,train
TCGA-A3-A6NJ,1,train
TCGA-A3-A6NL,1,train
TCGA-A3-A8OV,1,train
TCGA-A3-A8OW,1,train
TCGA-A4-7286,1,train
TCGA-A4-7287,1,train
TCGA-A4-7583,1,train
TCGA-A4-7584,1,train
TCGA-A4-7732,1,train
TCGA-A4-7734,1,train
TCGA-A4-7828,1,train
TCGA-A4-7915,1,train
TCGA-A4-7996,1,train
TCGA-A4-7997,1,train
TCGA-A4-8098,1,train
TCGA-A4-8310,1,train
TCGA-A4-8311,1,train
TCGA-A4-8516,1,train
TCGA-A4-8517,1,train
TCGA-A4-8518,1,train
TCGA-A4-8630,1,train
TCGA-A4-A48D,1,train
TCGA-A4-A4ZT,1,train
TCGA-A4-A57E,1,train
TCGA-A4-A5DU,1,train
TCGA-A4-A5XZ,1,train
TCGA-A4-A6HP,1,train
TCGA-A4-A772,1,train
TCGA-A4-A7UZ,1,train
TCGA-A5-A0G2,1,train
TCGA-A5-A0G3,1,train
TCGA-A5-A0G9,1,train
TCGA-A5-A0GA,1,train
TCGA-A5-A0GD,1,train
TCGA-A5-A0GG,1,train
TCGA-A5-A0GJ,1,train
TCGA-A5-A0GM,1,train
TCGA-A5-A0GN,1,train
TCGA-A5-A0GR,1,train
TCGA-A5-A0GV,1,train
TCGA-A5-A0GW,1,train
TCGA-A5-A0GX,1,train
TCGA-A5-A0R6,1,train
TCGA-A5-A0R8,1,train
TCGA-A5-A0R9,1,train
TCGA-A5-A0VQ,1,train
TCGA-A5-A1OF,1,train
TCGA-A5-A1OG,1,train
TCGA-A5-A1OH,1,train
TCGA-A5-A1OJ,1,train
TCGA-A5-A1OK,1,train
TCGA-A5-A2K2,1,train
TCGA-A5-A2K3,1,train
TCGA-A5-A2K7,1,train
TCGA-A5-A7WJ,1,train
TCGA-A5-A7WK,1,train
TCGA-A5-AB3J,1,train
TCGA-A6-2672,1,train
TCGA-A6-2674,1,train
TCGA-A6-2675,1,train
TCGA-A6-2679,1,train
TCGA-A6-2680,1,train
TCGA-A6-2681,1,train
TCGA-A6-2682,1,train
TCGA-A6-2685,1,train
TCGA-A6-2686,1,train
TCGA-A6-4105,1,train
TCGA-A6-4107,1,train
TCGA-A6-5660,1,train
TCGA-A6-5661,1,train
TCGA-A6-5664,1,train
TCGA-A6-6137,1,train
TCGA-A6-6138,1,train
TCGA-A6-6140,1,train
TCGA-A6-6141,1,train
TCGA-A6-6142,1,train
TCGA-A6-6648,1,train
TCGA-A6-6651,1,train
TCGA-A6-6652,1,train
TCGA-A6-6654,1,train
TCGA-A6-A565,1,train
TCGA-A6-A566,1,train
TCGA-A6-A56B,1,train
TCGA-A6-A5ZU,1,train
TCGA-A7-A0CD,1,train
TCGA-A7-A0CG,1,train
TCGA-A7-A0CH,1,train
TCGA-A7-A0D9,1,train
TCGA-A7-A0DA,1,train
TCGA-A7-A0DB,1,train
TCGA-A7-A13F,1,train
TCGA-A7-A13H,1,train
TCGA-A7-A26E,1,train
TCGA-A7-A26F,1,train
TCGA-A7-A26G,1,train
TCGA-A7-A26H,1,train
TCGA-A7-A26I,1,train
TCGA-A7-A3IZ,1,train
TCGA-A7-A3J0,1,train
TCGA-A7-A3J1,1,train
TCGA-A7-A3RF,1,train
TCGA-A7-A425,1,train
TCGA-A7-A426,1,train
TCGA-A7-A4SB,1,train
TCGA-A7-A4SE,1,train
TCGA-A7-A4SF,1,train
TCGA-A7-A5ZV,1,train
TCGA-A7-A5ZW,1,train
TCGA-A7-A5ZX,1,train
TCGA-A7-A6VV,1,train
TCGA-A7-A6VW,1,train
TCGA-A7-A6VX,1,train
TCGA-A7-A6VY,1,train
TCGA-A8-A06N,1,train
TCGA-A8-A06O,1,train
TCGA-A8-A06P,1,train
TCGA-A8-A06Q,1,train
TCGA-A8-A06R,1,train
TCGA-A8-A06T,1,train
TCGA-A8-A06U,1,train
TCGA-A8-A06X,1,train
TCGA-A8-A06Y,1,train
TCGA-A8-A076,1,train
TCGA-A8-A079,1,train
TCGA-A8-A07B,1,train
TCGA-A8-A07C,1,train
TCGA-A8-A07F,1,train
TCGA-A8-A07G,1,train
TCGA-A8-A07I,1,train
TCGA-A8-A07J,1,train
TCGA-A8-A07L,1,train
TCGA-A8-A07O,1,train
TCGA-A8-A07R,1,train
TCGA-A8-A07S,1,train
TCGA-A8-A07U,1,train
TCGA-A8-A07W,1,train
TCGA-A8-A081,1,train
TCGA-A8-A082,1,train
TCGA-A8-A083,1,train
TCGA-A8-A085,1,train
TCGA-A8-A086,1,train
TCGA-A8-A08B,1,train
TCGA-A8-A08C,1,train
TCGA-A8-A08F,1,train
TCGA-A8-A08G,1,train
TCGA-A8-A08I,1,train
TCGA-A8-A08J,1,train
TCGA-A8-A08L,1,train
TCGA-A8-A08P,1,train
TCGA-A8-A08R,1,train
TCGA-A8-A08S,1,train
TCGA-A8-A08T,1,train
TCGA-A8-A08Z,1,train
TCGA-A8-A090,1,train
TCGA-A8-A092,1,train
TCGA-A8-A093,1,train
TCGA-A8-A096,1,train
TCGA-A8-A097,1,train
TCGA-A8-A09A,1,train
TCGA-A8-A09C,1,train
TCGA-A8-A09E,1,train
TCGA-A8-A09I,1,train
TCGA-A8-A09K,1,train
TCGA-A8-A09M,1,train
TCGA-A8-A09R,1,train
TCGA-A8-A09T,1,train
TCGA-A8-A09V,1,train
TCGA-A8-A09X,1,train
TCGA-A8-A09Z,1,train
TCGA-A8-A0A1,1,train
TCGA-A8-A0A2,1,train
TCGA-A8-A0A4,1,train
TCGA-A8-A0A7,1,train
TCGA-AA-3514,1,train
TCGA-AA-3542,1,train
TCGA-AA-3548,1,train
TCGA-AA-3549,1,train
TCGA-AA-3558,1,train
TCGA-AA-3560,1,train
TCGA-AA-3666,1,train
TCGA-AA-3667,1,train
TCGA-AA-3673,1,train
TCGA-AA-3678,1,train
TCGA-AA-3679,1,train
TCGA-AA-3685,1,train
TCGA-AA-3692,1,train
TCGA-AA-3693,1,train
TCGA-AA-3695,1,train
TCGA-AA-3715,1,train
TCGA-AA-3811,1,train
TCGA-AA-3812,1,train
TCGA-AA-3814,1,train
TCGA-AA-3815,1,train
TCGA-AA-3831,1,train
TCGA-AA-3837,1,train
TCGA-AA-3842,1,train
TCGA-AA-3851,1,train
TCGA-AA-3852,1,train
TCGA-AA-3854,1,train
TCGA-AA-3855,1,train
TCGA-AA-3858,1,train
TCGA-AA-3861,1,train
TCGA-AA-3862,1,train
TCGA-AA-3864,1,train
TCGA-AA-3866,1,train
TCGA-AA-3939,1,train
TCGA-AA-3941,1,train
TCGA-AA-3947,1,train
TCGA-AA-3952,1,train
TCGA-AA-3955,1,train
TCGA-AA-3956,1,train
TCGA-AA-3966,1,train
TCGA-AA-3967,1,train
TCGA-AA-3970,1,train
TCGA-AA-3971,1,train
TCGA-AA-3975,1,train
TCGA-AA-3976,1,train
TCGA-AA-3984,1,train
TCGA-AA-3986,1,train
TCGA-AA-3989,1,train
TCGA-AA-3994,1,train
TCGA-AA-A004,1,train
TCGA-AA-A00D,1,train
TCGA-AA-A00L,1,train
TCGA-AA-A00N,1,train
TCGA-AA-A00O,1,train
TCGA-AA-A00Q,1,train
TCGA-AA-A00U,1,train
TCGA-AA-A010,1,train
TCGA-AA-A01C,1,train
TCGA-AA-A01I,1,train
TCGA-AA-A01S,1,train
TCGA-AA-A01X,1,train
TCGA-AA-A01Z,1,train
TCGA-AA-A024,1,train
TCGA-AA-A02R,1,train
TCGA-AC-A23C,1,train
TCGA-AC-A23E,1,train
TCGA-AC-A2B8,1,train
TCGA-AC-A2QI,1,train
TCGA-AC-A2QJ,1,train
TCGA-AC-A3BB,1,train
TCGA-AC-A3HN,1,train
TCGA-AC-A3OD,1,train
TCGA-AC-A3QP,1,train
TCGA-AC-A3QQ,1,train
TCGA-AC-A3TN,1,train
TCGA-AC-A3W5,1,train
TCGA-AC-A3W7,1,train
TCGA-AC-A3YI,1,train
TCGA-AC-A3YJ,1,train
TCGA-AC-A4ZE,1,train
TCGA-AC-A5EI,1,train
TCGA-AC-A5XS,1,train
TCGA-AC-A62V,1,train
TCGA-AC-A62X,1,train
TCGA-AC-A62Y,1,train
TCGA-AC-A6IW,1,train
TCGA-AC-A6NO,1,train
TCGA-AC-A8OP,1,train
TCGA-AC-A8OQ,1,train
TCGA-AC-A8OR,1,train
TCGA-AD-5900,1,train
TCGA-AD-6548,1,train
TCGA-AD-6890,1,train
TCGA-AD-6899,1,train
TCGA-AD-6901,1,train
TCGA-AD-A5EK,1,train
TCGA-AF-2687,1,train
TCGA-AF-2691,1,train
TCGA-AF-3400,1,train
TCGA-AF-3911,1,train
TCGA-AF-3914,1,train
TCGA-AF-4110,1,train
TCGA-AF-5654,1,train
TCGA-AF-6136,1,train
TCGA-AF-6672,1,train
TCGA-AF-A56K,1,train
TCGA-AF-A56L,1,train
TCGA-AG-3574,1,train
TCGA-AG-3575,1,train
TCGA-AG-3581,1,train
TCGA-AG-3583,1,train
TCGA-AG-3584,1,train
TCGA-AG-3586,1,train
TCGA-AG-3587,1,train
TCGA-AG-3593,1,train
TCGA-AG-3594,1,train
TCGA-AG-3598,1,train
TCGA-AG-3599,1,train
TCGA-AG-3600,1,train
TCGA-AG-3601,1,train
TCGA-AG-3602,1,train
TCGA-AG-3605,1,train
TCGA-AG-3608,1,train
TCGA-AG-3726,1,train
TCGA-AG-3727,1,train
TCGA-AG-3881,1,train
TCGA-AG-3882,1,train
TCGA-AG-3883,1,train
TCGA-AG-3885,1,train
TCGA-AG-3887,1,train
TCGA-AG-3890,1,train
TCGA-AG-3893,1,train
TCGA-AG-3894,1,train
TCGA-AG-3898,1,train
TCGA-AG-3901,1,train
TCGA-AG-3902,1,train
TCGA-AG-3909,1,train
TCGA-AG-4001,1,train
TCGA-AG-4005,1,train
TCGA-AG-4007,1,train
TCGA-AG-4008,1,train
TCGA-AG-4022,1,train
TCGA-AG-A008,1,train
TCGA-AG-A011,1,train
TCGA-AG-A01J,1,train
TCGA-AG-A01N,1,train
TCGA-AG-A02G,1,train
TCGA-AH-6544,1,train
TCGA-AH-6644,1,train
TCGA-AH-6903,1,train
TCGA-AJ-A2QK,1,train
TCGA-AJ-A2QL,1,train
TCGA-AJ-A2QM,1,train
TCGA-AJ-A2QN,1,train
TCGA-AJ-A3BG,1,train
TCGA-AJ-A3BH,1,train
TCGA-AJ-A3I9,1,train
TCGA-AJ-A3NC,1,train
TCGA-AJ-A3NH,1,train
TCGA-AJ-A3OK,1,train
TCGA-AJ-A3OL,1,train
TCGA-AJ-A3QS,1,train
TCGA-AJ-A3TW,1,train
TCGA-AJ-A5DW,1,train
TCGA-AJ-A8CT,1,train
TCGA-AJ-A8CV,1,train
TCGA-AK-3425,1,train
TCGA-AK-3427,1,train
TCGA-AK-3428,1,train
TCGA-AK-3430,1,train
TCGA-AK-3431,1,train
TCGA-AK-3433,1,train
TCGA-AK-3434,1,train
TCGA-AK-3436,1,train
TCGA-AK-3440,1,train
TCGA-AK-3445,1,train
TCGA-AK-3450,1,train
TCGA-AK-3451,1,train
TCGA-AK-3453,1,train
TCGA-AK-3454,1,train
TCGA-AK-3455,1,train
TCGA-AK-3456,1,train
TCGA-AK-3458,1,train
TCGA-AK-3460,1,train
TCGA-AK-3461,1,train
TCGA-AK-3465,1,train
TCGA-AL-3466,1,train
TCGA-AL-3467,1,train
TCGA-AL-3468,1,train
TCGA-AL-3473,1,train
TCGA-AL-7173,1,train
TCGA-AM-5821,1,train
TCGA-AN-A03Y,1,train
TCGA-AN-A041,1,train
TCGA-AN-A046,1,train
TCGA-AN-A0AJ,1,train
TCGA-AN-A0AM,1,train
TCGA-AN-A0AR,1,train
TCGA-AN-A0AS,1,train
TCGA-AN-A0AT,1,train
TCGA-AN-A0FD,1,train
TCGA-AN-A0FJ,1,train
TCGA-AN-A0FK,1,train
TCGA-AN-A0FL,1,train
TCGA-AN-A0FS,1,train
TCGA-AN-A0FT,1,train
TCGA-AN-A0FV,1,train
TCGA-AN-A0FW,1,train
TCGA-AN-A0FX,1,train
TCGA-AN-A0FY,1,train
TCGA-AN-A0FZ,1,train
TCGA-AN-A0G0,1,train
TCGA-AN-A0XO,1,train
TCGA-AN-A0XS,1,train
TCGA-AN-A0XT,1,train
TCGA-AN-A0XU,1,train
TCGA-AN-A0XW,1,train
TCGA-AO-A03L,1,train
TCGA-AO-A03N,1,train
TCGA-AO-A03U,1,train
TCGA-AO-A03V,1,train
TCGA-AO-A0J2,1,train
TCGA-AO-A0J4,1,train
TCGA-AO-A0J5,1,train
TCGA-AO-A0J6,1,train
TCGA-AO-A0J7,1,train
TCGA-AO-A0J8,1,train
TCGA-AO-A0J9,1,train
TCGA-AO-A0JA,1,train
TCGA-AO-A0JC,1,train
TCGA-AO-A0JE,1,train
TCGA-AO-A0JF,1,train
TCGA-AO-A0JI,1,train
TCGA-AO-A0JJ,1,train
TCGA-AO-A0JL,1,train
TCGA-AO-A0JM,1,train
TCGA-AO-A125,1,train
TCGA-AO-A128,1,train
TCGA-AO-A129,1,train
TCGA-AO-A12B,1,train
TCGA-AO-A12D,1,train
TCGA-AO-A12E,1,train
TCGA-AO-A12F,1,train
TCGA-AO-A1KO,1,train
TCGA-AO-A1KP,1,train
TCGA-AO-A1KQ,1,train
TCGA-AO-A1KR,1,train
TCGA-AO-A1KS,1,train
TCGA-AO-A1KT,1,train
TCGA-AP-A051,1,train
TCGA-AP-A052,1,train
TCGA-AP-A053,1,train
TCGA-AP-A054,1,train
TCGA-AP-A056,1,train
TCGA-AP-A059,1,train
TCGA-AP-A05A,1,train
TCGA-AP-A05D,1,train
TCGA-AP-A05H,1,train
TCGA-AP-A05J,1,train
TCGA-AP-A05N,1,train
TCGA-AP-A05O,1,train
TCGA-AP-A05P,1,train
TCGA-AP-A0L9,1,train
TCGA-AP-A0LE,1,train
TCGA-AP-A0LF,1,train
TCGA-AP-A0LG,1,train
TCGA-AP-A0LH,1,train
TCGA-AP-A0LI,1,train
TCGA-AP-A0LL,1,train
TCGA-AP-A0LM,1,train
TCGA-AP-A0LN,1,train
TCGA-AP-A0LO,1,train
TCGA-AP-A0LP,1,train
TCGA-AP-A0LT,1,train
TCGA-AP-A0LV,1,train
TCGA-AP-A1DH,1,train
TCGA-AP-A1DK,1,train
TCGA-AP-A1DM,1,train
TCGA-AP-A1DO,1,train
TCGA-AP-A1E0,1,train
TCGA-AP-A1E1,1,train
TCGA-AP-A1E3,1,train
TCGA-AP-A3K1,1,train
TCGA-AP-A5FX,1,train
TCGA-AQ-A04J,1,train
TCGA-AQ-A54N,1,train
TCGA-AR-A0TP,1,train
TCGA-AR-A0TQ,1,train
TCGA-AR-A0TR,1,train
TCGA-AR-A0TT,1,train
TCGA-AR-A0TU,1,train
TCGA-AR-A0TV,1,train
TCGA-AR-A0TW,1,train
TCGA-AR-A0U0,1,train
TCGA-AR-A0U1,1,train
TCGA-AR-A0U3,1,train
TCGA-AR-A1AH,1,train
TCGA-AR-A1AI,1,train
TCGA-AR-A1AJ,1,train
TCGA-AR-A1AK,1,train
TCGA-AR-A1AL,1,train
TCGA-AR-A1AM,1,train
TCGA-AR-A1AN,1,train
TCGA-AR-A1AO,1,train
TCGA-AR-A1AP,1,train
TCGA-AR-A1AR,1,train
TCGA-AR-A1AS,1,train
TCGA-AR-A1AU,1,train
TCGA-AR-A1AV,1,train
TCGA-AR-A1AW,1,train
TCGA-AR-A1AX,1,train
TCGA-AR-A24H,1,train
TCGA-AR-A24K,1,train
TCGA-AR-A24M,1,train
TCGA-AR-A24P,1,train
TCGA-AR-A24Q,1,train
TCGA-AR-A24R,1,train
TCGA-AR-A24T,1,train
TCGA-AR-A24U,1,train
TCGA-AR-A24W,1,train
TCGA-AR-A24X,1,train
TCGA-AR-A24Z,1,train
TCGA-AR-A250,1,train
TCGA-AR-A251,1,train
TCGA-AR-A252,1,train
TCGA-AR-A255,1,train
TCGA-AR-A256,1,train
TCGA-AR-A2LK,1,train
TCGA-AR-A2LN,1,train
TCGA-AR-A2LQ,1,train
TCGA-AR-A5QN,1,train
TCGA-AT-A5NU,1,train
TCGA-AU-3779,1,train
TCGA-AU-6004,1,train
TCGA-AX-A05S,1,train
TCGA-AX-A05T,1,train
TCGA-AX-A05U,1,train
TCGA-AX-A05W,1,train
TCGA-AX-A05Y,1,train
TCGA-AX-A05Z,1,train
TCGA-AX-A060,1,train
TCGA-AX-A062,1,train
TCGA-AX-A063,1,train
TCGA-AX-A064,1,train
TCGA-AX-A06B,1,train
TCGA-AX-A06D,1,train
TCGA-AX-A06F,1,train
TCGA-AX-A06L,1,train
TCGA-AX-A0IW,1,train
TCGA-AX-A0IZ,1,train
TCGA-AX-A0J0,1,train
TCGA-AX-A0J1,1,train
TCGA-AX-A1C4,1,train
TCGA-AX-A1C5,1,train
TCGA-AX-A1C7,1,train
TCGA-AX-A1C8,1,train
TCGA-AX-A1CF,1,train
TCGA-AX-A1CJ,1,train
TCGA-AX-A1CP,1,train
TCGA-AX-A2IO,1,train
TCGA-AY-6196,1,train
TCGA-AY-6197,1,train
TCGA-AY-6386,1,train
TCGA-AZ-4308,1,train
TCGA-AZ-4313,1,train
TCGA-AZ-4315,1,train
TCGA-AZ-4614,1,train
TCGA-AZ-4615,1,train
TCGA-AZ-4616,1,train
TCGA-AZ-4684,1,train
TCGA-AZ-5407,1,train
TCGA-B0-4688,1,train
TCGA-B0-4690,1,train
TCGA-B0-4691,1,train
TCGA-B0-4693,1,train
TCGA-B0-4694,1,train
TCGA-B0-4696,1,train
TCGA-B0-4697,1,train
TCGA-B0-4699,1,train
TCGA-B0-4700,1,train
TCGA-B0-4703,1,train
TCGA-B0-4707,1,train
TCGA-B0-4712,1,train
TCGA-B0-4713,1,train
TCGA-B0-4714,1,train
TCGA-B0-4718,1,train
TCGA-B0-4814,1,train
TCGA-B0-4816,1,train
TCGA-B0-4817,1,train
TCGA-B0-4818,1,train
TCGA-B0-4819,1,train
TCGA-B0-4821,1,train
TCGA-B0-4822,1,train
TCGA-B0-4823,1,train
TCGA-B0-4824,1,train
TCGA-B0-4828,1,train
TCGA-B0-4834,1,train
TCGA-B0-4836,1,train
TCGA-B0-4837,1,train
TCGA-B0-4838,1,train
TCGA-B0-4839,1,train
TCGA-B0-4841,1,train
TCGA-B0-4842,1,train
TCGA-B0-4843,1,train
TCGA-B0-4844,1,train
TCGA-B0-4845,1,train
TCGA-B0-4847,1,train
TCGA-B0-4848,1,train
TCGA-B0-4849,1,train
TCGA-B0-4852,1,train
TCGA-B0-4945,1,train
TCGA-B0-5077,1,train
TCGA-B0-5083,1,train
TCGA-B0-5084,1,train
TCGA-B0-5085,1,train
TCGA-B0-5088,1,train
TCGA-B0-5092,1,train
TCGA-B0-5095,1,train
TCGA-B0-5096,1,train
TCGA-B0-5098,1,train
TCGA-B0-5099,1,train
TCGA-B0-5100,1,train
TCGA-B0-5102,1,train
TCGA-B0-5104,1,train
TCGA-B0-5106,1,train
TCGA-B0-5109,1,train
TCGA-B0-5110,1,train
TCGA-B0-5113,1,train
TCGA-B0-5115,1,train
TCGA-B0-5116,1,train
TCGA-B0-5119,1,train
TCGA-B0-5121,1,train
TCGA-B0-5400,1,train
TCGA-B0-5402,1,train
TCGA-B0-5690,1,train
TCGA-B0-5691,1,train
TCGA-B0-5697,1,train
TCGA-B0-5698,1,train
TCGA-B0-5699,1,train
TCGA-B0-5702,1,train
TCGA-B0-5703,1,train
TCGA-B0-5705,1,train
TCGA-B0-5707,1,train
TCGA-B0-5709,1,train
TCGA-B0-5710,1,train
TCGA-B0-5712,1,train
TCGA-B0-5713,1,train
TCGA-B1-7332,1,train
TCGA-B1-A47M,1,train
TCGA-B1-A47N,1,train
TCGA-B2-3923,1,train
TCGA-B2-4098,1,train
TCGA-B2-4099,1,train
TCGA-B2-4102,1,train
TCGA-B2-5639,1,train
TCGA-B2-5641,1,train
TCGA-B2-A4SR,1,train
TCGA-B3-3925,1,train
TCGA-B3-3926,1,train
TCGA-B3-4103,1,train
TCGA-B3-8121,1,train
TCGA-B3-A6W5,1,train
TCGA-B4-5377,1,train
TCGA-B4-5378,1,train
TCGA-B4-5834,1,train
TCGA-B4-5835,1,train
TCGA-B4-5836,1,train
TCGA-B4-5838,1,train
TCGA-B4-5843,1,train
TCGA-B5-A0JT,1,train
TCGA-B5-A0JU,1,train
TCGA-B5-A0JX,1,train
TCGA-B5-A0JZ,1,train
TCGA-B5-A0K0,1,train
TCGA-B5-A0K1,1,train
TCGA-B5-A0K2,1,train
TCGA-B5-A0K3,1,train
TCGA-B5-A0K4,1,train
TCGA-B5-A0K9,1,train
TCGA-B5-A0KB,1,train
TCGA-B5-A11E,1,train
TCGA-B5-A11I,1,train
TCGA-B5-A11L,1,train
TCGA-B5-A11M,1,train
TCGA-B5-A11N,1,train
TCGA-B5-A11O,1,train
TCGA-B5-A11P,1,train
TCGA-B5-A11Q,1,train
TCGA-B5-A11U,1,train
TCGA-B5-A11W,1,train
TCGA-B5-A11Y,1,train
TCGA-B5-A11Z,1,train
TCGA-B5-A121,1,train
TCGA-B5-A1MS,1,train
TCGA-B5-A1MU,1,train
TCGA-B5-A1MV,1,train
TCGA-B5-A1MW,1,train
TCGA-B5-A1MX,1,train
TCGA-B5-A1MY,1,train
TCGA-B5-A1MZ,1,train
TCGA-B5-A1N2,1,train
TCGA-B5-A3FB,1,train
TCGA-B5-A3FD,1,train
TCGA-B5-A5OC,1,train
TCGA-B5-A5OD,1,train
TCGA-B5-A5OE,1,train
TCGA-B6-A0I1,1,train
TCGA-B6-A0I2,1,train
TCGA-B6-A0I5,1,train
TCGA-B6-A0I6,1,train
TCGA-B6-A0I8,1,train
TCGA-B6-A0I9,1,train
TCGA-B6-A0IA,1,train
TCGA-B6-A0IB,1,train
TCGA-B6-A0IC,1,train
TCGA-B6-A0IG,1,train
TCGA-B6-A0IH,1,train
TCGA-B6-A0IM,1,train
TCGA-B6-A0IN,1,train
TCGA-B6-A0IO,1,train
TCGA-B6-A0IP,1,train
TCGA-B6-A0IQ,1,train
TCGA-B6-A0RE,1,train
TCGA-B6-A0RH,1,train
TCGA-B6-A0RL,1,train
TCGA-B6-A0RM,1,train
TCGA-B6-A0RN,1,train
TCGA-B6-A0RO,1,train
TCGA-B6-A0RQ,1,train
TCGA-B6-A0RS,1,train
TCGA-B6-A0RT,1,train
TCGA-B6-A0RU,1,train
TCGA-B6-A0RV,1,train
TCGA-B6-A0WS,1,train
TCGA-B6-A0WT,1,train
TCGA-B6-A0WV,1,train
TCGA-B6-A0WW,1,train
TCGA-B6-A0WX,1,train
TCGA-B6-A0WY,1,train
TCGA-B6-A0X0,1,train
TCGA-B6-A0X1,1,train
TCGA-B6-A0X4,1,train
TCGA-B6-A0X7,1,train
TCGA-B6-A1KF,1,train
TCGA-B7-5816,1,train
TCGA-B8-4143,1,train
TCGA-B8-4146,1,train
TCGA-B8-4619,1,train
TCGA-B8-5159,1,train
TCGA-B8-5162,1,train
TCGA-B8-5164,1,train
TCGA-B8-5165,1,train
TCGA-B8-5546,1,train
TCGA-B8-5549,1,train
TCGA-B8-5550,1,train
TCGA-B8-5551,1,train
TCGA-B8-5552,1,train
TCGA-B8-5553,1,train
TCGA-B8-A54F,1,train
TCGA-B8-A7U6,1,train
TCGA-B8-A8YJ,1,train
TCGA-B9-4117,1,train
TCGA-B9-4617,1,train
TCGA-B9-5155,1,train
TCGA-B9-7268,1,train
TCGA-B9-A5W9,1,train
TCGA-B9-A69E,1,train
TCGA-B9-A8YH,1,train
TCGA-B9-A8YI,1,train
TCGA-BA-4074,1,train
TCGA-BA-4075,1,train
TCGA-BA-4078,1,train
TCGA-BA-5151,1,train
TCGA-BA-5153,1,train
TCGA-BA-5555,1,train
TCGA-BA-5557,1,train
TCGA-BA-5558,1,train
TCGA-BA-5559,1,train
TCGA-BA-6868,1,train
TCGA-BA-6870,1,train
TCGA-BA-6871,1,train
TCGA-BA-6872,1,train
TCGA-BA-7269,1,train
TCGA-BA-A6D8,1,train
TCGA-BA-A6DA,1,train
TCGA-BA-A6DD,1,train
TCGA-BA-A6DF,1,train
TCGA-BA-A6DG,1,train
TCGA-BA-A6DI,1,train
TCGA-BA-A6DJ,1,train
TCGA-BA-A8YP,1,train
TCGA-BB-4217,1,train
TCGA-BB-7861,1,train
TCGA-BB-7862,1,train
TCGA-BB-7863,1,train
TCGA-BB-7866,1,train
TCGA-BB-7871,1,train
TCGA-BB-7872,1,train
TCGA-BB-A5HU,1,train
TCGA-BB-A5HY,1,train
TCGA-BB-A5HZ,1,train
TCGA-BB-A6UM,1,train
TCGA-BB-A6UO,1,train
TCGA-BC-A217,1,train
TCGA-BC-A3KG,1,train
TCGA-BC-A5W4,1,train
TCGA-BC-A69H,1,train
TCGA-BC-A69I,1,train
TCGA-BF-A1PU,1,train
TCGA-BF-A1PV,1,train
TCGA-BF-A3DJ,1,train
TCGA-BF-A3DM,1,train
TCGA-BF-A5EO,1,train
TCGA-BF-A5EP,1,train
TCGA-BF-A9VF,1,train
TCGA-BF-AAOU,1,train
TCGA-BF-AAOX,1,train
TCGA-BF-AAP1,1,train
TCGA-BF-AAP2,1,train
TCGA-BF-AAP6,1,train
TCGA-BF-AAP7,1,train
TCGA-BG-A0LW,1,train
TCGA-BG-A0LX,1,train
TCGA-BG-A0M3,1,train
TCGA-BG-A0M4,1,train
TCGA-BG-A0M6,1,train
TCGA-BG-A0M7,1,train
TCGA-BG-A0MA,1,train
TCGA-BG-A0MI,1,train
TCGA-BG-A0MO,1,train
TCGA-BG-A0MT,1,train
TCGA-BG-A0VV,1,train
TCGA-BG-A0VX,1,train
TCGA-BG-A0W2,1,train
TCGA-BG-A0YU,1,train
TCGA-BG-A0YV,1,train
TCGA-BG-A186,1,train
TCGA-BG-A18A,1,train
TCGA-BG-A18B,1,train
TCGA-BG-A220,1,train
TCGA-BG-A221,1,train
TCGA-BG-A222,1,train
TCGA-BG-A2AD,1,train
TCGA-BG-A2AE,1,train
TCGA-BG-A3EW,1,train
TCGA-BH-A0AY,1,train
TCGA-BH-A0AZ,1,train
TCGA-BH-A0B3,1,train
TCGA-BH-A0B4,1,train
TCGA-BH-A0B9,1,train
TCGA-BH-A0BC,1,train
TCGA-BH-A0BF,1,train
TCGA-BH-A0BG,1,train
TCGA-BH-A0BO,1,train
TCGA-BH-A0BP,1,train
TCGA-BH-A0BQ,1,train
TCGA-BH-A0BS,1,train
TCGA-BH-A0BT,1,train
TCGA-BH-A0BV,1,train
TCGA-BH-A0BW,1,train
TCGA-BH-A0BZ,1,train
TCGA-BH-A0C0,1,train
TCGA-BH-A0C1,1,train
TCGA-BH-A0C3,1,train
TCGA-BH-A0C7,1,train
TCGA-BH-A0DD,1,train
TCGA-BH-A0DG,1,train
TCGA-BH-A0DH,1,train
TCGA-BH-A0DI,1,train
TCGA-BH-A0DK,1,train
TCGA-BH-A0DS,1,train
TCGA-BH-A0DT,1,train
TCGA-BH-A0DX,1,train
TCGA-BH-A0DZ,1,train
TCGA-BH-A0E0,1,train
TCGA-BH-A0E2,1,train
TCGA-BH-A0E9,1,train
TCGA-BH-A0EB,1,train
TCGA-BH-A0EE,1,train
TCGA-BH-A0H3,1,train
TCGA-BH-A0H6,1,train
TCGA-BH-A0H9,1,train
TCGA-BH-A0HA,1,train
TCGA-BH-A0HK,1,train
TCGA-BH-A0HN,1,train
TCGA-BH-A0HU,1,train
TCGA-BH-A0HW,1,train
TCGA-BH-A0W4,1,train
TCGA-BH-A0W5,1,train
TCGA-BH-A0W7,1,train
TCGA-BH-A18H,1,train
TCGA-BH-A201,1,train
TCGA-BH-A202,1,train
TCGA-BH-A28O,1,train
TCGA-BH-A28Q,1,train
TCGA-BH-A2L8,1,train
TCGA-BH-A42T,1,train
TCGA-BH-A42U,1,train
TCGA-BH-A42V,1,train
TCGA-BH-A5IZ,1,train
TCGA-BI-A0VR,1,train
TCGA-BI-A20A,1,train
TCGA-BJ-A0YZ,1,train
TCGA-BJ-A0Z0,1,train
TCGA-BJ-A0Z2,1,train
TCGA-BJ-A0Z3,1,train
TCGA-BJ-A0Z5,1,train
TCGA-BJ-A0Z9,1,train
TCGA-BJ-A0ZB,1,train
TCGA-BJ-A0ZC,1,train
TCGA-BJ-A0ZE,1,train
TCGA-BJ-A0ZF,1,train
TCGA-BJ-A0ZG,1,train
TCGA-BJ-A0ZH,1,train
TCGA-BJ-A0ZJ,1,train
TCGA-BJ-A18Y,1,train
TCGA-BJ-A18Z,1,train
TCGA-BJ-A191,1,train
TCGA-BJ-A28T,1,train
TCGA-BJ-A28V,1,train
TCGA-BJ-A28W,1,train
TCGA-BJ-A28X,1,train
TCGA-BJ-A290,1,train
TCGA-BJ-A291,1,train
TCGA-BJ-A2N7,1,train
TCGA-BJ-A2N8,1,train
TCGA-BJ-A2N9,1,train
TCGA-BJ-A2NA,1,train
TCGA-BJ-A2P4,1,train
TCGA-BJ-A3EZ,1,train
TCGA-BJ-A3F0,1,train
TCGA-BJ-A3PT,1,train
TCGA-BJ-A45D,1,train
TCGA-BJ-A45E,1,train
TCGA-BJ-A45F,1,train
TCGA-BJ-A45G,1,train
TCGA-BJ-A45H,1,train
TCGA-BJ-A45I,1,train
TCGA-BJ-A45K,1,train
TCGA-BJ-A4O9,1,train
TCGA-BK-A0C9,1,train
TCGA-BK-A0CA,1,train
TCGA-BK-A13B,1,train
TCGA-BK-A13C,1,train
TCGA-BK-A26L,1,train
TCGA-BK-A4ZD,1,train
TCGA-BK-A56F,1,train
TCGA-BK-A6W3,1,train
TCGA-BK-A6W4,1,train
TCGA-BL-A3JM,1,train
TCGA-BL-A5ZZ,1,train
TCGA-BP-4158,1,train
TCGA-BP-4159,1,train
TCGA-BP-4160,1,train
TCGA-BP-4161,1,train
TCGA-BP-4163,1,train
TCGA-BP-4164,1,train
TCGA-BP-4166,1,train
TCGA-BP-4167,1,train
TCGA-BP-4169,1,train
TCGA-BP-4173,1,train
TCGA-BP-4176,1,train
TCGA-BP-4325,1,train
TCGA-BP-4329,1,train
TCGA-BP-4330,1,train
TCGA-BP-4332,1,train
TCGA-BP-4335,1,train
TCGA-BP-4338,1,train
TCGA-BP-4340,1,train
TCGA-BP-4341,1,train
TCGA-BP-4342,1,train
TCGA-BP-4343,1,train
TCGA-BP-4344,1,train
TCGA-BP-4345,1,train
TCGA-BP-4346,1,train
TCGA-BP-4349,1,train
TCGA-BP-4351,1,train
TCGA-BP-4353,1,train
TCGA-BP-4354,1,train
TCGA-BP-4758,1,train
TCGA-BP-4759,1,train
TCGA-BP-4760,1,train
TCGA-BP-4761,1,train
TCGA-BP-4762,1,train
TCGA-BP-4763,1,train
TCGA-BP-4765,1,train
TCGA-BP-4768,1,train
TCGA-BP-4769,1,train
TCGA-BP-4770,1,train
TCGA-BP-4774,1,train
TCGA-BP-4775,1,train
TCGA-BP-4777,1,train
TCGA-BP-4782,1,train
TCGA-BP-4787,1,train
TCGA-BP-4790,1,train
TCGA-BP-4795,1,train
TCGA-BP-4797,1,train
TCGA-BP-4798,1,train
TCGA-BP-4799,1,train
TCGA-BP-4803,1,train
TCGA-BP-4804,1,train
TCGA-BP-4960,1,train
TCGA-BP-4961,1,train
TCGA-BP-4962,1,train
TCGA-BP-4964,1,train
TCGA-BP-4965,1,train
TCGA-BP-4967,1,train
TCGA-BP-4969,1,train
TCGA-BP-4972,1,train
TCGA-BP-4973,1,train
TCGA-BP-4974,1,train
TCGA-BP-4975,1,train
TCGA-BP-4976,1,train
TCGA-BP-4981,1,train
TCGA-BP-4983,1,train
TCGA-BP-4985,1,train
TCGA-BP-4987,1,train
TCGA-BP-4988,1,train
TCGA-BP-4989,1,train
TCGA-BP-4991,1,train
TCGA-BP-4992,1,train
TCGA-BP-4994,1,train
TCGA-BP-4995,1,train
TCGA-BP-4998,1,train
TCGA-BP-4999,1,train
TCGA-BP-5000,1,train
TCGA-BP-5001,1,train
TCGA-BP-5004,1,train
TCGA-BP-5006,1,train
TCGA-BP-5007,1,train
TCGA-BP-5008,1,train
TCGA-BP-5169,1,train
TCGA-BP-5170,1,train
TCGA-BP-5173,1,train
TCGA-BP-5174,1,train
TCGA-BP-5175,1,train
TCGA-BP-5177,1,train
TCGA-BP-5178,1,train
TCGA-BP-5180,1,train
TCGA-BP-5181,1,train
TCGA-BP-5182,1,train
TCGA-BP-5185,1,train
TCGA-BP-5186,1,train
TCGA-BP-5187,1,train
TCGA-BP-5190,1,train
TCGA-BP-5191,1,train
TCGA-BP-5192,1,train
TCGA-BP-5194,1,train
TCGA-BP-5198,1,train
TCGA-BP-5199,1,train
TCGA-BP-5200,1,train
TCGA-BP-5202,1,train
TCGA-BR-6453,1,train
TCGA-BR-6455,1,train
TCGA-BR-6456,1,train
TCGA-BR-6457,1,train
TCGA-BR-6458,1,train
TCGA-BR-6563,1,train
TCGA-BR-6564,1,train
TCGA-BR-6565,1,train
TCGA-BR-6705,1,train
TCGA-BR-6706,1,train
TCGA-BR-6709,1,train
TCGA-BR-6801,1,train
TCGA-BR-6802,1,train
TCGA-BR-6803,1,train
TCGA-BR-6852,1,train
TCGA-BR-7196,1,train
TCGA-BR-7704,1,train
TCGA-BR-7715,1,train
TCGA-BR-7716,1,train
TCGA-BR-7717,1,train
TCGA-BR-7722,1,train
TCGA-BR-7723,1,train
TCGA-BR-7851,1,train
TCGA-BR-7901,1,train
TCGA-BR-7957,1,train
TCGA-BR-7958,1,train
TCGA-BR-7959,1,train
TCGA-BR-8058,1,train
TCGA-BR-8059,1,train
TCGA-BR-8060,1,train
TCGA-BR-8077,1,train
TCGA-BR-8078,1,train
TCGA-BR-8080,1,train
TCGA-BR-8284,1,train
TCGA-BR-8286,1,train
TCGA-BR-8289,1,train
TCGA-BR-8291,1,train
TCGA-BR-8295,1,train
TCGA-BR-8297,1,train
TCGA-BR-8361,1,train
TCGA-BR-8362,1,train
TCGA-BR-8363,1,train
TCGA-BR-8364,1,train
TCGA-BR-8365,1,train
TCGA-BR-8366,1,train
TCGA-BR-8367,1,train
TCGA-BR-8368,1,train
TCGA-BR-8369,1,train
TCGA-BR-8372,1,train
TCGA-BR-8373,1,train
TCGA-BR-8381,1,train
TCGA-BR-8382,1,train
TCGA-BR-8384,1,train
TCGA-BR-8483,1,train
TCGA-BR-8485,1,train
TCGA-BR-8486,1,train
TCGA-BR-8487,1,train
TCGA-BR-8588,1,train
TCGA-BR-8591,1,train
TCGA-BR-8592,1,train
TCGA-BR-8676,1,train
TCGA-BR-8677,1,train
TCGA-BR-8678,1,train
TCGA-BR-8680,1,train
TCGA-BR-8682,1,train
TCGA-BR-8683,1,train
TCGA-BR-8686,1,train
TCGA-BR-8690,1,train
TCGA-BR-A44T,1,train
TCGA-BR-A44U,1,train
TCGA-BR-A4CQ,1,train
TCGA-BR-A4CS,1,train
TCGA-BR-A4IV,1,train
TCGA-BR-A4IY,1,train
TCGA-BR-A4IZ,1,train
TCGA-BR-A4J1,1,train
TCGA-BR-A4J2,1,train
TCGA-BR-A4J5,1,train
TCGA-BR-A4J6,1,train
TCGA-BR-A4J7,1,train
TCGA-BR-A4J8,1,train
TCGA-BR-A4PD,1,train
TCGA-BR-A4PE,1,train
TCGA-BR-A4QI,1,train
TCGA-BR-A4QL,1,train
TCGA-BS-A0T9,1,train
TCGA-BS-A0TA,1,train
TCGA-BS-A0TC,1,train
TCGA-BS-A0TD,1,train
TCGA-BS-A0TE,1,train
TCGA-BS-A0TG,1,train
TCGA-BS-A0TJ,1,train
TCGA-BS-A0U5,1,train
TCGA-BS-A0U8,1,train
TCGA-BS-A0UA,1,train
TCGA-BS-A0UF,1,train
TCGA-BS-A0UL,1,train
TCGA-BS-A0UM,1,train
TCGA-BS-A0UT,1,train
TCGA-BS-A0V4,1,train
TCGA-BS-A0V6,1,train
TCGA-BS-A0V7,1,train
TCGA-BS-A0V8,1,train
TCGA-BS-A0WQ,1,train
TCGA-BT-A0YX,1,train
TCGA-BT-A20N,1,train
TCGA-BT-A20O,1,train
TCGA-BT-A20R,1,train
TCGA-BT-A20U,1,train
TCGA-BT-A20W,1,train
TCGA-BT-A2LA,1,train
TCGA-BT-A2LB,1,train
TCGA-BT-A2LD,1,train
TCGA-BT-A3PH,1,train
TCGA-BT-A3PJ,1,train
TCGA-BT-A3PK,1,train
TCGA-BT-A42B,1,train
TCGA-BT-A42C,1,train
TCGA-BT-A42E,1,train
TCGA-BW-A5NO,1,train
TCGA-BW-A5NQ,1,train
TCGA-C4-A0EZ,1,train
TCGA-C4-A0F0,1,train
TCGA-C4-A0F1,1,train
TCGA-C4-A0F6,1,train
TCGA-C4-A0F7,1,train
TCGA-C5-A1BE,1,train
TCGA-C5-A1BF,1,train
TCGA-C5-A1BJ,1,train
TCGA-C5-A1BK,1,train
TCGA-C5-A1BL,1,train
TCGA-C5-A1BM,1,train
TCGA-C5-A1BQ,1,train
TCGA-C5-A1M6,1,train
TCGA-C5-A1M8,1,train
TCGA-C5-A1M9,1,train
TCGA-C5-A1MH,1,train
TCGA-C5-A1MI,1,train
TCGA-C5-A1MJ,1,train
TCGA-C5-A1MK,1,train
TCGA-C5-A1MN,1,train
TCGA-C5-A1MP,1,train
TCGA-C5-A2LS,1,train
TCGA-C5-A2LX,1,train
TCGA-C5-A2LY,1,train
TCGA-C5-A2LZ,1,train
TCGA-C5-A2M1,1,train
TCGA-C5-A2M2,1,train
TCGA-C5-A3HD,1,train
TCGA-C5-A7CG,1,train
TCGA-C5-A7CM,1,train
TCGA-C5-A7CO,1,train
TCGA-C5-A7UE,1,train
TCGA-C5-A7UH,1,train
TCGA-C5-A7UI,1,train
TCGA-C5-A7X3,1,train
TCGA-C5-A7X8,1,train
TCGA-C5-A7XC,1,train
TCGA-C5-A8XH,1,train
TCGA-C5-A8XJ,1,train
TCGA-C5-A8YT,1,train
TCGA-C5-A8ZZ,1,train
TCGA-C5-A901,1,train
TCGA-C5-A902,1,train
TCGA-C5-A907,1,train
TCGA-C8-A12K,1,train
TCGA-C8-A12M,1,train
TCGA-C8-A12O,1,train
TCGA-C8-A12P,1,train
TCGA-C8-A12Q,1,train
TCGA-C8-A12U,1,train
TCGA-C8-A12V,1,train
TCGA-C8-A12X,1,train
TCGA-C8-A12Y,1,train
TCGA-C8-A12Z,1,train
TCGA-C8-A130,1,train
TCGA-C8-A131,1,train
TCGA-C8-A132,1,train
TCGA-C8-A133,1,train
TCGA-C8-A134,1,train
TCGA-C8-A135,1,train
TCGA-C8-A137,1,train
TCGA-C8-A1HE,1,train
TCGA-C8-A1HG,1,train
TCGA-C8-A1HI,1,train
TCGA-C8-A1HK,1,train
TCGA-C8-A1HM,1,train
TCGA-C8-A1HN,1,train
TCGA-C8-A1HO,1,train
TCGA-C8-A26V,1,train
TCGA-C8-A26W,1,train
TCGA-C8-A26X,1,train
TCGA-C8-A26Y,1,train
TCGA-C8-A26Z,1,train
TCGA-C8-A273,1,train
TCGA-C8-A275,1,train
TCGA-C8-A278,1,train
TCGA-C8-A27A,1,train
TCGA-C8-A3M8,1,train
TCGA-C8-A8HP,1,train
TCGA-C8-A8HR,1,train
TCGA-C8-A9FZ,1,train
TCGA-C9-A47Z,1,train
TCGA-C9-A480,1,train
TCGA-CA-5256,1,train
TCGA-CA-5796,1,train
TCGA-CA-6715,1,train
TCGA-CA-6717,1,train
TCGA-CA-6718,1,train
TCGA-CC-5258,1,train
TCGA-CC-5259,1,train
TCGA-CC-5260,1,train
TCGA-CC-5263,1,train
TCGA-CC-A123,1,train
TCGA-CC-A1HT,1,train
TCGA-CC-A3M9,1,train
TCGA-CC-A3MA,1,train
TCGA-CC-A3MB,1,train
TCGA-CC-A3MC,1,train
TCGA-CC-A5UC,1,train
TCGA-CC-A5UD,1,train
TCGA-CC-A7IE,1,train
TCGA-CC-A7IF,1,train
TCGA-CC-A7IG,1,train
TCGA-CC-A7II,1,train
TCGA-CC-A7IJ,1,train
TCGA-CC-A7IK,1,train
TCGA-CC-A7IL,1,train
TCGA-CC-A8HS,1,train
TCGA-CC-A8HT,1,train
TCGA-CC-A8HV,1,train
TCGA-CC-A9FS,1,train
TCGA-CC-A9FU,1,train
TCGA-CC-A9FV,1,train
TCGA-CC-A9FW,1,train
TCGA-CD-5798,1,train
TCGA-CD-5800,1,train
TCGA-CD-5801,1,train
TCGA-CD-5803,1,train
TCGA-CD-5804,1,train
TCGA-CD-5813,1,train
TCGA-CD-8524,1,train
TCGA-CD-8525,1,train
TCGA-CD-8527,1,train
TCGA-CD-8529,1,train
TCGA-CD-8530,1,train
TCGA-CD-8531,1,train
TCGA-CD-8532,1,train
TCGA-CD-8534,1,train
TCGA-CD-8536,1,train
TCGA-CD-A486,1,train
TCGA-CD-A487,1,train
TCGA-CD-A489,1,train
TCGA-CD-A48A,1,train
TCGA-CD-A48C,1,train
TCGA-CD-A4MG,1,train
TCGA-CD-A4MH,1,train
TCGA-CD-A4MI,1,train
TCGA-CD-A4MJ,1,train
TCGA-CE-A13K,1,train
TCGA-CE-A27D,1,train
TCGA-CE-A3MD,1,train
TCGA-CE-A3ME,1,train
TCGA-CE-A481,1,train
TCGA-CE-A483,1,train
TCGA-CF-A1HR,1,train
TCGA-CF-A27C,1,train
TCGA-CF-A3MF,1,train
TCGA-CF-A3MG,1,train
TCGA-CF-A3MH,1,train
TCGA-CF-A47S,1,train
TCGA-CF-A47T,1,train
TCGA-CF-A47V,1,train
TCGA-CF-A47W,1,train
TCGA-CF-A47X,1,train
TCGA-CF-A47Y,1,train
TCGA-CF-A5U8,1,train
TCGA-CF-A5UA,1,train
TCGA-CF-A7I0,1,train
TCGA-CF-A8HY,1,train
TCGA-CF-A9FF,1,train
TCGA-CF-A9FH,1,train
TCGA-CF-A9FL,1,train
TCGA-CF-A9FM,1,train
TCGA-CG-4300,1,train
TCGA-CG-4301,1,train
TCGA-CG-4304,1,train
TCGA-CG-4305,1,train
TCGA-CG-4306,1,train
TCGA-CG-4436,1,train
TCGA-CG-4440,1,train
TCGA-CG-4441,1,train
TCGA-CG-4443,1,train
TCGA-CG-4444,1,train
TCGA-CG-4449,1,train
TCGA-CG-4455,1,train
TCGA-CG-4460,1,train
TCGA-CG-4466,1,train
TCGA-CG-4469,1,train
TCGA-CG-4472,1,train
TCGA-CG-4475,1,train
TCGA-CG-4476,1,train
TCGA-CG-4477,1,train
TCGA-CH-5738,1,train
TCGA-CH-5739,1,train
TCGA-CH-5740,1,train
TCGA-CH-5741,1,train
TCGA-CH-5743,1,train
TCGA-CH-5744,1,train
TCGA-CH-5745,1,train
TCGA-CH-5746,1,train
TCGA-CH-5748,1,train
TCGA-CH-5750,1,train
TCGA-CH-5752,1,train
TCGA-CH-5753,1,train
TCGA-CH-5754,1,train
TCGA-CI-6622,1,train
TCGA-CJ-4634,1,train
TCGA-CJ-4635,1,train
TCGA-CJ-4636,1,train
TCGA-CJ-4637,1,train
TCGA-CJ-4638,1,train
TCGA-CJ-4640,1,train
TCGA-CJ-4641,1,train
TCGA-CJ-4642,1,train
TCGA-CJ-4644,1,train
TCGA-CJ-4869,1,train
TCGA-CJ-4873,1,train
TCGA-CJ-4874,1,train
TCGA-CJ-4875,1,train
TCGA-CJ-4876,1,train
TCGA-CJ-4881,1,train
TCGA-CJ-4882,1,train
TCGA-CJ-4886,1,train
TCGA-CJ-4887,1,train
TCGA-CJ-4888,1,train
TCGA-CJ-4889,1,train
TCGA-CJ-4890,1,train
TCGA-CJ-4891,1,train
TCGA-CJ-4892,1,train
TCGA-CJ-4893,1,train
TCGA-CJ-4894,1,train
TCGA-CJ-4897,1,train
TCGA-CJ-4900,1,train
TCGA-CJ-4901,1,train
TCGA-CJ-4902,1,train
TCGA-CJ-4905,1,train
TCGA-CJ-4907,1,train
TCGA-CJ-4908,1,train
TCGA-CJ-4912,1,train
TCGA-CJ-4913,1,train
TCGA-CJ-4916,1,train
TCGA-CJ-4920,1,train
TCGA-CJ-4923,1,train
TCGA-CJ-5672,1,train
TCGA-CJ-5675,1,train
TCGA-CJ-5676,1,train
TCGA-CJ-5677,1,train
TCGA-CJ-5679,1,train
TCGA-CJ-5680,1,train
TCGA-CJ-6027,1,train
TCGA-CJ-6028,1,train
TCGA-CJ-6030,1,train
TCGA-CJ-6031,1,train
TCGA-CJ-6032,1,train
TCGA-CK-4947,1,train
TCGA-CK-4948,1,train
TCGA-CK-4951,1,train
TCGA-CK-4952,1,train
TCGA-CK-5912,1,train
TCGA-CK-5915,1,train
TCGA-CK-5916,1,train
TCGA-CK-6748,1,train
TCGA-CK-6751,1,train
TCGA-CL-5917,1,train
TCGA-CM-4743,1,train
TCGA-CM-4744,1,train
TCGA-CM-4747,1,train
TCGA-CM-4752,1,train
TCGA-CM-5344,1,train
TCGA-CM-5349,1,train
TCGA-CM-5862,1,train
TCGA-CM-5863,1,train
TCGA-CM-5864,1,train
TCGA-CM-5868,1,train
TCGA-CM-6161,1,train
TCGA-CM-6164,1,train
TCGA-CM-6166,1,train
TCGA-CM-6167,1,train
TCGA-CM-6171,1,train
TCGA-CM-6676,1,train
TCGA-CM-6677,1,train
TCGA-CM-6678,1,train
TCGA-CM-6679,1,train
TCGA-CM-6680,1,train
TCGA-CN-4723,1,train
TCGA-CN-4725,1,train
TCGA-CN-4727,1,train
TCGA-CN-4728,1,train
TCGA-CN-4729,1,train
TCGA-CN-4734,1,train
TCGA-CN-4738,1,train
TCGA-CN-4740,1,train
TCGA-CN-4741,1,train
TCGA-CN-4742,1,train
TCGA-CN-5356,1,train
TCGA-CN-5358,1,train
TCGA-CN-5360,1,train
TCGA-CN-5361,1,train
TCGA-CN-5363,1,train
TCGA-CN-5364,1,train
TCGA-CN-5367,1,train
TCGA-CN-5369,1,train
TCGA-CN-5373,1,train
TCGA-CN-5374,1,train
TCGA-CN-6011,1,train
TCGA-CN-6012,1,train
TCGA-CN-6013,1,train
TCGA-CN-6016,1,train
TCGA-CN-6017,1,train
TCGA-CN-6020,1,train
TCGA-CN-6021,1,train
TCGA-CN-6022,1,train
TCGA-CN-6023,1,train
TCGA-CN-6989,1,train
TCGA-CN-6992,1,train
TCGA-CN-6994,1,train
TCGA-CN-6996,1,train
TCGA-CN-6998,1,train
TCGA-CN-A63T,1,train
TCGA-CN-A63U,1,train
TCGA-CN-A63V,1,train
TCGA-CN-A63Y,1,train
TCGA-CN-A640,1,train
TCGA-CN-A641,1,train
TCGA-CQ-5323,1,train
TCGA-CQ-5325,1,train
TCGA-CQ-5329,1,train
TCGA-CQ-5330,1,train
TCGA-CQ-5331,1,train
TCGA-CQ-5332,1,train
TCGA-CQ-5333,1,train
TCGA-CQ-5334,1,train
TCGA-CQ-6218,1,train
TCGA-CQ-6219,1,train
TCGA-CQ-6220,1,train
TCGA-CQ-6224,1,train
TCGA-CQ-6227,1,train
TCGA-CQ-6228,1,train
TCGA-CQ-6229,1,train
TCGA-CQ-7063,1,train
TCGA-CQ-7067,1,train
TCGA-CQ-7069,1,train
TCGA-CQ-7071,1,train
TCGA-CQ-A4C7,1,train
TCGA-CQ-A4C9,1,train
TCGA-CQ-A4CA,1,train
TCGA-CQ-A4CB,1,train
TCGA-CQ-A4CD,1,train
TCGA-CQ-A4CG,1,train
TCGA-CQ-A4CH,1,train
TCGA-CS-4938,1,train
TCGA-CS-4941,1,train
TCGA-CS-4942,1,train
TCGA-CS-4943,1,train
TCGA-CS-5393,1,train
TCGA-CS-5394,1,train
TCGA-CS-5395,1,train
TCGA-CS-6186,1,train
TCGA-CS-6290,1,train
TCGA-CS-6666,1,train
TCGA-CS-6667,1,train
TCGA-CS-6668,1,train
TCGA-CU-A0YO,1,train
TCGA-CU-A0YR,1,train
TCGA-CU-A3KJ,1,train
TCGA-CU-A5W6,1,train
TCGA-CU-A72E,1,train
TCGA-CV-5432,1,train
TCGA-CV-5439,1,train
TCGA-CV-5442,1,train
TCGA-CV-5443,1,train
TCGA-CV-5966,1,train
TCGA-CV-5970,1,train
TCGA-CV-5976,1,train
TCGA-CV-5978,1,train
TCGA-CV-6933,1,train
TCGA-CV-6934,1,train
TCGA-CV-6938,1,train
TCGA-CV-6942,1,train
TCGA-CV-6951,1,train
TCGA-CV-6952,1,train
TCGA-CV-6953,1,train
TCGA-CV-6955,1,train
TCGA-CV-6962,1,train
TCGA-CV-7089,1,train
TCGA-CV-7091,1,train
TCGA-CV-7095,1,train
TCGA-CV-7097,1,train
TCGA-CV-7099,1,train
TCGA-CV-7100,1,train
TCGA-CV-7101,1,train
TCGA-CV-7103,1,train
TCGA-CV-7178,1,train
TCGA-CV-7180,1,train
TCGA-CV-7183,1,train
TCGA-CV-7235,1,train
TCGA-CV-7238,1,train
TCGA-CV-7242,1,train
TCGA-CV-7243,1,train
TCGA-CV-7245,1,train
TCGA-CV-7250,1,train
TCGA-CV-7252,1,train
TCGA-CV-7261,1,train
TCGA-CV-7263,1,train
TCGA-CV-7406,1,train
TCGA-CV-7410,1,train
TCGA-CV-7413,1,train
TCGA-CV-7415,1,train
TCGA-CV-7416,1,train
TCGA-CV-7418,1,train
TCGA-CV-7421,1,train
TCGA-CV-7422,1,train
TCGA-CV-7423,1,train
TCGA-CV-7425,1,train
TCGA-CV-7428,1,train
TCGA-CV-7432,1,train
TCGA-CV-7435,1,train
TCGA-CV-7446,1,train
TCGA-CV-7568,1,train
TCGA-CV-A45P,1,train
TCGA-CV-A45Q,1,train
TCGA-CV-A45T,1,train
TCGA-CV-A45U,1,train
TCGA-CV-A45X,1,train
TCGA-CV-A45Y,1,train
TCGA-CV-A461,1,train
TCGA-CV-A463,1,train
TCGA-CV-A464,1,train
TCGA-CV-A465,1,train
TCGA-CV-A468,1,train
TCGA-CV-A6JM,1,train
TCGA-CV-A6JO,1,train
TCGA-CV-A6JU,1,train
TCGA-CV-A6JY,1,train
TCGA-CV-A6JZ,1,train
TCGA-CV-A6K0,1,train
TCGA-CV-A6K2,1,train
TCGA-CX-7086,1,train
TCGA-CX-7219,1,train
TCGA-CZ-4854,1,train
TCGA-CZ-4857,1,train
TCGA-CZ-4858,1,train
TCGA-CZ-4859,1,train
TCGA-CZ-4860,1,train
TCGA-CZ-4861,1,train
TCGA-CZ-4862,1,train
TCGA-CZ-4864,1,train
TCGA-CZ-4865,1,train
TCGA-CZ-4866,1,train
TCGA-CZ-5451,1,train
TCGA-CZ-5452,1,train
TCGA-CZ-5453,1,train
TCGA-CZ-5455,1,train
TCGA-CZ-5457,1,train
TCGA-CZ-5458,1,train
TCGA-CZ-5460,1,train
TCGA-CZ-5465,1,train
TCGA-CZ-5467,1,train
TCGA-CZ-5982,1,train
TCGA-CZ-5984,1,train
TCGA-CZ-5988,1,train
TCGA-D1-A0ZN,1,train
TCGA-D1-A0ZO,1,train
TCGA-D1-A0ZQ,1,train
TCGA-D1-A0ZR,1,train
TCGA-D1-A0ZS,1,train
TCGA-D1-A0ZU,1,train
TCGA-D1-A0ZZ,1,train
TCGA-D1-A101,1,train
TCGA-D1-A102,1,train
TCGA-D1-A103,1,train
TCGA-D1-A15V,1,train
TCGA-D1-A15Z,1,train
TCGA-D1-A161,1,train
TCGA-D1-A163,1,train
TCGA-D1-A165,1,train
TCGA-D1-A168,1,train
TCGA-D1-A16E,1,train
TCGA-D1-A16G,1,train
TCGA-D1-A16I,1,train
TCGA-D1-A16J,1,train
TCGA-D1-A16N,1,train
TCGA-D1-A16O,1,train
TCGA-D1-A16R,1,train
TCGA-D1-A16S,1,train
TCGA-D1-A16V,1,train
TCGA-D1-A16X,1,train
TCGA-D1-A16Y,1,train
TCGA-D1-A175,1,train
TCGA-D1-A177,1,train
TCGA-D1-A179,1,train
TCGA-D1-A17A,1,train
TCGA-D1-A17B,1,train
TCGA-D1-A17C,1,train
TCGA-D1-A17F,1,train
TCGA-D1-A17H,1,train
TCGA-D1-A17K,1,train
TCGA-D1-A17L,1,train
TCGA-D1-A17M,1,train
TCGA-D1-A17N,1,train
TCGA-D1-A17R,1,train
TCGA-D1-A17S,1,train
TCGA-D1-A17U,1,train
TCGA-D1-A1NS,1,train
TCGA-D1-A1NU,1,train
TCGA-D1-A1NX,1,train
TCGA-D1-A1NY,1,train
TCGA-D1-A1NZ,1,train
TCGA-D1-A1O0,1,train
TCGA-D1-A1O5,1,train
TCGA-D1-A1O8,1,train
TCGA-D1-A2G0,1,train
TCGA-D1-A2G5,1,train
TCGA-D1-A2G6,1,train
TCGA-D1-A3JP,1,train
TCGA-D5-5537,1,train
TCGA-D5-5538,1,train
TCGA-D5-5539,1,train
TCGA-D5-5540,1,train
TCGA-D5-5541,1,train
TCGA-D5-6529,1,train
TCGA-D5-6532,1,train
TCGA-D5-6533,1,train
TCGA-D5-6540,1,train
TCGA-D5-6898,1,train
TCGA-D5-6922,1,train
TCGA-D5-6923,1,train
TCGA-D5-6926,1,train
TCGA-D5-6927,1,train
TCGA-D5-6928,1,train
TCGA-D5-6929,1,train
TCGA-D5-6930,1,train
TCGA-D5-6931,1,train
TCGA-D5-6932,1,train
TCGA-D5-7000,1,train
TCGA-D6-6515,1,train
TCGA-D6-6517,1,train
TCGA-D6-6823,1,train
TCGA-D6-6824,1,train
TCGA-D6-6825,1,train
TCGA-D6-6827,1,train
TCGA-D6-8569,1,train
TCGA-D6-A4ZB,1,train
TCGA-D6-A6EM,1,train
TCGA-D6-A6EN,1,train
TCGA-D6-A6EQ,1,train
TCGA-D6-A6ES,1,train
TCGA-D6-A74Q,1,train
TCGA-D7-5577,1,train
TCGA-D7-5578,1,train
TCGA-D7-5579,1,train
TCGA-D7-6518,1,train
TCGA-D7-6519,1,train
TCGA-D7-6521,1,train
TCGA-D7-6522,1,train
TCGA-D7-6525,1,train
TCGA-D7-6526,1,train
TCGA-D7-6527,1,train
TCGA-D7-6528,1,train
TCGA-D7-6815,1,train
TCGA-D7-6817,1,train
TCGA-D7-6818,1,train
TCGA-D7-6820,1,train
TCGA-D7-8570,1,train
TCGA-D7-8572,1,train
TCGA-D7-8573,1,train
TCGA-D7-8574,1,train
TCGA-D7-8576,1,train
TCGA-D7-8578,1,train
TCGA-D7-8579,1,train
TCGA-D7-A4YT,1,train
TCGA-D7-A4YU,1,train
TCGA-D7-A4YV,1,train
TCGA-D7-A4YX,1,train
TCGA-D7-A4YY,1,train
TCGA-D7-A6ET,1,train
TCGA-D7-A6EV,1,train
TCGA-D7-A6EX,1,train
TCGA-D7-A6EY,1,train
TCGA-D7-A6EZ,1,train
TCGA-D7-A6F0,1,train
TCGA-D7-A6F2,1,train
TCGA-D7-A748,1,train
TCGA-D7-A74A,1,train
TCGA-D8-A13Y,1,train
TCGA-D8-A13Z,1,train
TCGA-D8-A140,1,train
TCGA-D8-A141,1,train
TCGA-D8-A142,1,train
TCGA-D8-A143,1,train
TCGA-D8-A145,1,train
TCGA-D8-A146,1,train
TCGA-D8-A147,1,train
TCGA-D8-A1J9,1,train
TCGA-D8-A1JA,1,train
TCGA-D8-A1JB,1,train
TCGA-D8-A1JC,1,train
TCGA-D8-A1JD,1,train
TCGA-D8-A1JE,1,train
TCGA-D8-A1JF,1,train
TCGA-D8-A1JG,1,train
TCGA-D8-A1JH,1,train
TCGA-D8-A1JI,1,train
TCGA-D8-A1JJ,1,train
TCGA-D8-A1JK,1,train
TCGA-D8-A1JL,1,train
TCGA-D8-A1JN,1,train
TCGA-D8-A1JP,1,train
TCGA-D8-A1JS,1,train
TCGA-D8-A1JT,1,train
TCGA-D8-A1JU,1,train
TCGA-D8-A1X5,1,train
TCGA-D8-A1X6,1,train
TCGA-D8-A1X7,1,train
TCGA-D8-A1X8,1,train
TCGA-D8-A1X9,1,train
TCGA-D8-A1XA,1,train
TCGA-D8-A1XC,1,train
TCGA-D8-A1XD,1,train
TCGA-D8-A1XF,1,train
TCGA-D8-A1XG,1,train
TCGA-D8-A1XK,1,train
TCGA-D8-A1XL,1,train
TCGA-D8-A1XM,1,train
TCGA-D8-A1XQ,1,train
TCGA-D8-A1XR,1,train
TCGA-D8-A1XT,1,train
TCGA-D8-A1XU,1,train
TCGA-D8-A1XV,1,train
TCGA-D8-A1XW,1,train
TCGA-D8-A1XY,1,train
TCGA-D8-A1XZ,1,train
TCGA-D8-A1Y1,1,train
TCGA-D8-A1Y2,1,train
TCGA-D8-A1Y3,1,train
TCGA-D8-A27E,1,train
TCGA-D8-A27F,1,train
TCGA-D8-A27G,1,train
TCGA-D8-A27H,1,train
TCGA-D8-A27K,1,train
TCGA-D8-A27L,1,train
TCGA-D8-A27M,1,train
TCGA-D8-A27N,1,train
TCGA-D8-A27P,1,train
TCGA-D8-A27R,1,train
TCGA-D8-A27T,1,train
TCGA-D8-A27V,1,train
TCGA-D8-A27W,1,train
TCGA-D8-A3Z5,1,train
TCGA-D8-A3Z6,1,train
TCGA-D8-A73U,1,train
TCGA-D9-A3Z4,1,train
TCGA-D9-A4Z2,1,train
TCGA-D9-A4Z3,1,train
TCGA-D9-A4Z5,1,train
TCGA-DB-5273,1,train
TCGA-DB-5274,1,train
TCGA-DB-5275,1,train
TCGA-DB-5276,1,train
TCGA-DB-5278,1,train
TCGA-DB-5279,1,train
TCGA-DB-5281,1,train
TCGA-DB-A4X9,1,train
TCGA-DB-A4XA,1,train
TCGA-DB-A4XB,1,train
TCGA-DB-A4XC,1,train
TCGA-DB-A4XD,1,train
TCGA-DB-A4XE,1,train
TCGA-DB-A4XF,1,train
TCGA-DB-A4XG,1,train
TCGA-DB-A4XH,1,train
TCGA-DB-A64L,1,train
TCGA-DB-A64O,1,train
TCGA-DB-A64P,1,train
TCGA-DB-A64Q,1,train
TCGA-DB-A64R,1,train
TCGA-DB-A64S,1,train
TCGA-DB-A64U,1,train
TCGA-DB-A64V,1,train
TCGA-DB-A64W,1,train
TCGA-DB-A64X,1,train
TCGA-DB-A75L,1,train
TCGA-DB-A75M,1,train
TCGA-DB-A75P,1,train
TCGA-DC-4745,1,train
TCGA-DC-4749,1,train
TCGA-DC-5869,1,train
TCGA-DC-6154,1,train
TCGA-DC-6155,1,train
TCGA-DC-6156,1,train
TCGA-DC-6157,1,train
TCGA-DC-6158,1,train
TCGA-DC-6160,1,train
TCGA-DC-6681,1,train
TCGA-DC-6682,1,train
TCGA-DC-6683,1,train
TCGA-DD-A113,1,train
TCGA-DD-A114,1,train
TCGA-DD-A115,1,train
TCGA-DD-A119,1,train
TCGA-DD-A11A,1,train
TCGA-DD-A11B,1,train
TCGA-DD-A1E9,1,train
TCGA-DD-A1EB,1,train
TCGA-DD-A1EE,1,train
TCGA-DD-A1EF,1,train
TCGA-DD-A1EI,1,train
TCGA-DD-A1EJ,1,train
TCGA-DD-A1EL,1,train
TCGA-DD-A4NG,1,train
TCGA-DD-A4NH,1,train
TCGA-DD-A4NJ,1,train
TCGA-DD-A4NK,1,train
TCGA-DD-A4NN,1,train
TCGA-DD-A4NQ,1,train
TCGA-DD-A4NS,1,train
TCGA-DD-A4NV,1,train
TCGA-DD-A73B,1,train
TCGA-DD-A73C,1,train
TCGA-DD-A73D,1,train
TCGA-DD-A73E,1,train
TCGA-DD-AA3A,1,train
TCGA-DD-AAC8,1,train
TCGA-DD-AAC9,1,train
TCGA-DD-AACA,1,train
TCGA-DD-AACC,1,train
TCGA-DD-AACD,1,train
TCGA-DD-AACE,1,train
TCGA-DD-AACF,1,train
TCGA-DD-AACG,1,train
TCGA-DD-AACH,1,train
TCGA-DD-AACJ,1,train
TCGA-DD-AACK,1,train
TCGA-DD-AACL,1,train
TCGA-DD-AACM,1,train
TCGA-DD-AACO,1,train
TCGA-DD-AACP,1,train
TCGA-DD-AACT,1,train
TCGA-DD-AACU,1,train
TCGA-DD-AACV,1,train
TCGA-DD-AACX,1,train
TCGA-DD-AACY,1,train
TCGA-DD-AACZ,1,train
TCGA-DD-AAD0,1,train
TCGA-DD-AAD3,1,train
TCGA-DD-AAD5,1,train
TCGA-DD-AAD6,1,train
TCGA-DD-AAD8,1,train
TCGA-DD-AADA,1,train
TCGA-DD-AADB,1,train
TCGA-DD-AADC,1,train
TCGA-DD-AADD,1,train
TCGA-DD-AADE,1,train
TCGA-DD-AADG,1,train
TCGA-DD-AADI,1,train
TCGA-DD-AADJ,1,train
TCGA-DD-AADK,1,train
TCGA-DD-AADL,1,train
TCGA-DD-AADM,1,train
TCGA-DD-AADN,1,train
TCGA-DD-AADP,1,train
TCGA-DD-AADQ,1,train
TCGA-DD-AADR,1,train
TCGA-DD-AADS,1,train
TCGA-DD-AADU,1,train
TCGA-DD-AADV,1,train
TCGA-DD-AADW,1,train
TCGA-DD-AADY,1,train
TCGA-DD-AAE1,1,train
TCGA-DD-AAE2,1,train
TCGA-DD-AAE3,1,train
TCGA-DD-AAE7,1,train
TCGA-DD-AAE8,1,train
TCGA-DD-AAE9,1,train
TCGA-DD-AAEB,1,train
TCGA-DD-AAED,1,train
TCGA-DD-AAEG,1,train
TCGA-DD-AAEH,1,train
TCGA-DD-AAEI,1,train
TCGA-DD-AAVP,1,train
TCGA-DD-AAVR,1,train
TCGA-DD-AAVS,1,train
TCGA-DD-AAVU,1,train
TCGA-DD-AAVV,1,train
TCGA-DD-AAVX,1,train
TCGA-DD-AAVY,1,train
TCGA-DD-AAVZ,1,train
TCGA-DD-AAW1,1,train
TCGA-DD-AAW2,1,train
TCGA-DE-A0XZ,1,train
TCGA-DE-A0Y2,1,train
TCGA-DE-A2OL,1,train
TCGA-DE-A4M9,1,train
TCGA-DE-A4MA,1,train
TCGA-DE-A4MB,1,train
TCGA-DE-A69J,1,train
TCGA-DE-A69K,1,train
TCGA-DE-A7U5,1,train
TCGA-DF-A2KN,1,train
TCGA-DF-A2KR,1,train
TCGA-DF-A2KS,1,train
TCGA-DF-A2KU,1,train
TCGA-DF-A2KV,1,train
TCGA-DF-A2KZ,1,train
TCGA-DF-A2L0,1,train
TCGA-DG-A2KH,1,train
TCGA-DG-A2KK,1,train
TCGA-DG-A2KL,1,train
TCGA-DG-A2KM,1,train
TCGA-DH-5140,1,train
TCGA-DH-5141,1,train
TCGA-DH-5142,1,train
TCGA-DH-5143,1,train
TCGA-DH-5144,1,train
TCGA-DH-A669,1,train
TCGA-DH-A66B,1,train
TCGA-DH-A66D,1,train
TCGA-DH-A66F,1,train
TCGA-DH-A66G,1,train
TCGA-DH-A7UR,1,train
TCGA-DH-A7UT,1,train
TCGA-DH-A7UU,1,train
TCGA-DH-A7UV,1,train
TCGA-DI-A1BY,1,train
TCGA-DI-A1C3,1,train
TCGA-DI-A2QT,1,train
TCGA-DI-A2QU,1,train
TCGA-DJ-A13M,1,train
TCGA-DJ-A13O,1,train
TCGA-DJ-A13P,1,train
TCGA-DJ-A13R,1,train
TCGA-DJ-A13S,1,train
TCGA-DJ-A13T,1,train
TCGA-DJ-A13W,1,train
TCGA-DJ-A13X,1,train
TCGA-DJ-A1QE,1,train
TCGA-DJ-A1QF,1,train
TCGA-DJ-A1QG,1,train
TCGA-DJ-A1QH,1,train
TCGA-DJ-A1QI,1,train
TCGA-DJ-A1QL,1,train
TCGA-DJ-A1QM,1,train
TCGA-DJ-A1QN,1,train
TCGA-DJ-A1QO,1,train
TCGA-DJ-A1QQ,1,train
TCGA-DJ-A2PN,1,train
TCGA-DJ-A2PO,1,train
TCGA-DJ-A2PP,1,train
TCGA-DJ-A2PQ,1,train
TCGA-DJ-A2PS,1,train
TCGA-DJ-A2PT,1,train
TCGA-DJ-A2PU,1,train
TCGA-DJ-A2PX,1,train
TCGA-DJ-A2PY,1,train
TCGA-DJ-A2PZ,1,train
TCGA-DJ-A2Q0,1,train
TCGA-DJ-A2Q1,1,train
TCGA-DJ-A2Q2,1,train
TCGA-DJ-A2Q3,1,train
TCGA-DJ-A2Q4,1,train
TCGA-DJ-A2Q5,1,train
TCGA-DJ-A2Q6,1,train
TCGA-DJ-A2Q7,1,train
TCGA-DJ-A2Q8,1,train
TCGA-DJ-A2Q9,1,train
TCGA-DJ-A2QA,1,train
TCGA-DJ-A2QC,1,train
TCGA-DJ-A3UK,1,train
TCGA-DJ-A3UN,1,train
TCGA-DJ-A3UO,1,train
TCGA-DJ-A3UQ,1,train
TCGA-DJ-A3UR,1,train
TCGA-DJ-A3US,1,train
TCGA-DJ-A3UT,1,train
TCGA-DJ-A3UU,1,train
TCGA-DJ-A3UV,1,train
TCGA-DJ-A3UW,1,train
TCGA-DJ-A3UX,1,train
TCGA-DJ-A3UY,1,train
TCGA-DJ-A3UZ,1,train
TCGA-DJ-A3V0,1,train
TCGA-DJ-A3V3,1,train
TCGA-DJ-A3V4,1,train
TCGA-DJ-A3V5,1,train
TCGA-DJ-A3V6,1,train
TCGA-DJ-A3V7,1,train
TCGA-DJ-A3V8,1,train
TCGA-DJ-A3VE,1,train
TCGA-DJ-A3VF,1,train
TCGA-DJ-A3VG,1,train
TCGA-DJ-A3VI,1,train
TCGA-DJ-A3VJ,1,train
TCGA-DJ-A3VK,1,train
TCGA-DJ-A3VL,1,train
TCGA-DJ-A3VM,1,train
TCGA-DJ-A4UL,1,train
TCGA-DJ-A4UP,1,train
TCGA-DJ-A4UR,1,train
TCGA-DJ-A4UW,1,train
TCGA-DJ-A4V0,1,train
TCGA-DJ-A4V2,1,train
TCGA-DJ-A4V4,1,train
TCGA-DJ-A4V5,1,train
TCGA-DK-A1A3,1,train
TCGA-DK-A1A5,1,train
TCGA-DK-A1A6,1,train
TCGA-DK-A1A7,1,train
TCGA-DK-A1AA,1,train
TCGA-DK-A1AB,1,train
TCGA-DK-A1AD,1,train
TCGA-DK-A1AG,1,train
TCGA-DK-A2I1,1,train
TCGA-DK-A2I2,1,train
TCGA-DK-A2I4,1,train
TCGA-DK-A2I6,1,train
TCGA-DK-A3IK,1,train
TCGA-DK-A3IL,1,train
TCGA-DK-A3IM,1,train
TCGA-DK-A3IQ,1,train
TCGA-DK-A3IS,1,train
TCGA-DK-A3IU,1,train
TCGA-DK-A3IV,1,train
TCGA-DK-A3WW,1,train
TCGA-DK-A3WX,1,train
TCGA-DK-A3WY,1,train
TCGA-DK-A3X1,1,train
TCGA-DK-A3X2,1,train
TCGA-DK-A6AV,1,train
TCGA-DK-A6AW,1,train
TCGA-DK-A6B0,1,train
TCGA-DK-A6B1,1,train
TCGA-DK-A6B6,1,train
TCGA-DM-A0X9,1,train
TCGA-DM-A0XF,1,train
TCGA-DM-A1D6,1,train
TCGA-DM-A1D9,1,train
TCGA-DM-A1DB,1,train
TCGA-DM-A28H,1,train
TCGA-DO-A1JZ,1,train
TCGA-DO-A1K0,1,train
TCGA-DQ-5624,1,train
TCGA-DQ-5625,1,train
TCGA-DQ-5630,1,train
TCGA-DQ-5631,1,train
TCGA-DQ-7588,1,train
TCGA-DQ-7589,1,train
TCGA-DQ-7590,1,train
TCGA-DQ-7593,1,train
TCGA-DQ-7594,1,train
TCGA-DQ-7595,1,train
TCGA-DQ-7596,1,train
TCGA-DR-A0ZL,1,train
TCGA-DR-A0ZM,1,train
TCGA-DS-A0VK,1,train
TCGA-DS-A0VM,1,train
TCGA-DS-A7WF,1,train
TCGA-DS-A7WH,1,train
TCGA-DT-5265,1,train
TCGA-DU-5847,1,train
TCGA-DU-5849,1,train
TCGA-DU-5852,1,train
TCGA-DU-5853,1,train
TCGA-DU-5854,1,train
TCGA-DU-5855,1,train
TCGA-DU-5870,1,train
TCGA-DU-5871,1,train
TCGA-DU-5872,1,train
TCGA-DU-5874,1,train
TCGA-DU-6395,1,train
TCGA-DU-6397,1,train
TCGA-DU-6399,1,train
TCGA-DU-6400,1,train
TCGA-DU-6401,1,train
TCGA-DU-6402,1,train
TCGA-DU-6403,1,train
TCGA-DU-6404,1,train
TCGA-DU-6405,1,train
TCGA-DU-6407,1,train
TCGA-DU-6408,1,train
TCGA-DU-6542,1,train
TCGA-DU-7006,1,train
TCGA-DU-7007,1,train
TCGA-DU-7008,1,train
TCGA-DU-7009,1,train
TCGA-DU-7010,1,train
TCGA-DU-7011,1,train
TCGA-DU-7012,1,train
TCGA-DU-7013,1,train
TCGA-DU-7018,1,train
TCGA-DU-7294,1,train
TCGA-DU-7298,1,train
TCGA-DU-7299,1,train
TCGA-DU-7300,1,train
TCGA-DU-7301,1,train
TCGA-DU-7302,1,train
TCGA-DU-7304,1,train
TCGA-DU-7306,1,train
TCGA-DU-7309,1,train
TCGA-DU-8158,1,train
TCGA-DU-8161,1,train
TCGA-DU-8165,1,train
TCGA-DU-8166,1,train
TCGA-DU-8168,1,train
TCGA-DU-A5TP,1,train
TCGA-DU-A5TS,1,train
TCGA-DU-A5TT,1,train
TCGA-DU-A5TW,1,train
TCGA-DU-A5TY,1,train
TCGA-DU-A6S3,1,train
TCGA-DU-A6S6,1,train
TCGA-DU-A6S7,1,train
TCGA-DU-A76K,1,train
TCGA-DU-A76R,1,train
TCGA-DU-A7TA,1,train
TCGA-DU-A7TB,1,train
TCGA-DU-A7TC,1,train
TCGA-DU-A7TD,1,train
TCGA-DU-A7TG,1,train
TCGA-DU-A7TJ,1,train
TCGA-DV-5565,1,train
TCGA-DV-5567,1,train
TCGA-DV-5568,1,train
TCGA-DV-5573,1,train
TCGA-DV-5574,1,train
TCGA-DV-5576,1,train
TCGA-DV-A4VX,1,train
TCGA-DV-A4VZ,1,train
TCGA-DV-A4W0,1,train
TCGA-DW-5561,1,train
TCGA-DW-7834,1,train
TCGA-DW-7836,1,train
TCGA-DW-7837,1,train
TCGA-DW-7838,1,train
TCGA-DW-7841,1,train
TCGA-DW-7842,1,train
TCGA-DW-7963,1,train
TCGA-DX-A1KW,1,train
TCGA-DX-A1KX,1,train
TCGA-DX-A1KZ,1,train
TCGA-DX-A1L3,1,train
TCGA-DX-A1L4,1,train
TCGA-DX-A23R,1,train
TCGA-DX-A23T,1,train
TCGA-DX-A23U,1,train
TCGA-DX-A240,1,train
TCGA-DX-A2J0,1,train
TCGA-DX-A3LS,1,train
TCGA-DX-A3LT,1,train
TCGA-DX-A3M1,1,train
TCGA-DX-A3M2,1,train
TCGA-DX-A3U8,1,train
TCGA-DX-A3U9,1,train
TCGA-DX-A3UB,1,train
TCGA-DX-A3UC,1,train
TCGA-DX-A48J,1,train
TCGA-DX-A48K,1,train
TCGA-DX-A48P,1,train
TCGA-DX-A6B7,1,train
TCGA-DX-A6B8,1,train
TCGA-DX-A6B9,1,train
TCGA-DX-A6BE,1,train
TCGA-DX-A6BF,1,train
TCGA-DX-A6BG,1,train
TCGA-DX-A6BK,1,train
TCGA-DX-A6YR,1,train
TCGA-DX-A6YT,1,train
TCGA-DX-A6Z0,1,train
TCGA-DX-A6Z2,1,train
TCGA-DX-A7EF,1,train
TCGA-DX-A7EI,1,train
TCGA-DX-A7EL,1,train
TCGA-DX-A7EN,1,train
TCGA-DX-A7EO,1,train
TCGA-DX-A7EQ,1,train
TCGA-DX-A7ER,1,train
TCGA-DX-A7ES,1,train
TCGA-DX-A7ET,1,train
TCGA-DX-A7EU,1,train
TCGA-DX-A8BJ,1,train
TCGA-DX-A8BK,1,train
TCGA-DX-A8BM,1,train
TCGA-DX-A8BO,1,train
TCGA-DX-A8BQ,1,train
TCGA-DX-A8BR,1,train
TCGA-DX-A8BS,1,train
TCGA-DX-A8BT,1,train
TCGA-DX-A8BU,1,train
TCGA-DX-A8BX,1,train
TCGA-DX-AB2F,1,train
TCGA-DX-AB2G,1,train
TCGA-DX-AB2H,1,train
TCGA-DX-AB2J,1,train
TCGA-DX-AB2L,1,train
TCGA-DX-AB2O,1,train
TCGA-DX-AB2S,1,train
TCGA-DX-AB2T,1,train
TCGA-DX-AB2V,1,train
TCGA-DX-AB2W,1,train
TCGA-DX-AB2X,1,train
TCGA-DX-AB2Z,1,train
TCGA-DX-AB32,1,train
TCGA-DX-AB35,1,train
TCGA-DX-AB36,1,train
TCGA-DX-AB37,1,train
TCGA-DX-AB3B,1,train
TCGA-DX-AB3C,1,train
TCGA-DY-A0XA,1,train
TCGA-DY-A1DC,1,train
TCGA-DY-A1DD,1,train
TCGA-E1-A7YE,1,train
TCGA-E1-A7YI,1,train
TCGA-E1-A7YJ,1,train
TCGA-E1-A7YK,1,train
TCGA-E1-A7YL,1,train
TCGA-E1-A7YM,1,train
TCGA-E1-A7YO,1,train
TCGA-E1-A7YU,1,train
TCGA-E1-A7YV,1,train
TCGA-E1-A7YW,1,train
TCGA-E1-A7YY,1,train
TCGA-E1-A7Z2,1,train
TCGA-E1-A7Z3,1,train
TCGA-E1-A7Z4,1,train
TCGA-E2-A105,1,train
TCGA-E2-A106,1,train
TCGA-E2-A107,1,train
TCGA-E2-A108,1,train
TCGA-E2-A109,1,train
TCGA-E2-A10A,1,train
TCGA-E2-A10B,1,train
TCGA-E2-A10C,1,train
TCGA-E2-A10E,1,train
TCGA-E2-A14N,1,train
TCGA-E2-A14O,1,train
TCGA-E2-A14P,1,train
TCGA-E2-A14Q,1,train
TCGA-E2-A14R,1,train
TCGA-E2-A14S,1,train
TCGA-E2-A14T,1,train
TCGA-E2-A14U,1,train
TCGA-E2-A14V,1,train
TCGA-E2-A14Y,1,train
TCGA-E2-A150,1,train
TCGA-E2-A152,1,train
TCGA-E2-A154,1,train
TCGA-E2-A155,1,train
TCGA-E2-A158,1,train
TCGA-E2-A15A,1,train
TCGA-E2-A15C,1,train
TCGA-E2-A15H,1,train
TCGA-E2-A15I,1,train
TCGA-E2-A15J,1,train
TCGA-E2-A15K,1,train
TCGA-E2-A15M,1,train
TCGA-E2-A15O,1,train
TCGA-E2-A15P,1,train
TCGA-E2-A15R,1,train
TCGA-E2-A15S,1,train
TCGA-E2-A1B0,1,train
TCGA-E2-A1B5,1,train
TCGA-E2-A1BC,1,train
TCGA-E2-A1BD,1,train
TCGA-E2-A1IE,1,train
TCGA-E2-A1IF,1,train
TCGA-E2-A1IH,1,train
TCGA-E2-A1II,1,train
TCGA-E2-A1IJ,1,train
TCGA-E2-A1IN,1,train
TCGA-E2-A1IO,1,train
TCGA-E2-A1L6,1,train
TCGA-E2-A1L8,1,train
TCGA-E2-A1L9,1,train
TCGA-E2-A1LA,1,train
TCGA-E2-A3DX,1,train
TCGA-E2-A56Z,1,train
TCGA-E2-A570,1,train
TCGA-E2-A572,1,train
TCGA-E2-A573,1,train
TCGA-E2-A576,1,train
TCGA-E3-A3DY,1,train
TCGA-E3-A3DZ,1,train
TCGA-E3-A3E0,1,train
TCGA-E3-A3E1,1,train
TCGA-E3-A3E2,1,train
TCGA-E3-A3E3,1,train
TCGA-E3-A3E5,1,train
TCGA-E5-A2PC,1,train
TCGA-E5-A4TZ,1,train
TCGA-E6-A1LX,1,train
TCGA-E6-A1LZ,1,train
TCGA-E7-A3X6,1,train
TCGA-E7-A3Y1,1,train
TCGA-E7-A4IJ,1,train
TCGA-E7-A4XJ,1,train
TCGA-E7-A519,1,train
TCGA-E7-A541,1,train
TCGA-E7-A5KF,1,train
TCGA-E7-A678,1,train
TCGA-E7-A6MD,1,train
TCGA-E7-A6ME,1,train
TCGA-E7-A6MF,1,train
TCGA-E7-A7DU,1,train
TCGA-E7-A7DV,1,train
TCGA-E7-A7PW,1,train
TCGA-E7-A7XN,1,train
TCGA-E7-A85H,1,train
TCGA-E7-A8O8,1,train
TCGA-E7-A97P,1,train
TCGA-E8-A2EA,1,train
TCGA-E8-A2JQ,1,train
TCGA-E8-A3X7,1,train
TCGA-E8-A413,1,train
TCGA-E8-A414,1,train
TCGA-E8-A415,1,train
TCGA-E8-A417,1,train
TCGA-E8-A418,1,train
TCGA-E8-A419,1,train
TCGA-E8-A432,1,train
TCGA-E8-A433,1,train
TCGA-E8-A434,1,train
TCGA-E8-A436,1,train
TCGA-E8-A437,1,train
TCGA-E8-A44K,1,train
TCGA-E8-A44M,1,train
TCGA-E9-A1N3,1,train
TCGA-E9-A1N4,1,train
TCGA-E9-A1N6,1,train
TCGA-E9-A1N9,1,train
TCGA-E9-A1NA,1,train
TCGA-E9-A1ND,1,train
TCGA-E9-A1NE,1,train
TCGA-E9-A1NF,1,train
TCGA-E9-A1NG,1,train
TCGA-E9-A1NH,1,train
TCGA-E9-A1QZ,1,train
TCGA-E9-A1R0,1,train
TCGA-E9-A1R2,1,train
TCGA-E9-A1R3,1,train
TCGA-E9-A1R5,1,train
TCGA-E9-A1R7,1,train
TCGA-E9-A1RA,1,train
TCGA-E9-A1RB,1,train
TCGA-E9-A1RC,1,train
TCGA-E9-A1RD,1,train
TCGA-E9-A1RE,1,train
TCGA-E9-A1RF,1,train
TCGA-E9-A1RH,1,train
TCGA-E9-A1RI,1,train
TCGA-E9-A227,1,train
TCGA-E9-A228,1,train
TCGA-E9-A229,1,train
TCGA-E9-A22A,1,train
TCGA-E9-A22B,1,train
TCGA-E9-A22E,1,train
TCGA-E9-A22H,1,train
TCGA-E9-A245,1,train
TCGA-E9-A247,1,train
TCGA-E9-A248,1,train
TCGA-E9-A24A,1,train
TCGA-E9-A295,1,train
TCGA-E9-A2JS,1,train
TCGA-E9-A2JT,1,train
TCGA-E9-A3HO,1,train
TCGA-E9-A3Q9,1,train
TCGA-E9-A3QA,1,train
TCGA-E9-A3X8,1,train
TCGA-E9-A54X,1,train
TCGA-E9-A5FK,1,train
TCGA-E9-A5FL,1,train
TCGA-E9-A5UO,1,train
TCGA-E9-A5UP,1,train
TCGA-EA-A1QS,1,train
TCGA-EA-A1QT,1,train
TCGA-EA-A3HQ,1,train
TCGA-EA-A3HR,1,train
TCGA-EA-A3HS,1,train
TCGA-EA-A3HT,1,train
TCGA-EA-A3HU,1,train
TCGA-EA-A3QD,1,train
TCGA-EA-A3QE,1,train
TCGA-EA-A3Y4,1,train
TCGA-EA-A410,1,train
TCGA-EA-A43B,1,train
TCGA-EA-A44S,1,train
TCGA-EA-A4BA,1,train
TCGA-EA-A50E,1,train
TCGA-EA-A556,1,train
TCGA-EA-A5FO,1,train
TCGA-EA-A5ZD,1,train
TCGA-EA-A5ZE,1,train
TCGA-EA-A5ZF,1,train
TCGA-EA-A6QX,1,train
TCGA-EA-A78R,1,train
TCGA-EA-A97N,1,train
TCGA-EB-A1NK,1,train
TCGA-EB-A24C,1,train
TCGA-EB-A24D,1,train
TCGA-EB-A299,1,train
TCGA-EB-A3HV,1,train
TCGA-EB-A3XC,1,train
TCGA-EB-A3XD,1,train
TCGA-EB-A3XE,1,train
TCGA-EB-A3Y6,1,train
TCGA-EB-A3Y7,1,train
TCGA-EB-A41A,1,train
TCGA-EB-A41B,1,train
TCGA-EB-A42Y,1,train
TCGA-EB-A430,1,train
TCGA-EB-A44N,1,train
TCGA-EB-A44O,1,train
TCGA-EB-A44P,1,train
TCGA-EB-A4IQ,1,train
TCGA-EB-A4IS,1,train
TCGA-EB-A4OY,1,train
TCGA-EB-A4OZ,1,train
TCGA-EB-A4P0,1,train
TCGA-EB-A4XL,1,train
TCGA-EB-A51B,1,train
TCGA-EB-A550,1,train
TCGA-EB-A551,1,train
TCGA-EB-A553,1,train
TCGA-EB-A5FP,1,train
TCGA-EB-A5SE,1,train
TCGA-EB-A5UM,1,train
TCGA-EB-A5VU,1,train
TCGA-EB-A6QY,1,train
TCGA-EB-A6QZ,1,train
TCGA-EB-A6R0,1,train
TCGA-EB-A85I,1,train
TCGA-EB-A85J,1,train
TCGA-EC-A1NJ,1,train
TCGA-EC-A24G,1,train
TCGA-ED-A459,1,train
TCGA-ED-A4XI,1,train
TCGA-ED-A5KG,1,train
TCGA-ED-A627,1,train
TCGA-ED-A66X,1,train
TCGA-ED-A66Y,1,train
TCGA-ED-A7PX,1,train
TCGA-ED-A7PY,1,train
TCGA-ED-A7XO,1,train
TCGA-ED-A7XP,1,train
TCGA-ED-A82E,1,train
TCGA-ED-A8O5,1,train
TCGA-ED-A8O6,1,train
TCGA-ED-A97K,1,train
TCGA-EF-5830,1,train
TCGA-EI-6507,1,train
TCGA-EI-6508,1,train
TCGA-EI-6509,1,train
TCGA-EI-6511,1,train
TCGA-EI-6513,1,train
TCGA-EI-6514,1,train
TCGA-EI-6881,1,train
TCGA-EI-6882,1,train
TCGA-EI-6883,1,train
TCGA-EI-6884,1,train
TCGA-EI-6917,1,train
TCGA-EI-7002,1,train
TCGA-EJ-5494,1,train
TCGA-EJ-5495,1,train
TCGA-EJ-5496,1,train
TCGA-EJ-5497,1,train
TCGA-EJ-5498,1,train
TCGA-EJ-5499,1,train
TCGA-EJ-5502,1,train
TCGA-EJ-5503,1,train
TCGA-EJ-5504,1,train
TCGA-EJ-5506,1,train
TCGA-EJ-5510,1,train
TCGA-EJ-5511,1,train
TCGA-EJ-5514,1,train
TCGA-EJ-5515,1,train
TCGA-EJ-5516,1,train
TCGA-EJ-5517,1,train
TCGA-EJ-5518,1,train
TCGA-EJ-5519,1,train
TCGA-EJ-5521,1,train
TCGA-EJ-5524,1,train
TCGA-EJ-5526,1,train
TCGA-EJ-5527,1,train
TCGA-EJ-5530,1,train
TCGA-EJ-5531,1,train
TCGA-EJ-5542,1,train
TCGA-EJ-7115,1,train
TCGA-EJ-7123,1,train
TCGA-EJ-7314,1,train
TCGA-EJ-7317,1,train
TCGA-EJ-7321,1,train
TCGA-EJ-7327,1,train
TCGA-EJ-7328,1,train
TCGA-EJ-7330,1,train
TCGA-EJ-7331,1,train
TCGA-EJ-7782,1,train
TCGA-EJ-7783,1,train
TCGA-EJ-7784,1,train
TCGA-EJ-7785,1,train
TCGA-EJ-7786,1,train
TCGA-EJ-7789,1,train
TCGA-EJ-7791,1,train
TCGA-EJ-7792,1,train
TCGA-EJ-7793,1,train
TCGA-EJ-7794,1,train
TCGA-EJ-7797,1,train
TCGA-EJ-A46B,1,train
TCGA-EJ-A46E,1,train
TCGA-EJ-A46F,1,train
TCGA-EJ-A46G,1,train
TCGA-EL-A3CM,1,train
TCGA-EL-A3CO,1,train
TCGA-EL-A3CR,1,train
TCGA-EL-A3CS,1,train
TCGA-EL-A3CU,1,train
TCGA-EL-A3CV,1,train
TCGA-EL-A3CX,1,train
TCGA-EL-A3CZ,1,train
TCGA-EL-A3D0,1,train
TCGA-EL-A3D5,1,train
TCGA-EL-A3GO,1,train
TCGA-EL-A3GP,1,train
TCGA-EL-A3GS,1,train
TCGA-EL-A3GU,1,train
TCGA-EL-A3GW,1,train
TCGA-EL-A3GZ,1,train
TCGA-EL-A3H1,1,train
TCGA-EL-A3H2,1,train
TCGA-EL-A3H3,1,train
TCGA-EL-A3H4,1,train
TCGA-EL-A3H5,1,train
TCGA-EL-A3H7,1,train
TCGA-EL-A3H8,1,train
TCGA-EL-A3MW,1,train
TCGA-EL-A3MX,1,train
TCGA-EL-A3N2,1,train
TCGA-EL-A3N3,1,train
TCGA-EL-A3T6,1,train
TCGA-EL-A3T7,1,train
TCGA-EL-A3TB,1,train
TCGA-EL-A3ZG,1,train
TCGA-EL-A3ZK,1,train
TCGA-EL-A3ZL,1,train
TCGA-EL-A3ZM,1,train
TCGA-EL-A3ZN,1,train
TCGA-EL-A3ZO,1,train
TCGA-EL-A3ZP,1,train
TCGA-EL-A3ZQ,1,train
TCGA-EL-A3ZR,1,train
TCGA-EL-A3ZT,1,train
TCGA-EL-A4JV,1,train
TCGA-EL-A4JW,1,train
TCGA-EL-A4JX,1,train
TCGA-EL-A4JZ,1,train
TCGA-EL-A4K0,1,train
TCGA-EL-A4K1,1,train
TCGA-EL-A4K2,1,train
TCGA-EL-A4K7,1,train
TCGA-EL-A4K9,1,train
TCGA-EM-A1CS,1,train
TCGA-EM-A1CT,1,train
TCGA-EM-A1CU,1,train
TCGA-EM-A1YA,1,train
TCGA-EM-A1YB,1,train
TCGA-EM-A1YD,1,train
TCGA-EM-A1YE,1,train
TCGA-EM-A22I,1,train
TCGA-EM-A22J,1,train
TCGA-EM-A22K,1,train
TCGA-EM-A22L,1,train
TCGA-EM-A22M,1,train
TCGA-EM-A22O,1,train
TCGA-EM-A22P,1,train
TCGA-EM-A22Q,1,train
TCGA-EM-A2CJ,1,train
TCGA-EM-A2CL,1,train
TCGA-EM-A2CN,1,train
TCGA-EM-A2CO,1,train
TCGA-EM-A2CQ,1,train
TCGA-EM-A2CR,1,train
TCGA-EM-A2CS,1,train
TCGA-EM-A2CT,1,train
TCGA-EM-A2OW,1,train
TCGA-EM-A2OX,1,train
TCGA-EM-A2OY,1,train
TCGA-EM-A2P1,1,train
TCGA-EM-A2P2,1,train
TCGA-EM-A2P3,1,train
TCGA-EM-A3AJ,1,train
TCGA-EM-A3AK,1,train
TCGA-EM-A3AL,1,train
TCGA-EM-A3AN,1,train
TCGA-EM-A3AP,1,train
TCGA-EM-A3AQ,1,train
TCGA-EM-A3FJ,1,train
TCGA-EM-A3FM,1,train
TCGA-EM-A3FN,1,train
TCGA-EM-A3FO,1,train
TCGA-EM-A3FQ,1,train
TCGA-EM-A3O3,1,train
TCGA-EM-A3O6,1,train
TCGA-EM-A3O9,1,train
TCGA-EM-A3OA,1,train
TCGA-EM-A3OB,1,train
TCGA-EM-A3ST,1,train
TCGA-EM-A3SU,1,train
TCGA-EM-A3SX,1,train
TCGA-EM-A3SY,1,train
TCGA-EM-A3SZ,1,train
TCGA-EM-A4FF,1,train
TCGA-EM-A4FK,1,train
TCGA-EM-A4FQ,1,train
TCGA-EM-A4FR,1,train
TCGA-EM-A4FU,1,train
TCGA-EM-A4FV,1,train
TCGA-EM-A4G1,1,train
TCGA-EO-A1Y5,1,train
TCGA-EO-A1Y8,1,train
TCGA-EO-A22R,1,train
TCGA-EO-A22S,1,train
TCGA-EO-A22T,1,train
TCGA-EO-A22U,1,train
TCGA-EO-A22Y,1,train
TCGA-EO-A2CG,1,train
TCGA-EO-A2CH,1,train
TCGA-EO-A3AV,1,train
TCGA-EO-A3AZ,1,train
TCGA-EO-A3B0,1,train
TCGA-EO-A3B1,1,train
TCGA-EO-A3KU,1,train
TCGA-EO-A3KW,1,train
TCGA-EO-A3KX,1,train
TCGA-EO-A3L0,1,train
TCGA-EP-A26S,1,train
TCGA-EP-A2KA,1,train
TCGA-EP-A2KB,1,train
TCGA-EP-A2KC,1,train
TCGA-EP-A3JL,1,train
TCGA-EP-A3RK,1,train
TCGA-EQ-5647,1,train
TCGA-ER-A19K,1,train
TCGA-ER-A2NF,1,train
TCGA-ER-A42H,1,train
TCGA-ET-A25I,1,train
TCGA-ET-A25J,1,train
TCGA-ET-A25K,1,train
TCGA-ET-A25L,1,train
TCGA-ET-A25M,1,train
TCGA-ET-A25N,1,train
TCGA-ET-A25O,1,train
TCGA-ET-A25P,1,train
TCGA-ET-A2MY,1,train
TCGA-ET-A2N5,1,train
TCGA-ET-A39I,1,train
TCGA-ET-A39K,1,train
TCGA-ET-A39L,1,train
TCGA-ET-A39R,1,train
TCGA-ET-A39T,1,train
TCGA-ET-A3BN,1,train
TCGA-ET-A3BP,1,train
TCGA-ET-A3BQ,1,train
TCGA-ET-A3BS,1,train
TCGA-ET-A3BW,1,train
TCGA-ET-A3DO,1,train
TCGA-ET-A3DP,1,train
TCGA-ET-A3DQ,1,train
TCGA-ET-A3DS,1,train
TCGA-ET-A3DT,1,train
TCGA-ET-A3DU,1,train
TCGA-ET-A40P,1,train
TCGA-ET-A40Q,1,train
TCGA-ET-A40S,1,train
TCGA-ET-A40T,1,train
TCGA-ET-A4KN,1,train
TCGA-ET-A4KQ,1,train
TCGA-EU-5904,1,train
TCGA-EU-5905,1,train
TCGA-EU-5906,1,train
TCGA-EU-5907,1,train
TCGA-EV-5903,1,train
TCGA-EW-A1IW,1,train
TCGA-EW-A1IX,1,train
TCGA-EW-A1IZ,1,train
TCGA-EW-A1J2,1,train
TCGA-EW-A1J3,1,train
TCGA-EW-A1J5,1,train
TCGA-EW-A1J6,1,train
TCGA-EW-A1OW,1,train
TCGA-EW-A1OX,1,train
TCGA-EW-A1OZ,1,train
TCGA-EW-A1P3,1,train
TCGA-EW-A1P4,1,train
TCGA-EW-A1P6,1,train
TCGA-EW-A1P7,1,train
TCGA-EW-A1P8,1,train
TCGA-EW-A1PA,1,train
TCGA-EW-A1PB,1,train
TCGA-EW-A1PD,1,train
TCGA-EW-A1PE,1,train
TCGA-EW-A1PF,1,train
TCGA-EW-A1PG,1,train
TCGA-EW-A1PH,1,train
TCGA-EW-A2FR,1,train
TCGA-EW-A2FS,1,train
TCGA-EW-A2FV,1,train
TCGA-EW-A3E8,1,train
TCGA-EW-A3U0,1,train
TCGA-EW-A423,1,train
TCGA-EW-A424,1,train
TCGA-EW-A6SA,1,train
TCGA-EW-A6SB,1,train
TCGA-EW-A6SC,1,train
TCGA-EW-A6SD,1,train
TCGA-EX-A1H5,1,train
TCGA-EX-A1H6,1,train
TCGA-EX-A69L,1,train
TCGA-EX-A69M,1,train
TCGA-EX-A8YF,1,train
TCGA-EY-A1G8,1,train
TCGA-EY-A1GC,1,train
TCGA-EY-A1GD,1,train
TCGA-EY-A1GE,1,train
TCGA-EY-A1GH,1,train
TCGA-EY-A1GI,1,train
TCGA-EY-A1GJ,1,train
TCGA-EY-A1GK,1,train
TCGA-EY-A1GL,1,train
TCGA-EY-A1GM,1,train
TCGA-EY-A1GO,1,train
TCGA-EY-A1GQ,1,train
TCGA-EY-A1GR,1,train
TCGA-EY-A1GT,1,train
TCGA-EY-A1GU,1,train
TCGA-EY-A1GW,1,train
TCGA-EY-A1GX,1,train
TCGA-EY-A1H0,1,train
TCGA-EY-A210,1,train
TCGA-EY-A215,1,train
TCGA-EY-A3QX,1,train
TCGA-EY-A4KR,1,train
TCGA-EY-A5W2,1,train
TCGA-EZ-7264,1,train
TCGA-F1-6177,1,train
TCGA-F1-6874,1,train
TCGA-F1-6875,1,train
TCGA-F1-A72C,1,train
TCGA-F2-6879,1,train
TCGA-F2-6880,1,train
TCGA-F2-7273,1,train
TCGA-F2-7276,1,train
TCGA-F2-A44G,1,train
TCGA-F2-A44H,1,train
TCGA-F2-A7TX,1,train
TCGA-F4-6460,1,train
TCGA-F4-6463,1,train
TCGA-F4-6703,1,train
TCGA-F4-6806,1,train
TCGA-F4-6807,1,train
TCGA-F4-6808,1,train
TCGA-F4-6854,1,train
TCGA-F4-6855,1,train
TCGA-F4-6856,1,train
TCGA-F5-6464,1,train
TCGA-F5-6465,1,train
TCGA-F5-6571,1,train
TCGA-F5-6702,1,train
TCGA-F5-6810,1,train
TCGA-F5-6812,1,train
TCGA-F5-6861,1,train
TCGA-F6-A8O3,1,train
TCGA-F6-A8O4,1,train
TCGA-F7-8489,1,train
TCGA-F7-A50I,1,train
TCGA-F7-A61V,1,train
TCGA-F7-A61W,1,train
TCGA-F7-A620,1,train
TCGA-F7-A622,1,train
TCGA-F7-A623,1,train
TCGA-F9-A4JJ,1,train
TCGA-F9-A7Q0,1,train
TCGA-F9-A8NY,1,train
TCGA-F9-A97G,1,train
TCGA-FB-A545,1,train
TCGA-FB-A5VM,1,train
TCGA-FB-AAPP,1,train
TCGA-FB-AAPQ,1,train
TCGA-FB-AAPS,1,train
TCGA-FB-AAPU,1,train
TCGA-FB-AAPZ,1,train
TCGA-FB-AAQ0,1,train
TCGA-FB-AAQ1,1,train
TCGA-FB-AAQ2,1,train
TCGA-FB-AAQ6,1,train
TCGA-FC-7708,1,train
TCGA-FC-A4JI,1,train
TCGA-FC-A5OB,1,train
TCGA-FC-A66V,1,train
TCGA-FC-A8O0,1,train
TCGA-FD-A3B3,1,train
TCGA-FD-A3B6,1,train
TCGA-FD-A3B7,1,train
TCGA-FD-A3NA,1,train
TCGA-FD-A3SM,1,train
TCGA-FD-A3SO,1,train
TCGA-FD-A3SP,1,train
TCGA-FD-A3SR,1,train
TCGA-FD-A43N,1,train
TCGA-FD-A43P,1,train
TCGA-FD-A43S,1,train
TCGA-FD-A43U,1,train
TCGA-FD-A43Y,1,train
TCGA-FD-A5BR,1,train
TCGA-FD-A5BS,1,train
TCGA-FD-A5BT,1,train
TCGA-FD-A5BU,1,train
TCGA-FD-A5BV,1,train
TCGA-FD-A5BX,1,train
TCGA-FD-A5BY,1,train
TCGA-FD-A62P,1,train
TCGA-FD-A62S,1,train
TCGA-FD-A6TA,1,train
TCGA-FD-A6TB,1,train
TCGA-FD-A6TC,1,train
TCGA-FD-A6TD,1,train
TCGA-FD-A6TE,1,train
TCGA-FD-A6TF,1,train
TCGA-FD-A6TG,1,train
TCGA-FD-A6TH,1,train
TCGA-FD-A6TI,1,train
TCGA-FD-A6TK,1,train
TCGA-FE-A230,1,train
TCGA-FE-A231,1,train
TCGA-FE-A232,1,train
TCGA-FE-A234,1,train
TCGA-FE-A235,1,train
TCGA-FE-A236,1,train
TCGA-FE-A238,1,train
TCGA-FE-A239,1,train
TCGA-FE-A23A,1,train
TCGA-FE-A3PA,1,train
TCGA-FE-A3PB,1,train
TCGA-FG-5962,1,train
TCGA-FG-5964,1,train
TCGA-FG-5965,1,train
TCGA-FG-6688,1,train
TCGA-FG-6689,1,train
TCGA-FG-6690,1,train
TCGA-FG-6692,1,train
TCGA-FG-7634,1,train
TCGA-FG-7636,1,train
TCGA-FG-7637,1,train
TCGA-FG-7638,1,train
TCGA-FG-7641,1,train
TCGA-FG-8181,1,train
TCGA-FG-8185,1,train
TCGA-FG-8186,1,train
TCGA-FG-8191,1,train
TCGA-FG-A4MU,1,train
TCGA-FG-A4MW,1,train
TCGA-FG-A4MX,1,train
TCGA-FG-A4MY,1,train
TCGA-FG-A60J,1,train
TCGA-FG-A60K,1,train
TCGA-FG-A60L,1,train
TCGA-FG-A6IZ,1,train
TCGA-FG-A6J1,1,train
TCGA-FG-A6J3,1,train
TCGA-FG-A70Z,1,train
TCGA-FG-A711,1,train
TCGA-FG-A87N,1,train
TCGA-FG-A87Q,1,train
TCGA-FI-A2CY,1,train
TCGA-FI-A2D0,1,train
TCGA-FI-A2D4,1,train
TCGA-FI-A2D5,1,train
TCGA-FI-A2D6,1,train
TCGA-FI-A2EU,1,train
TCGA-FI-A2EW,1,train
TCGA-FI-A2EY,1,train
TCGA-FI-A2F9,1,train
TCGA-FI-A3PV,1,train
TCGA-FJ-A3Z7,1,train
TCGA-FJ-A3ZE,1,train
TCGA-FJ-A3ZF,1,train
TCGA-FK-A3S3,1,train
TCGA-FK-A3SB,1,train
TCGA-FK-A3SD,1,train
TCGA-FK-A3SG,1,train
TCGA-FK-A3SH,1,train
TCGA-FK-A4UB,1,train
TCGA-FN-7833,1,train
TCGA-FP-7735,1,train
TCGA-FP-7916,1,train
TCGA-FP-7998,1,train
TCGA-FP-8099,1,train
TCGA-FP-8209,1,train
TCGA-FP-A4BE,1,train
TCGA-FP-A8CX,1,train
TCGA-FP-A9TM,1,train
TCGA-FR-A2OS,1,train
TCGA-FR-A726,1,train
TCGA-FS-A1ZN,1,train
TCGA-FT-A3EE,1,train
TCGA-FT-A61P,1,train
TCGA-FU-A23K,1,train
TCGA-FU-A23L,1,train
TCGA-FU-A3HY,1,train
TCGA-FU-A3HZ,1,train
TCGA-FU-A3NI,1,train
TCGA-FU-A3TQ,1,train
TCGA-FU-A3TX,1,train
TCGA-FU-A40J,1,train
TCGA-FU-A57G,1,train
TCGA-FU-A770,1,train
TCGA-FV-A2QQ,1,train
TCGA-FV-A3R3,1,train
TCGA-FV-A495,1,train
TCGA-FV-A4ZQ,1,train
TCGA-FX-A3NK,1,train
TCGA-FX-A3RE,1,train
TCGA-FX-A3TO,1,train
TCGA-FX-A8OO,1,train
TCGA-FY-A3I4,1,train
TCGA-FY-A3I5,1,train
TCGA-FY-A3NM,1,train
TCGA-FY-A3NN,1,train
TCGA-FY-A3NP,1,train
TCGA-FY-A3ON,1,train
TCGA-FY-A3R8,1,train
TCGA-FY-A3RA,1,train
TCGA-FY-A3TY,1,train
TCGA-FY-A3W9,1,train
TCGA-FY-A3WA,1,train
TCGA-FY-A3YR,1,train
TCGA-FY-A40K,1,train
TCGA-FY-A40N,1,train
TCGA-FY-A4B0,1,train
TCGA-FY-A4B3,1,train
TCGA-FY-A4B4,1,train
TCGA-FY-A76V,1,train
TCGA-FZ-5920,1,train
TCGA-FZ-5923,1,train
TCGA-FZ-5924,1,train
TCGA-G2-A2EC,1,train
TCGA-G2-A2EF,1,train
TCGA-G2-A2EJ,1,train
TCGA-G2-A2EK,1,train
TCGA-G2-A2EL,1,train
TCGA-G2-A2EO,1,train
TCGA-G2-A3IB,1,train
TCGA-G2-A3VY,1,train
TCGA-G2-AA3B,1,train
TCGA-G2-AA3C,1,train
TCGA-G2-AA3D,1,train
TCGA-G2-AA3F,1,train
TCGA-G3-A25S,1,train
TCGA-G3-A25T,1,train
TCGA-G3-A25U,1,train
TCGA-G3-A25V,1,train
TCGA-G3-A25Y,1,train
TCGA-G3-A25Z,1,train
TCGA-G3-A3CI,1,train
TCGA-G3-A3CJ,1,train
TCGA-G3-A5SI,1,train
TCGA-G3-A5SK,1,train
TCGA-G3-A5SM,1,train
TCGA-G3-A6UC,1,train
TCGA-G3-A7M5,1,train
TCGA-G3-AAUZ,1,train
TCGA-G3-AAV1,1,train
TCGA-G3-AAV2,1,train
TCGA-G3-AAV3,1,train
TCGA-G3-AAV4,1,train
TCGA-G3-AAV5,1,train
TCGA-G3-AAV6,1,train
TCGA-G4-6293,1,train
TCGA-G4-6303,1,train
TCGA-G4-6304,1,train
TCGA-G4-6306,1,train
TCGA-G4-6311,1,train
TCGA-G4-6315,1,train
TCGA-G4-6320,1,train
TCGA-G4-6626,1,train
TCGA-G4-6627,1,train
TCGA-G5-6641,1,train
TCGA-G6-A5PC,1,train
TCGA-G7-6790,1,train
TCGA-G7-6792,1,train
TCGA-G7-6795,1,train
TCGA-G7-6796,1,train
TCGA-G7-6797,1,train
TCGA-G7-7501,1,train
TCGA-G7-7502,1,train
TCGA-G7-A8LD,1,train
TCGA-G9-6338,1,train
TCGA-G9-6339,1,train
TCGA-G9-6342,1,train
TCGA-G9-6343,1,train
TCGA-G9-6348,1,train
TCGA-G9-6351,1,train
TCGA-G9-6356,1,train
TCGA-G9-6361,1,train
TCGA-G9-6362,1,train
TCGA-G9-6365,1,train
TCGA-G9-6370,1,train
TCGA-G9-6373,1,train
TCGA-G9-6384,1,train
TCGA-G9-6498,1,train
TCGA-G9-6499,1,train
TCGA-G9-7519,1,train
TCGA-G9-7521,1,train
TCGA-G9-7522,1,train
TCGA-G9-7525,1,train
TCGA-G9-A9S4,1,train
TCGA-G9-A9S7,1,train
TCGA-GC-A3BM,1,train
TCGA-GC-A3I6,1,train
TCGA-GC-A3OO,1,train
TCGA-GC-A3RB,1,train
TCGA-GC-A3RD,1,train
TCGA-GC-A3WC,1,train
TCGA-GC-A3YS,1,train
TCGA-GC-A6I1,1,train
TCGA-GC-A6I3,1,train
TCGA-GD-A2C5,1,train
TCGA-GD-A3OP,1,train
TCGA-GD-A3OQ,1,train
TCGA-GD-A6C6,1,train
TCGA-GD-A76B,1,train
TCGA-GE-A2C6,1,train
TCGA-GF-A2C7,1,train
TCGA-GF-A769,1,train
TCGA-GH-A9DA,1,train
TCGA-GJ-A3OU,1,train
TCGA-GJ-A6C0,1,train
TCGA-GJ-A9DB,1,train
TCGA-GK-A6C7,1,train
TCGA-GL-7966,1,train
TCGA-GL-A9DD,1,train
TCGA-GL-A9DE,1,train
TCGA-GM-A2DD,1,train
TCGA-GM-A2DH,1,train
TCGA-GM-A2DK,1,train
TCGA-GM-A2DM,1,train
TCGA-GM-A2DN,1,train
TCGA-GM-A3XG,1,train
TCGA-GM-A3XL,1,train
TCGA-GM-A3XN,1,train
TCGA-GN-A263,1,train
TCGA-GN-A269,1,train
TCGA-GN-A26C,1,train
TCGA-GN-A4U5,1,train
TCGA-GN-A8LN,1,train
TCGA-GU-A42P,1,train
TCGA-GU-A42Q,1,train
TCGA-GU-A42R,1,train
TCGA-GU-A762,1,train
TCGA-GU-A763,1,train
TCGA-GU-A764,1,train
TCGA-GU-A766,1,train
TCGA-GU-A767,1,train
TCGA-GU-AATO,1,train
TCGA-GU-AATP,1,train
TCGA-GU-AATQ,1,train
TCGA-GV-A3JV,1,train
TCGA-GV-A3JX,1,train
TCGA-GV-A3JZ,1,train
TCGA-GV-A3QF,1,train
TCGA-GV-A3QH,1,train
TCGA-GV-A3QI,1,train
TCGA-GV-A3QK,1,train
TCGA-GV-A40E,1,train
TCGA-GV-A40G,1,train
TCGA-GV-A6ZA,1,train
TCGA-H2-A2K9,1,train
TCGA-H2-A3RH,1,train
TCGA-H2-A3RI,1,train
TCGA-H2-A421,1,train
TCGA-H2-A422,1,train
TCGA-H4-A2HO,1,train
TCGA-H5-A2HR,1,train
TCGA-H7-A6C4,1,train
TCGA-H7-A6C5,1,train
TCGA-H7-A76A,1,train
TCGA-H8-A6C1,1,train
TCGA-H9-7775,1,train
TCGA-H9-A6BX,1,train
TCGA-HB-A2OT,1,train
TCGA-HB-A3L4,1,train
TCGA-HB-A5W3,1,train
TCGA-HC-7075,1,train
TCGA-HC-7077,1,train
TCGA-HC-7078,1,train
TCGA-HC-7079,1,train
TCGA-HC-7080,1,train
TCGA-HC-7081,1,train
TCGA-HC-7210,1,train
TCGA-HC-7212,1,train
TCGA-HC-7213,1,train
TCGA-HC-7230,1,train
TCGA-HC-7231,1,train
TCGA-HC-7232,1,train
TCGA-HC-7233,1,train
TCGA-HC-7740,1,train
TCGA-HC-7742,1,train
TCGA-HC-7744,1,train
TCGA-HC-7745,1,train
TCGA-HC-7747,1,train
TCGA-HC-7748,1,train
TCGA-HC-7749,1,train
TCGA-HC-7750,1,train
TCGA-HC-7817,1,train
TCGA-HC-7818,1,train
TCGA-HC-7819,1,train
TCGA-HC-7820,1,train
TCGA-HC-8213,1,train
TCGA-HC-8216,1,train
TCGA-HC-8256,1,train
TCGA-HC-8257,1,train
TCGA-HC-8259,1,train
TCGA-HC-8260,1,train
TCGA-HC-8261,1,train
TCGA-HC-8262,1,train
TCGA-HC-8264,1,train
TCGA-HC-8265,1,train
TCGA-HC-A48F,1,train
TCGA-HC-A631,1,train
TCGA-HC-A6AL,1,train
TCGA-HC-A6AO,1,train
TCGA-HC-A6AQ,1,train
TCGA-HC-A6AS,1,train
TCGA-HC-A6HX,1,train
TCGA-HC-A6HY,1,train
TCGA-HC-A76W,1,train
TCGA-HC-A76X,1,train
TCGA-HC-A8D1,1,train
TCGA-HC-A9TE,1,train
TCGA-HC-A9TH,1,train
TCGA-HD-7229,1,train
TCGA-HD-7753,1,train
TCGA-HD-7754,1,train
TCGA-HD-7831,1,train
TCGA-HD-7832,1,train
TCGA-HD-7917,1,train
TCGA-HD-8634,1,train
TCGA-HD-A4C1,1,train
TCGA-HD-A634,1,train
TCGA-HD-A6I0,1,train
TCGA-HE-7128,1,train
TCGA-HE-7129,1,train
TCGA-HE-7130,1,train
TCGA-HE-A5NF,1,train
TCGA-HE-A5NH,1,train
TCGA-HE-A5NI,1,train
TCGA-HE-A5NJ,1,train
TCGA-HE-A5NK,1,train
TCGA-HE-A5NL,1,train
TCGA-HF-7132,1,train
TCGA-HF-7133,1,train
TCGA-HF-7134,1,train
TCGA-HF-7136,1,train
TCGA-HF-A5NB,1,train
TCGA-HG-A2PA,1,train
TCGA-HG-A9SC,1,train
TCGA-HI-7169,1,train
TCGA-HI-7170,1,train
TCGA-HI-7171,1,train
TCGA-HJ-7597,1,train
TCGA-HL-7533,1,train
TCGA-HM-A3JK,1,train
TCGA-HM-A4S6,1,train
TCGA-HM-A6W2,1,train
TCGA-HN-A2NL,1,train
TCGA-HN-A2OB,1,train
TCGA-HP-A5MZ,1,train
TCGA-HP-A5N0,1,train
TCGA-HQ-A2OF,1,train
TCGA-HQ-A5ND,1,train
TCGA-HR-A5NC,1,train
TCGA-HS-A5N8,1,train
TCGA-HS-A5NA,1,train
TCGA-HT-7468,1,train
TCGA-HT-7469,1,train
TCGA-HT-7470,1,train
TCGA-HT-7472,1,train
TCGA-HT-7473,1,train
TCGA-HT-7475,1,train
TCGA-HT-7476,1,train
TCGA-HT-7477,1,train
TCGA-HT-7478,1,train
TCGA-HT-7481,1,train
TCGA-HT-7485,1,train
TCGA-HT-7601,1,train
TCGA-HT-7604,1,train
TCGA-HT-7608,1,train
TCGA-HT-7609,1,train
TCGA-HT-7610,1,train
TCGA-HT-7611,1,train
TCGA-HT-7616,1,train
TCGA-HT-7676,1,train
TCGA-HT-7677,1,train
TCGA-HT-7681,1,train
TCGA-HT-7684,1,train
TCGA-HT-7689,1,train
TCGA-HT-7690,1,train
TCGA-HT-7695,1,train
TCGA-HT-7854,1,train
TCGA-HT-7855,1,train
TCGA-HT-7856,1,train
TCGA-HT-7857,1,train
TCGA-HT-7858,1,train
TCGA-HT-7860,1,train
TCGA-HT-7875,1,train
TCGA-HT-7877,1,train
TCGA-HT-7881,1,train
TCGA-HT-7882,1,train
TCGA-HT-7884,1,train
TCGA-HT-7902,1,train
TCGA-HT-8012,1,train
TCGA-HT-8013,1,train
TCGA-HT-8015,1,train
TCGA-HT-8104,1,train
TCGA-HT-8105,1,train
TCGA-HT-8106,1,train
TCGA-HT-8108,1,train
TCGA-HT-8109,1,train
TCGA-HT-8111,1,train
TCGA-HT-8113,1,train
TCGA-HT-8114,1,train
TCGA-HT-8563,1,train
TCGA-HT-8564,1,train
TCGA-HT-A4DS,1,train
TCGA-HT-A4DV,1,train
TCGA-HT-A5R5,1,train
TCGA-HT-A5R7,1,train
TCGA-HT-A5R9,1,train
TCGA-HT-A5RB,1,train
TCGA-HT-A615,1,train
TCGA-HT-A616,1,train
TCGA-HT-A617,1,train
TCGA-HT-A618,1,train
TCGA-HT-A619,1,train
TCGA-HT-A61B,1,train
TCGA-HT-A74J,1,train
TCGA-HT-A74L,1,train
TCGA-HT-A74O,1,train
TCGA-HU-8238,1,train
TCGA-HU-8249,1,train
TCGA-HU-8604,1,train
TCGA-HU-8608,1,train
TCGA-HU-8610,1,train
TCGA-HU-A4G2,1,train
TCGA-HU-A4G3,1,train
TCGA-HU-A4G6,1,train
TCGA-HU-A4G8,1,train
TCGA-HU-A4G9,1,train
TCGA-HU-A4GC,1,train
TCGA-HU-A4GD,1,train
TCGA-HU-A4GF,1,train
TCGA-HU-A4GH,1,train
TCGA-HU-A4GJ,1,train
TCGA-HU-A4GN,1,train
TCGA-HU-A4GP,1,train
TCGA-HU-A4GQ,1,train
TCGA-HU-A4GU,1,train
TCGA-HU-A4GX,1,train
TCGA-HU-A4GY,1,train
TCGA-HU-A4H0,1,train
TCGA-HU-A4H6,1,train
TCGA-HU-A4H8,1,train
TCGA-HU-A4HD,1,train
TCGA-HV-A5A3,1,train
TCGA-HV-A5A6,1,train
TCGA-HV-A7OL,1,train
TCGA-HV-AA8V,1,train
TCGA-HV-AA8X,1,train
TCGA-HW-7487,1,train
TCGA-HW-7489,1,train
TCGA-HW-7490,1,train
TCGA-HW-7491,1,train
TCGA-HW-7495,1,train
TCGA-HW-8319,1,train
TCGA-HW-8320,1,train
TCGA-HW-8321,1,train
TCGA-HW-A5KJ,1,train
TCGA-HW-A5KK,1,train
TCGA-HW-A5KL,1,train
TCGA-HW-A5KM,1,train
TCGA-HZ-7289,1,train
TCGA-HZ-7918,1,train
TCGA-HZ-7919,1,train
TCGA-HZ-7920,1,train
TCGA-HZ-7922,1,train
TCGA-HZ-7923,1,train
TCGA-HZ-7924,1,train
TCGA-HZ-7925,1,train
TCGA-HZ-7926,1,train
TCGA-HZ-8001,1,train
TCGA-HZ-8002,1,train
TCGA-HZ-8003,1,train
TCGA-HZ-8005,1,train
TCGA-HZ-8315,1,train
TCGA-HZ-8519,1,train
TCGA-HZ-8636,1,train
TCGA-HZ-8638,1,train
TCGA-HZ-A49G,1,train
TCGA-HZ-A49I,1,train
TCGA-HZ-A77O,1,train
TCGA-HZ-A77P,1,train
TCGA-HZ-A77Q,1,train
TCGA-HZ-A8P0,1,train
TCGA-HZ-A8P1,1,train
TCGA-IA-A40U,1,train
TCGA-IA-A40X,1,train
TCGA-IA-A40Y,1,train
TCGA-IB-7644,1,train
TCGA-IB-7645,1,train
TCGA-IB-7647,1,train
TCGA-IB-7652,1,train
TCGA-IB-7654,1,train
TCGA-IB-7886,1,train
TCGA-IB-7887,1,train
TCGA-IB-7888,1,train
TCGA-IB-7890,1,train
TCGA-IB-7891,1,train
TCGA-IB-7897,1,train
TCGA-IB-8127,1,train
TCGA-IB-A5SQ,1,train
TCGA-IB-A5ST,1,train
TCGA-IB-A6UF,1,train
TCGA-IB-A6UG,1,train
TCGA-IB-A7LX,1,train
TCGA-IB-A7M4,1,train
TCGA-IB-AAUM,1,train
TCGA-IB-AAUP,1,train
TCGA-IB-AAUQ,1,train
TCGA-IB-AAUR,1,train
TCGA-IB-AAUS,1,train
TCGA-IB-AAUU,1,train
TCGA-IB-AAUV,1,train
TCGA-IB-AAUW,1,train
TCGA-IE-A4EH,1,train
TCGA-IE-A4EI,1,train
TCGA-IE-A4EJ,1,train
TCGA-IE-A6BZ,1,train
TCGA-IF-A4AJ,1,train
TCGA-IG-A4P3,1,train
TCGA-IG-A4QT,1,train
TCGA-IG-A51D,1,train
TCGA-IG-A5B8,1,train
TCGA-IG-A5S3,1,train
TCGA-IG-A625,1,train
TCGA-IG-A6QS,1,train
TCGA-IG-A7DP,1,train
TCGA-IG-A8O2,1,train
TCGA-IG-A97H,1,train
TCGA-IG-A97I,1,train
TCGA-IH-A3EA,1,train
TCGA-IK-7675,1,train
TCGA-IK-8125,1,train
TCGA-IM-A3ED,1,train
TCGA-IM-A41Y,1,train
TCGA-IM-A420,1,train
TCGA-IM-A4EB,1,train
TCGA-IN-7806,1,train
TCGA-IN-7808,1,train
TCGA-IN-8663,1,train
TCGA-IP-7968,1,train
TCGA-IQ-A61E,1,train
TCGA-IQ-A61G,1,train
TCGA-IQ-A61H,1,train
TCGA-IQ-A61I,1,train
TCGA-IQ-A61J,1,train
TCGA-IQ-A61L,1,train
TCGA-IQ-A61O,1,train
TCGA-IQ-A6SG,1,train
TCGA-IQ-A6SH,1,train
TCGA-IR-A3L7,1,train
TCGA-IR-A3LB,1,train
TCGA-IR-A3LC,1,train
TCGA-IR-A3LF,1,train
TCGA-IR-A3LH,1,train
TCGA-IR-A3LI,1,train
TCGA-IR-A3LK,1,train
TCGA-IR-A3LL,1,train
TCGA-IS-A3K6,1,train
TCGA-IS-A3K8,1,train
TCGA-IS-A3KA,1,train
TCGA-IW-A3M4,1,train
TCGA-IW-A3M6,1,train
TCGA-IZ-A6M8,1,train
TCGA-IZ-A6M9,1,train
TCGA-J2-8194,1,train
TCGA-J2-A4AD,1,train
TCGA-J2-A4AG,1,train
TCGA-J4-A67M,1,train
TCGA-J4-A67N,1,train
TCGA-J4-A67Q,1,train
TCGA-J4-A67R,1,train
TCGA-J4-A67S,1,train
TCGA-J4-A67T,1,train
TCGA-J4-A6G3,1,train
TCGA-J4-A6M7,1,train
TCGA-J4-A83I,1,train
TCGA-J4-A83J,1,train
TCGA-J4-A83K,1,train
TCGA-J4-A83L,1,train
TCGA-J4-A83M,1,train
TCGA-J4-A83N,1,train
TCGA-J4-AATV,1,train
TCGA-J4-AAU2,1,train
TCGA-J7-6720,1,train
TCGA-J7-8537,1,train
TCGA-J7-A8I2,1,train
TCGA-J8-A3NZ,1,train
TCGA-J8-A3O0,1,train
TCGA-J8-A3O1,1,train
TCGA-J8-A3O2,1,train
TCGA-J8-A3YD,1,train
TCGA-J8-A3YF,1,train
TCGA-J8-A3YG,1,train
TCGA-J8-A3YH,1,train
TCGA-J8-A4HW,1,train
TCGA-J8-A4HY,1,train
TCGA-JL-A3YX,1,train
TCGA-JU-AAVI,1,train
TCGA-JV-A5VE,1,train
TCGA-JV-A5VF,1,train
TCGA-JV-A75J,1,train
TCGA-JW-A5VG,1,train
TCGA-JW-A5VH,1,train
TCGA-JW-A5VK,1,train
TCGA-JW-A69B,1,train
TCGA-JX-A3PZ,1,train
TCGA-JX-A3Q0,1,train
TCGA-JX-A3Q8,1,train
TCGA-JY-A6FD,1,train
TCGA-JY-A6FE,1,train
TCGA-JY-A6FH,1,train
TCGA-JY-A93C,1,train
TCGA-JY-A93D,1,train
TCGA-JY-A93E,1,train
TCGA-JY-A93F,1,train
TCGA-K1-A3PO,1,train
TCGA-K1-A42W,1,train
TCGA-K1-A42X,1,train
TCGA-K4-A3WS,1,train
TCGA-K4-A3WV,1,train
TCGA-K4-A4AC,1,train
TCGA-K4-A54R,1,train
TCGA-K4-A5RH,1,train
TCGA-K4-A5RI,1,train
TCGA-K4-A5RJ,1,train
TCGA-K4-A6FZ,1,train
TCGA-K4-AAQO,1,train
TCGA-K6-A3WQ,1,train
TCGA-K7-A5RG,1,train
TCGA-K7-A6G5,1,train
TCGA-K7-AAU7,1,train
TCGA-KB-A6F5,1,train
TCGA-KB-A6F7,1,train
TCGA-KB-A93G,1,train
TCGA-KB-A93H,1,train
TCGA-KB-A93J,1,train
TCGA-KD-A5QS,1,train
TCGA-KD-A5QT,1,train
TCGA-KF-A41W,1,train
TCGA-KL-8323,1,train
TCGA-KL-8326,1,train
TCGA-KL-8327,1,train
TCGA-KL-8330,1,train
TCGA-KL-8331,1,train
TCGA-KL-8332,1,train
TCGA-KL-8333,1,train
TCGA-KL-8334,1,train
TCGA-KL-8335,1,train
TCGA-KL-8336,1,train
TCGA-KL-8337,1,train
TCGA-KL-8338,1,train
TCGA-KL-8339,1,train
TCGA-KL-8340,1,train
TCGA-KL-8342,1,train
TCGA-KL-8344,1,train
TCGA-KL-8346,1,train
TCGA-KM-8438,1,train
TCGA-KM-8439,1,train
TCGA-KM-8441,1,train
TCGA-KM-8443,1,train
TCGA-KM-8476,1,train
TCGA-KM-8477,1,train
TCGA-KM-8639,1,train
TCGA-KN-8418,1,train
TCGA-KN-8419,1,train
TCGA-KN-8421,1,train
TCGA-KN-8422,1,train
TCGA-KN-8423,1,train
TCGA-KN-8424,1,train
TCGA-KN-8425,1,train
TCGA-KN-8428,1,train
TCGA-KN-8429,1,train
TCGA-KN-8430,1,train
TCGA-KN-8431,1,train
TCGA-KN-8433,1,train
TCGA-KN-8434,1,train
TCGA-KN-8435,1,train
TCGA-KN-8436,1,train
TCGA-KN-8437,1,train
TCGA-KO-8403,1,train
TCGA-KO-8404,1,train
TCGA-KO-8405,1,train
TCGA-KO-8406,1,train
TCGA-KO-8411,1,train
TCGA-KO-8413,1,train
TCGA-KO-8414,1,train
TCGA-KO-8415,1,train
TCGA-KO-8416,1,train
TCGA-KO-8417,1,train
TCGA-KS-A41F,1,train
TCGA-KS-A41I,1,train
TCGA-KS-A41J,1,train
TCGA-KS-A41L,1,train
TCGA-KS-A4I1,1,train
TCGA-KS-A4I3,1,train
TCGA-KS-A4I5,1,train
TCGA-KS-A4I9,1,train
TCGA-KS-A4IB,1,train
TCGA-KS-A4ID,1,train
TCGA-KT-A7W1,1,train
TCGA-KU-A66S,1,train
TCGA-KU-A66T,1,train
TCGA-KU-A6H7,1,train
TCGA-KU-A6H8,1,train
TCGA-KV-A6GD,1,train
TCGA-KV-A74V,1,train
TCGA-L1-A7W4,1,train
TCGA-L3-A4E7,1,train
TCGA-L3-A524,1,train
TCGA-L4-A4E6,1,train
TCGA-L6-A4EP,1,train
TCGA-L6-A4EU,1,train
TCGA-L7-A56G,1,train
TCGA-L9-A50W,1,train
TCGA-LA-A7SW,1,train
TCGA-LB-A7SX,1,train
TCGA-LB-A8F3,1,train
TCGA-LB-A9Q5,1,train
TCGA-LD-A66U,1,train
TCGA-LD-A74U,1,train
TCGA-LD-A7W5,1,train
TCGA-LD-A7W6,1,train
TCGA-LG-A9QC,1,train
TCGA-LG-A9QD,1,train
TCGA-LI-A67I,1,train
TCGA-LI-A9QH,1,train
TCGA-LK-A4NZ,1,train
TCGA-LK-A4O4,1,train
TCGA-LK-A4O5,1,train
TCGA-LK-A4O6,1,train
TCGA-LK-A4O7,1,train
TCGA-LL-A441,1,train
TCGA-LL-A50Y,1,train
TCGA-LL-A5YL,1,train
TCGA-LL-A5YM,1,train
TCGA-LL-A5YO,1,train
TCGA-LL-A5YP,1,train
TCGA-LL-A6FP,1,train
TCGA-LL-A6FQ,1,train
TCGA-LL-A73Y,1,train
TCGA-LL-A740,1,train
TCGA-LL-A7SZ,1,train
TCGA-LL-A7T0,1,train
TCGA-LL-A9Q3,1,train
TCGA-LN-A49W,1,train
TCGA-LN-A4A3,1,train
TCGA-LN-A4A4,1,train
TCGA-LN-A4A5,1,train
TCGA-LN-A4A8,1,train
TCGA-LN-A4A9,1,train
TCGA-LN-A4MQ,1,train
TCGA-LN-A4MR,1,train
TCGA-LN-A5U6,1,train
TCGA-LN-A5U7,1,train
TCGA-LN-A7HV,1,train
TCGA-LN-A7HW,1,train
TCGA-LN-A7HX,1,train
TCGA-LN-A7HY,1,train
TCGA-LN-A7HZ,1,train
TCGA-LN-A8HZ,1,train
TCGA-LN-A8I0,1,train
TCGA-LN-A8I1,1,train
TCGA-LN-A9FO,1,train
TCGA-LN-A9FP,1,train
TCGA-LN-A9FQ,1,train
TCGA-LN-A9FR,1,train
TCGA-LP-A4AV,1,train
TCGA-LP-A4AW,1,train
TCGA-LP-A4AX,1,train
TCGA-LP-A5U2,1,train
TCGA-LP-A5U3,1,train
TCGA-LP-A7HU,1,train
TCGA-LT-A5Z6,1,train
TCGA-LT-A8JT,1,train
TCGA-M7-A71Z,1,train
TCGA-M7-A721,1,train
TCGA-M7-A722,1,train
TCGA-M7-A723,1,train
TCGA-M7-A724,1,train
TCGA-M7-A725,1,train
TCGA-M8-A5N4,1,train
TCGA-M9-A5M8,1,train
TCGA-MA-AA3W,1,train
TCGA-MA-AA3X,1,train
TCGA-MA-AA3Z,1,train
TCGA-MA-AA42,1,train
TCGA-MA-AA43,1,train
TCGA-MB-A5Y8,1,train
TCGA-MB-A5Y9,1,train
TCGA-MB-A5YA,1,train
TCGA-MB-A8JK,1,train
TCGA-MB-A8JL,1,train
TCGA-MF-A522,1,train
TCGA-MG-AAMC,1,train
TCGA-MH-A55W,1,train
TCGA-MH-A55Z,1,train
TCGA-MH-A561,1,train
TCGA-MH-A855,1,train
TCGA-MH-A857,1,train
TCGA-MI-A75C,1,train
TCGA-MI-A75E,1,train
TCGA-MI-A75G,1,train
TCGA-MI-A75H,1,train
TCGA-MJ-A68H,1,train
TCGA-MJ-A68J,1,train
TCGA-MJ-A850,1,train
TCGA-MK-A4N7,1,train
TCGA-MK-A84Z,1,train
TCGA-MM-A564,1,train
TCGA-MN-A4N4,1,train
TCGA-MO-A47P,1,train
TCGA-MO-A47R,1,train
TCGA-MP-A4SV,1,train
TCGA-MP-A4T2,1,train
TCGA-MP-A4T4,1,train
TCGA-MP-A4T6,1,train
TCGA-MP-A4T7,1,train
TCGA-MP-A4TA,1,train
TCGA-MP-A4TC,1,train
TCGA-MP-A4TE,1,train
TCGA-MP-A4TF,1,train
TCGA-MQ-A6BL,1,train
TCGA-MQ-A6BN,1,train
TCGA-MQ-A6BQ,1,train
TCGA-MR-A520,1,train
TCGA-MR-A8JO,1,train
TCGA-MS-A51U,1,train
TCGA-MT-A51W,1,train
TCGA-MT-A51X,1,train
TCGA-MT-A67D,1,train
TCGA-MT-A67F,1,train
TCGA-MT-A67G,1,train
TCGA-MT-A7BN,1,train
TCGA-MU-A51Y,1,train
TCGA-MU-A8JM,1,train
TCGA-MX-A5UJ,1,train
TCGA-MX-A663,1,train
TCGA-MY-A5BD,1,train
TCGA-MY-A5BE,1,train
TCGA-MY-A5BF,1,train
TCGA-MY-A913,1,train
TCGA-MZ-A6I9,1,train
TCGA-N1-A6IA,1,train
TCGA-NC-A5HF,1,train
TCGA-NC-A5HG,1,train
TCGA-NC-A5HH,1,train
TCGA-NC-A5HI,1,train
TCGA-NC-A5HJ,1,train
TCGA-NC-A5HK,1,train
TCGA-NC-A5HL,1,train
TCGA-NC-A5HM,1,train
TCGA-NC-A5HN,1,train
TCGA-NC-A5HO,1,train
TCGA-NC-A5HQ,1,train
TCGA-NH-A50T,1,train
TCGA-NH-A50V,1,train
TCGA-NH-A5IV,1,train
TCGA-NH-A6GA,1,train
TCGA-NH-A6GB,1,train
TCGA-NH-A6GC,1,train
TCGA-NH-A8F7,1,train
TCGA-NH-A8F8,1,train
TCGA-NI-A4U2,1,train
TCGA-NI-A8LF,1,train
TCGA-NJ-A4YG,1,train
TCGA-NJ-A4YQ,1,train
TCGA-NJ-A55A,1,train
TCGA-NK-A5D1,1,train
TCGA-NK-A7XE,1,train
TCGA-NP-A5B3,1,train
TCGA-NP-A5GY,1,train
TCGA-NP-A5GZ,1,train
TCGA-NP-A5H1,1,train
TCGA-NP-A5H5,1,train
TCGA-NP-A5H6,1,train
TCGA-NQ-A638,1,train
TCGA-O2-A52N,1,train
TCGA-O2-A52S,1,train
TCGA-O2-A52V,1,train
TCGA-O2-A52W,1,train
TCGA-O2-A5IB,1,train
TCGA-O8-A75V,1,train
TCGA-O9-A75Z,1,train
TCGA-OE-A75W,1,train
TCGA-OK-A5Q2,1,train
TCGA-OL-A5D6,1,train
TCGA-OL-A5D8,1,train
TCGA-OL-A5DA,1,train
TCGA-OL-A66H,1,train
TCGA-OL-A66K,1,train
TCGA-OL-A66L,1,train
TCGA-OL-A6VQ,1,train
TCGA-OL-A97C,1,train
TCGA-OR-A5J1,1,train
TCGA-OR-A5J5,1,train
TCGA-OR-A5J7,1,train
TCGA-OR-A5J8,1,train
TCGA-OR-A5J9,1,train
TCGA-OR-A5JB,1,train
TCGA-OR-A5JD,1,train
TCGA-OR-A5JE,1,train
TCGA-OR-A5JF,1,train
TCGA-OR-A5JJ,1,train
TCGA-OR-A5JL,1,train
TCGA-OR-A5JP,1,train
TCGA-OR-A5JR,1,train
TCGA-OR-A5JS,1,train
TCGA-OR-A5JZ,1,train
TCGA-OR-A5K0,1,train
TCGA-OR-A5K3,1,train
TCGA-OR-A5K5,1,train
TCGA-OR-A5K6,1,train
TCGA-OR-A5K8,1,train
TCGA-OR-A5K9,1,train
TCGA-OR-A5LK,1,train
TCGA-OR-A5LL,1,train
TCGA-OR-A5LN,1,train
TCGA-OR-A5LO,1,train
TCGA-OR-A5LP,1,train
TCGA-OR-A5LR,1,train
TCGA-OR-A5LS,1,train
TCGA-OR-A5LT,1,train
TCGA-OX-A56R,1,train
TCGA-OY-A56P,1,train
TCGA-OY-A56Q,1,train
TCGA-P3-A5Q5,1,train
TCGA-P3-A5Q6,1,train
TCGA-P3-A5QA,1,train
TCGA-P3-A5QE,1,train
TCGA-P3-A5QF,1,train
TCGA-P3-A6SW,1,train
TCGA-P3-A6SX,1,train
TCGA-P3-A6T0,1,train
TCGA-P3-A6T2,1,train
TCGA-P3-A6T4,1,train
TCGA-P3-A6T5,1,train
TCGA-P3-A6T6,1,train
TCGA-P3-A6T7,1,train
TCGA-P3-A6T8,1,train
TCGA-P5-A72U,1,train
TCGA-P5-A72W,1,train
TCGA-P5-A72X,1,train
TCGA-P5-A730,1,train
TCGA-P5-A735,1,train
TCGA-P5-A736,1,train
TCGA-P5-A737,1,train
TCGA-P5-A77W,1,train
TCGA-P5-A77X,1,train
TCGA-P5-A780,1,train
TCGA-P5-A781,1,train
TCGA-P7-A5NX,1,train
TCGA-P8-A5KC,1,train
TCGA-P8-A5KD,1,train
TCGA-PA-A5YG,1,train
TCGA-PC-A5DK,1,train
TCGA-PC-A5DL,1,train
TCGA-PC-A5DM,1,train
TCGA-PC-A5DN,1,train
TCGA-PC-A5DP,1,train
TCGA-PE-A5DC,1,train
TCGA-PE-A5DE,1,train
TCGA-PG-A5BC,1,train
TCGA-PG-A7D5,1,train
TCGA-PG-A914,1,train
TCGA-PG-A917,1,train
TCGA-PJ-A5Z9,1,train
TCGA-PK-A5H9,1,train
TCGA-PK-A5HA,1,train
TCGA-PK-A5HB,1,train
TCGA-PL-A8LZ,1,train
TCGA-PN-A8MA,1,train
TCGA-PQ-A6FI,1,train
TCGA-PQ-A6FN,1,train
TCGA-PR-A5PF,1,train
TCGA-PT-A8TR,1,train
TCGA-Q1-A5R1,1,train
TCGA-Q1-A5R2,1,train
TCGA-Q1-A6DT,1,train
TCGA-Q1-A6DV,1,train
TCGA-Q1-A73O,1,train
TCGA-Q1-A73Q,1,train
TCGA-Q1-A73R,1,train
TCGA-Q1-A73S,1,train
TCGA-Q2-A5QZ,1,train
TCGA-Q3-A5QY,1,train
TCGA-Q3-AA2A,1,train
TCGA-Q9-A6FU,1,train
TCGA-QA-A7B7,1,train
TCGA-QC-A6FX,1,train
TCGA-QC-AA9N,1,train
TCGA-QD-A8IV,1,train
TCGA-QF-A5YS,1,train
TCGA-QF-A5YT,1,train
TCGA-QH-A65R,1,train
TCGA-QH-A65Z,1,train
TCGA-QH-A6CU,1,train
TCGA-QH-A6CV,1,train
TCGA-QH-A6CW,1,train
TCGA-QH-A6CX,1,train
TCGA-QH-A6CY,1,train
TCGA-QH-A6X3,1,train
TCGA-QH-A6X5,1,train
TCGA-QH-A6XA,1,train
TCGA-QH-A6XC,1,train
TCGA-QK-A64Z,1,train
TCGA-QK-A652,1,train
TCGA-QK-A6IF,1,train
TCGA-QK-A6IG,1,train
TCGA-QK-A6IH,1,train
TCGA-QK-A6IJ,1,train
TCGA-QK-A6V9,1,train
TCGA-QK-A6VC,1,train
TCGA-QK-A8Z8,1,train
TCGA-QK-A8Z9,1,train
TCGA-QK-A8ZA,1,train
TCGA-QK-A8ZB,1,train
TCGA-QK-AA3J,1,train
TCGA-QK-AA3K,1,train
TCGA-QL-A97D,1,train
TCGA-QQ-A5VA,1,train
TCGA-QQ-A5VB,1,train
TCGA-QQ-A5VC,1,train
TCGA-QQ-A8VD,1,train
TCGA-QQ-A8VF,1,train
TCGA-QQ-A8VH,1,train
TCGA-QR-A6GO,1,train
TCGA-QR-A6GR,1,train
TCGA-QR-A6GT,1,train
TCGA-QR-A6GU,1,train
TCGA-QR-A6GX,1,train
TCGA-QR-A6GZ,1,train
TCGA-QR-A6H1,1,train
TCGA-QR-A6H2,1,train
TCGA-QR-A6H3,1,train
TCGA-QR-A6H4,1,train
TCGA-QR-A6H6,1,train
TCGA-QR-A6ZZ,1,train
TCGA-QR-A700,1,train
TCGA-QR-A702,1,train
TCGA-QR-A705,1,train
TCGA-QR-A707,1,train
TCGA-QR-A708,1,train
TCGA-QR-A70A,1,train
TCGA-QR-A70D,1,train
TCGA-QR-A70G,1,train
TCGA-QR-A70I,1,train
TCGA-QR-A70J,1,train
TCGA-QR-A70M,1,train
TCGA-QR-A70N,1,train
TCGA-QR-A70O,1,train
TCGA-QR-A70P,1,train
TCGA-QR-A70Q,1,train
TCGA-QR-A70R,1,train
TCGA-QR-A70U,1,train
TCGA-QR-A70V,1,train
TCGA-QR-A70W,1,train
TCGA-QR-A70X,1,train
TCGA-QR-A7IN,1,train
TCGA-QS-A744,1,train
TCGA-QS-A8F1,1,train
TCGA-QT-A5XJ,1,train
TCGA-QT-A5XK,1,train
TCGA-QT-A5XL,1,train
TCGA-QT-A5XM,1,train
TCGA-QT-A5XN,1,train
TCGA-QT-A5XO,1,train
TCGA-QT-A5XP,1,train
TCGA-QU-A6IN,1,train
TCGA-QU-A6IO,1,train
TCGA-R5-A7O7,1,train
TCGA-R5-A7ZE,1,train
TCGA-R5-A7ZF,1,train
TCGA-R5-A7ZI,1,train
TCGA-R5-A7ZR,1,train
TCGA-R5-A805,1,train
TCGA-R8-A6MK,1,train
TCGA-R8-A6ML,1,train
TCGA-R8-A6MO,1,train
TCGA-R8-A6YH,1,train
TCGA-R8-A73M,1,train
TCGA-RA-A741,1,train
TCGA-RB-A7B8,1,train
TCGA-RB-AA9M,1,train
TCGA-RC-A6M4,1,train
TCGA-RC-A6M6,1,train
TCGA-RC-A7SB,1,train
TCGA-RD-A7BS,1,train
TCGA-RD-A7BT,1,train
TCGA-RD-A7C1,1,train
TCGA-RD-A8MV,1,train
TCGA-RD-A8N0,1,train
TCGA-RD-A8N1,1,train
TCGA-RD-A8N2,1,train
TCGA-RD-A8N4,1,train
TCGA-RD-A8N5,1,train
TCGA-RD-A8N6,1,train
TCGA-RD-A8N9,1,train
TCGA-RG-A7D4,1,train
TCGA-RL-AAAS,1,train
TCGA-RM-A68W,1,train
TCGA-RR-A6KA,1,train
TCGA-RR-A6KB,1,train
TCGA-RS-A6TO,1,train
TCGA-RS-A6TP,1,train
TCGA-RT-A6Y9,1,train
TCGA-RT-A6YA,1,train
TCGA-RT-A6YC,1,train
TCGA-RW-A67X,1,train
TCGA-RW-A67Y,1,train
TCGA-RW-A680,1,train
TCGA-RW-A684,1,train
TCGA-RW-A685,1,train
TCGA-RW-A686,1,train
TCGA-RW-A688,1,train
TCGA-RW-A689,1,train
TCGA-RW-A68C,1,train
TCGA-RW-A68D,1,train
TCGA-RW-A68G,1,train
TCGA-RW-A7CZ,1,train
TCGA-RW-A8AZ,1,train
TCGA-RX-A8JQ,1,train
TCGA-RY-A83X,1,train
TCGA-RY-A83Y,1,train
TCGA-RY-A840,1,train
TCGA-RY-A847,1,train
TCGA-RZ-AB0B,1,train
TCGA-S2-AA1A,1,train
TCGA-S3-A6ZF,1,train
TCGA-S3-A6ZG,1,train
TCGA-S3-AA10,1,train
TCGA-S3-AA11,1,train
TCGA-S3-AA12,1,train
TCGA-S3-AA14,1,train
TCGA-S3-AA15,1,train
TCGA-S3-AA17,1,train
TCGA-S4-A8RO,1,train
TCGA-S4-A8RP,1,train
TCGA-S5-A6DX,1,train
TCGA-S5-AA26,1,train
TCGA-S6-A8JW,1,train
TCGA-S6-A8JX,1,train
TCGA-S6-A8JY,1,train
TCGA-S7-A7WM,1,train
TCGA-S7-A7WN,1,train
TCGA-S7-A7WO,1,train
TCGA-S7-A7WP,1,train
TCGA-S7-A7WQ,1,train
TCGA-S7-A7WT,1,train
TCGA-S7-A7WU,1,train
TCGA-S7-A7WW,1,train
TCGA-S7-A7WX,1,train
TCGA-S7-A7X0,1,train
TCGA-S7-A7X1,1,train
TCGA-S8-A6BV,1,train
TCGA-S8-A6BW,1,train
TCGA-S9-A6TS,1,train
TCGA-S9-A6TV,1,train
TCGA-S9-A6TW,1,train
TCGA-S9-A6TZ,1,train
TCGA-S9-A6U0,1,train
TCGA-S9-A6U1,1,train
TCGA-S9-A6U2,1,train
TCGA-S9-A6U5,1,train
TCGA-S9-A6U6,1,train
TCGA-S9-A6U9,1,train
TCGA-S9-A6UA,1,train
TCGA-S9-A6UB,1,train
TCGA-S9-A6WD,1,train
TCGA-S9-A6WE,1,train
TCGA-S9-A6WG,1,train
TCGA-S9-A6WH,1,train
TCGA-S9-A6WM,1,train
TCGA-S9-A6WN,1,train
TCGA-S9-A6WO,1,train
TCGA-S9-A6WP,1,train
TCGA-S9-A7IS,1,train
TCGA-S9-A7IX,1,train
TCGA-S9-A7IZ,1,train
TCGA-S9-A7J0,1,train
TCGA-S9-A7J2,1,train
TCGA-S9-A7J3,1,train
TCGA-S9-A7QX,1,train
TCGA-S9-A7QZ,1,train
TCGA-S9-A7R1,1,train
TCGA-S9-A7R2,1,train
TCGA-S9-A7R4,1,train
TCGA-S9-A7R7,1,train
TCGA-S9-A89V,1,train
TCGA-S9-A89Z,1,train
TCGA-SA-A6C2,1,train
TCGA-SB-A6J6,1,train
TCGA-SC-A6LM,1,train
TCGA-SC-A6LN,1,train
TCGA-SC-A6LP,1,train
TCGA-SC-A6LR,1,train
TCGA-SC-AA5Z,1,train
TCGA-SG-A6Z4,1,train
TCGA-SG-A6Z7,1,train
TCGA-SH-A7BC,1,train
TCGA-SH-A7BH,1,train
TCGA-SH-A9CU,1,train
TCGA-SI-A71O,1,train
TCGA-SI-A71P,1,train
TCGA-SI-A71Q,1,train
TCGA-SI-AA8B,1,train
TCGA-SJ-A6ZI,1,train
TCGA-SJ-A6ZJ,1,train
TCGA-SN-A6IS,1,train
TCGA-SN-A84W,1,train
TCGA-SN-A84X,1,train
TCGA-SN-A84Y,1,train
TCGA-SO-A8JP,1,train
TCGA-SP-A6QC,1,train
TCGA-SP-A6QD,1,train
TCGA-SP-A6QH,1,train
TCGA-SP-A6QI,1,train
TCGA-SQ-A6I4,1,train
TCGA-SQ-A6I6,1,train
TCGA-SR-A6MP,1,train
TCGA-SR-A6MQ,1,train
TCGA-SR-A6MR,1,train
TCGA-SR-A6MS,1,train
TCGA-SR-A6MT,1,train
TCGA-SR-A6MU,1,train
TCGA-SR-A6MV,1,train
TCGA-SR-A6MX,1,train
TCGA-SR-A6MY,1,train
TCGA-SR-A6N0,1,train
TCGA-SS-A7HO,1,train
TCGA-SU-A7E7,1,train
TCGA-SW-A7EA,1,train
TCGA-SW-A7EB,1,train
TCGA-SX-A7SL,1,train
TCGA-SX-A7SM,1,train
TCGA-SX-A7SN,1,train
TCGA-SX-A7SO,1,train
TCGA-SX-A7SP,1,train
TCGA-SX-A7SQ,1,train
TCGA-SX-A7SS,1,train
TCGA-SX-A7SU,1,train
TCGA-SY-A9G0,1,train
TCGA-SY-A9G5,1,train
TCGA-T2-A6WX,1,train
TCGA-T2-A6WZ,1,train
TCGA-T2-A6X0,1,train
TCGA-T3-A92N,1,train
TCGA-T7-A92I,1,train
TCGA-T9-A92H,1,train
TCGA-TK-A8OK,1,train
TCGA-TM-A7C3,1,train
TCGA-TM-A7C4,1,train
TCGA-TM-A7C5,1,train
TCGA-TM-A7CF,1,train
TCGA-TM-A84J,1,train
TCGA-TM-A84M,1,train
TCGA-TM-A84R,1,train
TCGA-TM-A84S,1,train
TCGA-TM-A84T,1,train
TCGA-TN-A7HI,1,train
TCGA-TN-A7HJ,1,train
TCGA-TN-A7HL,1,train
TCGA-TQ-A7RG,1,train
TCGA-TQ-A7RJ,1,train
TCGA-TQ-A7RK,1,train
TCGA-TQ-A7RQ,1,train
TCGA-TQ-A7RR,1,train
TCGA-TQ-A7RS,1,train
TCGA-TQ-A7RU,1,train
TCGA-TQ-A7RV,1,train
TCGA-TQ-A7RW,1,train
TCGA-TQ-A8XE,1,train
TCGA-TS-A7OU,1,train
TCGA-TS-A7P0,1,train
TCGA-TS-A7P3,1,train
TCGA-TS-A7P6,1,train
TCGA-TS-A7P7,1,train
TCGA-TS-A7P8,1,train
TCGA-TS-A7PB,1,train
TCGA-TS-A8AF,1,train
TCGA-TS-A8AV,1,train
TCGA-TS-A8AY,1,train
TCGA-TT-A6YJ,1,train
TCGA-TT-A6YN,1,train
TCGA-TT-A6YP,1,train
TCGA-UB-A7MA,1,train
TCGA-UB-A7MB,1,train
TCGA-UB-A7MC,1,train
TCGA-UB-A7MD,1,train
TCGA-UB-A7ME,1,train
TCGA-UB-A7MF,1,train
TCGA-UC-A7PI,1,train
TCGA-UD-AABY,1,train
TCGA-UD-AABZ,1,train
TCGA-UD-AAC6,1,train
TCGA-UD-AAC7,1,train
TCGA-UE-A6QT,1,train
TCGA-UE-A6QU,1,train
TCGA-UF-A718,1,train
TCGA-UF-A719,1,train
TCGA-UF-A71A,1,train
TCGA-UF-A71B,1,train
TCGA-UF-A71E,1,train
TCGA-UF-A7J9,1,train
TCGA-UF-A7JA,1,train
TCGA-UF-A7JD,1,train
TCGA-UF-A7JF,1,train
TCGA-UF-A7JH,1,train
TCGA-UF-A7JS,1,train
TCGA-UL-AAZ6,1,train
TCGA-US-A776,1,train
TCGA-US-A779,1,train
TCGA-US-A77E,1,train
TCGA-US-A77G,1,train
TCGA-US-A77J,1,train
TCGA-UT-A88C,1,train
TCGA-UT-A88D,1,train
TCGA-UT-A88G,1,train
TCGA-UT-A97Y,1,train
TCGA-UU-A93S,1,train
TCGA-UW-A72H,1,train
TCGA-UW-A72I,1,train
TCGA-UW-A72J,1,train
TCGA-UW-A72K,1,train
TCGA-UW-A72L,1,train
TCGA-UW-A72M,1,train
TCGA-UW-A72N,1,train
TCGA-UW-A72O,1,train
TCGA-UW-A72P,1,train
TCGA-UW-A72Q,1,train
TCGA-UW-A72S,1,train
TCGA-UW-A72T,1,train
TCGA-UY-A78K,1,train
TCGA-UY-A78M,1,train
TCGA-UY-A78N,1,train
TCGA-UY-A78O,1,train
TCGA-UY-A78P,1,train
TCGA-UY-A8OB,1,train
TCGA-UY-A8OC,1,train
TCGA-UY-A8OD,1,train
TCGA-UY-A9PA,1,train
TCGA-UY-A9PB,1,train
TCGA-UY-A9PD,1,train
TCGA-UY-A9PE,1,train
TCGA-UY-A9PF,1,train
TCGA-UY-A9PH,1,train
TCGA-UZ-A9PJ,1,train
TCGA-UZ-A9PK,1,train
TCGA-UZ-A9PL,1,train
TCGA-UZ-A9PO,1,train
TCGA-UZ-A9PP,1,train
TCGA-UZ-A9PR,1,train
TCGA-UZ-A9PU,1,train
TCGA-UZ-A9PX,1,train
TCGA-UZ-A9PZ,1,train
TCGA-UZ-A9Q0,1,train
TCGA-UZ-A9Q1,1,train
TCGA-V1-A8MF,1,train
TCGA-V1-A8MG,1,train
TCGA-V1-A8MK,1,train
TCGA-V1-A8ML,1,train
TCGA-V1-A8MM,1,train
TCGA-V1-A8MU,1,train
TCGA-V1-A8WN,1,train
TCGA-V1-A8WS,1,train
TCGA-V1-A8WV,1,train
TCGA-V1-A8X3,1,train
TCGA-V1-A9O5,1,train
TCGA-V1-A9OH,1,train
TCGA-V1-A9OL,1,train
TCGA-V1-A9OT,1,train
TCGA-V1-A9Z7,1,train
TCGA-V1-A9Z8,1,train
TCGA-V1-A9ZG,1,train
TCGA-V1-A9ZI,1,train
TCGA-V1-A9ZK,1,train
TCGA-V1-A9ZR,1,train
TCGA-V3-A9ZX,1,train
TCGA-V4-A9E5,1,train
TCGA-V4-A9E7,1,train
TCGA-V4-A9E8,1,train
TCGA-V4-A9EA,1,train
TCGA-V4-A9EC,1,train
TCGA-V4-A9ED,1,train
TCGA-V4-A9EH,1,train
TCGA-V4-A9EI,1,train
TCGA-V4-A9EJ,1,train
TCGA-V4-A9EK,1,train
TCGA-V4-A9EL,1,train
TCGA-V4-A9EM,1,train
TCGA-V4-A9EO,1,train
TCGA-V4-A9ES,1,train
TCGA-V4-A9EU,1,train
TCGA-V4-A9EV,1,train
TCGA-V4-A9EW,1,train
TCGA-V4-A9EZ,1,train
TCGA-V4-A9F0,1,train
TCGA-V4-A9F2,1,train
TCGA-V4-A9F3,1,train
TCGA-V4-A9F4,1,train
TCGA-V4-A9F5,1,train
TCGA-V4-A9F8,1,train
TCGA-V5-A7RC,1,train
TCGA-V5-AASW,1,train
TCGA-VD-A8K7,1,train
TCGA-VD-A8K8,1,train
TCGA-VD-A8K9,1,train
TCGA-VD-A8KA,1,train
TCGA-VD-A8KD,1,train
TCGA-VD-A8KE,1,train
TCGA-VD-A8KF,1,train
TCGA-VD-A8KG,1,train
TCGA-VD-A8KI,1,train
TCGA-VD-A8KJ,1,train
TCGA-VD-A8KK,1,train
TCGA-VD-A8KL,1,train
TCGA-VD-A8KN,1,train
TCGA-VD-A8KO,1,train
TCGA-VD-AA8M,1,train
TCGA-VD-AA8N,1,train
TCGA-VD-AA8O,1,train
TCGA-VD-AA8Q,1,train
TCGA-VD-AA8S,1,train
TCGA-VF-A8A8,1,train
TCGA-VF-A8A9,1,train
TCGA-VF-A8AA,1,train
TCGA-VF-A8AB,1,train
TCGA-VF-A8AC,1,train
TCGA-VF-A8AD,1,train
TCGA-VM-A8C8,1,train
TCGA-VM-A8CB,1,train
TCGA-VM-A8CE,1,train
TCGA-VM-A8CF,1,train
TCGA-VM-A8CH,1,train
TCGA-VP-A872,1,train
TCGA-VP-A875,1,train
TCGA-VP-A876,1,train
TCGA-VP-A878,1,train
TCGA-VP-A879,1,train
TCGA-VP-A87B,1,train
TCGA-VP-A87C,1,train
TCGA-VP-A87D,1,train
TCGA-VP-A87J,1,train
TCGA-VP-AA1N,1,train
TCGA-VQ-A8DL,1,train
TCGA-VQ-A8DT,1,train
TCGA-VQ-A8DU,1,train
TCGA-VQ-A8DV,1,train
TCGA-VQ-A8E0,1,train
TCGA-VQ-A8E2,1,train
TCGA-VQ-A8E3,1,train
TCGA-VQ-A8E7,1,train
TCGA-VQ-A8P5,1,train
TCGA-VQ-A8P8,1,train
TCGA-VQ-A8PB,1,train
TCGA-VQ-A8PC,1,train
TCGA-VQ-A8PD,1,train
TCGA-VQ-A8PH,1,train
TCGA-VQ-A8PK,1,train
TCGA-VQ-A8PQ,1,train
TCGA-VQ-A8PS,1,train
TCGA-VQ-A8PT,1,train
TCGA-VQ-A8PU,1,train
TCGA-VQ-A8PX,1,train
TCGA-VQ-A8PY,1,train
TCGA-VQ-A8PZ,1,train
TCGA-VQ-A91A,1,train
TCGA-VQ-A91D,1,train
TCGA-VQ-A91E,1,train
TCGA-VQ-A91N,1,train
TCGA-VQ-A91Q,1,train
TCGA-VQ-A91S,1,train
TCGA-VQ-A91U,1,train
TCGA-VQ-A91V,1,train
TCGA-VQ-A91W,1,train
TCGA-VQ-A91X,1,train
TCGA-VQ-A91Y,1,train
TCGA-VQ-A91Z,1,train
TCGA-VQ-A922,1,train
TCGA-VQ-A923,1,train
TCGA-VQ-A924,1,train
TCGA-VQ-A925,1,train
TCGA-VQ-A927,1,train
TCGA-VQ-A928,1,train
TCGA-VQ-A92D,1,train
TCGA-VQ-A94O,1,train
TCGA-VQ-A94P,1,train
TCGA-VQ-A94R,1,train
TCGA-VQ-AA69,1,train
TCGA-VQ-AA6B,1,train
TCGA-VQ-AA6D,1,train
TCGA-VQ-AA6F,1,train
TCGA-VQ-AA6G,1,train
TCGA-VQ-AA6K,1,train
TCGA-VR-A8EO,1,train
TCGA-VR-A8EP,1,train
TCGA-VR-A8EU,1,train
TCGA-VR-A8EY,1,train
TCGA-VR-A8EZ,1,train
TCGA-VR-A8Q7,1,train
TCGA-VR-AA4D,1,train
TCGA-VR-AA7B,1,train
TCGA-VR-AA7D,1,train
TCGA-VR-AA7I,1,train
TCGA-VS-A8EB,1,train
TCGA-VS-A8EC,1,train
TCGA-VS-A8EI,1,train
TCGA-VS-A8EK,1,train
TCGA-VS-A8Q8,1,train
TCGA-VS-A8Q9,1,train
TCGA-VS-A8QA,1,train
TCGA-VS-A8QC,1,train
TCGA-VS-A8QH,1,train
TCGA-VS-A94W,1,train
TCGA-VS-A94Y,1,train
TCGA-VS-A952,1,train
TCGA-VS-A953,1,train
TCGA-VS-A954,1,train
TCGA-VS-A957,1,train
TCGA-VS-A9U6,1,train
TCGA-VS-A9U7,1,train
TCGA-VS-A9UA,1,train
TCGA-VS-A9UC,1,train
TCGA-VS-A9UD,1,train
TCGA-VS-A9UH,1,train
TCGA-VS-A9UL,1,train
TCGA-VS-A9UO,1,train
TCGA-VS-A9UQ,1,train
TCGA-VS-A9UR,1,train
TCGA-VS-A9UY,1,train
TCGA-VS-A9UZ,1,train
TCGA-VS-A9V0,1,train
TCGA-VS-A9V1,1,train
TCGA-VS-A9V2,1,train
TCGA-VS-A9V4,1,train
TCGA-VT-A80G,1,train
TCGA-VT-A80J,1,train
TCGA-VV-A829,1,train
TCGA-VV-A86M,1,train
TCGA-W2-A7H5,1,train
TCGA-W2-A7HA,1,train
TCGA-W2-A7HE,1,train
TCGA-W2-A7HF,1,train
TCGA-W2-A7HH,1,train
TCGA-W2-A7UY,1,train
TCGA-W4-A7U2,1,train
TCGA-W4-A7U3,1,train
TCGA-W4-A7U4,1,train
TCGA-W8-A86G,1,train
TCGA-W9-A837,1,train
TCGA-WA-A7H4,1,train
TCGA-WB-A80K,1,train
TCGA-WB-A80M,1,train
TCGA-WB-A80N,1,train
TCGA-WB-A80O,1,train
TCGA-WB-A80P,1,train
TCGA-WB-A80Q,1,train
TCGA-WB-A80V,1,train
TCGA-WB-A80Y,1,train
TCGA-WB-A815,1,train
TCGA-WB-A817,1,train
TCGA-WB-A819,1,train
TCGA-WB-A81A,1,train
TCGA-WB-A81D,1,train
TCGA-WB-A81E,1,train
TCGA-WB-A81F,1,train
TCGA-WB-A81G,1,train
TCGA-WB-A81H,1,train
TCGA-WB-A81K,1,train
TCGA-WB-A81N,1,train
TCGA-WB-A81P,1,train
TCGA-WB-A81R,1,train
TCGA-WB-A81S,1,train
TCGA-WB-A81V,1,train
TCGA-WB-A81W,1,train
TCGA-WB-A820,1,train
TCGA-WB-A821,1,train
TCGA-WC-A87U,1,train
TCGA-WC-A87W,1,train
TCGA-WC-A880,1,train
TCGA-WC-A881,1,train
TCGA-WC-A882,1,train
TCGA-WC-A883,1,train
TCGA-WC-A885,1,train
TCGA-WC-A88A,1,train
TCGA-WC-AA9A,1,train
TCGA-WC-AA9E,1,train
TCGA-WH-A86K,1,train
TCGA-WK-A8XO,1,train
TCGA-WK-A8XS,1,train
TCGA-WK-A8XT,1,train
TCGA-WK-A8XX,1,train
TCGA-WK-A8Y0,1,train
TCGA-WN-AB4C,1,train
TCGA-WQ-A9G7,1,train
TCGA-WR-A838,1,train
TCGA-WS-AB45,1,train
TCGA-WT-AB41,1,train
TCGA-WT-AB44,1,train
TCGA-WW-A8ZI,1,train
TCGA-WY-A858,1,train
TCGA-WY-A85A,1,train
TCGA-WY-A85B,1,train
TCGA-WY-A85D,1,train
TCGA-X3-A8G4,1,train
TCGA-X4-A8KQ,1,train
TCGA-X4-A8KS,1,train
TCGA-X6-A7W8,1,train
TCGA-X6-A7WA,1,train
TCGA-X6-A7WB,1,train
TCGA-X6-A7WC,1,train
TCGA-X6-A7WD,1,train
TCGA-X6-A8C4,1,train
TCGA-X6-A8C5,1,train
TCGA-X6-A8C7,1,train
TCGA-X7-A8D6,1,train
TCGA-X7-A8D7,1,train
TCGA-X7-A8D8,1,train
TCGA-X7-A8D9,1,train
TCGA-X7-A8DB,1,train
TCGA-X7-A8DD,1,train
TCGA-X7-A8DE,1,train
TCGA-X7-A8DF,1,train
TCGA-X7-A8DG,1,train
TCGA-X7-A8DI,1,train
TCGA-X7-A8M0,1,train
TCGA-X7-A8M1,1,train
TCGA-X7-A8M3,1,train
TCGA-X7-A8M5,1,train
TCGA-X7-A8M6,1,train
TCGA-X7-A8M7,1,train
TCGA-X7-A8M8,1,train
TCGA-X8-AAAR,1,train
TCGA-X9-A971,1,train
TCGA-X9-A973,1,train
TCGA-XA-A8JR,1,train
TCGA-XC-AA0X,1,train
TCGA-XD-AAUG,1,train
TCGA-XD-AAUH,1,train
TCGA-XD-AAUI,1,train
TCGA-XE-A8H4,1,train
TCGA-XE-A9SE,1,train
TCGA-XE-AANI,1,train
TCGA-XE-AANR,1,train
TCGA-XE-AANV,1,train
TCGA-XE-AAO6,1,train
TCGA-XE-AAOB,1,train
TCGA-XE-AAOC,1,train
TCGA-XE-AAOD,1,train
TCGA-XE-AAOF,1,train
TCGA-XE-AAOL,1,train
TCGA-XF-A8HD,1,train
TCGA-XF-A8HE,1,train
TCGA-XF-A8HF,1,train
TCGA-XF-A8HG,1,train
TCGA-XF-A8HH,1,train
TCGA-XF-A8HI,1,train
TCGA-XF-A9SG,1,train
TCGA-XF-A9SH,1,train
TCGA-XF-A9SI,1,train
TCGA-XF-A9SJ,1,train
TCGA-XF-A9SK,1,train
TCGA-XF-A9SL,1,train
TCGA-XF-A9SM,1,train
TCGA-XF-A9SP,1,train
TCGA-XF-A9ST,1,train
TCGA-XF-A9SU,1,train
TCGA-XF-A9SV,1,train
TCGA-XF-A9SW,1,train
TCGA-XF-A9SX,1,train
TCGA-XF-A9SY,1,train
TCGA-XF-A9SZ,1,train
TCGA-XF-A9T0,1,train
TCGA-XF-A9T2,1,train
TCGA-XF-A9T3,1,train
TCGA-XF-A9T5,1,train
TCGA-XF-A9T6,1,train
TCGA-XF-AAME,1,train
TCGA-XF-AAMF,1,train
TCGA-XF-AAMG,1,train
TCGA-XF-AAMH,1,train
TCGA-XF-AAML,1,train
TCGA-XF-AAMT,1,train
TCGA-XF-AAMX,1,train
TCGA-XF-AAMY,1,train
TCGA-XF-AAN1,1,train
TCGA-XF-AAN2,1,train
TCGA-XF-AAN3,1,train
TCGA-XF-AAN4,1,train
TCGA-XF-AAN5,1,train
TCGA-XF-AAN7,1,train
TCGA-XF-AAN8,1,train
TCGA-XH-A853,1,train
TCGA-XJ-A83F,1,train
TCGA-XJ-A83G,1,train
TCGA-XJ-A9DI,1,train
TCGA-XJ-A9DK,1,train
TCGA-XJ-A9DX,1,train
TCGA-XK-AAIR,1,train
TCGA-XK-AAIV,1,train
TCGA-XK-AAIW,1,train
TCGA-XK-AAJ3,1,train
TCGA-XK-AAJA,1,train
TCGA-XK-AAJP,1,train
TCGA-XK-AAJR,1,train
TCGA-XK-AAJT,1,train
TCGA-XK-AAK1,1,train
TCGA-XM-A8R8,1,train
TCGA-XM-A8R9,1,train
TCGA-XM-A8RB,1,train
TCGA-XM-A8RD,1,train
TCGA-XM-A8RF,1,train
TCGA-XM-A8RG,1,train
TCGA-XM-A8RI,1,train
TCGA-XM-A8RL,1,train
TCGA-XM-AAZ3,1,train
TCGA-XN-A8T3,1,train
TCGA-XN-A8T5,1,train
TCGA-XP-A8T7,1,train
TCGA-XP-A8T8,1,train
TCGA-XQ-A8TA,1,train
TCGA-XQ-A8TB,1,train
TCGA-XR-A8TC,1,train
TCGA-XR-A8TD,1,train
TCGA-XR-A8TF,1,train
TCGA-XR-A8TG,1,train
TCGA-XS-A8TJ,1,train
TCGA-XU-A92O,1,train
TCGA-XU-A92Q,1,train
TCGA-XU-A92T,1,train
TCGA-XU-A92U,1,train
TCGA-XU-A92W,1,train
TCGA-XU-A92X,1,train
TCGA-XU-A92Y,1,train
TCGA-XU-A92Z,1,train
TCGA-XU-A930,1,train
TCGA-XU-A932,1,train
TCGA-XU-A936,1,train
TCGA-XU-AAXV,1,train
TCGA-XU-AAXX,1,train
TCGA-XU-AAY0,1,train
TCGA-XV-A9VZ,1,train
TCGA-XV-A9W2,1,train
TCGA-XV-A9W5,1,train
TCGA-XV-AAZV,1,train
TCGA-XV-AAZY,1,train
TCGA-XX-A899,1,train
TCGA-XX-A89A,1,train
TCGA-XY-A89B,1,train
TCGA-XY-A8S3,1,train
TCGA-XY-A9T9,1,train
TCGA-Y8-A894,1,train
TCGA-Y8-A895,1,train
TCGA-Y8-A896,1,train
TCGA-Y8-A897,1,train
TCGA-Y8-A898,1,train
TCGA-Y8-A8RZ,1,train
TCGA-Y8-A8S0,1,train
TCGA-YB-A89D,1,train
TCGA-YC-A89H,1,train
TCGA-YC-A8S6,1,train
TCGA-YC-A9TC,1,train
TCGA-YF-AA3L,1,train
TCGA-YF-AA3M,1,train
TCGA-YG-AA3N,1,train
TCGA-YL-A8HK,1,train
TCGA-YL-A8HL,1,train
TCGA-YL-A8HM,1,train
TCGA-YL-A8HO,1,train
TCGA-YL-A8S8,1,train
TCGA-YL-A8SH,1,train
TCGA-YL-A8SI,1,train
TCGA-YL-A8SL,1,train
TCGA-YL-A8SO,1,train
TCGA-YL-A8SP,1,train
TCGA-YL-A8SQ,1,train
TCGA-YL-A9WH,1,train
TCGA-YL-A9WI,1,train
TCGA-YL-A9WJ,1,train
TCGA-YL-A9WK,1,train
TCGA-YL-A9WL,1,train
TCGA-YL-A9WX,1,train
TCGA-YL-A9WY,1,train
TCGA-YS-A95B,1,train
TCGA-YS-A95C,1,train
TCGA-YS-AA4M,1,train
TCGA-YT-A95D,1,train
TCGA-YT-A95E,1,train
TCGA-YT-A95F,1,train
TCGA-YT-A95G,1,train
TCGA-YT-A95H,1,train
TCGA-YU-A90S,1,train
TCGA-YU-A90W,1,train
TCGA-YU-A912,1,train
TCGA-YU-A94D,1,train
TCGA-YU-A94I,1,train
TCGA-YU-AA4L,1,train
TCGA-YU-AA61,1,train
TCGA-YY-A8LH,1,train
TCGA-YZ-A984,1,train
TCGA-YZ-A985,1,train
TCGA-Z4-A8JB,1,train
TCGA-Z4-AAPF,1,train
TCGA-Z4-AAPG,1,train
TCGA-Z5-AAPL,1,train
TCGA-Z6-A8JD,1,train
TCGA-Z6-A8JE,1,train
TCGA-Z6-A9VB,1,train
TCGA-Z7-A8R5,1,train
TCGA-ZA-A8F6,1,train
TCGA-ZB-A961,1,train
TCGA-ZB-A962,1,train
TCGA-ZB-A963,1,train
TCGA-ZB-A965,1,train
TCGA-ZB-A966,1,train
TCGA-ZB-A969,1,train
TCGA-ZB-A96A,1,train
TCGA-ZB-A96C,1,train
TCGA-ZB-A96D,1,train
TCGA-ZB-A96E,1,train
TCGA-ZB-A96F,1,train
TCGA-ZB-A96H,1,train
TCGA-ZB-A96K,1,train
TCGA-ZB-A96L,1,train
TCGA-ZB-A96O,1,train
TCGA-ZB-A96P,1,train
TCGA-ZB-A96Q,1,train
TCGA-ZB-A96R,1,train
TCGA-ZB-A96V,1,train
TCGA-ZC-AAAA,1,train
TCGA-ZF-A9R0,1,train
TCGA-ZF-A9R1,1,train
TCGA-ZF-A9R2,1,train
TCGA-ZF-A9R4,1,train
TCGA-ZF-A9R7,1,train
TCGA-ZF-A9R9,1,train
TCGA-ZF-A9RC,1,train
TCGA-ZF-A9RD,1,train
TCGA-ZF-A9RE,1,train
TCGA-ZF-A9RF,1,train
TCGA-ZF-A9RL,1,train
TCGA-ZF-A9RM,1,train
TCGA-ZF-AA4N,1,train
TCGA-ZF-AA4R,1,train
TCGA-ZF-AA4T,1,train
TCGA-ZF-AA4U,1,train
TCGA-ZF-AA4V,1,train
TCGA-ZF-AA4W,1,train
TCGA-ZF-AA4X,1,train
TCGA-ZF-AA51,1,train
TCGA-ZF-AA52,1,train
TCGA-ZF-AA53,1,train
TCGA-ZF-AA58,1,train
TCGA-ZF-AA5H,1,train
TCGA-ZF-AA5N,1,train
TCGA-ZJ-A8QO,1,train
TCGA-ZJ-A8QQ,1,train
TCGA-ZJ-A8QR,1,train
TCGA-ZJ-AAX4,1,train
TCGA-ZJ-AAXA,1,train
TCGA-ZJ-AAXJ,1,train
TCGA-ZJ-AAXN,1,train
TCGA-ZJ-AB0H,1,train
TCGA-ZJ-AB0I,1,train
TCGA-ZM-AA05,1,train
TCGA-ZM-AA0B,1,train
TCGA-ZM-AA0D,1,train
TCGA-ZM-AA0E,1,train
TCGA-ZM-AA0F,1,train
TCGA-ZM-AA0N,1,train
TCGA-ZN-A9VO,1,train
TCGA-ZN-A9VQ,1,train
TCGA-ZN-A9VV,1,train
TCGA-ZP-A9CV,1,train
TCGA-ZP-A9CZ,1,train
TCGA-ZP-A9D0,1,train
TCGA-ZP-A9D4,1,train
TCGA-ZQ-A9CR,1,train
TCGA-ZR-A9CJ,1,train
TCGA-ZS-A9CE,1,train
TCGA-ZS-A9CF,1,train
TCGA-ZS-A9CG,1,train
TCGA-ZT-A8OM,1,train
TCGA-02-0026,1,val
TCGA-02-0070,1,val
TCGA-05-4403,1,val
TCGA-05-4405,1,val
TCGA-05-4415,1,val
TCGA-05-4417,1,val
TCGA-05-4427,1,val
TCGA-06-0122,1,val
TCGA-06-0125,1,val
TCGA-06-0129,1,val
TCGA-06-0130,1,val
TCGA-06-0154,1,val
TCGA-06-0156,1,val
TCGA-06-0168,1,val
TCGA-06-0178,1,val
TCGA-06-0197,1,val
TCGA-06-0241,1,val
TCGA-06-0876,1,val
TCGA-06-1800,1,val
TCGA-06-5417,1,val
TCGA-06-6389,1,val
TCGA-12-0616,1,val
TCGA-12-0827,1,val
TCGA-12-0829,1,val
TCGA-12-1095,1,val
TCGA-14-1037,1,val
TCGA-14-1794,1,val
TCGA-15-1446,1,val
TCGA-19-5955,1,val
TCGA-23-1110,1,val
TCGA-23-1122,1,val
TCGA-23-2079,1,val
TCGA-25-1319,1,val
TCGA-25-1623,1,val
TCGA-25-1877,1,val
TCGA-25-2391,1,val
TCGA-25-2392,1,val
TCGA-25-2398,1,val
TCGA-26-1799,1,val
TCGA-26-5132,1,val
TCGA-26-5134,1,val
TCGA-26-5139,1,val
TCGA-26-6173,1,val
TCGA-26-6174,1,val
TCGA-27-1831,1,val
TCGA-27-1836,1,val
TCGA-27-2524,1,val
TCGA-27-2526,1,val
TCGA-27-2527,1,val
TCGA-27-2528,1,val
TCGA-28-1760,1,val
TCGA-2A-A8VX,1,val
TCGA-2A-A8W1,1,val
TCGA-2F-A9KO,1,val
TCGA-2G-AAFH,1,val
TCGA-2G-AAFY,1,val
TCGA-2G-AAG5,1,val
TCGA-2G-AAG8,1,val
TCGA-2G-AAGE,1,val
TCGA-2G-AAGS,1,val
TCGA-2G-AAH0,1,val
TCGA-2G-AAH3,1,val
TCGA-2G-AAHC,1,val
TCGA-2G-AAHG,1,val
TCGA-2G-AAHL,1,val
TCGA-2G-AAKH,1,val
TCGA-2G-AAKM,1,val
TCGA-2G-AALG,1,val
TCGA-2G-AALQ,1,val
TCGA-2G-AALW,1,val
TCGA-2G-AALY,1,val
TCGA-2G-AAM4,1,val
TCGA-2J-AAB9,1,val
TCGA-2J-AABK,1,val
TCGA-2J-AABR,1,val
TCGA-2J-AABT,1,val
TCGA-2K-A9WE,1,val
TCGA-2L-AAQA,1,val
TCGA-2Y-A9GW,1,val
TCGA-2Y-A9GZ,1,val
TCGA-2Z-A9J1,1,val
TCGA-2Z-A9JK,1,val
TCGA-2Z-A9JT,1,val
TCGA-33-A4WN,1,val
TCGA-34-5928,1,val
TCGA-34-8454,1,val
TCGA-34-A5IX,1,val
TCGA-35-3615,1,val
TCGA-35-4123,1,val
TCGA-37-3789,1,val
TCGA-37-4129,1,val
TCGA-37-4133,1,val
TCGA-37-A5EM,1,val
TCGA-38-6178,1,val
TCGA-38-A44F,1,val
TCGA-3A-A9I7,1,val
TCGA-3A-A9IJ,1,val
TCGA-3A-A9IL,1,val
TCGA-3A-A9IZ,1,val
TCGA-3B-A9HX,1,val
TCGA-3B-A9HY,1,val
TCGA-3B-A9HZ,1,val
TCGA-3B-A9I1,1,val
TCGA-3B-A9I3,1,val
TCGA-3C-AALI,1,val
TCGA-3L-AA1B,1,val
TCGA-3M-AB46,1,val
TCGA-3U-A98D,1,val
TCGA-41-2572,1,val
TCGA-41-3392,1,val
TCGA-41-3393,1,val
TCGA-41-3915,1,val
TCGA-42-2582,1,val
TCGA-42-2587,1,val
TCGA-42-2591,1,val
TCGA-43-3394,1,val
TCGA-43-3920,1,val
TCGA-43-5670,1,val
TCGA-43-6771,1,val
TCGA-43-6773,1,val
TCGA-43-7658,1,val
TCGA-43-A56V,1,val
TCGA-44-6148,1,val
TCGA-44-6777,1,val
TCGA-49-4507,1,val
TCGA-4H-AAAK,1,val
TCGA-4K-AA1H,1,val
TCGA-4N-A93T,1,val
TCGA-4R-AA8I,1,val
TCGA-4V-A9QJ,1,val
TCGA-4V-A9QR,1,val
TCGA-4V-A9QU,1,val
TCGA-4W-AA9T,1,val
TCGA-4Z-AA7M,1,val
TCGA-4Z-AA7O,1,val
TCGA-4Z-AA7Q,1,val
TCGA-4Z-AA7R,1,val
TCGA-4Z-AA7S,1,val
TCGA-50-5045,1,val
TCGA-50-5066,1,val
TCGA-50-5068,1,val
TCGA-50-6590,1,val
TCGA-55-6979,1,val
TCGA-55-8208,1,val
TCGA-55-8301,1,val
TCGA-55-8505,1,val
TCGA-56-6546,1,val
TCGA-56-7222,1,val
TCGA-56-7579,1,val
TCGA-56-7823,1,val
TCGA-56-8083,1,val
TCGA-56-8201,1,val
TCGA-56-8622,1,val
TCGA-56-8625,1,val
TCGA-56-8628,1,val
TCGA-56-A49D,1,val
TCGA-56-A5DS,1,val
TCGA-58-A46K,1,val
TCGA-5P-A9JU,1,val
TCGA-5P-A9JW,1,val
TCGA-5P-A9K6,1,val
TCGA-5P-A9KE,1,val
TCGA-5T-A9QA,1,val
TCGA-5U-AB0E,1,val
TCGA-5U-AB0F,1,val
TCGA-5X-AA5U,1,val
TCGA-63-5128,1,val
TCGA-64-1679,1,val
TCGA-67-6216,1,val
TCGA-69-7979,1,val
TCGA-69-8453,1,val
TCGA-6A-AB49,1,val
TCGA-70-6722,1,val
TCGA-71-6725,1,val
TCGA-73-7499,1,val
TCGA-75-7030,1,val
TCGA-77-6842,1,val
TCGA-77-8133,1,val
TCGA-77-8140,1,val
TCGA-77-8143,1,val
TCGA-77-8145,1,val
TCGA-77-8148,1,val
TCGA-77-A5G8,1,val
TCGA-77-A5GH,1,val
TCGA-78-7155,1,val
TCGA-85-8277,1,val
TCGA-85-8353,1,val
TCGA-85-8481,1,val
TCGA-85-8582,1,val
TCGA-85-A4CL,1,val
TCGA-85-A50Z,1,val
TCGA-85-A5B5,1,val
TCGA-86-7701,1,val
TCGA-86-8055,1,val
TCGA-86-8674,1,val
TCGA-86-A456,1,val
TCGA-86-A4D0,1,val
TCGA-86-A4P8,1,val
TCGA-90-A59Q,1,val
TCGA-91-A4BC,1,val
TCGA-92-8065,1,val
TCGA-94-7557,1,val
TCGA-95-A4VP,1,val
TCGA-97-A4LX,1,val
TCGA-98-A53I,1,val
TCGA-A1-A0SE,1,val
TCGA-A1-A0SK,1,val
TCGA-A2-A04X,1,val
TCGA-A2-A04Y,1,val
TCGA-A2-A0CK,1,val
TCGA-A2-A0CL,1,val
TCGA-A2-A0CQ,1,val
TCGA-A2-A0CT,1,val
TCGA-A2-A0D0,1,val
TCGA-A2-A0EQ,1,val
TCGA-A2-A0ER,1,val
TCGA-A2-A0EU,1,val
TCGA-A2-A0EV,1,val
TCGA-A2-A0EW,1,val
TCGA-A2-A0T2,1,val
TCGA-A2-A0T6,1,val
TCGA-A2-A0YG,1,val
TCGA-A2-A1G0,1,val
TCGA-A2-A25D,1,val
TCGA-A2-A3XU,1,val
TCGA-A2-A3XW,1,val
TCGA-A2-A3XY,1,val
TCGA-A2-A4RW,1,val
TCGA-A2-A4S3,1,val
TCGA-A3-3320,1,val
TCGA-A3-3323,1,val
TCGA-A3-3336,1,val
TCGA-A3-3343,1,val
TCGA-A3-3346,1,val
TCGA-A3-3367,1,val
TCGA-A3-3374,1,val
TCGA-A3-3376,1,val
TCGA-A3-3380,1,val
TCGA-A3-A6NN,1,val
TCGA-A3-A8OU,1,val
TCGA-A5-A0G1,1,val
TCGA-A5-A0G5,1,val
TCGA-A5-A0GH,1,val
TCGA-A5-A0GI,1,val
TCGA-A5-A0GQ,1,val
TCGA-A5-A0GU,1,val
TCGA-A5-A2K4,1,val
TCGA-A5-A2K5,1,val
TCGA-A5-A3LP,1,val
TCGA-A6-2683,1,val
TCGA-A6-5665,1,val
TCGA-A6-5666,1,val
TCGA-A6-6649,1,val
TCGA-A6-A567,1,val
TCGA-A7-A0CJ,1,val
TCGA-A7-A13D,1,val
TCGA-A7-A13E,1,val
TCGA-A7-A13G,1,val
TCGA-A7-A2KD,1,val
TCGA-A7-A4SD,1,val
TCGA-A8-A06Z,1,val
TCGA-A8-A07E,1,val
TCGA-A8-A07P,1,val
TCGA-A8-A07Z,1,val
TCGA-A8-A084,1,val
TCGA-A8-A08O,1,val
TCGA-A8-A08X,1,val
TCGA-A8-A094,1,val
TCGA-A8-A095,1,val
TCGA-A8-A099,1,val
TCGA-A8-A09B,1,val
TCGA-A8-A09G,1,val
TCGA-A8-A09N,1,val
TCGA-A8-A0A9,1,val
TCGA-A8-A0AB,1,val
TCGA-AA-3532,1,val
TCGA-AA-3553,1,val
TCGA-AA-3555,1,val
TCGA-AA-3664,1,val
TCGA-AA-3681,1,val
TCGA-AA-3688,1,val
TCGA-AA-3841,1,val
TCGA-AA-3845,1,val
TCGA-AA-3846,1,val
TCGA-AA-3848,1,val
TCGA-AA-3867,1,val
TCGA-AA-3875,1,val
TCGA-AA-3949,1,val
TCGA-AA-3968,1,val
TCGA-AA-3977,1,val
TCGA-AA-3980,1,val
TCGA-AA-3982,1,val
TCGA-AA-A00E,1,val
TCGA-AA-A00W,1,val
TCGA-AA-A01T,1,val
TCGA-AA-A01V,1,val
TCGA-AA-A02Y,1,val
TCGA-AC-A2QH,1,val
TCGA-AC-A3TM,1,val
TCGA-AC-A5EH,1,val
TCGA-AC-A6IV,1,val
TCGA-AD-6888,1,val
TCGA-AD-6889,1,val
TCGA-AD-6895,1,val
TCGA-AF-A56N,1,val
TCGA-AG-3578,1,val
TCGA-AG-3582,1,val
TCGA-AG-3609,1,val
TCGA-AG-3728,1,val
TCGA-AG-3878,1,val
TCGA-AG-3892,1,val
TCGA-AG-3896,1,val
TCGA-AG-3906,1,val
TCGA-AG-3999,1,val
TCGA-AG-4015,1,val
TCGA-AG-4021,1,val
TCGA-AG-A023,1,val
TCGA-AH-6549,1,val
TCGA-AJ-A23M,1,val
TCGA-AJ-A23N,1,val
TCGA-AJ-A3BI,1,val
TCGA-AJ-A3EK,1,val
TCGA-AJ-A3IA,1,val
TCGA-AJ-A3NE,1,val
TCGA-AJ-A3NG,1,val
TCGA-AJ-A3OJ,1,val
TCGA-AJ-A6NU,1,val
TCGA-AJ-A8CW,1,val
TCGA-AK-3429,1,val
TCGA-AK-3443,1,val
TCGA-AK-3444,1,val
TCGA-AL-3472,1,val
TCGA-AL-A5DJ,1,val
TCGA-AN-A0FF,1,val
TCGA-AN-A0FN,1,val
TCGA-AN-A0XL,1,val
TCGA-AN-A0XN,1,val
TCGA-AO-A03O,1,val
TCGA-AO-A03P,1,val
TCGA-AO-A03R,1,val
TCGA-AO-A03T,1,val
TCGA-AO-A0J3,1,val
TCGA-AO-A0JB,1,val
TCGA-AO-A0JG,1,val
TCGA-AO-A124,1,val
TCGA-AO-A126,1,val
TCGA-AO-A12A,1,val
TCGA-AO-A12C,1,val
TCGA-AP-A0L8,1,val
TCGA-AP-A0LD,1,val
TCGA-AP-A0LJ,1,val
TCGA-AP-A0LQ,1,val
TCGA-AP-A1DQ,1,val
TCGA-AP-A1DV,1,val
TCGA-AP-A1E4,1,val
TCGA-AQ-A0Y5,1,val
TCGA-AQ-A54O,1,val
TCGA-AQ-A7U7,1,val
TCGA-AR-A0TS,1,val
TCGA-AR-A0TX,1,val
TCGA-AR-A0TY,1,val
TCGA-AR-A0TZ,1,val
TCGA-AR-A0U2,1,val
TCGA-AR-A0U4,1,val
TCGA-AR-A1AQ,1,val
TCGA-AR-A24L,1,val
TCGA-AR-A24N,1,val
TCGA-AR-A24O,1,val
TCGA-AR-A24S,1,val
TCGA-AR-A24V,1,val
TCGA-AR-A254,1,val
TCGA-AR-A2LH,1,val
TCGA-AR-A2LJ,1,val
TCGA-AR-A2LL,1,val
TCGA-AR-A2LM,1,val
TCGA-AR-A2LO,1,val
TCGA-AR-A5QM,1,val
TCGA-AR-A5QP,1,val
TCGA-AR-A5QQ,1,val
TCGA-AS-3777,1,val
TCGA-AS-3778,1,val
TCGA-AW-A1PO,1,val
TCGA-AX-A1CA,1,val
TCGA-AX-A1CK,1,val
TCGA-AX-A1CN,1,val
TCGA-AX-A2IN,1,val
TCGA-AZ-4682,1,val
TCGA-AZ-5403,1,val
TCGA-B0-4698,1,val
TCGA-B0-4706,1,val
TCGA-B0-4710,1,val
TCGA-B0-4811,1,val
TCGA-B0-4813,1,val
TCGA-B0-4815,1,val
TCGA-B0-4827,1,val
TCGA-B0-4833,1,val
TCGA-B0-4846,1,val
TCGA-B0-5075,1,val
TCGA-B0-5080,1,val
TCGA-B0-5081,1,val
TCGA-B0-5107,1,val
TCGA-B0-5108,1,val
TCGA-B0-5117,1,val
TCGA-B0-5120,1,val
TCGA-B0-5692,1,val
TCGA-B0-5696,1,val
TCGA-B0-5700,1,val
TCGA-B0-5706,1,val
TCGA-B0-5711,1,val
TCGA-B0-5812,1,val
TCGA-B2-5636,1,val
TCGA-B4-5832,1,val
TCGA-B4-5844,1,val
TCGA-B5-A0K8,1,val
TCGA-B5-A11F,1,val
TCGA-B5-A11J,1,val
TCGA-B5-A11V,1,val
TCGA-B5-A11X,1,val
TCGA-B5-A1MR,1,val
TCGA-B5-A3FC,1,val
TCGA-B5-A3FH,1,val
TCGA-B5-A3S1,1,val
TCGA-B6-A0IJ,1,val
TCGA-B6-A0IK,1,val
TCGA-B6-A0RI,1,val
TCGA-B6-A0RP,1,val
TCGA-B6-A0WZ,1,val
TCGA-B6-A1KN,1,val
TCGA-B8-4151,1,val
TCGA-B8-4153,1,val
TCGA-B8-4620,1,val
TCGA-B8-4622,1,val
TCGA-B8-5158,1,val
TCGA-B8-5163,1,val
TCGA-B9-4114,1,val
TCGA-B9-A44B,1,val
TCGA-BA-4076,1,val
TCGA-BA-4077,1,val
TCGA-BA-5149,1,val
TCGA-BA-6869,1,val
TCGA-BA-6873,1,val
TCGA-BA-A6DE,1,val
TCGA-BA-A6DL,1,val
TCGA-BB-4225,1,val
TCGA-BB-7864,1,val
TCGA-BB-8596,1,val
TCGA-BC-A8YO,1,val
TCGA-BF-A1PZ,1,val
TCGA-BF-A3DL,1,val
TCGA-BF-A3DN,1,val
TCGA-BF-AAP4,1,val
TCGA-BG-A0M8,1,val
TCGA-BG-A187,1,val
TCGA-BG-A18C,1,val
TCGA-BG-A2L7,1,val
TCGA-BG-A3PP,1,val
TCGA-BH-A0AU,1,val
TCGA-BH-A0B1,1,val
TCGA-BH-A0B6,1,val
TCGA-BH-A0B7,1,val
TCGA-BH-A0BJ,1,val
TCGA-BH-A0BL,1,val
TCGA-BH-A0DE,1,val
TCGA-BH-A0DL,1,val
TCGA-BH-A0E1,1,val
TCGA-BH-A0E6,1,val
TCGA-BH-A0E7,1,val
TCGA-BH-A0HB,1,val
TCGA-BH-A0HO,1,val
TCGA-BH-A0HP,1,val
TCGA-BH-A0RX,1,val
TCGA-BH-A18G,1,val
TCGA-BH-A18I,1,val
TCGA-BH-A5J0,1,val
TCGA-BI-A0VS,1,val
TCGA-BJ-A190,1,val
TCGA-BJ-A192,1,val
TCGA-BJ-A28S,1,val
TCGA-BJ-A28Z,1,val
TCGA-BJ-A3PR,1,val
TCGA-BJ-A45C,1,val
TCGA-BJ-A45J,1,val
TCGA-BJ-A4O8,1,val
TCGA-BK-A139,1,val
TCGA-BL-A0C8,1,val
TCGA-BL-A13I,1,val
TCGA-BL-A13J,1,val
TCGA-BP-4162,1,val
TCGA-BP-4170,1,val
TCGA-BP-4174,1,val
TCGA-BP-4337,1,val
TCGA-BP-4352,1,val
TCGA-BP-4355,1,val
TCGA-BP-4766,1,val
TCGA-BP-4771,1,val
TCGA-BP-4776,1,val
TCGA-BP-4784,1,val
TCGA-BP-4789,1,val
TCGA-BP-4970,1,val
TCGA-BP-4971,1,val
TCGA-BP-4993,1,val
TCGA-BP-5009,1,val
TCGA-BP-5184,1,val
TCGA-BP-5189,1,val
TCGA-BP-5195,1,val
TCGA-BP-5196,1,val
TCGA-BP-5201,1,val
TCGA-BR-6452,1,val
TCGA-BR-6454,1,val
TCGA-BR-6566,1,val
TCGA-BR-6707,1,val
TCGA-BR-6710,1,val
TCGA-BR-7197,1,val
TCGA-BR-7703,1,val
TCGA-BR-7707,1,val
TCGA-BR-8081,1,val
TCGA-BR-8285,1,val
TCGA-BR-8296,1,val
TCGA-BR-8360,1,val
TCGA-BR-8370,1,val
TCGA-BR-8371,1,val
TCGA-BR-8380,1,val
TCGA-BR-8484,1,val
TCGA-BR-8589,1,val
TCGA-BR-8590,1,val
TCGA-BR-8679,1,val
TCGA-BR-8687,1,val
TCGA-BR-A452,1,val
TCGA-BR-A4CR,1,val
TCGA-BR-A4J4,1,val
TCGA-BR-A4J9,1,val
TCGA-BR-A4PF,1,val
TCGA-BS-A0U7,1,val
TCGA-BS-A0UJ,1,val
TCGA-BS-A0VI,1,val
TCGA-BT-A0S7,1,val
TCGA-BW-A5NP,1,val
TCGA-C5-A1BI,1,val
TCGA-C5-A1BN,1,val
TCGA-C5-A1M5,1,val
TCGA-C5-A1ME,1,val
TCGA-C5-A1MF,1,val
TCGA-C5-A2LT,1,val
TCGA-C5-A3HE,1,val
TCGA-C5-A3HL,1,val
TCGA-C5-A7CK,1,val
TCGA-C5-A8XK,1,val
TCGA-C5-A8YQ,1,val
TCGA-C5-A905,1,val
TCGA-C8-A12L,1,val
TCGA-C8-A12N,1,val
TCGA-C8-A12T,1,val
TCGA-C8-A12W,1,val
TCGA-C8-A138,1,val
TCGA-C8-A1HF,1,val
TCGA-C8-A1HJ,1,val
TCGA-C8-A1HL,1,val
TCGA-C8-A274,1,val
TCGA-C8-A27B,1,val
TCGA-C8-A3M7,1,val
TCGA-C8-A8HQ,1,val
TCGA-CA-5255,1,val
TCGA-CC-5261,1,val
TCGA-CC-5264,1,val
TCGA-CC-A5UE,1,val
TCGA-CC-A7IH,1,val
TCGA-CC-A8HU,1,val
TCGA-CD-5799,1,val
TCGA-CD-5802,1,val
TCGA-CD-8526,1,val
TCGA-CD-8528,1,val
TCGA-CD-8533,1,val
TCGA-CD-8535,1,val
TCGA-CE-A482,1,val
TCGA-CE-A484,1,val
TCGA-CE-A485,1,val
TCGA-CF-A1HS,1,val
TCGA-CF-A3MI,1,val
TCGA-CF-A8HX,1,val
TCGA-CG-4438,1,val
TCGA-CG-4442,1,val
TCGA-CG-4462,1,val
TCGA-CG-4465,1,val
TCGA-CG-4474,1,val
TCGA-CH-5737,1,val
TCGA-CH-5751,1,val
TCGA-CI-6624,1,val
TCGA-CJ-4643,1,val
TCGA-CJ-4868,1,val
TCGA-CJ-4884,1,val
TCGA-CJ-4895,1,val
TCGA-CJ-4903,1,val
TCGA-CJ-4904,1,val
TCGA-CJ-5671,1,val
TCGA-CJ-5678,1,val
TCGA-CJ-5683,1,val
TCGA-CJ-5686,1,val
TCGA-CK-6747,1,val
TCGA-CL-4957,1,val
TCGA-CM-4746,1,val
TCGA-CM-4748,1,val
TCGA-CM-6165,1,val
TCGA-CM-6169,1,val
TCGA-CM-6170,1,val
TCGA-CM-6674,1,val
TCGA-CN-4722,1,val
TCGA-CN-4730,1,val
TCGA-CN-4731,1,val
TCGA-CN-4736,1,val
TCGA-CN-4737,1,val
TCGA-CN-5359,1,val
TCGA-CN-5366,1,val
TCGA-CN-6010,1,val
TCGA-CN-6018,1,val
TCGA-CN-6019,1,val
TCGA-CN-6024,1,val
TCGA-CN-6988,1,val
TCGA-CN-6997,1,val
TCGA-CN-A63W,1,val
TCGA-CN-A642,1,val
TCGA-CQ-6222,1,val
TCGA-CQ-6223,1,val
TCGA-CQ-A4C6,1,val
TCGA-CQ-A4CI,1,val
TCGA-CS-4944,1,val
TCGA-CS-5390,1,val
TCGA-CS-5396,1,val
TCGA-CS-5397,1,val
TCGA-CS-6188,1,val
TCGA-CS-6665,1,val
TCGA-CV-5430,1,val
TCGA-CV-5434,1,val
TCGA-CV-5440,1,val
TCGA-CV-5441,1,val
TCGA-CV-5444,1,val
TCGA-CV-6003,1,val
TCGA-CV-6936,1,val
TCGA-CV-6937,1,val
TCGA-CV-6939,1,val
TCGA-CV-6941,1,val
TCGA-CV-7102,1,val
TCGA-CV-7248,1,val
TCGA-CV-7424,1,val
TCGA-CV-7430,1,val
TCGA-CV-7434,1,val
TCGA-CV-A6JD,1,val
TCGA-CV-A6JE,1,val
TCGA-CX-A4AQ,1,val
TCGA-CZ-4853,1,val
TCGA-CZ-4863,1,val
TCGA-CZ-5456,1,val
TCGA-CZ-5459,1,val
TCGA-CZ-5464,1,val
TCGA-CZ-5468,1,val
TCGA-CZ-5986,1,val
TCGA-CZ-5989,1,val
TCGA-D1-A0ZP,1,val
TCGA-D1-A0ZV,1,val
TCGA-D1-A15W,1,val
TCGA-D1-A174,1,val
TCGA-D1-A176,1,val
TCGA-D1-A17D,1,val
TCGA-D1-A17Q,1,val
TCGA-D1-A17T,1,val
TCGA-D1-A1O7,1,val
TCGA-D1-A3JQ,1,val
TCGA-D5-6535,1,val
TCGA-D6-6516,1,val
TCGA-D6-6826,1,val
TCGA-D6-A4Z9,1,val
TCGA-D6-A6EK,1,val
TCGA-D6-A6EO,1,val
TCGA-D6-A6EP,1,val
TCGA-D7-6520,1,val
TCGA-D7-6524,1,val
TCGA-D7-6822,1,val
TCGA-D7-8575,1,val
TCGA-D7-A4Z0,1,val
TCGA-D7-A747,1,val
TCGA-D7-A74B,1,val
TCGA-D8-A1J8,1,val
TCGA-D8-A1JM,1,val
TCGA-D8-A1XB,1,val
TCGA-D8-A1XJ,1,val
TCGA-D8-A1XO,1,val
TCGA-D8-A1XS,1,val
TCGA-D8-A1Y0,1,val
TCGA-D8-A27I,1,val
TCGA-D8-A4Z1,1,val
TCGA-D8-A73X,1,val
TCGA-DB-5277,1,val
TCGA-DB-5280,1,val
TCGA-DB-A75K,1,val
TCGA-DB-A75O,1,val
TCGA-DC-5337,1,val
TCGA-DD-A1EA,1,val
TCGA-DD-A4NF,1,val
TCGA-DD-A4NO,1,val
TCGA-DD-A4NP,1,val
TCGA-DD-A4NR,1,val
TCGA-DD-A73G,1,val
TCGA-DD-AACB,1,val
TCGA-DD-AACI,1,val
TCGA-DD-AACN,1,val
TCGA-DD-AACQ,1,val
TCGA-DD-AACS,1,val
TCGA-DD-AACW,1,val
TCGA-DD-AAD1,1,val
TCGA-DD-AAD2,1,val
TCGA-DD-AADF,1,val
TCGA-DD-AADO,1,val
TCGA-DD-AAE0,1,val
TCGA-DD-AAE4,1,val
TCGA-DD-AAE6,1,val
TCGA-DD-AAEA,1,val
TCGA-DD-AAEE,1,val
TCGA-DD-AAEK,1,val
TCGA-DD-AAVQ,1,val
TCGA-DD-AAVW,1,val
TCGA-DD-AAW0,1,val
TCGA-DD-AAW3,1,val
TCGA-DE-A4M8,1,val
TCGA-DE-A4MD,1,val
TCGA-DG-A2KJ,1,val
TCGA-DH-A7US,1,val
TCGA-DI-A0WH,1,val
TCGA-DI-A1BU,1,val
TCGA-DI-A2QY,1,val
TCGA-DJ-A13L,1,val
TCGA-DJ-A13U,1,val
TCGA-DJ-A13V,1,val
TCGA-DJ-A1QD,1,val
TCGA-DJ-A2PR,1,val
TCGA-DJ-A2PV,1,val
TCGA-DJ-A2PW,1,val
TCGA-DJ-A2QB,1,val
TCGA-DJ-A3UM,1,val
TCGA-DJ-A3UP,1,val
TCGA-DJ-A3V2,1,val
TCGA-DJ-A3V9,1,val
TCGA-DJ-A3VA,1,val
TCGA-DJ-A3VB,1,val
TCGA-DJ-A3VD,1,val
TCGA-DJ-A4UQ,1,val
TCGA-DJ-A4UT,1,val
TCGA-DK-A1AC,1,val
TCGA-DK-A1AE,1,val
TCGA-DK-A1AF,1,val
TCGA-DK-A2HX,1,val
TCGA-DK-A3IN,1,val
TCGA-DK-A3IT,1,val
TCGA-DK-A6B2,1,val
TCGA-DK-A6B5,1,val
TCGA-DO-A2HM,1,val
TCGA-DQ-5629,1,val
TCGA-DS-A0VN,1,val
TCGA-DS-A7WI,1,val
TCGA-DU-6392,1,val
TCGA-DU-6393,1,val
TCGA-DU-7014,1,val
TCGA-DU-7015,1,val
TCGA-DU-7019,1,val
TCGA-DU-7290,1,val
TCGA-DU-8162,1,val
TCGA-DU-8163,1,val
TCGA-DU-8164,1,val
TCGA-DU-A5TR,1,val
TCGA-DU-A5TU,1,val
TCGA-DU-A76L,1,val
TCGA-DU-A76O,1,val
TCGA-DU-A7T8,1,val
TCGA-DV-5569,1,val
TCGA-DV-5575,1,val
TCGA-DW-5560,1,val
TCGA-DW-7839,1,val
TCGA-DW-7840,1,val
TCGA-DX-A1L0,1,val
TCGA-DX-A23Z,1,val
TCGA-DX-A2IZ,1,val
TCGA-DX-A2J1,1,val
TCGA-DX-A3LY,1,val
TCGA-DX-A3UD,1,val
TCGA-DX-A3UE,1,val
TCGA-DX-A48L,1,val
TCGA-DX-A6BA,1,val
TCGA-DX-A6BH,1,val
TCGA-DX-A6YX,1,val
TCGA-DX-A7EM,1,val
TCGA-DX-A8BG,1,val
TCGA-DX-A8BL,1,val
TCGA-DX-A8BP,1,val
TCGA-DX-A8BZ,1,val
TCGA-DX-AB2Q,1,val
TCGA-E1-A7YD,1,val
TCGA-E1-A7YH,1,val
TCGA-E1-A7YN,1,val
TCGA-E1-A7YS,1,val
TCGA-E1-A7Z6,1,val
TCGA-E2-A10F,1,val
TCGA-E2-A14W,1,val
TCGA-E2-A14Z,1,val
TCGA-E2-A159,1,val
TCGA-E2-A15D,1,val
TCGA-E2-A15F,1,val
TCGA-E2-A15G,1,val
TCGA-E2-A15L,1,val
TCGA-E2-A15T,1,val
TCGA-E2-A1B1,1,val
TCGA-E2-A1B4,1,val
TCGA-E2-A1B6,1,val
TCGA-E2-A1IL,1,val
TCGA-E2-A1L7,1,val
TCGA-E2-A2P5,1,val
TCGA-E2-A2P6,1,val
TCGA-E5-A4U1,1,val
TCGA-E6-A2P8,1,val
TCGA-E7-A5KE,1,val
TCGA-E7-A677,1,val
TCGA-E7-A8O7,1,val
TCGA-E7-A97Q,1,val
TCGA-E8-A242,1,val
TCGA-E8-A438,1,val
TCGA-E9-A1N5,1,val
TCGA-E9-A1NC,1,val
TCGA-E9-A1NI,1,val
TCGA-E9-A1R4,1,val
TCGA-E9-A1R6,1,val
TCGA-E9-A1RG,1,val
TCGA-E9-A226,1,val
TCGA-E9-A22D,1,val
TCGA-E9-A22G,1,val
TCGA-E9-A243,1,val
TCGA-E9-A244,1,val
TCGA-E9-A249,1,val
TCGA-E9-A54Y,1,val
TCGA-E9-A6HE,1,val
TCGA-EA-A411,1,val
TCGA-EA-A439,1,val
TCGA-EA-A5O9,1,val
TCGA-EB-A3XB,1,val
TCGA-EB-A3XF,1,val
TCGA-EB-A431,1,val
TCGA-EB-A57M,1,val
TCGA-EB-A5SF,1,val
TCGA-EB-A82B,1,val
TCGA-EB-A82C,1,val
TCGA-EB-A97M,1,val
TCGA-EC-A1QX,1,val
TCGA-ED-A7PZ,1,val
TCGA-EI-6506,1,val
TCGA-EI-6510,1,val
TCGA-EI-6512,1,val
TCGA-EJ-5501,1,val
TCGA-EJ-5505,1,val
TCGA-EJ-5507,1,val
TCGA-EJ-5508,1,val
TCGA-EJ-5509,1,val
TCGA-EJ-5512,1,val
TCGA-EJ-5522,1,val
TCGA-EJ-5525,1,val
TCGA-EJ-5532,1,val
TCGA-EJ-7315,1,val
TCGA-EJ-7788,1,val
TCGA-EJ-A46D,1,val
TCGA-EJ-A46I,1,val
TCGA-EL-A3CN,1,val
TCGA-EL-A3CY,1,val
TCGA-EL-A3MZ,1,val
TCGA-EL-A3T1,1,val
TCGA-EL-A3T2,1,val
TCGA-EL-A3T3,1,val
TCGA-EL-A3TA,1,val
TCGA-EL-A3ZH,1,val
TCGA-EL-A3ZS,1,val
TCGA-EL-A4K4,1,val
TCGA-EL-A4KD,1,val
TCGA-EM-A1CV,1,val
TCGA-EM-A1CW,1,val
TCGA-EM-A1YC,1,val
TCGA-EM-A22N,1,val
TCGA-EM-A2CK,1,val
TCGA-EM-A2CM,1,val
TCGA-EM-A2OZ,1,val
TCGA-EM-A2P0,1,val
TCGA-EM-A3AI,1,val
TCGA-EM-A3AO,1,val
TCGA-EM-A3AR,1,val
TCGA-EM-A3FK,1,val
TCGA-EM-A3FP,1,val
TCGA-EM-A3FR,1,val
TCGA-EM-A3O7,1,val
TCGA-EM-A3O8,1,val
TCGA-EM-A4FH,1,val
TCGA-EM-A4FM,1,val
TCGA-EM-A4FN,1,val
TCGA-EM-A4FO,1,val
TCGA-EO-A3AY,1,val
TCGA-EP-A12J,1,val
TCGA-EQ-A4SO,1,val
TCGA-ER-A194,1,val
TCGA-ER-A196,1,val
TCGA-ER-A19T,1,val
TCGA-ET-A25R,1,val
TCGA-ET-A2MX,1,val
TCGA-ET-A39J,1,val
TCGA-ET-A39M,1,val
TCGA-ET-A39N,1,val
TCGA-ET-A39P,1,val
TCGA-ET-A3BT,1,val
TCGA-ET-A3BV,1,val
TCGA-ET-A3BX,1,val
TCGA-ET-A3DR,1,val
TCGA-ET-A3DW,1,val
TCGA-EV-5901,1,val
TCGA-EV-5902,1,val
TCGA-EW-A1OV,1,val
TCGA-EW-A1P5,1,val
TCGA-EW-A1PC,1,val
TCGA-EW-A2FW,1,val
TCGA-EY-A1GF,1,val
TCGA-EY-A1GS,1,val
TCGA-EY-A1GV,1,val
TCGA-EY-A212,1,val
TCGA-EY-A214,1,val
TCGA-EY-A2OM,1,val
TCGA-F1-A448,1,val
TCGA-F4-6569,1,val
TCGA-F4-6704,1,val
TCGA-F4-6805,1,val
TCGA-F4-6809,1,val
TCGA-F5-6811,1,val
TCGA-F5-6863,1,val
TCGA-F5-6864,1,val
TCGA-F7-7848,1,val
TCGA-F7-8298,1,val
TCGA-F7-A50J,1,val
TCGA-F7-A624,1,val
TCGA-F9-A7VF,1,val
TCGA-FB-A4P5,1,val
TCGA-FB-A4P6,1,val
TCGA-FB-A78T,1,val
TCGA-FB-A7DR,1,val
TCGA-FB-AAPY,1,val
TCGA-FB-AAQ3,1,val
TCGA-FC-7961,1,val
TCGA-FC-A6HD,1,val
TCGA-FD-A3B4,1,val
TCGA-FD-A3B5,1,val
TCGA-FD-A3B8,1,val
TCGA-FD-A3N5,1,val
TCGA-FD-A3N6,1,val
TCGA-FD-A3SJ,1,val
TCGA-FD-A3SL,1,val
TCGA-FD-A3SN,1,val
TCGA-FD-A3SQ,1,val
TCGA-FD-A3SS,1,val
TCGA-FD-A43X,1,val
TCGA-FD-A5BZ,1,val
TCGA-FD-A5C0,1,val
TCGA-FD-A5C1,1,val
TCGA-FD-A62N,1,val
TCGA-FD-A62O,1,val
TCGA-FE-A22Z,1,val
TCGA-FE-A237,1,val
TCGA-FE-A3PC,1,val
TCGA-FG-6691,1,val
TCGA-FG-8182,1,val
TCGA-FG-8187,1,val
TCGA-FG-A70Y,1,val
TCGA-FI-A2CX,1,val
TCGA-FI-A2D2,1,val
TCGA-FI-A2EX,1,val
TCGA-FI-A2F4,1,val
TCGA-FI-A2F8,1,val
TCGA-FI-A3PX,1,val
TCGA-FJ-A3Z9,1,val
TCGA-FJ-A871,1,val
TCGA-FK-A3SE,1,val
TCGA-FP-7829,1,val
TCGA-FP-8210,1,val
TCGA-FR-A3R1,1,val
TCGA-FR-A728,1,val
TCGA-FU-A2QG,1,val
TCGA-FU-A3WB,1,val
TCGA-FU-A3YQ,1,val
TCGA-FU-A5XV,1,val
TCGA-FV-A3I1,1,val
TCGA-FV-A496,1,val
TCGA-FX-A2QS,1,val
TCGA-FX-A3NJ,1,val
TCGA-FX-A48G,1,val
TCGA-FX-A76Y,1,val
TCGA-FY-A2QD,1,val
TCGA-FY-A3BL,1,val
TCGA-FY-A40L,1,val
TCGA-FY-A40M,1,val
TCGA-FZ-5919,1,val
TCGA-G2-A2ES,1,val
TCGA-G2-A3IE,1,val
TCGA-G3-A5SJ,1,val
TCGA-G3-A7M6,1,val
TCGA-G3-A7M7,1,val
TCGA-G3-AAV0,1,val
TCGA-G3-AAV7,1,val
TCGA-G4-6302,1,val
TCGA-G4-6588,1,val
TCGA-G6-A8L7,1,val
TCGA-G7-6789,1,val
TCGA-G7-6793,1,val
TCGA-G7-A8LB,1,val
TCGA-G7-A8LE,1,val
TCGA-G9-6329,1,val
TCGA-G9-6364,1,val
TCGA-G9-6494,1,val
TCGA-G9-7509,1,val
TCGA-G9-7510,1,val
TCGA-GC-A4ZW,1,val
TCGA-GD-A3OS,1,val
TCGA-GL-A4EM,1,val
TCGA-GL-A59R,1,val
TCGA-GL-A59T,1,val
TCGA-GL-A9DC,1,val
TCGA-GM-A2DB,1,val
TCGA-GM-A2DO,1,val
TCGA-GM-A3NW,1,val
TCGA-GM-A3NY,1,val
TCGA-GV-A3JW,1,val
TCGA-GV-A3QG,1,val
TCGA-H6-A45N,1,val
TCGA-H9-A6BY,1,val
TCGA-HC-7209,1,val
TCGA-HC-7736,1,val
TCGA-HC-7752,1,val
TCGA-HC-7821,1,val
TCGA-HC-8258,1,val
TCGA-HC-8266,1,val
TCGA-HC-A632,1,val
TCGA-HC-A8CY,1,val
TCGA-HC-A8D0,1,val
TCGA-HD-A633,1,val
TCGA-HF-7131,1,val
TCGA-HI-7168,1,val
TCGA-HQ-A2OE,1,val
TCGA-HQ-A5NE,1,val
TCGA-HS-A5N7,1,val
TCGA-HS-A5N9,1,val
TCGA-HT-7480,1,val
TCGA-HT-7482,1,val
TCGA-HT-7483,1,val
TCGA-HT-7602,1,val
TCGA-HT-7606,1,val
TCGA-HT-7607,1,val
TCGA-HT-7680,1,val
TCGA-HT-7686,1,val
TCGA-HT-7687,1,val
TCGA-HT-7688,1,val
TCGA-HT-7692,1,val
TCGA-HT-7873,1,val
TCGA-HT-7874,1,val
TCGA-HT-7879,1,val
TCGA-HT-8010,1,val
TCGA-HT-8011,1,val
TCGA-HT-8018,1,val
TCGA-HT-8110,1,val
TCGA-HT-A5RA,1,val
TCGA-HT-A5RC,1,val
TCGA-HT-A614,1,val
TCGA-HT-A61C,1,val
TCGA-HT-A74K,1,val
TCGA-HU-A4GT,1,val
TCGA-HU-A4HB,1,val
TCGA-HV-A7OP,1,val
TCGA-HW-8322,1,val
TCGA-HZ-8317,1,val
TCGA-HZ-8637,1,val
TCGA-HZ-A4BK,1,val
TCGA-IB-7646,1,val
TCGA-IB-7649,1,val
TCGA-IB-7651,1,val
TCGA-IB-7885,1,val
TCGA-IB-7893,1,val
TCGA-IB-A5SP,1,val
TCGA-IB-A5SS,1,val
TCGA-IB-AAUN,1,val
TCGA-IB-AAUO,1,val
TCGA-IB-AAUT,1,val
TCGA-IE-A3OV,1,val
TCGA-IE-A4EK,1,val
TCGA-IG-A3YA,1,val
TCGA-IG-A4QS,1,val
TCGA-IG-A50L,1,val
TCGA-IM-A3EB,1,val
TCGA-IM-A3U3,1,val
TCGA-IM-A41Z,1,val
TCGA-IQ-7630,1,val
TCGA-IQ-A61K,1,val
TCGA-IS-A3K7,1,val
TCGA-J1-A4AH,1,val
TCGA-J4-8198,1,val
TCGA-J4-8200,1,val
TCGA-J4-A67K,1,val
TCGA-J4-A67L,1,val
TCGA-J4-A6G1,1,val
TCGA-J4-AATZ,1,val
TCGA-J8-A3YE,1,val
TCGA-J8-A42S,1,val
TCGA-JL-A3YW,1,val
TCGA-JX-A5QV,1,val
TCGA-JY-A939,1,val
TCGA-K4-A3WU,1,val
TCGA-K4-A4AB,1,val
TCGA-K4-A6MB,1,val
TCGA-K4-A83P,1,val
TCGA-KJ-A3U4,1,val
TCGA-KL-8324,1,val
TCGA-KL-8325,1,val
TCGA-KL-8329,1,val
TCGA-KL-8341,1,val
TCGA-KL-8343,1,val
TCGA-KL-8345,1,val
TCGA-KM-8440,1,val
TCGA-KM-8442,1,val
TCGA-KN-8426,1,val
TCGA-KN-8427,1,val
TCGA-KN-8432,1,val
TCGA-KO-8407,1,val
TCGA-KO-8409,1,val
TCGA-KO-8410,1,val
TCGA-KS-A4I7,1,val
TCGA-KS-A4IC,1,val
TCGA-KT-A74X,1,val
TCGA-KV-A6GE,1,val
TCGA-L6-A4ET,1,val
TCGA-L7-A6VZ,1,val
TCGA-L9-A743,1,val
TCGA-L9-A8F4,1,val
TCGA-LC-A66R,1,val
TCGA-LG-A6GG,1,val
TCGA-LK-A4NY,1,val
TCGA-LL-A442,1,val
TCGA-LL-A5YN,1,val
TCGA-LL-A73Z,1,val
TCGA-LL-A8F5,1,val
TCGA-LN-A49O,1,val
TCGA-LN-A4A2,1,val
TCGA-LN-A4A6,1,val
TCGA-LN-A5U5,1,val
TCGA-LP-A4AU,1,val
TCGA-M7-A71Y,1,val
TCGA-M7-A720,1,val
TCGA-MA-AA3Y,1,val
TCGA-MA-AA41,1,val
TCGA-MH-A856,1,val
TCGA-MI-A75I,1,val
TCGA-MP-A4T9,1,val
TCGA-MP-A4TH,1,val
TCGA-MP-A5C7,1,val
TCGA-MQ-A6BR,1,val
TCGA-MQ-A6BS,1,val
TCGA-MT-A67A,1,val
TCGA-MV-A51V,1,val
TCGA-MX-A5UG,1,val
TCGA-MX-A666,1,val
TCGA-MZ-A7D7,1,val
TCGA-NC-A5HD,1,val
TCGA-NC-A5HE,1,val
TCGA-NC-A5HT,1,val
TCGA-NH-A50U,1,val
TCGA-NJ-A55R,1,val
TCGA-NP-A5H7,1,val
TCGA-NQ-A57I,1,val
TCGA-OL-A66I,1,val
TCGA-OL-A66N,1,val
TCGA-OL-A66O,1,val
TCGA-OR-A5J2,1,val
TCGA-OR-A5J3,1,val
TCGA-OR-A5J6,1,val
TCGA-OR-A5JA,1,val
TCGA-OR-A5JK,1,val
TCGA-OR-A5JM,1,val
TCGA-P3-A6T3,1,val
TCGA-P5-A731,1,val
TCGA-P5-A733,1,val
TCGA-P6-A5OG,1,val
TCGA-PC-A5DO,1,val
TCGA-PD-A5DF,1,val
TCGA-PE-A5DD,1,val
TCGA-PG-A6IB,1,val
TCGA-PG-A916,1,val
TCGA-PJ-A5Z8,1,val
TCGA-PJ-A8JU,1,val
TCGA-PK-A5H8,1,val
TCGA-PK-A5HC,1,val
TCGA-PR-A5PH,1,val
TCGA-Q1-A5R3,1,val
TCGA-Q1-A73P,1,val
TCGA-QC-A7B5,1,val
TCGA-QG-A5Z2,1,val
TCGA-QH-A65V,1,val
TCGA-QH-A65X,1,val
TCGA-QH-A6CS,1,val
TCGA-QH-A6CZ,1,val
TCGA-QH-A6X4,1,val
TCGA-QH-A6X8,1,val
TCGA-QH-A6X9,1,val
TCGA-QH-A86X,1,val
TCGA-QH-A870,1,val
TCGA-QK-A6II,1,val
TCGA-QK-A6VB,1,val
TCGA-QK-A8Z7,1,val
TCGA-QQ-A5VD,1,val
TCGA-QQ-A8VB,1,val
TCGA-QR-A6GS,1,val
TCGA-QR-A6GW,1,val
TCGA-QR-A6GY,1,val
TCGA-QR-A6H0,1,val
TCGA-QR-A70C,1,val
TCGA-QR-A70E,1,val
TCGA-QR-A70H,1,val
TCGA-QR-A70K,1,val
TCGA-QS-A5YQ,1,val
TCGA-QS-A5YR,1,val
TCGA-QT-A69Q,1,val
TCGA-QT-A7U0,1,val
TCGA-QU-A6IL,1,val
TCGA-QU-A6IP,1,val
TCGA-R5-A804,1,val
TCGA-RC-A6M3,1,val
TCGA-RC-A6M5,1,val
TCGA-RC-A7SH,1,val
TCGA-RD-A7BW,1,val
TCGA-RD-A8MW,1,val
TCGA-RD-A8NB,1,val
TCGA-RN-AAAQ,1,val
TCGA-RW-A67V,1,val
TCGA-RW-A681,1,val
TCGA-RW-A68B,1,val
TCGA-RW-A68F,1,val
TCGA-RY-A843,1,val
TCGA-RY-A845,1,val
TCGA-S3-A6ZH,1,val
TCGA-S3-AA0Z,1,val
TCGA-S4-A8RM,1,val
TCGA-S7-A7WR,1,val
TCGA-S7-A7WV,1,val
TCGA-S7-A7X2,1,val
TCGA-S9-A6U8,1,val
TCGA-S9-A6WI,1,val
TCGA-S9-A6WQ,1,val
TCGA-S9-A7J1,1,val
TCGA-S9-A7QW,1,val
TCGA-S9-A7R8,1,val
TCGA-SB-A76C,1,val
TCGA-SC-A6LQ,1,val
TCGA-SG-A849,1,val
TCGA-SH-A9CT,1,val
TCGA-SI-AA8C,1,val
TCGA-SL-A6JA,1,val
TCGA-SP-A6QF,1,val
TCGA-SP-A6QG,1,val
TCGA-SP-A6QJ,1,val
TCGA-SP-A6QK,1,val
TCGA-SR-A6MZ,1,val
TCGA-SX-A71R,1,val
TCGA-SX-A71S,1,val
TCGA-SX-A71U,1,val
TCGA-SX-A71V,1,val
TCGA-SX-A71W,1,val
TCGA-T1-A6J8,1,val
TCGA-T2-A6X2,1,val
TCGA-T3-A92M,1,val
TCGA-TM-A84H,1,val
TCGA-TM-A84O,1,val
TCGA-TP-A8TV,1,val
TCGA-TQ-A7RF,1,val
TCGA-TQ-A7RH,1,val
TCGA-TQ-A7RM,1,val
TCGA-TQ-A7RN,1,val
TCGA-TQ-A7RO,1,val
TCGA-TS-A7OY,1,val
TCGA-TS-A8AI,1,val
TCGA-TS-A8AS,1,val
TCGA-UB-AA0V,1,val
TCGA-UD-AAC4,1,val
TCGA-UF-A7JJ,1,val
TCGA-UF-A7JK,1,val
TCGA-UF-A7JV,1,val
TCGA-US-A774,1,val
TCGA-UW-A72R,1,val
TCGA-UY-A78L,1,val
TCGA-UZ-A9PM,1,val
TCGA-UZ-A9PN,1,val
TCGA-UZ-A9PS,1,val
TCGA-V1-A8MJ,1,val
TCGA-V1-A8WW,1,val
TCGA-V1-A9O7,1,val
TCGA-V1-A9O9,1,val
TCGA-V3-A9ZY,1,val
TCGA-V4-A9EE,1,val
TCGA-V4-A9EF,1,val
TCGA-V4-A9ET,1,val
TCGA-V4-A9F1,1,val
TCGA-V4-A9F7,1,val
TCGA-V5-A7RB,1,val
TCGA-V5-AASV,1,val
TCGA-VD-A8KH,1,val
TCGA-VD-AA8P,1,val
TCGA-VD-AA8R,1,val
TCGA-VF-A8AE,1,val
TCGA-VM-A8CA,1,val
TCGA-VP-A87K,1,val
TCGA-VQ-A8DZ,1,val
TCGA-VQ-A8P2,1,val
TCGA-VQ-A8P3,1,val
TCGA-VQ-A8PE,1,val
TCGA-VQ-A8PF,1,val
TCGA-VQ-A8PJ,1,val
TCGA-VQ-A8PM,1,val
TCGA-VQ-A8PO,1,val
TCGA-VQ-A8PP,1,val
TCGA-VQ-A91K,1,val
TCGA-VQ-A94T,1,val
TCGA-VQ-AA64,1,val
TCGA-VQ-AA6A,1,val
TCGA-VQ-AA6I,1,val
TCGA-VQ-AA6J,1,val
TCGA-VR-A8EQ,1,val
TCGA-VR-A8EW,1,val
TCGA-VR-A8EX,1,val
TCGA-VR-AA4G,1,val
TCGA-VS-A8EH,1,val
TCGA-VS-A8EJ,1,val
TCGA-VS-A8QF,1,val
TCGA-VS-A8QM,1,val
TCGA-VS-A94X,1,val
TCGA-VS-A950,1,val
TCGA-VS-A9U5,1,val
TCGA-VS-A9UB,1,val
TCGA-VS-A9UI,1,val
TCGA-VS-A9UP,1,val
TCGA-VS-A9UT,1,val
TCGA-VS-A9UU,1,val
TCGA-VS-A9UV,1,val
TCGA-VS-A9V3,1,val
TCGA-VS-A9V5,1,val
TCGA-VS-AA62,1,val
TCGA-WB-A80L,1,val
TCGA-WB-A814,1,val
TCGA-WB-A816,1,val
TCGA-WB-A81I,1,val
TCGA-WB-A81J,1,val
TCGA-WB-A81M,1,val
TCGA-WB-A81Q,1,val
TCGA-WB-A81T,1,val
TCGA-WB-A822,1,val
TCGA-WC-A87T,1,val
TCGA-WC-A884,1,val
TCGA-WC-A888,1,val
TCGA-WE-A8K4,1,val
TCGA-WJ-A86L,1,val
TCGA-WK-A8XQ,1,val
TCGA-WL-A834,1,val
TCGA-WN-A9G9,1,val
TCGA-WP-A9GB,1,val
TCGA-WQ-AB4B,1,val
TCGA-WX-AA44,1,val
TCGA-WX-AA46,1,val
TCGA-WZ-A7V3,1,val
TCGA-WZ-A8D5,1,val
TCGA-X6-A8C6,1,val
TCGA-X7-A8DC,1,val
TCGA-X7-A8DJ,1,val
TCGA-X7-A8M4,1,val
TCGA-XD-AAUL,1,val
TCGA-XE-A8H5,1,val
TCGA-XF-A8HB,1,val
TCGA-XF-A8HC,1,val
TCGA-XF-A9T4,1,val
TCGA-XF-A9T8,1,val
TCGA-XF-AAMJ,1,val
TCGA-XF-AAMQ,1,val
TCGA-XF-AAMR,1,val
TCGA-XF-AAMW,1,val
TCGA-XF-AAMZ,1,val
TCGA-XF-AAN0,1,val
TCGA-XJ-A83H,1,val
TCGA-XJ-A9DQ,1,val
TCGA-XK-AAJU,1,val
TCGA-XM-A8RC,1,val
TCGA-XM-A8RE,1,val
TCGA-XM-A8RH,1,val
TCGA-XM-AAZ1,1,val
TCGA-XM-AAZ2,1,val
TCGA-XP-A8T6,1,val
TCGA-XR-A8TE,1,val
TCGA-XU-A92R,1,val
TCGA-XU-A92V,1,val
TCGA-XU-A933,1,val
TCGA-XU-AAY1,1,val
TCGA-XV-AAZW,1,val
TCGA-XY-A8S2,1,val
TCGA-Y8-A8RY,1,val
TCGA-YL-A8HJ,1,val
TCGA-YL-A8S9,1,val
TCGA-YL-A8SA,1,val
TCGA-YL-A8SB,1,val
TCGA-YL-A8SC,1,val
TCGA-YL-A8SF,1,val
TCGA-YL-A8SK,1,val
TCGA-YL-A8SR,1,val
TCGA-YU-A90P,1,val
TCGA-YZ-A982,1,val
TCGA-YZ-A983,1,val
TCGA-Z4-A9VC,1,val
TCGA-Z6-AAPN,1,val
TCGA-ZB-A96B,1,val
TCGA-ZB-A96G,1,val
TCGA-ZB-A96I,1,val
TCGA-ZB-A96M,1,val
TCGA-ZF-A9R3,1,val
TCGA-ZF-A9R5,1,val
TCGA-ZF-A9RG,1,val
TCGA-ZF-A9RN,1,val
TCGA-ZF-AA54,1,val
TCGA-ZF-AA5P,1,val
TCGA-ZM-AA06,1,val
TCGA-ZN-A9VU,1,val
TCGA-ZS-A9CD,1,val
TCGA-02-0016,2,train
TCGA-02-0026,2,train
TCGA-02-0033,2,train
TCGA-02-0038,2,train
TCGA-02-0070,2,train
TCGA-05-4245,2,train
TCGA-05-4249,2,train
TCGA-05-4250,2,train
TCGA-05-4382,2,train
TCGA-05-4395,2,train
TCGA-05-4396,2,train
TCGA-05-4397,2,train
TCGA-05-4398,2,train
TCGA-05-4402,2,train
TCGA-05-4403,2,train
TCGA-05-4405,2,train
TCGA-05-4415,2,train
TCGA-05-4417,2,train
TCGA-05-4418,2,train
TCGA-05-4422,2,train
TCGA-05-4426,2,train
TCGA-05-4427,2,train
TCGA-05-4430,2,train
TCGA-05-4434,2,train
TCGA-06-0122,2,train
TCGA-06-0124,2,train
TCGA-06-0125,2,train
TCGA-06-0126,2,train
TCGA-06-0128,2,train
TCGA-06-0129,2,train
TCGA-06-0130,2,train
TCGA-06-0139,2,train
TCGA-06-0141,2,train
TCGA-06-0145,2,train
TCGA-06-0152,2,train
TCGA-06-0154,2,train
TCGA-06-0156,2,train
TCGA-06-0157,2,train
TCGA-06-0158,2,train
TCGA-06-0166,2,train
TCGA-06-0168,2,train
TCGA-06-0169,2,train
TCGA-06-0171,2,train
TCGA-06-0174,2,train
TCGA-06-0178,2,train
TCGA-06-0192,2,train
TCGA-06-0197,2,train
TCGA-06-0208,2,train
TCGA-06-0210,2,train
TCGA-06-0214,2,train
TCGA-06-0221,2,train
TCGA-06-0238,2,train
TCGA-06-0241,2,train
TCGA-06-0644,2,train
TCGA-06-0645,2,train
TCGA-06-0646,2,train
TCGA-06-0649,2,train
TCGA-06-0686,2,train
TCGA-06-0743,2,train
TCGA-06-0744,2,train
TCGA-06-0747,2,train
TCGA-06-0749,2,train
TCGA-06-0875,2,train
TCGA-06-0876,2,train
TCGA-06-0877,2,train
TCGA-06-0878,2,train
TCGA-06-0879,2,train
TCGA-06-0881,2,train
TCGA-06-0882,2,train
TCGA-06-1084,2,train
TCGA-06-1086,2,train
TCGA-06-1087,2,train
TCGA-06-1800,2,train
TCGA-06-1801,2,train
TCGA-06-1802,2,train
TCGA-06-1805,2,train
TCGA-06-5408,2,train
TCGA-06-5411,2,train
TCGA-06-5412,2,train
TCGA-06-5413,2,train
TCGA-06-5415,2,train
TCGA-06-5416,2,train
TCGA-06-5417,2,train
TCGA-06-5418,2,train
TCGA-06-6388,2,train
TCGA-06-6389,2,train
TCGA-06-6390,2,train
TCGA-12-0616,2,train
TCGA-12-0692,2,train
TCGA-12-0820,2,train
TCGA-12-0821,2,train
TCGA-12-0827,2,train
TCGA-12-0829,2,train
TCGA-12-1088,2,train
TCGA-12-1089,2,train
TCGA-12-1093,2,train
TCGA-12-1095,2,train
TCGA-12-1598,2,train
TCGA-12-1600,2,train
TCGA-12-1602,2,train
TCGA-12-3646,2,train
TCGA-12-3649,2,train
TCGA-12-3652,2,train
TCGA-12-3653,2,train
TCGA-13-A5FT,2,train
TCGA-14-0786,2,train
TCGA-14-0787,2,train
TCGA-14-0789,2,train
TCGA-14-0813,2,train
TCGA-14-0871,2,train
TCGA-14-1034,2,train
TCGA-14-1037,2,train
TCGA-14-1396,2,train
TCGA-14-1401,2,train
TCGA-14-1455,2,train
TCGA-14-1458,2,train
TCGA-14-1794,2,train
TCGA-14-1795,2,train
TCGA-15-1446,2,train
TCGA-19-0955,2,train
TCGA-19-1390,2,train
TCGA-19-1787,2,train
TCGA-19-1788,2,train
TCGA-19-1791,2,train
TCGA-19-2621,2,train
TCGA-19-2624,2,train
TCGA-19-2625,2,train
TCGA-19-2631,2,train
TCGA-19-4065,2,train
TCGA-19-5950,2,train
TCGA-19-5952,2,train
TCGA-19-5953,2,train
TCGA-19-5954,2,train
TCGA-19-5955,2,train
TCGA-19-5956,2,train
TCGA-19-5959,2,train
TCGA-19-5960,2,train
TCGA-19-A60I,2,train
TCGA-19-A6J4,2,train
TCGA-19-A6J5,2,train
TCGA-21-1081,2,train
TCGA-21-1082,2,train
TCGA-21-5782,2,train
TCGA-21-5783,2,train
TCGA-21-5786,2,train
TCGA-21-5787,2,train
TCGA-21-A5DI,2,train
TCGA-23-1027,2,train
TCGA-23-1029,2,train
TCGA-23-1109,2,train
TCGA-23-1110,2,train
TCGA-23-1113,2,train
TCGA-23-1114,2,train
TCGA-23-1116,2,train
TCGA-23-1117,2,train
TCGA-23-1118,2,train
TCGA-23-1119,2,train
TCGA-23-1121,2,train
TCGA-23-1122,2,train
TCGA-23-2077,2,train
TCGA-23-2078,2,train
TCGA-23-2079,2,train
TCGA-23-2081,2,train
TCGA-25-1315,2,train
TCGA-25-1316,2,train
TCGA-25-1317,2,train
TCGA-25-1319,2,train
TCGA-25-1321,2,train
TCGA-25-1323,2,train
TCGA-25-1324,2,train
TCGA-25-1623,2,train
TCGA-25-1625,2,train
TCGA-25-1626,2,train
TCGA-25-1628,2,train
TCGA-25-1633,2,train
TCGA-25-1635,2,train
TCGA-25-1870,2,train
TCGA-25-1871,2,train
TCGA-25-1877,2,train
TCGA-25-2390,2,train
TCGA-25-2391,2,train
TCGA-25-2392,2,train
TCGA-25-2393,2,train
TCGA-25-2396,2,train
TCGA-25-2397,2,train
TCGA-25-2398,2,train
TCGA-25-2399,2,train
TCGA-25-2400,2,train
TCGA-25-2401,2,train
TCGA-25-2404,2,train
TCGA-25-2408,2,train
TCGA-26-1440,2,train
TCGA-26-1443,2,train
TCGA-26-1799,2,train
TCGA-26-5132,2,train
TCGA-26-5133,2,train
TCGA-26-5134,2,train
TCGA-26-5135,2,train
TCGA-26-5139,2,train
TCGA-26-6173,2,train
TCGA-26-6174,2,train
TCGA-26-A7UX,2,train
TCGA-27-1830,2,train
TCGA-27-1831,2,train
TCGA-27-1832,2,train
TCGA-27-1833,2,train
TCGA-27-1834,2,train
TCGA-27-1835,2,train
TCGA-27-1836,2,train
TCGA-27-1837,2,train
TCGA-27-2518,2,train
TCGA-27-2519,2,train
TCGA-27-2521,2,train
TCGA-27-2524,2,train
TCGA-27-2526,2,train
TCGA-27-2527,2,train
TCGA-27-2528,2,train
TCGA-28-1751,2,train
TCGA-28-1755,2,train
TCGA-28-1760,2,train
TCGA-2A-A8VL,2,train
TCGA-2A-A8VO,2,train
TCGA-2A-A8VT,2,train
TCGA-2A-A8VV,2,train
TCGA-2A-A8VX,2,train
TCGA-2A-A8W1,2,train
TCGA-2A-A8W3,2,train
TCGA-2A-AAYF,2,train
TCGA-2E-A9G8,2,train
TCGA-2F-A9KO,2,train
TCGA-2F-A9KP,2,train
TCGA-2F-A9KQ,2,train
TCGA-2F-A9KR,2,train
TCGA-2F-A9KW,2,train
TCGA-2G-AAEW,2,train
TCGA-2G-AAEX,2,train
TCGA-2G-AAF1,2,train
TCGA-2G-AAF4,2,train
TCGA-2G-AAF6,2,train
TCGA-2G-AAF8,2,train
TCGA-2G-AAFH,2,train
TCGA-2G-AAFJ,2,train
TCGA-2G-AAFL,2,train
TCGA-2G-AAFM,2,train
TCGA-2G-AAFN,2,train
TCGA-2G-AAFO,2,train
TCGA-2G-AAFY,2,train
TCGA-2G-AAFZ,2,train
TCGA-2G-AAG0,2,train
TCGA-2G-AAG3,2,train
TCGA-2G-AAG5,2,train
TCGA-2G-AAG7,2,train
TCGA-2G-AAG8,2,train
TCGA-2G-AAGA,2,train
TCGA-2G-AAGE,2,train
TCGA-2G-AAGF,2,train
TCGA-2G-AAGG,2,train
TCGA-2G-AAGI,2,train
TCGA-2G-AAGJ,2,train
TCGA-2G-AAGK,2,train
TCGA-2G-AAGM,2,train
TCGA-2G-AAGN,2,train
TCGA-2G-AAGO,2,train
TCGA-2G-AAGP,2,train
TCGA-2G-AAGS,2,train
TCGA-2G-AAGT,2,train
TCGA-2G-AAGV,2,train
TCGA-2G-AAGZ,2,train
TCGA-2G-AAH0,2,train
TCGA-2G-AAH2,2,train
TCGA-2G-AAH3,2,train
TCGA-2G-AAH8,2,train
TCGA-2G-AAHC,2,train
TCGA-2G-AAHG,2,train
TCGA-2G-AAHL,2,train
TCGA-2G-AAKD,2,train
TCGA-2G-AAKG,2,train
TCGA-2G-AAKH,2,train
TCGA-2G-AAKL,2,train
TCGA-2G-AAKM,2,train
TCGA-2G-AAKO,2,train
TCGA-2G-AAL5,2,train
TCGA-2G-AALF,2,train
TCGA-2G-AALG,2,train
TCGA-2G-AALN,2,train
TCGA-2G-AALO,2,train
TCGA-2G-AALP,2,train
TCGA-2G-AALQ,2,train
TCGA-2G-AALR,2,train
TCGA-2G-AALS,2,train
TCGA-2G-AALT,2,train
TCGA-2G-AALW,2,train
TCGA-2G-AALX,2,train
TCGA-2G-AALY,2,train
TCGA-2G-AALZ,2,train
TCGA-2G-AAM2,2,train
TCGA-2G-AAM3,2,train
TCGA-2G-AAM4,2,train
TCGA-2J-AAB1,2,train
TCGA-2J-AAB4,2,train
TCGA-2J-AAB6,2,train
TCGA-2J-AAB8,2,train
TCGA-2J-AAB9,2,train
TCGA-2J-AABA,2,train
TCGA-2J-AABF,2,train
TCGA-2J-AABH,2,train
TCGA-2J-AABI,2,train
TCGA-2J-AABK,2,train
TCGA-2J-AABO,2,train
TCGA-2J-AABP,2,train
TCGA-2J-AABR,2,train
TCGA-2J-AABT,2,train
TCGA-2J-AABU,2,train
TCGA-2J-AABV,2,train
TCGA-2K-A9WE,2,train
TCGA-2L-AAQA,2,train
TCGA-2L-AAQE,2,train
TCGA-2L-AAQI,2,train
TCGA-2L-AAQJ,2,train
TCGA-2L-AAQL,2,train
TCGA-2L-AAQM,2,train
TCGA-2X-A9D6,2,train
TCGA-2Y-A9GU,2,train
TCGA-2Y-A9GW,2,train
TCGA-2Y-A9GX,2,train
TCGA-2Y-A9GY,2,train
TCGA-2Y-A9GZ,2,train
TCGA-2Y-A9H0,2,train
TCGA-2Y-A9H2,2,train
TCGA-2Y-A9H3,2,train
TCGA-2Y-A9H4,2,train
TCGA-2Y-A9H6,2,train
TCGA-2Y-A9H7,2,train
TCGA-2Y-A9H8,2,train
TCGA-2Y-A9H9,2,train
TCGA-2Y-A9HA,2,train
TCGA-2Z-A9J1,2,train
TCGA-2Z-A9J3,2,train
TCGA-2Z-A9J5,2,train
TCGA-2Z-A9J6,2,train
TCGA-2Z-A9J7,2,train
TCGA-2Z-A9J8,2,train
TCGA-2Z-A9J9,2,train
TCGA-2Z-A9JD,2,train
TCGA-2Z-A9JE,2,train
TCGA-2Z-A9JJ,2,train
TCGA-2Z-A9JK,2,train
TCGA-2Z-A9JL,2,train
TCGA-2Z-A9JM,2,train
TCGA-2Z-A9JP,2,train
TCGA-2Z-A9JQ,2,train
TCGA-2Z-A9JR,2,train
TCGA-2Z-A9JS,2,train
TCGA-2Z-A9JT,2,train
TCGA-33-A4WN,2,train
TCGA-33-A5GW,2,train
TCGA-34-5232,2,train
TCGA-34-5240,2,train
TCGA-34-5241,2,train
TCGA-34-5928,2,train
TCGA-34-7107,2,train
TCGA-34-8454,2,train
TCGA-34-A5IX,2,train
TCGA-35-3615,2,train
TCGA-35-4122,2,train
TCGA-35-4123,2,train
TCGA-35-5375,2,train
TCGA-37-3783,2,train
TCGA-37-3789,2,train
TCGA-37-3792,2,train
TCGA-37-4129,2,train
TCGA-37-4130,2,train
TCGA-37-4132,2,train
TCGA-37-4133,2,train
TCGA-37-4135,2,train
TCGA-37-4141,2,train
TCGA-37-5819,2,train
TCGA-37-A5EL,2,train
TCGA-37-A5EM,2,train
TCGA-37-A5EN,2,train
TCGA-38-6178,2,train
TCGA-38-7271,2,train
TCGA-38-A44F,2,train
TCGA-3A-A9I5,2,train
TCGA-3A-A9I7,2,train
TCGA-3A-A9IB,2,train
TCGA-3A-A9IC,2,train
TCGA-3A-A9IH,2,train
TCGA-3A-A9IJ,2,train
TCGA-3A-A9IL,2,train
TCGA-3A-A9IN,2,train
TCGA-3A-A9IR,2,train
TCGA-3A-A9IS,2,train
TCGA-3A-A9IV,2,train
TCGA-3A-A9IX,2,train
TCGA-3A-A9IZ,2,train
TCGA-3B-A9HI,2,train
TCGA-3B-A9HJ,2,train
TCGA-3B-A9HL,2,train
TCGA-3B-A9HO,2,train
TCGA-3B-A9HQ,2,train
TCGA-3B-A9HR,2,train
TCGA-3B-A9HS,2,train
TCGA-3B-A9HT,2,train
TCGA-3B-A9HV,2,train
TCGA-3B-A9HX,2,train
TCGA-3B-A9HY,2,train
TCGA-3B-A9HZ,2,train
TCGA-3B-A9I0,2,train
TCGA-3B-A9I1,2,train
TCGA-3B-A9I3,2,train
TCGA-3C-AALI,2,train
TCGA-3C-AALJ,2,train
TCGA-3C-AALK,2,train
TCGA-3E-AAAY,2,train
TCGA-3E-AAAZ,2,train
TCGA-3H-AB3L,2,train
TCGA-3H-AB3M,2,train
TCGA-3H-AB3O,2,train
TCGA-3H-AB3S,2,train
TCGA-3H-AB3U,2,train
TCGA-3L-AA1B,2,train
TCGA-3M-AB46,2,train
TCGA-3M-AB47,2,train
TCGA-3Q-A9WF,2,train
TCGA-3R-A8YX,2,train
TCGA-3S-AAYX,2,train
TCGA-3T-AA9L,2,train
TCGA-3U-A98D,2,train
TCGA-3U-A98G,2,train
TCGA-3U-A98H,2,train
TCGA-3U-A98I,2,train
TCGA-41-2571,2,train
TCGA-41-2572,2,train
TCGA-41-2573,2,train
TCGA-41-2575,2,train
TCGA-41-3392,2,train
TCGA-41-3393,2,train
TCGA-41-3915,2,train
TCGA-41-4097,2,train
TCGA-41-5651,2,train
TCGA-42-2582,2,train
TCGA-42-2587,2,train
TCGA-42-2589,2,train
TCGA-42-2591,2,train
TCGA-43-3394,2,train
TCGA-43-3920,2,train
TCGA-43-5668,2,train
TCGA-43-5670,2,train
TCGA-43-6647,2,train
TCGA-43-6770,2,train
TCGA-43-6771,2,train
TCGA-43-6773,2,train
TCGA-43-7656,2,train
TCGA-43-7657,2,train
TCGA-43-7658,2,train
TCGA-43-8115,2,train
TCGA-43-A56V,2,train
TCGA-44-2655,2,train
TCGA-44-2661,2,train
TCGA-44-2665,2,train
TCGA-44-3396,2,train
TCGA-44-3398,2,train
TCGA-44-3919,2,train
TCGA-44-5643,2,train
TCGA-44-6144,2,train
TCGA-44-6145,2,train
TCGA-44-6146,2,train
TCGA-44-6148,2,train
TCGA-44-6774,2,train
TCGA-44-6776,2,train
TCGA-44-6777,2,train
TCGA-44-6778,2,train
TCGA-44-7659,2,train
TCGA-44-7660,2,train
TCGA-44-7662,2,train
TCGA-44-7669,2,train
TCGA-44-A4SS,2,train
TCGA-46-3766,2,train
TCGA-46-3767,2,train
TCGA-46-3768,2,train
TCGA-46-6026,2,train
TCGA-49-4507,2,train
TCGA-49-6743,2,train
TCGA-4A-A93X,2,train
TCGA-4A-A93Y,2,train
TCGA-4B-A93V,2,train
TCGA-4C-A93U,2,train
TCGA-4E-A92E,2,train
TCGA-4H-AAAK,2,train
TCGA-4J-AA1J,2,train
TCGA-4K-AA1H,2,train
TCGA-4K-AAAL,2,train
TCGA-4L-AA1F,2,train
TCGA-4N-A93T,2,train
TCGA-4R-AA8I,2,train
TCGA-4V-A9QI,2,train
TCGA-4V-A9QJ,2,train
TCGA-4V-A9QM,2,train
TCGA-4V-A9QN,2,train
TCGA-4V-A9QQ,2,train
TCGA-4V-A9QR,2,train
TCGA-4V-A9QU,2,train
TCGA-4V-A9QX,2,train
TCGA-4W-AA9R,2,train
TCGA-4W-AA9S,2,train
TCGA-4W-AA9T,2,train
TCGA-4X-A9F9,2,train
TCGA-4X-A9FB,2,train
TCGA-4X-A9FC,2,train
TCGA-4X-A9FD,2,train
TCGA-4Z-AA7M,2,train
TCGA-4Z-AA7O,2,train
TCGA-4Z-AA7Q,2,train
TCGA-4Z-AA7R,2,train
TCGA-4Z-AA7S,2,train
TCGA-4Z-AA7W,2,train
TCGA-4Z-AA7Y,2,train
TCGA-4Z-AA80,2,train
TCGA-4Z-AA81,2,train
TCGA-4Z-AA82,2,train
TCGA-4Z-AA86,2,train
TCGA-4Z-AA89,2,train
TCGA-50-5044,2,train
TCGA-50-5045,2,train
TCGA-50-5066,2,train
TCGA-50-5068,2,train
TCGA-50-5931,2,train
TCGA-50-5939,2,train
TCGA-50-5946,2,train
TCGA-50-6590,2,train
TCGA-52-7622,2,train
TCGA-52-7810,2,train
TCGA-52-7811,2,train
TCGA-52-7812,2,train
TCGA-53-7624,2,train
TCGA-53-7626,2,train
TCGA-55-5899,2,train
TCGA-55-6543,2,train
TCGA-55-6712,2,train
TCGA-55-6969,2,train
TCGA-55-6979,2,train
TCGA-55-6987,2,train
TCGA-55-7281,2,train
TCGA-55-7284,2,train
TCGA-55-7570,2,train
TCGA-55-7573,2,train
TCGA-55-7574,2,train
TCGA-55-7576,2,train
TCGA-55-7724,2,train
TCGA-55-8090,2,train
TCGA-55-8091,2,train
TCGA-55-8204,2,train
TCGA-55-8208,2,train
TCGA-55-8301,2,train
TCGA-55-8505,2,train
TCGA-55-8507,2,train
TCGA-55-8510,2,train
TCGA-55-8614,2,train
TCGA-55-8616,2,train
TCGA-55-8619,2,train
TCGA-55-A48Y,2,train
TCGA-55-A492,2,train
TCGA-55-A493,2,train
TCGA-55-A4DF,2,train
TCGA-56-5897,2,train
TCGA-56-5898,2,train
TCGA-56-6546,2,train
TCGA-56-7221,2,train
TCGA-56-7222,2,train
TCGA-56-7223,2,train
TCGA-56-7579,2,train
TCGA-56-7580,2,train
TCGA-56-7582,2,train
TCGA-56-7731,2,train
TCGA-56-7822,2,train
TCGA-56-7823,2,train
TCGA-56-8083,2,train
TCGA-56-8201,2,train
TCGA-56-8304,2,train
TCGA-56-8307,2,train
TCGA-56-8308,2,train
TCGA-56-8309,2,train
TCGA-56-8504,2,train
TCGA-56-8622,2,train
TCGA-56-8623,2,train
TCGA-56-8625,2,train
TCGA-56-8626,2,train
TCGA-56-8628,2,train
TCGA-56-8629,2,train
TCGA-56-A49D,2,train
TCGA-56-A4ZJ,2,train
TCGA-56-A5DS,2,train
TCGA-58-A46J,2,train
TCGA-58-A46K,2,train
TCGA-58-A46L,2,train
TCGA-58-A46M,2,train
TCGA-5C-A9VG,2,train
TCGA-5C-AAPD,2,train
TCGA-5G-A9ZZ,2,train
TCGA-5K-AAAP,2,train
TCGA-5L-AAT1,2,train
TCGA-5M-AAT6,2,train
TCGA-5N-A9KI,2,train
TCGA-5P-A9JU,2,train
TCGA-5P-A9JW,2,train
TCGA-5P-A9JZ,2,train
TCGA-5P-A9K0,2,train
TCGA-5P-A9K2,2,train
TCGA-5P-A9K3,2,train
TCGA-5P-A9K4,2,train
TCGA-5P-A9K6,2,train
TCGA-5P-A9K8,2,train
TCGA-5P-A9KC,2,train
TCGA-5P-A9KE,2,train
TCGA-5P-A9KF,2,train
TCGA-5P-A9KH,2,train
TCGA-5R-AA1D,2,train
TCGA-5R-AAAM,2,train
TCGA-5S-A9Q8,2,train
TCGA-5T-A9QA,2,train
TCGA-5U-AB0D,2,train
TCGA-5U-AB0E,2,train
TCGA-5U-AB0F,2,train
TCGA-5X-AA5U,2,train
TCGA-62-A46O,2,train
TCGA-62-A470,2,train
TCGA-63-5128,2,train
TCGA-63-5131,2,train
TCGA-63-6202,2,train
TCGA-63-7020,2,train
TCGA-63-7021,2,train
TCGA-63-7022,2,train
TCGA-63-7023,2,train
TCGA-63-A5M9,2,train
TCGA-63-A5MB,2,train
TCGA-63-A5MG,2,train
TCGA-63-A5MR,2,train
TCGA-63-A5MT,2,train
TCGA-63-A5MU,2,train
TCGA-63-A5MV,2,train
TCGA-63-A5MW,2,train
TCGA-63-A5MY,2,train
TCGA-64-1678,2,train
TCGA-64-1679,2,train
TCGA-64-5774,2,train
TCGA-64-5775,2,train
TCGA-64-5778,2,train
TCGA-64-5779,2,train
TCGA-64-5815,2,train
TCGA-67-6215,2,train
TCGA-67-6216,2,train
TCGA-67-6217,2,train
TCGA-68-7757,2,train
TCGA-69-7979,2,train
TCGA-69-8255,2,train
TCGA-69-8453,2,train
TCGA-6A-AB49,2,train
TCGA-6D-AA2E,2,train
TCGA-70-6722,2,train
TCGA-71-6725,2,train
TCGA-73-7499,2,train
TCGA-73-A9RS,2,train
TCGA-75-5122,2,train
TCGA-75-5126,2,train
TCGA-75-5147,2,train
TCGA-75-6203,2,train
TCGA-75-6205,2,train
TCGA-75-6206,2,train
TCGA-75-6212,2,train
TCGA-75-6214,2,train
TCGA-75-7030,2,train
TCGA-75-7031,2,train
TCGA-77-6842,2,train
TCGA-77-6843,2,train
TCGA-77-6845,2,train
TCGA-77-7138,2,train
TCGA-77-7139,2,train
TCGA-77-7140,2,train
TCGA-77-7142,2,train
TCGA-77-7465,2,train
TCGA-77-8128,2,train
TCGA-77-8131,2,train
TCGA-77-8133,2,train
TCGA-77-8138,2,train
TCGA-77-8139,2,train
TCGA-77-8140,2,train
TCGA-77-8143,2,train
TCGA-77-8144,2,train
TCGA-77-8145,2,train
TCGA-77-8146,2,train
TCGA-77-8148,2,train
TCGA-77-8154,2,train
TCGA-77-A5FZ,2,train
TCGA-77-A5G1,2,train
TCGA-77-A5G3,2,train
TCGA-77-A5G6,2,train
TCGA-77-A5G8,2,train
TCGA-77-A5GB,2,train
TCGA-77-A5GF,2,train
TCGA-77-A5GH,2,train
TCGA-78-7146,2,train
TCGA-78-7148,2,train
TCGA-78-7155,2,train
TCGA-78-7156,2,train
TCGA-78-7159,2,train
TCGA-78-7161,2,train
TCGA-78-7535,2,train
TCGA-78-7536,2,train
TCGA-78-8640,2,train
TCGA-79-5596,2,train
TCGA-80-5608,2,train
TCGA-81-5911,2,train
TCGA-83-5908,2,train
TCGA-85-6560,2,train
TCGA-85-6798,2,train
TCGA-85-7697,2,train
TCGA-85-7698,2,train
TCGA-85-7699,2,train
TCGA-85-7710,2,train
TCGA-85-7843,2,train
TCGA-85-7950,2,train
TCGA-85-8048,2,train
TCGA-85-8049,2,train
TCGA-85-8052,2,train
TCGA-85-8070,2,train
TCGA-85-8071,2,train
TCGA-85-8277,2,train
TCGA-85-8287,2,train
TCGA-85-8288,2,train
TCGA-85-8350,2,train
TCGA-85-8351,2,train
TCGA-85-8352,2,train
TCGA-85-8353,2,train
TCGA-85-8354,2,train
TCGA-85-8355,2,train
TCGA-85-8481,2,train
TCGA-85-8580,2,train
TCGA-85-8582,2,train
TCGA-85-8584,2,train
TCGA-85-8664,2,train
TCGA-85-8666,2,train
TCGA-85-A4CL,2,train
TCGA-85-A4CN,2,train
TCGA-85-A4JB,2,train
TCGA-85-A4QQ,2,train
TCGA-85-A50Z,2,train
TCGA-85-A510,2,train
TCGA-85-A511,2,train
TCGA-85-A512,2,train
TCGA-85-A513,2,train
TCGA-85-A53L,2,train
TCGA-85-A5B5,2,train
TCGA-86-6562,2,train
TCGA-86-7701,2,train
TCGA-86-7711,2,train
TCGA-86-7953,2,train
TCGA-86-7955,2,train
TCGA-86-8055,2,train
TCGA-86-8076,2,train
TCGA-86-8358,2,train
TCGA-86-8671,2,train
TCGA-86-8672,2,train
TCGA-86-8674,2,train
TCGA-86-A456,2,train
TCGA-86-A4D0,2,train
TCGA-86-A4JF,2,train
TCGA-86-A4P7,2,train
TCGA-86-A4P8,2,train
TCGA-87-5896,2,train
TCGA-90-A4EE,2,train
TCGA-90-A59Q,2,train
TCGA-91-A4BC,2,train
TCGA-91-A4BD,2,train
TCGA-92-7341,2,train
TCGA-92-8063,2,train
TCGA-92-8065,2,train
TCGA-93-A4JO,2,train
TCGA-93-A4JQ,2,train
TCGA-94-7033,2,train
TCGA-94-7557,2,train
TCGA-94-7943,2,train
TCGA-94-8035,2,train
TCGA-94-8490,2,train
TCGA-94-8491,2,train
TCGA-94-A5I4,2,train
TCGA-95-7039,2,train
TCGA-95-7948,2,train
TCGA-95-A4VP,2,train
TCGA-96-7544,2,train
TCGA-96-8169,2,train
TCGA-96-8170,2,train
TCGA-96-A4JK,2,train
TCGA-97-7552,2,train
TCGA-97-8172,2,train
TCGA-97-8179,2,train
TCGA-97-A4LX,2,train
TCGA-97-A4M3,2,train
TCGA-98-7454,2,train
TCGA-98-8020,2,train
TCGA-98-8021,2,train
TCGA-98-A538,2,train
TCGA-98-A53A,2,train
TCGA-98-A53H,2,train
TCGA-98-A53I,2,train
TCGA-98-A53J,2,train
TCGA-A1-A0SB,2,train
TCGA-A1-A0SD,2,train
TCGA-A1-A0SE,2,train
TCGA-A1-A0SF,2,train
TCGA-A1-A0SI,2,train
TCGA-A1-A0SK,2,train
TCGA-A1-A0SN,2,train
TCGA-A1-A0SP,2,train
TCGA-A1-A0SQ,2,train
TCGA-A2-A04N,2,train
TCGA-A2-A04P,2,train
TCGA-A2-A04T,2,train
TCGA-A2-A04U,2,train
TCGA-A2-A04V,2,train
TCGA-A2-A04W,2,train
TCGA-A2-A04X,2,train
TCGA-A2-A04Y,2,train
TCGA-A2-A0CK,2,train
TCGA-A2-A0CL,2,train
TCGA-A2-A0CM,2,train
TCGA-A2-A0CO,2,train
TCGA-A2-A0CQ,2,train
TCGA-A2-A0CT,2,train
TCGA-A2-A0CU,2,train
TCGA-A2-A0CV,2,train
TCGA-A2-A0CW,2,train
TCGA-A2-A0CX,2,train
TCGA-A2-A0CZ,2,train
TCGA-A2-A0D0,2,train
TCGA-A2-A0D3,2,train
TCGA-A2-A0EM,2,train
TCGA-A2-A0EN,2,train
TCGA-A2-A0EP,2,train
TCGA-A2-A0EQ,2,train
TCGA-A2-A0ER,2,train
TCGA-A2-A0EU,2,train
TCGA-A2-A0EV,2,train
TCGA-A2-A0EW,2,train
TCGA-A2-A0ST,2,train
TCGA-A2-A0SU,2,train
TCGA-A2-A0SV,2,train
TCGA-A2-A0SW,2,train
TCGA-A2-A0SY,2,train
TCGA-A2-A0T1,2,train
TCGA-A2-A0T2,2,train
TCGA-A2-A0T6,2,train
TCGA-A2-A0T7,2,train
TCGA-A2-A0YE,2,train
TCGA-A2-A0YG,2,train
TCGA-A2-A0YH,2,train
TCGA-A2-A0YJ,2,train
TCGA-A2-A0YK,2,train
TCGA-A2-A0YM,2,train
TCGA-A2-A0YT,2,train
TCGA-A2-A1FV,2,train
TCGA-A2-A1FW,2,train
TCGA-A2-A1FX,2,train
TCGA-A2-A1FZ,2,train
TCGA-A2-A1G0,2,train
TCGA-A2-A1G6,2,train
TCGA-A2-A259,2,train
TCGA-A2-A25C,2,train
TCGA-A2-A25D,2,train
TCGA-A2-A25E,2,train
TCGA-A2-A3KC,2,train
TCGA-A2-A3KD,2,train
TCGA-A2-A3XS,2,train
TCGA-A2-A3XT,2,train
TCGA-A2-A3XU,2,train
TCGA-A2-A3XV,2,train
TCGA-A2-A3XW,2,train
TCGA-A2-A3XY,2,train
TCGA-A2-A3XZ,2,train
TCGA-A2-A4RW,2,train
TCGA-A2-A4RX,2,train
TCGA-A2-A4S1,2,train
TCGA-A2-A4S3,2,train
TCGA-A3-3306,2,train
TCGA-A3-3307,2,train
TCGA-A3-3311,2,train
TCGA-A3-3313,2,train
TCGA-A3-3317,2,train
TCGA-A3-3320,2,train
TCGA-A3-3322,2,train
TCGA-A3-3323,2,train
TCGA-A3-3325,2,train
TCGA-A3-3326,2,train
TCGA-A3-3328,2,train
TCGA-A3-3331,2,train
TCGA-A3-3336,2,train
TCGA-A3-3343,2,train
TCGA-A3-3346,2,train
TCGA-A3-3347,2,train
TCGA-A3-3349,2,train
TCGA-A3-3351,2,train
TCGA-A3-3352,2,train
TCGA-A3-3358,2,train
TCGA-A3-3359,2,train
TCGA-A3-3362,2,train
TCGA-A3-3365,2,train
TCGA-A3-3367,2,train
TCGA-A3-3373,2,train
TCGA-A3-3374,2,train
TCGA-A3-3376,2,train
TCGA-A3-3378,2,train
TCGA-A3-3380,2,train
TCGA-A3-3385,2,train
TCGA-A3-A6NI,2,train
TCGA-A3-A6NJ,2,train
TCGA-A3-A6NN,2,train
TCGA-A3-A8OU,2,train
TCGA-A3-A8OV,2,train
TCGA-A3-A8OW,2,train
TCGA-A4-7286,2,train
TCGA-A4-7287,2,train
TCGA-A4-7583,2,train
TCGA-A4-7732,2,train
TCGA-A4-7734,2,train
TCGA-A4-7828,2,train
TCGA-A4-7915,2,train
TCGA-A4-7996,2,train
TCGA-A4-7997,2,train
TCGA-A4-8098,2,train
TCGA-A4-8310,2,train
TCGA-A4-8311,2,train
TCGA-A4-A4ZT,2,train
TCGA-A4-A5DU,2,train
TCGA-A4-A5XZ,2,train
TCGA-A4-A6HP,2,train
TCGA-A4-A772,2,train
TCGA-A4-A7UZ,2,train
TCGA-A5-A0G1,2,train
TCGA-A5-A0G2,2,train
TCGA-A5-A0G3,2,train
TCGA-A5-A0G5,2,train
TCGA-A5-A0GA,2,train
TCGA-A5-A0GD,2,train
TCGA-A5-A0GH,2,train
TCGA-A5-A0GI,2,train
TCGA-A5-A0GJ,2,train
TCGA-A5-A0GM,2,train
TCGA-A5-A0GN,2,train
TCGA-A5-A0GQ,2,train
TCGA-A5-A0GR,2,train
TCGA-A5-A0GU,2,train
TCGA-A5-A0GV,2,train
TCGA-A5-A0GW,2,train
TCGA-A5-A0R6,2,train
TCGA-A5-A0R8,2,train
TCGA-A5-A0R9,2,train
TCGA-A5-A0VQ,2,train
TCGA-A5-A1OF,2,train
TCGA-A5-A1OG,2,train
TCGA-A5-A1OH,2,train
TCGA-A5-A1OJ,2,train
TCGA-A5-A1OK,2,train
TCGA-A5-A2K3,2,train
TCGA-A5-A2K4,2,train
TCGA-A5-A2K5,2,train
TCGA-A5-A2K7,2,train
TCGA-A5-A3LP,2,train
TCGA-A5-A7WJ,2,train
TCGA-A5-A7WK,2,train
TCGA-A6-2674,2,train
TCGA-A6-2675,2,train
TCGA-A6-2680,2,train
TCGA-A6-2681,2,train
TCGA-A6-2682,2,train
TCGA-A6-2683,2,train
TCGA-A6-2685,2,train
TCGA-A6-2686,2,train
TCGA-A6-4105,2,train
TCGA-A6-4107,2,train
TCGA-A6-5661,2,train
TCGA-A6-5664,2,train
TCGA-A6-5665,2,train
TCGA-A6-5666,2,train
TCGA-A6-6137,2,train
TCGA-A6-6138,2,train
TCGA-A6-6140,2,train
TCGA-A6-6141,2,train
TCGA-A6-6648,2,train
TCGA-A6-6649,2,train
TCGA-A6-6652,2,train
TCGA-A6-6654,2,train
TCGA-A6-A565,2,train
TCGA-A6-A566,2,train
TCGA-A6-A567,2,train
TCGA-A7-A0CH,2,train
TCGA-A7-A0CJ,2,train
TCGA-A7-A0D9,2,train
TCGA-A7-A0DA,2,train
TCGA-A7-A0DB,2,train
TCGA-A7-A13D,2,train
TCGA-A7-A13E,2,train
TCGA-A7-A13F,2,train
TCGA-A7-A13G,2,train
TCGA-A7-A26E,2,train
TCGA-A7-A26F,2,train
TCGA-A7-A26G,2,train
TCGA-A7-A26H,2,train
TCGA-A7-A26I,2,train
TCGA-A7-A2KD,2,train
TCGA-A7-A3IZ,2,train
TCGA-A7-A3J0,2,train
TCGA-A7-A3J1,2,train
TCGA-A7-A425,2,train
TCGA-A7-A4SB,2,train
TCGA-A7-A4SD,2,train
TCGA-A7-A4SE,2,train
TCGA-A7-A5ZV,2,train
TCGA-A7-A5ZW,2,train
TCGA-A7-A5ZX,2,train
TCGA-A7-A6VV,2,train
TCGA-A7-A6VW,2,train
TCGA-A7-A6VY,2,train
TCGA-A8-A06N,2,train
TCGA-A8-A06O,2,train
TCGA-A8-A06P,2,train
TCGA-A8-A06R,2,train
TCGA-A8-A06T,2,train
TCGA-A8-A06U,2,train
TCGA-A8-A06X,2,train
TCGA-A8-A06Z,2,train
TCGA-A8-A076,2,train
TCGA-A8-A079,2,train
TCGA-A8-A07B,2,train
TCGA-A8-A07E,2,train
TCGA-A8-A07F,2,train
TCGA-A8-A07I,2,train
TCGA-A8-A07J,2,train
TCGA-A8-A07L,2,train
TCGA-A8-A07O,2,train
TCGA-A8-A07P,2,train
TCGA-A8-A07S,2,train
TCGA-A8-A07U,2,train
TCGA-A8-A07W,2,train
TCGA-A8-A07Z,2,train
TCGA-A8-A081,2,train
TCGA-A8-A082,2,train
TCGA-A8-A083,2,train
TCGA-A8-A084,2,train
TCGA-A8-A086,2,train
TCGA-A8-A08B,2,train
TCGA-A8-A08C,2,train
TCGA-A8-A08F,2,train
TCGA-A8-A08G,2,train
TCGA-A8-A08I,2,train
TCGA-A8-A08L,2,train
TCGA-A8-A08O,2,train
TCGA-A8-A08P,2,train
TCGA-A8-A08S,2,train
TCGA-A8-A08T,2,train
TCGA-A8-A08X,2,train
TCGA-A8-A08Z,2,train
TCGA-A8-A092,2,train
TCGA-A8-A093,2,train
TCGA-A8-A094,2,train
TCGA-A8-A095,2,train
TCGA-A8-A096,2,train
TCGA-A8-A097,2,train
TCGA-A8-A099,2,train
TCGA-A8-A09B,2,train
TCGA-A8-A09E,2,train
TCGA-A8-A09G,2,train
TCGA-A8-A09I,2,train
TCGA-A8-A09K,2,train
TCGA-A8-A09N,2,train
TCGA-A8-A09R,2,train
TCGA-A8-A09T,2,train
TCGA-A8-A09V,2,train
TCGA-A8-A09X,2,train
TCGA-A8-A09Z,2,train
TCGA-A8-A0A1,2,train
TCGA-A8-A0A2,2,train
TCGA-A8-A0A7,2,train
TCGA-A8-A0A9,2,train
TCGA-A8-A0AB,2,train
TCGA-AA-3514,2,train
TCGA-AA-3532,2,train
TCGA-AA-3548,2,train
TCGA-AA-3549,2,train
TCGA-AA-3553,2,train
TCGA-AA-3555,2,train
TCGA-AA-3558,2,train
TCGA-AA-3664,2,train
TCGA-AA-3667,2,train
TCGA-AA-3678,2,train
TCGA-AA-3679,2,train
TCGA-AA-3681,2,train
TCGA-AA-3688,2,train
TCGA-AA-3692,2,train
TCGA-AA-3693,2,train
TCGA-AA-3695,2,train
TCGA-AA-3715,2,train
TCGA-AA-3811,2,train
TCGA-AA-3812,2,train
TCGA-AA-3814,2,train
TCGA-AA-3815,2,train
TCGA-AA-3831,2,train
TCGA-AA-3837,2,train
TCGA-AA-3841,2,train
TCGA-AA-3842,2,train
TCGA-AA-3845,2,train
TCGA-AA-3846,2,train
TCGA-AA-3848,2,train
TCGA-AA-3851,2,train
TCGA-AA-3852,2,train
TCGA-AA-3855,2,train
TCGA-AA-3858,2,train
TCGA-AA-3861,2,train
TCGA-AA-3862,2,train
TCGA-AA-3864,2,train
TCGA-AA-3866,2,train
TCGA-AA-3867,2,train
TCGA-AA-3875,2,train
TCGA-AA-3939,2,train
TCGA-AA-3941,2,train
TCGA-AA-3947,2,train
TCGA-AA-3949,2,train
TCGA-AA-3952,2,train
TCGA-AA-3968,2,train
TCGA-AA-3970,2,train
TCGA-AA-3971,2,train
TCGA-AA-3975,2,train
TCGA-AA-3976,2,train
TCGA-AA-3977,2,train
TCGA-AA-3980,2,train
TCGA-AA-3982,2,train
TCGA-AA-3984,2,train
TCGA-AA-3986,2,train
TCGA-AA-3989,2,train
TCGA-AA-A004,2,train
TCGA-AA-A00E,2,train
TCGA-AA-A00L,2,train
TCGA-AA-A00O,2,train
TCGA-AA-A00Q,2,train
TCGA-AA-A00U,2,train
TCGA-AA-A00W,2,train
TCGA-AA-A010,2,train
TCGA-AA-A01C,2,train
TCGA-AA-A01I,2,train
TCGA-AA-A01S,2,train
TCGA-AA-A01T,2,train
TCGA-AA-A01V,2,train
TCGA-AA-A01X,2,train
TCGA-AA-A01Z,2,train
TCGA-AA-A024,2,train
TCGA-AA-A02R,2,train
TCGA-AA-A02Y,2,train
TCGA-AC-A23C,2,train
TCGA-AC-A23E,2,train
TCGA-AC-A2QH,2,train
TCGA-AC-A3BB,2,train
TCGA-AC-A3HN,2,train
TCGA-AC-A3QP,2,train
TCGA-AC-A3TM,2,train
TCGA-AC-A3TN,2,train
TCGA-AC-A3W5,2,train
TCGA-AC-A3YI,2,train
TCGA-AC-A3YJ,2,train
TCGA-AC-A4ZE,2,train
TCGA-AC-A5EH,2,train
TCGA-AC-A5EI,2,train
TCGA-AC-A5XS,2,train
TCGA-AC-A62X,2,train
TCGA-AC-A62Y,2,train
TCGA-AC-A6IV,2,train
TCGA-AC-A8OQ,2,train
TCGA-AC-A8OR,2,train
TCGA-AD-5900,2,train
TCGA-AD-6548,2,train
TCGA-AD-6888,2,train
TCGA-AD-6889,2,train
TCGA-AD-6890,2,train
TCGA-AD-6895,2,train
TCGA-AD-6899,2,train
TCGA-AD-6901,2,train
TCGA-AD-A5EK,2,train
TCGA-AF-2687,2,train
TCGA-AF-2691,2,train
TCGA-AF-3400,2,train
TCGA-AF-3911,2,train
TCGA-AF-3914,2,train
TCGA-AF-4110,2,train
TCGA-AF-5654,2,train
TCGA-AF-6672,2,train
TCGA-AF-A56K,2,train
TCGA-AF-A56N,2,train
TCGA-AG-3574,2,train
TCGA-AG-3575,2,train
TCGA-AG-3578,2,train
TCGA-AG-3582,2,train
TCGA-AG-3583,2,train
TCGA-AG-3586,2,train
TCGA-AG-3587,2,train
TCGA-AG-3593,2,train
TCGA-AG-3594,2,train
TCGA-AG-3599,2,train
TCGA-AG-3600,2,train
TCGA-AG-3601,2,train
TCGA-AG-3605,2,train
TCGA-AG-3608,2,train
TCGA-AG-3609,2,train
TCGA-AG-3726,2,train
TCGA-AG-3728,2,train
TCGA-AG-3878,2,train
TCGA-AG-3881,2,train
TCGA-AG-3882,2,train
TCGA-AG-3885,2,train
TCGA-AG-3887,2,train
TCGA-AG-3890,2,train
TCGA-AG-3892,2,train
TCGA-AG-3893,2,train
TCGA-AG-3894,2,train
TCGA-AG-3896,2,train
TCGA-AG-3898,2,train
TCGA-AG-3901,2,train
TCGA-AG-3902,2,train
TCGA-AG-3906,2,train
TCGA-AG-3999,2,train
TCGA-AG-4001,2,train
TCGA-AG-4005,2,train
TCGA-AG-4007,2,train
TCGA-AG-4015,2,train
TCGA-AG-4021,2,train
TCGA-AG-4022,2,train
TCGA-AG-A011,2,train
TCGA-AG-A01N,2,train
TCGA-AG-A023,2,train
TCGA-AH-6549,2,train
TCGA-AH-6644,2,train
TCGA-AH-6903,2,train
TCGA-AJ-A23M,2,train
TCGA-AJ-A23N,2,train
TCGA-AJ-A2QL,2,train
TCGA-AJ-A2QM,2,train
TCGA-AJ-A2QN,2,train
TCGA-AJ-A3BH,2,train
TCGA-AJ-A3BI,2,train
TCGA-AJ-A3EK,2,train
TCGA-AJ-A3I9,2,train
TCGA-AJ-A3IA,2,train
TCGA-AJ-A3NE,2,train
TCGA-AJ-A3NG,2,train
TCGA-AJ-A3NH,2,train
TCGA-AJ-A3OJ,2,train
TCGA-AJ-A3OL,2,train
TCGA-AJ-A3TW,2,train
TCGA-AJ-A6NU,2,train
TCGA-AJ-A8CT,2,train
TCGA-AJ-A8CV,2,train
TCGA-AJ-A8CW,2,train
TCGA-AK-3425,2,train
TCGA-AK-3429,2,train
TCGA-AK-3430,2,train
TCGA-AK-3433,2,train
TCGA-AK-3434,2,train
TCGA-AK-3436,2,train
TCGA-AK-3443,2,train
TCGA-AK-3444,2,train
TCGA-AK-3445,2,train
TCGA-AK-3450,2,train
TCGA-AK-3451,2,train
TCGA-AK-3453,2,train
TCGA-AK-3454,2,train
TCGA-AK-3460,2,train
TCGA-AK-3461,2,train
TCGA-AL-3466,2,train
TCGA-AL-3467,2,train
TCGA-AL-3472,2,train
TCGA-AL-3473,2,train
TCGA-AL-A5DJ,2,train
TCGA-AN-A03Y,2,train
TCGA-AN-A041,2,train
TCGA-AN-A046,2,train
TCGA-AN-A0AM,2,train
TCGA-AN-A0AR,2,train
TCGA-AN-A0AS,2,train
TCGA-AN-A0AT,2,train
TCGA-AN-A0FD,2,train
TCGA-AN-A0FF,2,train
TCGA-AN-A0FJ,2,train
TCGA-AN-A0FK,2,train
TCGA-AN-A0FL,2,train
TCGA-AN-A0FN,2,train
TCGA-AN-A0FS,2,train
TCGA-AN-A0FV,2,train
TCGA-AN-A0FZ,2,train
TCGA-AN-A0XL,2,train
TCGA-AN-A0XN,2,train
TCGA-AN-A0XO,2,train
TCGA-AN-A0XS,2,train
TCGA-AN-A0XT,2,train
TCGA-AN-A0XU,2,train
TCGA-AN-A0XW,2,train
TCGA-AO-A03N,2,train
TCGA-AO-A03O,2,train
TCGA-AO-A03P,2,train
TCGA-AO-A03R,2,train
TCGA-AO-A03T,2,train
TCGA-AO-A03U,2,train
TCGA-AO-A0J3,2,train
TCGA-AO-A0J4,2,train
TCGA-AO-A0J5,2,train
TCGA-AO-A0J6,2,train
TCGA-AO-A0J7,2,train
TCGA-AO-A0J8,2,train
TCGA-AO-A0JA,2,train
TCGA-AO-A0JB,2,train
TCGA-AO-A0JC,2,train
TCGA-AO-A0JF,2,train
TCGA-AO-A0JG,2,train
TCGA-AO-A0JI,2,train
TCGA-AO-A0JM,2,train
TCGA-AO-A124,2,train
TCGA-AO-A126,2,train
TCGA-AO-A128,2,train
TCGA-AO-A129,2,train
TCGA-AO-A12A,2,train
TCGA-AO-A12B,2,train
TCGA-AO-A12C,2,train
TCGA-AO-A12F,2,train
TCGA-AO-A1KP,2,train
TCGA-AO-A1KQ,2,train
TCGA-AO-A1KS,2,train
TCGA-AO-A1KT,2,train
TCGA-AP-A051,2,train
TCGA-AP-A053,2,train
TCGA-AP-A054,2,train
TCGA-AP-A059,2,train
TCGA-AP-A05A,2,train
TCGA-AP-A05D,2,train
TCGA-AP-A05H,2,train
TCGA-AP-A05J,2,train
TCGA-AP-A05N,2,train
TCGA-AP-A05O,2,train
TCGA-AP-A05P,2,train
TCGA-AP-A0L8,2,train
TCGA-AP-A0L9,2,train
TCGA-AP-A0LD,2,train
TCGA-AP-A0LF,2,train
TCGA-AP-A0LH,2,train
TCGA-AP-A0LI,2,train
TCGA-AP-A0LJ,2,train
TCGA-AP-A0LM,2,train
TCGA-AP-A0LN,2,train
TCGA-AP-A0LO,2,train
TCGA-AP-A0LP,2,train
TCGA-AP-A0LQ,2,train
TCGA-AP-A0LV,2,train
TCGA-AP-A1DH,2,train
TCGA-AP-A1DK,2,train
TCGA-AP-A1DO,2,train
TCGA-AP-A1DQ,2,train
TCGA-AP-A1DV,2,train
TCGA-AP-A1E1,2,train
TCGA-AP-A1E3,2,train
TCGA-AP-A1E4,2,train
TCGA-AP-A5FX,2,train
TCGA-AQ-A0Y5,2,train
TCGA-AQ-A54N,2,train
TCGA-AQ-A54O,2,train
TCGA-AQ-A7U7,2,train
TCGA-AR-A0TP,2,train
TCGA-AR-A0TQ,2,train
TCGA-AR-A0TR,2,train
TCGA-AR-A0TS,2,train
TCGA-AR-A0TT,2,train
TCGA-AR-A0TU,2,train
TCGA-AR-A0TV,2,train
TCGA-AR-A0TW,2,train
TCGA-AR-A0TX,2,train
TCGA-AR-A0TY,2,train
TCGA-AR-A0TZ,2,train
TCGA-AR-A0U0,2,train
TCGA-AR-A0U1,2,train
TCGA-AR-A0U2,2,train
TCGA-AR-A0U3,2,train
TCGA-AR-A0U4,2,train
TCGA-AR-A1AH,2,train
TCGA-AR-A1AI,2,train
TCGA-AR-A1AJ,2,train
TCGA-AR-A1AK,2,train
TCGA-AR-A1AM,2,train
TCGA-AR-A1AO,2,train
TCGA-AR-A1AQ,2,train
TCGA-AR-A1AR,2,train
TCGA-AR-A1AW,2,train
TCGA-AR-A24H,2,train
TCGA-AR-A24K,2,train
TCGA-AR-A24L,2,train
TCGA-AR-A24M,2,train
TCGA-AR-A24N,2,train
TCGA-AR-A24O,2,train
TCGA-AR-A24S,2,train
TCGA-AR-A24U,2,train
TCGA-AR-A24V,2,train
TCGA-AR-A24X,2,train
TCGA-AR-A24Z,2,train
TCGA-AR-A250,2,train
TCGA-AR-A251,2,train
TCGA-AR-A252,2,train
TCGA-AR-A254,2,train
TCGA-AR-A255,2,train
TCGA-AR-A256,2,train
TCGA-AR-A2LH,2,train
TCGA-AR-A2LJ,2,train
TCGA-AR-A2LK,2,train
TCGA-AR-A2LL,2,train
TCGA-AR-A2LM,2,train
TCGA-AR-A2LN,2,train
TCGA-AR-A2LO,2,train
TCGA-AR-A5QM,2,train
TCGA-AR-A5QN,2,train
TCGA-AR-A5QP,2,train
TCGA-AR-A5QQ,2,train
TCGA-AS-3777,2,train
TCGA-AS-3778,2,train
TCGA-AT-A5NU,2,train
TCGA-AU-3779,2,train
TCGA-AU-6004,2,train
TCGA-AW-A1PO,2,train
TCGA-AX-A05T,2,train
TCGA-AX-A05U,2,train
TCGA-AX-A05W,2,train
TCGA-AX-A05Y,2,train
TCGA-AX-A060,2,train
TCGA-AX-A062,2,train
TCGA-AX-A063,2,train
TCGA-AX-A06B,2,train
TCGA-AX-A06D,2,train
TCGA-AX-A06L,2,train
TCGA-AX-A0IW,2,train
TCGA-AX-A0IZ,2,train
TCGA-AX-A0J0,2,train
TCGA-AX-A1C5,2,train
TCGA-AX-A1CA,2,train
TCGA-AX-A1CF,2,train
TCGA-AX-A1CJ,2,train
TCGA-AX-A1CK,2,train
TCGA-AX-A1CN,2,train
TCGA-AX-A1CP,2,train
TCGA-AX-A2IN,2,train
TCGA-AY-6196,2,train
TCGA-AY-6197,2,train
TCGA-AY-6386,2,train
TCGA-AZ-4308,2,train
TCGA-AZ-4313,2,train
TCGA-AZ-4614,2,train
TCGA-AZ-4615,2,train
TCGA-AZ-4682,2,train
TCGA-AZ-5403,2,train
TCGA-AZ-5407,2,train
TCGA-B0-4688,2,train
TCGA-B0-4690,2,train
TCGA-B0-4693,2,train
TCGA-B0-4698,2,train
TCGA-B0-4699,2,train
TCGA-B0-4700,2,train
TCGA-B0-4703,2,train
TCGA-B0-4706,2,train
TCGA-B0-4710,2,train
TCGA-B0-4712,2,train
TCGA-B0-4713,2,train
TCGA-B0-4714,2,train
TCGA-B0-4811,2,train
TCGA-B0-4813,2,train
TCGA-B0-4814,2,train
TCGA-B0-4815,2,train
TCGA-B0-4816,2,train
TCGA-B0-4819,2,train
TCGA-B0-4821,2,train
TCGA-B0-4823,2,train
TCGA-B0-4824,2,train
TCGA-B0-4827,2,train
TCGA-B0-4828,2,train
TCGA-B0-4833,2,train
TCGA-B0-4838,2,train
TCGA-B0-4839,2,train
TCGA-B0-4841,2,train
TCGA-B0-4842,2,train
TCGA-B0-4843,2,train
TCGA-B0-4844,2,train
TCGA-B0-4846,2,train
TCGA-B0-4847,2,train
TCGA-B0-4848,2,train
TCGA-B0-5075,2,train
TCGA-B0-5077,2,train
TCGA-B0-5080,2,train
TCGA-B0-5081,2,train
TCGA-B0-5083,2,train
TCGA-B0-5084,2,train
TCGA-B0-5088,2,train
TCGA-B0-5092,2,train
TCGA-B0-5096,2,train
TCGA-B0-5098,2,train
TCGA-B0-5099,2,train
TCGA-B0-5104,2,train
TCGA-B0-5106,2,train
TCGA-B0-5107,2,train
TCGA-B0-5108,2,train
TCGA-B0-5109,2,train
TCGA-B0-5110,2,train
TCGA-B0-5113,2,train
TCGA-B0-5115,2,train
TCGA-B0-5116,2,train
TCGA-B0-5117,2,train
TCGA-B0-5119,2,train
TCGA-B0-5120,2,train
TCGA-B0-5121,2,train
TCGA-B0-5402,2,train
TCGA-B0-5690,2,train
TCGA-B0-5691,2,train
TCGA-B0-5692,2,train
TCGA-B0-5696,2,train
TCGA-B0-5697,2,train
TCGA-B0-5698,2,train
TCGA-B0-5699,2,train
TCGA-B0-5700,2,train
TCGA-B0-5702,2,train
TCGA-B0-5706,2,train
TCGA-B0-5707,2,train
TCGA-B0-5709,2,train
TCGA-B0-5711,2,train
TCGA-B0-5712,2,train
TCGA-B0-5713,2,train
TCGA-B0-5812,2,train
TCGA-B1-7332,2,train
TCGA-B1-A47M,2,train
TCGA-B1-A47N,2,train
TCGA-B2-3923,2,train
TCGA-B2-4098,2,train
TCGA-B2-4099,2,train
TCGA-B2-5636,2,train
TCGA-B2-5639,2,train
TCGA-B2-5641,2,train
TCGA-B2-A4SR,2,train
TCGA-B3-3926,2,train
TCGA-B3-4103,2,train
TCGA-B3-A6W5,2,train
TCGA-B4-5377,2,train
TCGA-B4-5378,2,train
TCGA-B4-5832,2,train
TCGA-B4-5835,2,train
TCGA-B4-5836,2,train
TCGA-B4-5838,2,train
TCGA-B4-5843,2,train
TCGA-B4-5844,2,train
TCGA-B5-A0JT,2,train
TCGA-B5-A0JU,2,train
TCGA-B5-A0JX,2,train
TCGA-B5-A0JZ,2,train
TCGA-B5-A0K0,2,train
TCGA-B5-A0K1,2,train
TCGA-B5-A0K3,2,train
TCGA-B5-A0K4,2,train
TCGA-B5-A0K8,2,train
TCGA-B5-A11E,2,train
TCGA-B5-A11F,2,train
TCGA-B5-A11I,2,train
TCGA-B5-A11J,2,train
TCGA-B5-A11L,2,train
TCGA-B5-A11M,2,train
TCGA-B5-A11N,2,train
TCGA-B5-A11O,2,train
TCGA-B5-A11P,2,train
TCGA-B5-A11Q,2,train
TCGA-B5-A11U,2,train
TCGA-B5-A11V,2,train
TCGA-B5-A11W,2,train
TCGA-B5-A11X,2,train
TCGA-B5-A11Z,2,train
TCGA-B5-A1MR,2,train
TCGA-B5-A1MS,2,train
TCGA-B5-A1MU,2,train
TCGA-B5-A1MV,2,train
TCGA-B5-A1MW,2,train
TCGA-B5-A1MX,2,train
TCGA-B5-A1MY,2,train
TCGA-B5-A1N2,2,train
TCGA-B5-A3FB,2,train
TCGA-B5-A3FC,2,train
TCGA-B5-A3FD,2,train
TCGA-B5-A3FH,2,train
TCGA-B5-A3S1,2,train
TCGA-B5-A5OD,2,train
TCGA-B5-A5OE,2,train
TCGA-B6-A0I1,2,train
TCGA-B6-A0I5,2,train
TCGA-B6-A0I6,2,train
TCGA-B6-A0I8,2,train
TCGA-B6-A0I9,2,train
TCGA-B6-A0IA,2,train
TCGA-B6-A0IB,2,train
TCGA-B6-A0IC,2,train
TCGA-B6-A0IG,2,train
TCGA-B6-A0IH,2,train
TCGA-B6-A0IJ,2,train
TCGA-B6-A0IK,2,train
TCGA-B6-A0IM,2,train
TCGA-B6-A0IN,2,train
TCGA-B6-A0IO,2,train
TCGA-B6-A0IP,2,train
TCGA-B6-A0IQ,2,train
TCGA-B6-A0RH,2,train
TCGA-B6-A0RI,2,train
TCGA-B6-A0RL,2,train
TCGA-B6-A0RM,2,train
TCGA-B6-A0RN,2,train
TCGA-B6-A0RO,2,train
TCGA-B6-A0RP,2,train
TCGA-B6-A0RQ,2,train
TCGA-B6-A0RT,2,train
TCGA-B6-A0RV,2,train
TCGA-B6-A0WS,2,train
TCGA-B6-A0WT,2,train
TCGA-B6-A0WV,2,train
TCGA-B6-A0WX,2,train
TCGA-B6-A0WY,2,train
TCGA-B6-A0WZ,2,train
TCGA-B6-A0X0,2,train
TCGA-B6-A0X1,2,train
TCGA-B6-A0X4,2,train
TCGA-B6-A0X7,2,train
TCGA-B6-A1KN,2,train
TCGA-B7-5816,2,train
TCGA-B8-4143,2,train
TCGA-B8-4146,2,train
TCGA-B8-4151,2,train
TCGA-B8-4153,2,train
TCGA-B8-4620,2,train
TCGA-B8-4622,2,train
TCGA-B8-5158,2,train
TCGA-B8-5159,2,train
TCGA-B8-5162,2,train
TCGA-B8-5163,2,train
TCGA-B8-5164,2,train
TCGA-B8-5165,2,train
TCGA-B8-5546,2,train
TCGA-B8-5549,2,train
TCGA-B8-5550,2,train
TCGA-B8-5551,2,train
TCGA-B8-5552,2,train
TCGA-B8-5553,2,train
TCGA-B8-A54F,2,train
TCGA-B8-A7U6,2,train
TCGA-B8-A8YJ,2,train
TCGA-B9-4114,2,train
TCGA-B9-7268,2,train
TCGA-B9-A44B,2,train
TCGA-B9-A5W9,2,train
TCGA-B9-A69E,2,train
TCGA-B9-A8YH,2,train
TCGA-B9-A8YI,2,train
TCGA-BA-4074,2,train
TCGA-BA-4075,2,train
TCGA-BA-4076,2,train
TCGA-BA-4077,2,train
TCGA-BA-5149,2,train
TCGA-BA-5151,2,train
TCGA-BA-5153,2,train
TCGA-BA-5555,2,train
TCGA-BA-5557,2,train
TCGA-BA-5558,2,train
TCGA-BA-5559,2,train
TCGA-BA-6868,2,train
TCGA-BA-6869,2,train
TCGA-BA-6870,2,train
TCGA-BA-6872,2,train
TCGA-BA-6873,2,train
TCGA-BA-7269,2,train
TCGA-BA-A6D8,2,train
TCGA-BA-A6DA,2,train
TCGA-BA-A6DD,2,train
TCGA-BA-A6DE,2,train
TCGA-BA-A6DI,2,train
TCGA-BA-A6DJ,2,train
TCGA-BA-A6DL,2,train
TCGA-BA-A8YP,2,train
TCGA-BB-4217,2,train
TCGA-BB-4225,2,train
TCGA-BB-7861,2,train
TCGA-BB-7862,2,train
TCGA-BB-7863,2,train
TCGA-BB-7864,2,train
TCGA-BB-7871,2,train
TCGA-BB-7872,2,train
TCGA-BB-8596,2,train
TCGA-BB-A5HU,2,train
TCGA-BB-A5HY,2,train
TCGA-BB-A6UM,2,train
TCGA-BC-A217,2,train
TCGA-BC-A5W4,2,train
TCGA-BC-A69H,2,train
TCGA-BC-A8YO,2,train
TCGA-BF-A1PV,2,train
TCGA-BF-A1PZ,2,train
TCGA-BF-A3DJ,2,train
TCGA-BF-A3DL,2,train
TCGA-BF-A3DM,2,train
TCGA-BF-A3DN,2,train
TCGA-BF-A5EO,2,train
TCGA-BF-A5EP,2,train
TCGA-BF-A9VF,2,train
TCGA-BF-AAOU,2,train
TCGA-BF-AAOX,2,train
TCGA-BF-AAP1,2,train
TCGA-BF-AAP2,2,train
TCGA-BF-AAP4,2,train
TCGA-BF-AAP6,2,train
TCGA-BF-AAP7,2,train
TCGA-BG-A0LW,2,train
TCGA-BG-A0LX,2,train
TCGA-BG-A0M3,2,train
TCGA-BG-A0M4,2,train
TCGA-BG-A0M7,2,train
TCGA-BG-A0M8,2,train
TCGA-BG-A0MA,2,train
TCGA-BG-A0VV,2,train
TCGA-BG-A0VX,2,train
TCGA-BG-A0W2,2,train
TCGA-BG-A0YU,2,train
TCGA-BG-A0YV,2,train
TCGA-BG-A186,2,train
TCGA-BG-A187,2,train
TCGA-BG-A18B,2,train
TCGA-BG-A18C,2,train
TCGA-BG-A220,2,train
TCGA-BG-A222,2,train
TCGA-BG-A2AD,2,train
TCGA-BG-A2AE,2,train
TCGA-BG-A2L7,2,train
TCGA-BG-A3EW,2,train
TCGA-BG-A3PP,2,train
TCGA-BH-A0AU,2,train
TCGA-BH-A0AZ,2,train
TCGA-BH-A0B1,2,train
TCGA-BH-A0B3,2,train
TCGA-BH-A0B4,2,train
TCGA-BH-A0B6,2,train
TCGA-BH-A0B7,2,train
TCGA-BH-A0B9,2,train
TCGA-BH-A0BC,2,train
TCGA-BH-A0BG,2,train
TCGA-BH-A0BJ,2,train
TCGA-BH-A0BL,2,train
TCGA-BH-A0BO,2,train
TCGA-BH-A0BP,2,train
TCGA-BH-A0BQ,2,train
TCGA-BH-A0BS,2,train
TCGA-BH-A0BT,2,train
TCGA-BH-A0BV,2,train
TCGA-BH-A0BW,2,train
TCGA-BH-A0BZ,2,train
TCGA-BH-A0C0,2,train
TCGA-BH-A0C3,2,train
TCGA-BH-A0C7,2,train
TCGA-BH-A0DD,2,train
TCGA-BH-A0DE,2,train
TCGA-BH-A0DG,2,train
TCGA-BH-A0DH,2,train
TCGA-BH-A0DI,2,train
TCGA-BH-A0DK,2,train
TCGA-BH-A0DL,2,train
TCGA-BH-A0DS,2,train
TCGA-BH-A0DT,2,train
TCGA-BH-A0DX,2,train
TCGA-BH-A0E0,2,train
TCGA-BH-A0E1,2,train
TCGA-BH-A0E2,2,train
TCGA-BH-A0E6,2,train
TCGA-BH-A0E7,2,train
TCGA-BH-A0E9,2,train
TCGA-BH-A0EB,2,train
TCGA-BH-A0H3,2,train
TCGA-BH-A0H6,2,train
TCGA-BH-A0H9,2,train
TCGA-BH-A0HA,2,train
TCGA-BH-A0HB,2,train
TCGA-BH-A0HK,2,train
TCGA-BH-A0HN,2,train
TCGA-BH-A0HO,2,train
TCGA-BH-A0HP,2,train
TCGA-BH-A0HU,2,train
TCGA-BH-A0HW,2,train
TCGA-BH-A0RX,2,train
TCGA-BH-A0W4,2,train
TCGA-BH-A0W5,2,train
TCGA-BH-A0W7,2,train
TCGA-BH-A18G,2,train
TCGA-BH-A18H,2,train
TCGA-BH-A18I,2,train
TCGA-BH-A201,2,train
TCGA-BH-A202,2,train
TCGA-BH-A28O,2,train
TCGA-BH-A28Q,2,train
TCGA-BH-A2L8,2,train
TCGA-BH-A42T,2,train
TCGA-BH-A42U,2,train
TCGA-BH-A42V,2,train
TCGA-BH-A5IZ,2,train
TCGA-BH-A5J0,2,train
TCGA-BI-A0VS,2,train
TCGA-BI-A20A,2,train
TCGA-BJ-A0Z0,2,train
TCGA-BJ-A0Z2,2,train
TCGA-BJ-A0Z5,2,train
TCGA-BJ-A0Z9,2,train
TCGA-BJ-A0ZC,2,train
TCGA-BJ-A0ZF,2,train
TCGA-BJ-A0ZG,2,train
TCGA-BJ-A0ZH,2,train
TCGA-BJ-A0ZJ,2,train
TCGA-BJ-A18Z,2,train
TCGA-BJ-A190,2,train
TCGA-BJ-A191,2,train
TCGA-BJ-A192,2,train
TCGA-BJ-A28S,2,train
TCGA-BJ-A28T,2,train
TCGA-BJ-A28V,2,train
TCGA-BJ-A28W,2,train
TCGA-BJ-A28Z,2,train
TCGA-BJ-A290,2,train
TCGA-BJ-A2N7,2,train
TCGA-BJ-A2N9,2,train
TCGA-BJ-A2NA,2,train
TCGA-BJ-A2P4,2,train
TCGA-BJ-A3EZ,2,train
TCGA-BJ-A3F0,2,train
TCGA-BJ-A3PR,2,train
TCGA-BJ-A3PT,2,train
TCGA-BJ-A45C,2,train
TCGA-BJ-A45D,2,train
TCGA-BJ-A45E,2,train
TCGA-BJ-A45G,2,train
TCGA-BJ-A45H,2,train
TCGA-BJ-A45J,2,train
TCGA-BJ-A45K,2,train
TCGA-BJ-A4O8,2,train
TCGA-BJ-A4O9,2,train
TCGA-BK-A0C9,2,train
TCGA-BK-A0CA,2,train
TCGA-BK-A139,2,train
TCGA-BK-A13C,2,train
TCGA-BK-A26L,2,train
TCGA-BK-A4ZD,2,train
TCGA-BK-A56F,2,train
TCGA-BK-A6W3,2,train
TCGA-BK-A6W4,2,train
TCGA-BL-A0C8,2,train
TCGA-BL-A13I,2,train
TCGA-BL-A13J,2,train
TCGA-BL-A3JM,2,train
TCGA-BL-A5ZZ,2,train
TCGA-BP-4159,2,train
TCGA-BP-4160,2,train
TCGA-BP-4162,2,train
TCGA-BP-4163,2,train
TCGA-BP-4166,2,train
TCGA-BP-4167,2,train
TCGA-BP-4169,2,train
TCGA-BP-4170,2,train
TCGA-BP-4173,2,train
TCGA-BP-4174,2,train
TCGA-BP-4325,2,train
TCGA-BP-4329,2,train
TCGA-BP-4330,2,train
TCGA-BP-4332,2,train
TCGA-BP-4337,2,train
TCGA-BP-4338,2,train
TCGA-BP-4340,2,train
TCGA-BP-4341,2,train
TCGA-BP-4342,2,train
TCGA-BP-4343,2,train
TCGA-BP-4344,2,train
TCGA-BP-4345,2,train
TCGA-BP-4346,2,train
TCGA-BP-4349,2,train
TCGA-BP-4351,2,train
TCGA-BP-4352,2,train
TCGA-BP-4353,2,train
TCGA-BP-4355,2,train
TCGA-BP-4758,2,train
TCGA-BP-4759,2,train
TCGA-BP-4761,2,train
TCGA-BP-4762,2,train
TCGA-BP-4763,2,train
TCGA-BP-4765,2,train
TCGA-BP-4766,2,train
TCGA-BP-4768,2,train
TCGA-BP-4769,2,train
TCGA-BP-4770,2,train
TCGA-BP-4771,2,train
TCGA-BP-4775,2,train
TCGA-BP-4776,2,train
TCGA-BP-4782,2,train
TCGA-BP-4784,2,train
TCGA-BP-4787,2,train
TCGA-BP-4789,2,train
TCGA-BP-4790,2,train
TCGA-BP-4797,2,train
TCGA-BP-4960,2,train
TCGA-BP-4961,2,train
TCGA-BP-4962,2,train
TCGA-BP-4965,2,train
TCGA-BP-4967,2,train
TCGA-BP-4969,2,train
TCGA-BP-4970,2,train
TCGA-BP-4971,2,train
TCGA-BP-4972,2,train
TCGA-BP-4973,2,train
TCGA-BP-4974,2,train
TCGA-BP-4975,2,train
TCGA-BP-4976,2,train
TCGA-BP-4981,2,train
TCGA-BP-4983,2,train
TCGA-BP-4985,2,train
TCGA-BP-4987,2,train
TCGA-BP-4989,2,train
TCGA-BP-4993,2,train
TCGA-BP-4994,2,train
TCGA-BP-4995,2,train
TCGA-BP-4998,2,train
TCGA-BP-4999,2,train
TCGA-BP-5000,2,train
TCGA-BP-5001,2,train
TCGA-BP-5004,2,train
TCGA-BP-5006,2,train
TCGA-BP-5007,2,train
TCGA-BP-5008,2,train
TCGA-BP-5009,2,train
TCGA-BP-5169,2,train
TCGA-BP-5170,2,train
TCGA-BP-5174,2,train
TCGA-BP-5177,2,train
TCGA-BP-5181,2,train
TCGA-BP-5182,2,train
TCGA-BP-5184,2,train
TCGA-BP-5185,2,train
TCGA-BP-5186,2,train
TCGA-BP-5187,2,train
TCGA-BP-5189,2,train
TCGA-BP-5190,2,train
TCGA-BP-5191,2,train
TCGA-BP-5194,2,train
TCGA-BP-5195,2,train
TCGA-BP-5196,2,train
TCGA-BP-5199,2,train
TCGA-BP-5200,2,train
TCGA-BP-5201,2,train
TCGA-BR-6452,2,train
TCGA-BR-6453,2,train
TCGA-BR-6454,2,train
TCGA-BR-6455,2,train
TCGA-BR-6456,2,train
TCGA-BR-6563,2,train
TCGA-BR-6565,2,train
TCGA-BR-6566,2,train
TCGA-BR-6705,2,train
TCGA-BR-6707,2,train
TCGA-BR-6709,2,train
TCGA-BR-6710,2,train
TCGA-BR-6802,2,train
TCGA-BR-6803,2,train
TCGA-BR-6852,2,train
TCGA-BR-7196,2,train
TCGA-BR-7197,2,train
TCGA-BR-7703,2,train
TCGA-BR-7707,2,train
TCGA-BR-7716,2,train
TCGA-BR-7717,2,train
TCGA-BR-7722,2,train
TCGA-BR-7723,2,train
TCGA-BR-7901,2,train
TCGA-BR-7958,2,train
TCGA-BR-7959,2,train
TCGA-BR-8058,2,train
TCGA-BR-8059,2,train
TCGA-BR-8060,2,train
TCGA-BR-8077,2,train
TCGA-BR-8080,2,train
TCGA-BR-8081,2,train
TCGA-BR-8284,2,train
TCGA-BR-8285,2,train
TCGA-BR-8289,2,train
TCGA-BR-8295,2,train
TCGA-BR-8296,2,train
TCGA-BR-8297,2,train
TCGA-BR-8360,2,train
TCGA-BR-8361,2,train
TCGA-BR-8362,2,train
TCGA-BR-8363,2,train
TCGA-BR-8364,2,train
TCGA-BR-8365,2,train
TCGA-BR-8366,2,train
TCGA-BR-8367,2,train
TCGA-BR-8370,2,train
TCGA-BR-8371,2,train
TCGA-BR-8372,2,train
TCGA-BR-8373,2,train
TCGA-BR-8380,2,train
TCGA-BR-8381,2,train
TCGA-BR-8382,2,train
TCGA-BR-8483,2,train
TCGA-BR-8484,2,train
TCGA-BR-8486,2,train
TCGA-BR-8487,2,train
TCGA-BR-8588,2,train
TCGA-BR-8589,2,train
TCGA-BR-8590,2,train
TCGA-BR-8591,2,train
TCGA-BR-8676,2,train
TCGA-BR-8677,2,train
TCGA-BR-8679,2,train
TCGA-BR-8680,2,train
TCGA-BR-8682,2,train
TCGA-BR-8683,2,train
TCGA-BR-8686,2,train
TCGA-BR-8687,2,train
TCGA-BR-8690,2,train
TCGA-BR-A44T,2,train
TCGA-BR-A44U,2,train
TCGA-BR-A452,2,train
TCGA-BR-A4CQ,2,train
TCGA-BR-A4CR,2,train
TCGA-BR-A4IY,2,train
TCGA-BR-A4J1,2,train
TCGA-BR-A4J2,2,train
TCGA-BR-A4J4,2,train
TCGA-BR-A4J5,2,train
TCGA-BR-A4J6,2,train
TCGA-BR-A4J8,2,train
TCGA-BR-A4J9,2,train
TCGA-BR-A4PE,2,train
TCGA-BR-A4PF,2,train
TCGA-BR-A4QI,2,train
TCGA-BR-A4QL,2,train
TCGA-BS-A0TA,2,train
TCGA-BS-A0TC,2,train
TCGA-BS-A0TD,2,train
TCGA-BS-A0TE,2,train
TCGA-BS-A0TG,2,train
TCGA-BS-A0TJ,2,train
TCGA-BS-A0U7,2,train
TCGA-BS-A0U8,2,train
TCGA-BS-A0UA,2,train
TCGA-BS-A0UF,2,train
TCGA-BS-A0UJ,2,train
TCGA-BS-A0UL,2,train
TCGA-BS-A0UM,2,train
TCGA-BS-A0UT,2,train
TCGA-BS-A0V4,2,train
TCGA-BS-A0V6,2,train
TCGA-BS-A0V7,2,train
TCGA-BS-A0V8,2,train
TCGA-BS-A0VI,2,train
TCGA-BT-A0S7,2,train
TCGA-BT-A20N,2,train
TCGA-BT-A20O,2,train
TCGA-BT-A20R,2,train
TCGA-BT-A20U,2,train
TCGA-BT-A20W,2,train
TCGA-BT-A2LD,2,train
TCGA-BT-A3PK,2,train
TCGA-BT-A42B,2,train
TCGA-BT-A42C,2,train
TCGA-BT-A42E,2,train
TCGA-BW-A5NO,2,train
TCGA-BW-A5NP,2,train
TCGA-BW-A5NQ,2,train
TCGA-C4-A0F0,2,train
TCGA-C4-A0F1,2,train
TCGA-C4-A0F6,2,train
TCGA-C4-A0F7,2,train
TCGA-C5-A1BF,2,train
TCGA-C5-A1BI,2,train
TCGA-C5-A1BJ,2,train
TCGA-C5-A1BL,2,train
TCGA-C5-A1BM,2,train
TCGA-C5-A1BN,2,train
TCGA-C5-A1BQ,2,train
TCGA-C5-A1M5,2,train
TCGA-C5-A1M8,2,train
TCGA-C5-A1M9,2,train
TCGA-C5-A1ME,2,train
TCGA-C5-A1MF,2,train
TCGA-C5-A1MH,2,train
TCGA-C5-A1MI,2,train
TCGA-C5-A1MK,2,train
TCGA-C5-A1MP,2,train
TCGA-C5-A2LS,2,train
TCGA-C5-A2LT,2,train
TCGA-C5-A2LY,2,train
TCGA-C5-A2LZ,2,train
TCGA-C5-A2M1,2,train
TCGA-C5-A3HE,2,train
TCGA-C5-A3HL,2,train
TCGA-C5-A7CG,2,train
TCGA-C5-A7CK,2,train
TCGA-C5-A7CM,2,train
TCGA-C5-A7CO,2,train
TCGA-C5-A7UE,2,train
TCGA-C5-A7UH,2,train
TCGA-C5-A7X3,2,train
TCGA-C5-A7X8,2,train
TCGA-C5-A7XC,2,train
TCGA-C5-A8XH,2,train
TCGA-C5-A8XJ,2,train
TCGA-C5-A8XK,2,train
TCGA-C5-A8YQ,2,train
TCGA-C5-A8ZZ,2,train
TCGA-C5-A905,2,train
TCGA-C5-A907,2,train
TCGA-C8-A12K,2,train
TCGA-C8-A12L,2,train
TCGA-C8-A12M,2,train
TCGA-C8-A12N,2,train
TCGA-C8-A12O,2,train
TCGA-C8-A12P,2,train
TCGA-C8-A12Q,2,train
TCGA-C8-A12T,2,train
TCGA-C8-A12U,2,train
TCGA-C8-A12V,2,train
TCGA-C8-A12W,2,train
TCGA-C8-A12X,2,train
TCGA-C8-A12Z,2,train
TCGA-C8-A131,2,train
TCGA-C8-A132,2,train
TCGA-C8-A134,2,train
TCGA-C8-A137,2,train
TCGA-C8-A138,2,train
TCGA-C8-A1HE,2,train
TCGA-C8-A1HF,2,train
TCGA-C8-A1HG,2,train
TCGA-C8-A1HI,2,train
TCGA-C8-A1HJ,2,train
TCGA-C8-A1HK,2,train
TCGA-C8-A1HL,2,train
TCGA-C8-A1HM,2,train
TCGA-C8-A1HN,2,train
TCGA-C8-A1HO,2,train
TCGA-C8-A26V,2,train
TCGA-C8-A26W,2,train
TCGA-C8-A26Y,2,train
TCGA-C8-A273,2,train
TCGA-C8-A274,2,train
TCGA-C8-A275,2,train
TCGA-C8-A278,2,train
TCGA-C8-A27A,2,train
TCGA-C8-A27B,2,train
TCGA-C8-A3M7,2,train
TCGA-C8-A3M8,2,train
TCGA-C8-A8HP,2,train
TCGA-C8-A8HQ,2,train
TCGA-C8-A8HR,2,train
TCGA-C8-A9FZ,2,train
TCGA-C9-A47Z,2,train
TCGA-CA-5255,2,train
TCGA-CA-6715,2,train
TCGA-CA-6717,2,train
TCGA-CA-6718,2,train
TCGA-CC-5258,2,train
TCGA-CC-5259,2,train
TCGA-CC-5261,2,train
TCGA-CC-5263,2,train
TCGA-CC-5264,2,train
TCGA-CC-A123,2,train
TCGA-CC-A1HT,2,train
TCGA-CC-A3M9,2,train
TCGA-CC-A3MA,2,train
TCGA-CC-A3MB,2,train
TCGA-CC-A3MC,2,train
TCGA-CC-A5UC,2,train
TCGA-CC-A5UD,2,train
TCGA-CC-A5UE,2,train
TCGA-CC-A7IE,2,train
TCGA-CC-A7IF,2,train
TCGA-CC-A7IG,2,train
TCGA-CC-A7IH,2,train
TCGA-CC-A7II,2,train
TCGA-CC-A7IJ,2,train
TCGA-CC-A7IK,2,train
TCGA-CC-A7IL,2,train
TCGA-CC-A8HU,2,train
TCGA-CC-A8HV,2,train
TCGA-CC-A9FS,2,train
TCGA-CC-A9FU,2,train
TCGA-CC-A9FV,2,train
TCGA-CD-5799,2,train
TCGA-CD-5800,2,train
TCGA-CD-5801,2,train
TCGA-CD-5802,2,train
TCGA-CD-5803,2,train
TCGA-CD-5804,2,train
TCGA-CD-5813,2,train
TCGA-CD-8524,2,train
TCGA-CD-8525,2,train
TCGA-CD-8526,2,train
TCGA-CD-8527,2,train
TCGA-CD-8528,2,train
TCGA-CD-8529,2,train
TCGA-CD-8530,2,train
TCGA-CD-8531,2,train
TCGA-CD-8532,2,train
TCGA-CD-8533,2,train
TCGA-CD-8535,2,train
TCGA-CD-8536,2,train
TCGA-CD-A486,2,train
TCGA-CD-A487,2,train
TCGA-CD-A489,2,train
TCGA-CD-A48A,2,train
TCGA-CD-A48C,2,train
TCGA-CD-A4MG,2,train
TCGA-CD-A4MH,2,train
TCGA-CD-A4MI,2,train
TCGA-CE-A13K,2,train
TCGA-CE-A3MD,2,train
TCGA-CE-A3ME,2,train
TCGA-CE-A481,2,train
TCGA-CE-A482,2,train
TCGA-CE-A483,2,train
TCGA-CE-A484,2,train
TCGA-CE-A485,2,train
TCGA-CF-A1HS,2,train
TCGA-CF-A27C,2,train
TCGA-CF-A3MF,2,train
TCGA-CF-A3MG,2,train
TCGA-CF-A3MH,2,train
TCGA-CF-A3MI,2,train
TCGA-CF-A47S,2,train
TCGA-CF-A47V,2,train
TCGA-CF-A47W,2,train
TCGA-CF-A47X,2,train
TCGA-CF-A47Y,2,train
TCGA-CF-A5U8,2,train
TCGA-CF-A5UA,2,train
TCGA-CF-A7I0,2,train
TCGA-CF-A8HX,2,train
TCGA-CF-A8HY,2,train
TCGA-CF-A9FF,2,train
TCGA-CF-A9FH,2,train
TCGA-CF-A9FL,2,train
TCGA-CF-A9FM,2,train
TCGA-CG-4300,2,train
TCGA-CG-4301,2,train
TCGA-CG-4304,2,train
TCGA-CG-4436,2,train
TCGA-CG-4438,2,train
TCGA-CG-4441,2,train
TCGA-CG-4442,2,train
TCGA-CG-4443,2,train
TCGA-CG-4444,2,train
TCGA-CG-4449,2,train
TCGA-CG-4462,2,train
TCGA-CG-4465,2,train
TCGA-CG-4466,2,train
TCGA-CG-4469,2,train
TCGA-CG-4472,2,train
TCGA-CG-4474,2,train
TCGA-CG-4475,2,train
TCGA-CG-4476,2,train
TCGA-CG-4477,2,train
TCGA-CH-5737,2,train
TCGA-CH-5738,2,train
TCGA-CH-5739,2,train
TCGA-CH-5740,2,train
TCGA-CH-5743,2,train
TCGA-CH-5744,2,train
TCGA-CH-5745,2,train
TCGA-CH-5748,2,train
TCGA-CH-5750,2,train
TCGA-CH-5751,2,train
TCGA-CH-5752,2,train
TCGA-CH-5753,2,train
TCGA-CH-5754,2,train
TCGA-CI-6622,2,train
TCGA-CI-6624,2,train
TCGA-CJ-4635,2,train
TCGA-CJ-4636,2,train
TCGA-CJ-4638,2,train
TCGA-CJ-4640,2,train
TCGA-CJ-4641,2,train
TCGA-CJ-4643,2,train
TCGA-CJ-4644,2,train
TCGA-CJ-4868,2,train
TCGA-CJ-4873,2,train
TCGA-CJ-4874,2,train
TCGA-CJ-4875,2,train
TCGA-CJ-4876,2,train
TCGA-CJ-4881,2,train
TCGA-CJ-4882,2,train
TCGA-CJ-4884,2,train
TCGA-CJ-4886,2,train
TCGA-CJ-4887,2,train
TCGA-CJ-4888,2,train
TCGA-CJ-4889,2,train
TCGA-CJ-4890,2,train
TCGA-CJ-4891,2,train
TCGA-CJ-4894,2,train
TCGA-CJ-4895,2,train
TCGA-CJ-4897,2,train
TCGA-CJ-4900,2,train
TCGA-CJ-4902,2,train
TCGA-CJ-4903,2,train
TCGA-CJ-4904,2,train
TCGA-CJ-4905,2,train
TCGA-CJ-4907,2,train
TCGA-CJ-4912,2,train
TCGA-CJ-4913,2,train
TCGA-CJ-4916,2,train
TCGA-CJ-4920,2,train
TCGA-CJ-4923,2,train
TCGA-CJ-5671,2,train
TCGA-CJ-5675,2,train
TCGA-CJ-5676,2,train
TCGA-CJ-5677,2,train
TCGA-CJ-5678,2,train
TCGA-CJ-5679,2,train
TCGA-CJ-5680,2,train
TCGA-CJ-5683,2,train
TCGA-CJ-5686,2,train
TCGA-CJ-6027,2,train
TCGA-CJ-6030,2,train
TCGA-CJ-6031,2,train
TCGA-CJ-6032,2,train
TCGA-CK-4948,2,train
TCGA-CK-4951,2,train
TCGA-CK-5912,2,train
TCGA-CK-5915,2,train
TCGA-CK-5916,2,train
TCGA-CK-6747,2,train
TCGA-CK-6748,2,train
TCGA-CK-6751,2,train
TCGA-CL-4957,2,train
TCGA-CM-4743,2,train
TCGA-CM-4744,2,train
TCGA-CM-4746,2,train
TCGA-CM-4747,2,train
TCGA-CM-4748,2,train
TCGA-CM-4752,2,train
TCGA-CM-5863,2,train
TCGA-CM-5864,2,train
TCGA-CM-5868,2,train
TCGA-CM-6161,2,train
TCGA-CM-6164,2,train
TCGA-CM-6165,2,train
TCGA-CM-6169,2,train
TCGA-CM-6170,2,train
TCGA-CM-6171,2,train
TCGA-CM-6674,2,train
TCGA-CM-6676,2,train
TCGA-CM-6678,2,train
TCGA-CM-6679,2,train
TCGA-CM-6680,2,train
TCGA-CN-4722,2,train
TCGA-CN-4723,2,train
TCGA-CN-4725,2,train
TCGA-CN-4727,2,train
TCGA-CN-4728,2,train
TCGA-CN-4729,2,train
TCGA-CN-4730,2,train
TCGA-CN-4731,2,train
TCGA-CN-4734,2,train
TCGA-CN-4736,2,train
TCGA-CN-4737,2,train
TCGA-CN-4740,2,train
TCGA-CN-4741,2,train
TCGA-CN-4742,2,train
TCGA-CN-5356,2,train
TCGA-CN-5359,2,train
TCGA-CN-5360,2,train
TCGA-CN-5361,2,train
TCGA-CN-5363,2,train
TCGA-CN-5364,2,train
TCGA-CN-5366,2,train
TCGA-CN-5367,2,train
TCGA-CN-5369,2,train
TCGA-CN-5373,2,train
TCGA-CN-6010,2,train
TCGA-CN-6011,2,train
TCGA-CN-6017,2,train
TCGA-CN-6018,2,train
TCGA-CN-6019,2,train
TCGA-CN-6020,2,train
TCGA-CN-6021,2,train
TCGA-CN-6022,2,train
TCGA-CN-6023,2,train
TCGA-CN-6024,2,train
TCGA-CN-6988,2,train
TCGA-CN-6989,2,train
TCGA-CN-6992,2,train
TCGA-CN-6994,2,train
TCGA-CN-6996,2,train
TCGA-CN-6997,2,train
TCGA-CN-6998,2,train
TCGA-CN-A63U,2,train
TCGA-CN-A63W,2,train
TCGA-CN-A63Y,2,train
TCGA-CN-A640,2,train
TCGA-CN-A641,2,train
TCGA-CN-A642,2,train
TCGA-CQ-5323,2,train
TCGA-CQ-5329,2,train
TCGA-CQ-5330,2,train
TCGA-CQ-5331,2,train
TCGA-CQ-5333,2,train
TCGA-CQ-5334,2,train
TCGA-CQ-6218,2,train
TCGA-CQ-6219,2,train
TCGA-CQ-6220,2,train
TCGA-CQ-6222,2,train
TCGA-CQ-6223,2,train
TCGA-CQ-6224,2,train
TCGA-CQ-6227,2,train
TCGA-CQ-6228,2,train
TCGA-CQ-6229,2,train
TCGA-CQ-7063,2,train
TCGA-CQ-7067,2,train
TCGA-CQ-7069,2,train
TCGA-CQ-7071,2,train
TCGA-CQ-A4C6,2,train
TCGA-CQ-A4CB,2,train
TCGA-CQ-A4CD,2,train
TCGA-CQ-A4CI,2,train
TCGA-CS-4938,2,train
TCGA-CS-4941,2,train
TCGA-CS-4944,2,train
TCGA-CS-5390,2,train
TCGA-CS-5394,2,train
TCGA-CS-5396,2,train
TCGA-CS-5397,2,train
TCGA-CS-6186,2,train
TCGA-CS-6188,2,train
TCGA-CS-6290,2,train
TCGA-CS-6665,2,train
TCGA-CS-6666,2,train
TCGA-CS-6668,2,train
TCGA-CU-A0YO,2,train
TCGA-CU-A0YR,2,train
TCGA-CU-A5W6,2,train
TCGA-CU-A72E,2,train
TCGA-CV-5430,2,train
TCGA-CV-5434,2,train
TCGA-CV-5439,2,train
TCGA-CV-5440,2,train
TCGA-CV-5441,2,train
TCGA-CV-5442,2,train
TCGA-CV-5443,2,train
TCGA-CV-5444,2,train
TCGA-CV-5970,2,train
TCGA-CV-5978,2,train
TCGA-CV-6003,2,train
TCGA-CV-6933,2,train
TCGA-CV-6934,2,train
TCGA-CV-6936,2,train
TCGA-CV-6937,2,train
TCGA-CV-6938,2,train
TCGA-CV-6939,2,train
TCGA-CV-6941,2,train
TCGA-CV-6942,2,train
TCGA-CV-6952,2,train
TCGA-CV-6955,2,train
TCGA-CV-6962,2,train
TCGA-CV-7089,2,train
TCGA-CV-7091,2,train
TCGA-CV-7095,2,train
TCGA-CV-7097,2,train
TCGA-CV-7102,2,train
TCGA-CV-7103,2,train
TCGA-CV-7180,2,train
TCGA-CV-7183,2,train
TCGA-CV-7238,2,train
TCGA-CV-7242,2,train
TCGA-CV-7245,2,train
TCGA-CV-7248,2,train
TCGA-CV-7250,2,train
TCGA-CV-7261,2,train
TCGA-CV-7263,2,train
TCGA-CV-7410,2,train
TCGA-CV-7413,2,train
TCGA-CV-7415,2,train
TCGA-CV-7418,2,train
TCGA-CV-7422,2,train
TCGA-CV-7423,2,train
TCGA-CV-7424,2,train
TCGA-CV-7425,2,train
TCGA-CV-7428,2,train
TCGA-CV-7430,2,train
TCGA-CV-7434,2,train
TCGA-CV-7435,2,train
TCGA-CV-7446,2,train
TCGA-CV-7568,2,train
TCGA-CV-A45P,2,train
TCGA-CV-A45T,2,train
TCGA-CV-A45U,2,train
TCGA-CV-A45X,2,train
TCGA-CV-A461,2,train
TCGA-CV-A463,2,train
TCGA-CV-A464,2,train
TCGA-CV-A465,2,train
TCGA-CV-A468,2,train
TCGA-CV-A6JD,2,train
TCGA-CV-A6JE,2,train
TCGA-CV-A6JM,2,train
TCGA-CV-A6JO,2,train
TCGA-CV-A6JY,2,train
TCGA-CV-A6K0,2,train
TCGA-CV-A6K2,2,train
TCGA-CX-7086,2,train
TCGA-CX-7219,2,train
TCGA-CX-A4AQ,2,train
TCGA-CZ-4853,2,train
TCGA-CZ-4854,2,train
TCGA-CZ-4857,2,train
TCGA-CZ-4860,2,train
TCGA-CZ-4862,2,train
TCGA-CZ-4863,2,train
TCGA-CZ-4864,2,train
TCGA-CZ-4865,2,train
TCGA-CZ-5451,2,train
TCGA-CZ-5452,2,train
TCGA-CZ-5453,2,train
TCGA-CZ-5455,2,train
TCGA-CZ-5456,2,train
TCGA-CZ-5457,2,train
TCGA-CZ-5458,2,train
TCGA-CZ-5459,2,train
TCGA-CZ-5460,2,train
TCGA-CZ-5464,2,train
TCGA-CZ-5465,2,train
TCGA-CZ-5467,2,train
TCGA-CZ-5468,2,train
TCGA-CZ-5982,2,train
TCGA-CZ-5984,2,train
TCGA-CZ-5986,2,train
TCGA-CZ-5989,2,train
TCGA-D1-A0ZO,2,train
TCGA-D1-A0ZP,2,train
TCGA-D1-A0ZQ,2,train
TCGA-D1-A0ZR,2,train
TCGA-D1-A0ZS,2,train
TCGA-D1-A0ZU,2,train
TCGA-D1-A0ZV,2,train
TCGA-D1-A101,2,train
TCGA-D1-A102,2,train
TCGA-D1-A15V,2,train
TCGA-D1-A15W,2,train
TCGA-D1-A15Z,2,train
TCGA-D1-A163,2,train
TCGA-D1-A165,2,train
TCGA-D1-A16E,2,train
TCGA-D1-A16G,2,train
TCGA-D1-A16I,2,train
TCGA-D1-A16J,2,train
TCGA-D1-A16N,2,train
TCGA-D1-A16R,2,train
TCGA-D1-A16S,2,train
TCGA-D1-A16X,2,train
TCGA-D1-A16Y,2,train
TCGA-D1-A174,2,train
TCGA-D1-A175,2,train
TCGA-D1-A176,2,train
TCGA-D1-A177,2,train
TCGA-D1-A179,2,train
TCGA-D1-A17A,2,train
TCGA-D1-A17B,2,train
TCGA-D1-A17C,2,train
TCGA-D1-A17D,2,train
TCGA-D1-A17F,2,train
TCGA-D1-A17H,2,train
TCGA-D1-A17K,2,train
TCGA-D1-A17L,2,train
TCGA-D1-A17M,2,train
TCGA-D1-A17N,2,train
TCGA-D1-A17Q,2,train
TCGA-D1-A17R,2,train
TCGA-D1-A17S,2,train
TCGA-D1-A17T,2,train
TCGA-D1-A17U,2,train
TCGA-D1-A1NX,2,train
TCGA-D1-A1NY,2,train
TCGA-D1-A1NZ,2,train
TCGA-D1-A1O0,2,train
TCGA-D1-A1O7,2,train
TCGA-D1-A1O8,2,train
TCGA-D1-A2G0,2,train
TCGA-D1-A2G5,2,train
TCGA-D1-A2G6,2,train
TCGA-D1-A3JQ,2,train
TCGA-D5-5537,2,train
TCGA-D5-5538,2,train
TCGA-D5-5539,2,train
TCGA-D5-5541,2,train
TCGA-D5-6529,2,train
TCGA-D5-6533,2,train
TCGA-D5-6535,2,train
TCGA-D5-6898,2,train
TCGA-D5-6923,2,train
TCGA-D5-6926,2,train
TCGA-D5-6929,2,train
TCGA-D5-6931,2,train
TCGA-D5-6932,2,train
TCGA-D5-7000,2,train
TCGA-D6-6515,2,train
TCGA-D6-6516,2,train
TCGA-D6-6823,2,train
TCGA-D6-6825,2,train
TCGA-D6-6826,2,train
TCGA-D6-6827,2,train
TCGA-D6-8569,2,train
TCGA-D6-A4Z9,2,train
TCGA-D6-A6EK,2,train
TCGA-D6-A6EM,2,train
TCGA-D6-A6EN,2,train
TCGA-D6-A6EO,2,train
TCGA-D6-A6EP,2,train
TCGA-D6-A6EQ,2,train
TCGA-D6-A6ES,2,train
TCGA-D6-A74Q,2,train
TCGA-D7-5577,2,train
TCGA-D7-5578,2,train
TCGA-D7-5579,2,train
TCGA-D7-6519,2,train
TCGA-D7-6520,2,train
TCGA-D7-6521,2,train
TCGA-D7-6524,2,train
TCGA-D7-6525,2,train
TCGA-D7-6526,2,train
TCGA-D7-6527,2,train
TCGA-D7-6815,2,train
TCGA-D7-6817,2,train
TCGA-D7-6818,2,train
TCGA-D7-6820,2,train
TCGA-D7-6822,2,train
TCGA-D7-8570,2,train
TCGA-D7-8572,2,train
TCGA-D7-8573,2,train
TCGA-D7-8575,2,train
TCGA-D7-8576,2,train
TCGA-D7-8578,2,train
TCGA-D7-8579,2,train
TCGA-D7-A4YT,2,train
TCGA-D7-A4YV,2,train
TCGA-D7-A4YX,2,train
TCGA-D7-A4Z0,2,train
TCGA-D7-A6ET,2,train
TCGA-D7-A6EV,2,train
TCGA-D7-A6EX,2,train
TCGA-D7-A6EY,2,train
TCGA-D7-A6F0,2,train
TCGA-D7-A6F2,2,train
TCGA-D7-A747,2,train
TCGA-D7-A74A,2,train
TCGA-D7-A74B,2,train
TCGA-D8-A13Y,2,train
TCGA-D8-A140,2,train
TCGA-D8-A142,2,train
TCGA-D8-A143,2,train
TCGA-D8-A145,2,train
TCGA-D8-A147,2,train
TCGA-D8-A1J8,2,train
TCGA-D8-A1J9,2,train
TCGA-D8-A1JA,2,train
TCGA-D8-A1JB,2,train
TCGA-D8-A1JF,2,train
TCGA-D8-A1JG,2,train
TCGA-D8-A1JK,2,train
TCGA-D8-A1JL,2,train
TCGA-D8-A1JM,2,train
TCGA-D8-A1JN,2,train
TCGA-D8-A1JS,2,train
TCGA-D8-A1JT,2,train
TCGA-D8-A1JU,2,train
TCGA-D8-A1X5,2,train
TCGA-D8-A1X6,2,train
TCGA-D8-A1X7,2,train
TCGA-D8-A1X9,2,train
TCGA-D8-A1XB,2,train
TCGA-D8-A1XF,2,train
TCGA-D8-A1XJ,2,train
TCGA-D8-A1XL,2,train
TCGA-D8-A1XM,2,train
TCGA-D8-A1XO,2,train
TCGA-D8-A1XQ,2,train
TCGA-D8-A1XR,2,train
TCGA-D8-A1XS,2,train
TCGA-D8-A1XT,2,train
TCGA-D8-A1XU,2,train
TCGA-D8-A1XW,2,train
TCGA-D8-A1XY,2,train
TCGA-D8-A1XZ,2,train
TCGA-D8-A1Y0,2,train
TCGA-D8-A1Y1,2,train
TCGA-D8-A27F,2,train
TCGA-D8-A27G,2,train
TCGA-D8-A27I,2,train
TCGA-D8-A27L,2,train
TCGA-D8-A27M,2,train
TCGA-D8-A27N,2,train
TCGA-D8-A27P,2,train
TCGA-D8-A27T,2,train
TCGA-D8-A27W,2,train
TCGA-D8-A3Z5,2,train
TCGA-D8-A3Z6,2,train
TCGA-D8-A4Z1,2,train
TCGA-D8-A73U,2,train
TCGA-D8-A73X,2,train
TCGA-D9-A3Z4,2,train
TCGA-D9-A4Z2,2,train
TCGA-D9-A4Z3,2,train
TCGA-D9-A4Z5,2,train
TCGA-DB-5273,2,train
TCGA-DB-5274,2,train
TCGA-DB-5275,2,train
TCGA-DB-5276,2,train
TCGA-DB-5277,2,train
TCGA-DB-5279,2,train
TCGA-DB-5280,2,train
TCGA-DB-A4X9,2,train
TCGA-DB-A4XA,2,train
TCGA-DB-A4XB,2,train
TCGA-DB-A4XC,2,train
TCGA-DB-A4XE,2,train
TCGA-DB-A4XF,2,train
TCGA-DB-A4XG,2,train
TCGA-DB-A4XH,2,train
TCGA-DB-A64L,2,train
TCGA-DB-A64O,2,train
TCGA-DB-A64Q,2,train
TCGA-DB-A64R,2,train
TCGA-DB-A64U,2,train
TCGA-DB-A64V,2,train
TCGA-DB-A64W,2,train
TCGA-DB-A64X,2,train
TCGA-DB-A75K,2,train
TCGA-DB-A75L,2,train
TCGA-DB-A75O,2,train
TCGA-DB-A75P,2,train
TCGA-DC-4745,2,train
TCGA-DC-4749,2,train
TCGA-DC-5337,2,train
TCGA-DC-5869,2,train
TCGA-DC-6155,2,train
TCGA-DC-6158,2,train
TCGA-DC-6160,2,train
TCGA-DC-6681,2,train
TCGA-DC-6682,2,train
TCGA-DC-6683,2,train
TCGA-DD-A114,2,train
TCGA-DD-A11A,2,train
TCGA-DD-A1E9,2,train
TCGA-DD-A1EA,2,train
TCGA-DD-A1EB,2,train
TCGA-DD-A1EE,2,train
TCGA-DD-A1EJ,2,train
TCGA-DD-A1EL,2,train
TCGA-DD-A4NF,2,train
TCGA-DD-A4NG,2,train
TCGA-DD-A4NH,2,train
TCGA-DD-A4NO,2,train
TCGA-DD-A4NP,2,train
TCGA-DD-A4NR,2,train
TCGA-DD-A4NV,2,train
TCGA-DD-A73B,2,train
TCGA-DD-A73D,2,train
TCGA-DD-A73E,2,train
TCGA-DD-A73G,2,train
TCGA-DD-AA3A,2,train
TCGA-DD-AAC8,2,train
TCGA-DD-AAC9,2,train
TCGA-DD-AACA,2,train
TCGA-DD-AACB,2,train
TCGA-DD-AACC,2,train
TCGA-DD-AACD,2,train
TCGA-DD-AACE,2,train
TCGA-DD-AACF,2,train
TCGA-DD-AACH,2,train
TCGA-DD-AACI,2,train
TCGA-DD-AACJ,2,train
TCGA-DD-AACK,2,train
TCGA-DD-AACL,2,train
TCGA-DD-AACM,2,train
TCGA-DD-AACN,2,train
TCGA-DD-AACO,2,train
TCGA-DD-AACP,2,train
TCGA-DD-AACQ,2,train
TCGA-DD-AACS,2,train
TCGA-DD-AACV,2,train
TCGA-DD-AACW,2,train
TCGA-DD-AACX,2,train
TCGA-DD-AACZ,2,train
TCGA-DD-AAD1,2,train
TCGA-DD-AAD2,2,train
TCGA-DD-AAD3,2,train
TCGA-DD-AAD5,2,train
TCGA-DD-AADA,2,train
TCGA-DD-AADC,2,train
TCGA-DD-AADD,2,train
TCGA-DD-AADE,2,train
TCGA-DD-AADF,2,train
TCGA-DD-AADG,2,train
TCGA-DD-AADJ,2,train
TCGA-DD-AADK,2,train
TCGA-DD-AADL,2,train
TCGA-DD-AADO,2,train
TCGA-DD-AADP,2,train
TCGA-DD-AADR,2,train
TCGA-DD-AADU,2,train
TCGA-DD-AADW,2,train
TCGA-DD-AAE0,2,train
TCGA-DD-AAE1,2,train
TCGA-DD-AAE2,2,train
TCGA-DD-AAE3,2,train
TCGA-DD-AAE4,2,train
TCGA-DD-AAE6,2,train
TCGA-DD-AAE8,2,train
TCGA-DD-AAE9,2,train
TCGA-DD-AAEA,2,train
TCGA-DD-AAEB,2,train
TCGA-DD-AAEE,2,train
TCGA-DD-AAEG,2,train
TCGA-DD-AAEH,2,train
TCGA-DD-AAEI,2,train
TCGA-DD-AAEK,2,train
TCGA-DD-AAVQ,2,train
TCGA-DD-AAVR,2,train
TCGA-DD-AAVS,2,train
TCGA-DD-AAVV,2,train
TCGA-DD-AAVW,2,train
TCGA-DD-AAVX,2,train
TCGA-DD-AAVY,2,train
TCGA-DD-AAVZ,2,train
TCGA-DD-AAW0,2,train
TCGA-DD-AAW1,2,train
TCGA-DD-AAW2,2,train
TCGA-DD-AAW3,2,train
TCGA-DE-A0Y2,2,train
TCGA-DE-A2OL,2,train
TCGA-DE-A4M8,2,train
TCGA-DE-A4M9,2,train
TCGA-DE-A4MA,2,train
TCGA-DE-A4MB,2,train
TCGA-DE-A4MD,2,train
TCGA-DE-A69J,2,train
TCGA-DE-A69K,2,train
TCGA-DE-A7U5,2,train
TCGA-DF-A2KN,2,train
TCGA-DF-A2KR,2,train
TCGA-DF-A2KU,2,train
TCGA-DF-A2KV,2,train
TCGA-DF-A2KZ,2,train
TCGA-DF-A2L0,2,train
TCGA-DG-A2KH,2,train
TCGA-DG-A2KJ,2,train
TCGA-DG-A2KK,2,train
TCGA-DG-A2KL,2,train
TCGA-DH-5141,2,train
TCGA-DH-5142,2,train
TCGA-DH-5143,2,train
TCGA-DH-5144,2,train
TCGA-DH-A669,2,train
TCGA-DH-A66B,2,train
TCGA-DH-A66D,2,train
TCGA-DH-A66F,2,train
TCGA-DH-A66G,2,train
TCGA-DH-A7US,2,train
TCGA-DH-A7UT,2,train
TCGA-DH-A7UV,2,train
TCGA-DI-A0WH,2,train
TCGA-DI-A1BU,2,train
TCGA-DI-A2QT,2,train
TCGA-DI-A2QU,2,train
TCGA-DI-A2QY,2,train
TCGA-DJ-A13L,2,train
TCGA-DJ-A13M,2,train
TCGA-DJ-A13O,2,train
TCGA-DJ-A13R,2,train
TCGA-DJ-A13S,2,train
TCGA-DJ-A13U,2,train
TCGA-DJ-A13V,2,train
TCGA-DJ-A13W,2,train
TCGA-DJ-A13X,2,train
TCGA-DJ-A1QD,2,train
TCGA-DJ-A1QE,2,train
TCGA-DJ-A1QG,2,train
TCGA-DJ-A1QH,2,train
TCGA-DJ-A1QI,2,train
TCGA-DJ-A1QM,2,train
TCGA-DJ-A1QN,2,train
TCGA-DJ-A1QO,2,train
TCGA-DJ-A1QQ,2,train
TCGA-DJ-A2PN,2,train
TCGA-DJ-A2PO,2,train
TCGA-DJ-A2PP,2,train
TCGA-DJ-A2PQ,2,train
TCGA-DJ-A2PR,2,train
TCGA-DJ-A2PS,2,train
TCGA-DJ-A2PU,2,train
TCGA-DJ-A2PV,2,train
TCGA-DJ-A2PW,2,train
TCGA-DJ-A2PX,2,train
TCGA-DJ-A2PZ,2,train
TCGA-DJ-A2Q0,2,train
TCGA-DJ-A2Q1,2,train
TCGA-DJ-A2Q3,2,train
TCGA-DJ-A2Q4,2,train
TCGA-DJ-A2Q5,2,train
TCGA-DJ-A2Q6,2,train
TCGA-DJ-A2Q7,2,train
TCGA-DJ-A2Q8,2,train
TCGA-DJ-A2Q9,2,train
TCGA-DJ-A2QA,2,train
TCGA-DJ-A2QB,2,train
TCGA-DJ-A2QC,2,train
TCGA-DJ-A3UK,2,train
TCGA-DJ-A3UM,2,train
TCGA-DJ-A3UN,2,train
TCGA-DJ-A3UO,2,train
TCGA-DJ-A3UP,2,train
TCGA-DJ-A3UQ,2,train
TCGA-DJ-A3UR,2,train
TCGA-DJ-A3UT,2,train
TCGA-DJ-A3UV,2,train
TCGA-DJ-A3UX,2,train
TCGA-DJ-A3UY,2,train
TCGA-DJ-A3UZ,2,train
TCGA-DJ-A3V0,2,train
TCGA-DJ-A3V2,2,train
TCGA-DJ-A3V3,2,train
TCGA-DJ-A3V4,2,train
TCGA-DJ-A3V5,2,train
TCGA-DJ-A3V8,2,train
TCGA-DJ-A3V9,2,train
TCGA-DJ-A3VA,2,train
TCGA-DJ-A3VB,2,train
TCGA-DJ-A3VD,2,train
TCGA-DJ-A3VE,2,train
TCGA-DJ-A3VG,2,train
TCGA-DJ-A3VL,2,train
TCGA-DJ-A4UP,2,train
TCGA-DJ-A4UQ,2,train
TCGA-DJ-A4UR,2,train
TCGA-DJ-A4UT,2,train
TCGA-DJ-A4UW,2,train
TCGA-DJ-A4V0,2,train
TCGA-DJ-A4V4,2,train
TCGA-DJ-A4V5,2,train
TCGA-DK-A1A3,2,train
TCGA-DK-A1A5,2,train
TCGA-DK-A1A6,2,train
TCGA-DK-A1A7,2,train
TCGA-DK-A1AA,2,train
TCGA-DK-A1AB,2,train
TCGA-DK-A1AC,2,train
TCGA-DK-A1AD,2,train
TCGA-DK-A1AE,2,train
TCGA-DK-A1AF,2,train
TCGA-DK-A1AG,2,train
TCGA-DK-A2HX,2,train
TCGA-DK-A2I2,2,train
TCGA-DK-A2I4,2,train
TCGA-DK-A2I6,2,train
TCGA-DK-A3IK,2,train
TCGA-DK-A3IL,2,train
TCGA-DK-A3IN,2,train
TCGA-DK-A3IT,2,train
TCGA-DK-A3IU,2,train
TCGA-DK-A3IV,2,train
TCGA-DK-A3WW,2,train
TCGA-DK-A3WX,2,train
TCGA-DK-A3WY,2,train
TCGA-DK-A3X1,2,train
TCGA-DK-A3X2,2,train
TCGA-DK-A6AW,2,train
TCGA-DK-A6B0,2,train
TCGA-DK-A6B2,2,train
TCGA-DK-A6B5,2,train
TCGA-DM-A0X9,2,train
TCGA-DM-A0XF,2,train
TCGA-DM-A1D6,2,train
TCGA-DM-A1D9,2,train
TCGA-DM-A28H,2,train
TCGA-DO-A1K0,2,train
TCGA-DO-A2HM,2,train
TCGA-DQ-5625,2,train
TCGA-DQ-5629,2,train
TCGA-DQ-5630,2,train
TCGA-DQ-5631,2,train
TCGA-DQ-7589,2,train
TCGA-DQ-7590,2,train
TCGA-DQ-7594,2,train
TCGA-DQ-7595,2,train
TCGA-DR-A0ZL,2,train
TCGA-DR-A0ZM,2,train
TCGA-DS-A0VK,2,train
TCGA-DS-A0VM,2,train
TCGA-DS-A0VN,2,train
TCGA-DS-A7WF,2,train
TCGA-DS-A7WH,2,train
TCGA-DS-A7WI,2,train
TCGA-DT-5265,2,train
TCGA-DU-5847,2,train
TCGA-DU-5849,2,train
TCGA-DU-5852,2,train
TCGA-DU-5853,2,train
TCGA-DU-5854,2,train
TCGA-DU-5855,2,train
TCGA-DU-5870,2,train
TCGA-DU-5871,2,train
TCGA-DU-6392,2,train
TCGA-DU-6393,2,train
TCGA-DU-6397,2,train
TCGA-DU-6399,2,train
TCGA-DU-6400,2,train
TCGA-DU-6401,2,train
TCGA-DU-6402,2,train
TCGA-DU-6404,2,train
TCGA-DU-6405,2,train
TCGA-DU-6407,2,train
TCGA-DU-6408,2,train
TCGA-DU-6542,2,train
TCGA-DU-7006,2,train
TCGA-DU-7007,2,train
TCGA-DU-7008,2,train
TCGA-DU-7010,2,train
TCGA-DU-7011,2,train
TCGA-DU-7012,2,train
TCGA-DU-7013,2,train
TCGA-DU-7014,2,train
TCGA-DU-7015,2,train
TCGA-DU-7018,2,train
TCGA-DU-7019,2,train
TCGA-DU-7290,2,train
TCGA-DU-7298,2,train
TCGA-DU-7299,2,train
TCGA-DU-7300,2,train
TCGA-DU-7301,2,train
TCGA-DU-7304,2,train
TCGA-DU-7306,2,train
TCGA-DU-7309,2,train
TCGA-DU-8158,2,train
TCGA-DU-8161,2,train
TCGA-DU-8162,2,train
TCGA-DU-8163,2,train
TCGA-DU-8164,2,train
TCGA-DU-8166,2,train
TCGA-DU-A5TP,2,train
TCGA-DU-A5TR,2,train
TCGA-DU-A5TU,2,train
TCGA-DU-A6S7,2,train
TCGA-DU-A76K,2,train
TCGA-DU-A76L,2,train
TCGA-DU-A76O,2,train
TCGA-DU-A76R,2,train
TCGA-DU-A7T8,2,train
TCGA-DU-A7TB,2,train
TCGA-DU-A7TC,2,train
TCGA-DU-A7TD,2,train
TCGA-DU-A7TJ,2,train
TCGA-DV-5565,2,train
TCGA-DV-5567,2,train
TCGA-DV-5569,2,train
TCGA-DV-5573,2,train
TCGA-DV-5574,2,train
TCGA-DV-5575,2,train
TCGA-DV-5576,2,train
TCGA-DV-A4VX,2,train
TCGA-DV-A4VZ,2,train
TCGA-DV-A4W0,2,train
TCGA-DW-5560,2,train
TCGA-DW-7834,2,train
TCGA-DW-7837,2,train
TCGA-DW-7839,2,train
TCGA-DW-7840,2,train
TCGA-DW-7841,2,train
TCGA-DX-A1KW,2,train
TCGA-DX-A1KX,2,train
TCGA-DX-A1KZ,2,train
TCGA-DX-A1L0,2,train
TCGA-DX-A1L3,2,train
TCGA-DX-A23T,2,train
TCGA-DX-A23U,2,train
TCGA-DX-A23Z,2,train
TCGA-DX-A240,2,train
TCGA-DX-A2IZ,2,train
TCGA-DX-A2J0,2,train
TCGA-DX-A2J1,2,train
TCGA-DX-A3LT,2,train
TCGA-DX-A3LY,2,train
TCGA-DX-A3M1,2,train
TCGA-DX-A3M2,2,train
TCGA-DX-A3U8,2,train
TCGA-DX-A3U9,2,train
TCGA-DX-A3UD,2,train
TCGA-DX-A3UE,2,train
TCGA-DX-A48J,2,train
TCGA-DX-A48K,2,train
TCGA-DX-A48L,2,train
TCGA-DX-A48P,2,train
TCGA-DX-A6B7,2,train
TCGA-DX-A6B8,2,train
TCGA-DX-A6BA,2,train
TCGA-DX-A6BF,2,train
TCGA-DX-A6BG,2,train
TCGA-DX-A6BH,2,train
TCGA-DX-A6BK,2,train
TCGA-DX-A6YT,2,train
TCGA-DX-A6YX,2,train
TCGA-DX-A6Z2,2,train
TCGA-DX-A7EF,2,train
TCGA-DX-A7EI,2,train
TCGA-DX-A7EL,2,train
TCGA-DX-A7EM,2,train
TCGA-DX-A7EN,2,train
TCGA-DX-A7ER,2,train
TCGA-DX-A7ET,2,train
TCGA-DX-A7EU,2,train
TCGA-DX-A8BG,2,train
TCGA-DX-A8BJ,2,train
TCGA-DX-A8BK,2,train
TCGA-DX-A8BL,2,train
TCGA-DX-A8BM,2,train
TCGA-DX-A8BP,2,train
TCGA-DX-A8BQ,2,train
TCGA-DX-A8BR,2,train
TCGA-DX-A8BS,2,train
TCGA-DX-A8BU,2,train
TCGA-DX-A8BX,2,train
TCGA-DX-A8BZ,2,train
TCGA-DX-AB2F,2,train
TCGA-DX-AB2H,2,train
TCGA-DX-AB2J,2,train
TCGA-DX-AB2L,2,train
TCGA-DX-AB2O,2,train
TCGA-DX-AB2Q,2,train
TCGA-DX-AB2T,2,train
TCGA-DX-AB2V,2,train
TCGA-DX-AB2X,2,train
TCGA-DX-AB2Z,2,train
TCGA-DX-AB32,2,train
TCGA-DX-AB35,2,train
TCGA-DX-AB37,2,train
TCGA-DX-AB3C,2,train
TCGA-DY-A0XA,2,train
TCGA-DY-A1DC,2,train
TCGA-E1-A7YD,2,train
TCGA-E1-A7YE,2,train
TCGA-E1-A7YH,2,train
TCGA-E1-A7YI,2,train
TCGA-E1-A7YJ,2,train
TCGA-E1-A7YL,2,train
TCGA-E1-A7YN,2,train
TCGA-E1-A7YO,2,train
TCGA-E1-A7YS,2,train
TCGA-E1-A7YV,2,train
TCGA-E1-A7YW,2,train
TCGA-E1-A7Z2,2,train
TCGA-E1-A7Z4,2,train
TCGA-E1-A7Z6,2,train
TCGA-E2-A105,2,train
TCGA-E2-A106,2,train
TCGA-E2-A107,2,train
TCGA-E2-A109,2,train
TCGA-E2-A10B,2,train
TCGA-E2-A10C,2,train
TCGA-E2-A10F,2,train
TCGA-E2-A14N,2,train
TCGA-E2-A14O,2,train
TCGA-E2-A14Q,2,train
TCGA-E2-A14T,2,train
TCGA-E2-A14U,2,train
TCGA-E2-A14V,2,train
TCGA-E2-A14W,2,train
TCGA-E2-A14Y,2,train
TCGA-E2-A14Z,2,train
TCGA-E2-A150,2,train
TCGA-E2-A152,2,train
TCGA-E2-A154,2,train
TCGA-E2-A158,2,train
TCGA-E2-A159,2,train
TCGA-E2-A15A,2,train
TCGA-E2-A15D,2,train
TCGA-E2-A15F,2,train
TCGA-E2-A15G,2,train
TCGA-E2-A15J,2,train
TCGA-E2-A15K,2,train
TCGA-E2-A15L,2,train
TCGA-E2-A15P,2,train
TCGA-E2-A15R,2,train
TCGA-E2-A15S,2,train
TCGA-E2-A15T,2,train
TCGA-E2-A1B0,2,train
TCGA-E2-A1B1,2,train
TCGA-E2-A1B4,2,train
TCGA-E2-A1B6,2,train
TCGA-E2-A1BC,2,train
TCGA-E2-A1BD,2,train
TCGA-E2-A1IE,2,train
TCGA-E2-A1IF,2,train
TCGA-E2-A1II,2,train
TCGA-E2-A1IJ,2,train
TCGA-E2-A1IL,2,train
TCGA-E2-A1IN,2,train
TCGA-E2-A1IO,2,train
TCGA-E2-A1L6,2,train
TCGA-E2-A1L7,2,train
TCGA-E2-A1L8,2,train
TCGA-E2-A1L9,2,train
TCGA-E2-A2P5,2,train
TCGA-E2-A2P6,2,train
TCGA-E2-A3DX,2,train
TCGA-E2-A570,2,train
TCGA-E2-A572,2,train
TCGA-E2-A573,2,train
TCGA-E2-A576,2,train
TCGA-E3-A3DY,2,train
TCGA-E3-A3DZ,2,train
TCGA-E3-A3E0,2,train
TCGA-E3-A3E1,2,train
TCGA-E3-A3E5,2,train
TCGA-E5-A2PC,2,train
TCGA-E5-A4U1,2,train
TCGA-E6-A1LX,2,train
TCGA-E6-A2P8,2,train
TCGA-E7-A3X6,2,train
TCGA-E7-A3Y1,2,train
TCGA-E7-A4IJ,2,train
TCGA-E7-A4XJ,2,train
TCGA-E7-A519,2,train
TCGA-E7-A541,2,train
TCGA-E7-A5KE,2,train
TCGA-E7-A5KF,2,train
TCGA-E7-A677,2,train
TCGA-E7-A678,2,train
TCGA-E7-A6MD,2,train
TCGA-E7-A6ME,2,train
TCGA-E7-A7DU,2,train
TCGA-E7-A7DV,2,train
TCGA-E7-A7PW,2,train
TCGA-E7-A7XN,2,train
TCGA-E7-A8O7,2,train
TCGA-E7-A8O8,2,train
TCGA-E7-A97P,2,train
TCGA-E7-A97Q,2,train
TCGA-E8-A242,2,train
TCGA-E8-A2EA,2,train
TCGA-E8-A2JQ,2,train
TCGA-E8-A413,2,train
TCGA-E8-A415,2,train
TCGA-E8-A417,2,train
TCGA-E8-A419,2,train
TCGA-E8-A432,2,train
TCGA-E8-A433,2,train
TCGA-E8-A434,2,train
TCGA-E8-A436,2,train
TCGA-E8-A438,2,train
TCGA-E8-A44K,2,train
TCGA-E8-A44M,2,train
TCGA-E9-A1N3,2,train
TCGA-E9-A1N4,2,train
TCGA-E9-A1N5,2,train
TCGA-E9-A1N9,2,train
TCGA-E9-A1NC,2,train
TCGA-E9-A1ND,2,train
TCGA-E9-A1NE,2,train
TCGA-E9-A1NF,2,train
TCGA-E9-A1NG,2,train
TCGA-E9-A1NH,2,train
TCGA-E9-A1NI,2,train
TCGA-E9-A1QZ,2,train
TCGA-E9-A1R0,2,train
TCGA-E9-A1R2,2,train
TCGA-E9-A1R3,2,train
TCGA-E9-A1R4,2,train
TCGA-E9-A1R5,2,train
TCGA-E9-A1R6,2,train
TCGA-E9-A1R7,2,train
TCGA-E9-A1RD,2,train
TCGA-E9-A1RG,2,train
TCGA-E9-A1RH,2,train
TCGA-E9-A1RI,2,train
TCGA-E9-A226,2,train
TCGA-E9-A227,2,train
TCGA-E9-A228,2,train
TCGA-E9-A229,2,train
TCGA-E9-A22B,2,train
TCGA-E9-A22D,2,train
TCGA-E9-A22E,2,train
TCGA-E9-A22G,2,train
TCGA-E9-A22H,2,train
TCGA-E9-A243,2,train
TCGA-E9-A244,2,train
TCGA-E9-A245,2,train
TCGA-E9-A247,2,train
TCGA-E9-A249,2,train
TCGA-E9-A24A,2,train
TCGA-E9-A295,2,train
TCGA-E9-A2JT,2,train
TCGA-E9-A3HO,2,train
TCGA-E9-A3Q9,2,train
TCGA-E9-A54X,2,train
TCGA-E9-A54Y,2,train
TCGA-E9-A5FL,2,train
TCGA-E9-A5UO,2,train
TCGA-E9-A6HE,2,train
TCGA-EA-A1QT,2,train
TCGA-EA-A3HR,2,train
TCGA-EA-A3HS,2,train
TCGA-EA-A3HT,2,train
TCGA-EA-A3HU,2,train
TCGA-EA-A3QD,2,train
TCGA-EA-A3Y4,2,train
TCGA-EA-A410,2,train
TCGA-EA-A411,2,train
TCGA-EA-A439,2,train
TCGA-EA-A44S,2,train
TCGA-EA-A50E,2,train
TCGA-EA-A556,2,train
TCGA-EA-A5O9,2,train
TCGA-EA-A5ZE,2,train
TCGA-EA-A5ZF,2,train
TCGA-EA-A97N,2,train
TCGA-EB-A1NK,2,train
TCGA-EB-A24C,2,train
TCGA-EB-A24D,2,train
TCGA-EB-A299,2,train
TCGA-EB-A3HV,2,train
TCGA-EB-A3XB,2,train
TCGA-EB-A3XC,2,train
TCGA-EB-A3XD,2,train
TCGA-EB-A3XE,2,train
TCGA-EB-A3XF,2,train
TCGA-EB-A3Y7,2,train
TCGA-EB-A42Y,2,train
TCGA-EB-A430,2,train
TCGA-EB-A431,2,train
TCGA-EB-A44N,2,train
TCGA-EB-A44P,2,train
TCGA-EB-A4IQ,2,train
TCGA-EB-A4IS,2,train
TCGA-EB-A4OY,2,train
TCGA-EB-A4P0,2,train
TCGA-EB-A4XL,2,train
TCGA-EB-A551,2,train
TCGA-EB-A553,2,train
TCGA-EB-A57M,2,train
TCGA-EB-A5FP,2,train
TCGA-EB-A5SE,2,train
TCGA-EB-A5SF,2,train
TCGA-EB-A6QY,2,train
TCGA-EB-A82B,2,train
TCGA-EB-A82C,2,train
TCGA-EB-A85I,2,train
TCGA-EB-A85J,2,train
TCGA-EB-A97M,2,train
TCGA-EC-A1NJ,2,train
TCGA-EC-A1QX,2,train
TCGA-EC-A24G,2,train
TCGA-ED-A459,2,train
TCGA-ED-A4XI,2,train
TCGA-ED-A627,2,train
TCGA-ED-A66X,2,train
TCGA-ED-A66Y,2,train
TCGA-ED-A7PX,2,train
TCGA-ED-A7PY,2,train
TCGA-ED-A7PZ,2,train
TCGA-ED-A7XO,2,train
TCGA-ED-A7XP,2,train
TCGA-ED-A82E,2,train
TCGA-ED-A8O5,2,train
TCGA-ED-A8O6,2,train
TCGA-ED-A97K,2,train
TCGA-EF-5830,2,train
TCGA-EI-6506,2,train
TCGA-EI-6509,2,train
TCGA-EI-6510,2,train
TCGA-EI-6512,2,train
TCGA-EI-6513,2,train
TCGA-EI-6514,2,train
TCGA-EI-6881,2,train
TCGA-EI-6882,2,train
TCGA-EI-6883,2,train
TCGA-EI-6884,2,train
TCGA-EI-6917,2,train
TCGA-EI-7002,2,train
TCGA-EJ-5494,2,train
TCGA-EJ-5495,2,train
TCGA-EJ-5496,2,train
TCGA-EJ-5497,2,train
TCGA-EJ-5498,2,train
TCGA-EJ-5499,2,train
TCGA-EJ-5501,2,train
TCGA-EJ-5502,2,train
TCGA-EJ-5503,2,train
TCGA-EJ-5504,2,train
TCGA-EJ-5505,2,train
TCGA-EJ-5506,2,train
TCGA-EJ-5507,2,train
TCGA-EJ-5508,2,train
TCGA-EJ-5509,2,train
TCGA-EJ-5510,2,train
TCGA-EJ-5512,2,train
TCGA-EJ-5514,2,train
TCGA-EJ-5515,2,train
TCGA-EJ-5516,2,train
TCGA-EJ-5517,2,train
TCGA-EJ-5519,2,train
TCGA-EJ-5521,2,train
TCGA-EJ-5522,2,train
TCGA-EJ-5524,2,train
TCGA-EJ-5525,2,train
TCGA-EJ-5526,2,train
TCGA-EJ-5527,2,train
TCGA-EJ-5530,2,train
TCGA-EJ-5532,2,train
TCGA-EJ-5542,2,train
TCGA-EJ-7123,2,train
TCGA-EJ-7314,2,train
TCGA-EJ-7315,2,train
TCGA-EJ-7317,2,train
TCGA-EJ-7327,2,train
TCGA-EJ-7328,2,train
TCGA-EJ-7330,2,train
TCGA-EJ-7331,2,train
TCGA-EJ-7783,2,train
TCGA-EJ-7784,2,train
TCGA-EJ-7785,2,train
TCGA-EJ-7786,2,train
TCGA-EJ-7788,2,train
TCGA-EJ-7791,2,train
TCGA-EJ-7792,2,train
TCGA-EJ-7793,2,train
TCGA-EJ-7794,2,train
TCGA-EJ-7797,2,train
TCGA-EJ-A46B,2,train
TCGA-EJ-A46D,2,train
TCGA-EJ-A46E,2,train
TCGA-EJ-A46G,2,train
TCGA-EJ-A46I,2,train
TCGA-EL-A3CM,2,train
TCGA-EL-A3CN,2,train
TCGA-EL-A3CR,2,train
TCGA-EL-A3CS,2,train
TCGA-EL-A3CV,2,train
TCGA-EL-A3CY,2,train
TCGA-EL-A3CZ,2,train
TCGA-EL-A3D0,2,train
TCGA-EL-A3GO,2,train
TCGA-EL-A3GP,2,train
TCGA-EL-A3GU,2,train
TCGA-EL-A3GW,2,train
TCGA-EL-A3GZ,2,train
TCGA-EL-A3H1,2,train
TCGA-EL-A3H2,2,train
TCGA-EL-A3H3,2,train
TCGA-EL-A3H4,2,train
TCGA-EL-A3H5,2,train
TCGA-EL-A3H7,2,train
TCGA-EL-A3H8,2,train
TCGA-EL-A3MW,2,train
TCGA-EL-A3MZ,2,train
TCGA-EL-A3N3,2,train
TCGA-EL-A3T1,2,train
TCGA-EL-A3T2,2,train
TCGA-EL-A3T3,2,train
TCGA-EL-A3T6,2,train
TCGA-EL-A3T7,2,train
TCGA-EL-A3TA,2,train
TCGA-EL-A3TB,2,train
TCGA-EL-A3ZG,2,train
TCGA-EL-A3ZH,2,train
TCGA-EL-A3ZK,2,train
TCGA-EL-A3ZL,2,train
TCGA-EL-A3ZM,2,train
TCGA-EL-A3ZN,2,train
TCGA-EL-A3ZO,2,train
TCGA-EL-A3ZP,2,train
TCGA-EL-A3ZQ,2,train
TCGA-EL-A3ZR,2,train
TCGA-EL-A3ZS,2,train
TCGA-EL-A4JV,2,train
TCGA-EL-A4JW,2,train
TCGA-EL-A4JX,2,train
TCGA-EL-A4K0,2,train
TCGA-EL-A4K1,2,train
TCGA-EL-A4K4,2,train
TCGA-EL-A4K7,2,train
TCGA-EL-A4K9,2,train
TCGA-EL-A4KD,2,train
TCGA-EM-A1CT,2,train
TCGA-EM-A1CU,2,train
TCGA-EM-A1CV,2,train
TCGA-EM-A1CW,2,train
TCGA-EM-A1YA,2,train
TCGA-EM-A1YB,2,train
TCGA-EM-A1YC,2,train
TCGA-EM-A1YE,2,train
TCGA-EM-A22I,2,train
TCGA-EM-A22J,2,train
TCGA-EM-A22K,2,train
TCGA-EM-A22L,2,train
TCGA-EM-A22M,2,train
TCGA-EM-A22N,2,train
TCGA-EM-A22O,2,train
TCGA-EM-A22P,2,train
TCGA-EM-A22Q,2,train
TCGA-EM-A2CJ,2,train
TCGA-EM-A2CK,2,train
TCGA-EM-A2CM,2,train
TCGA-EM-A2CO,2,train
TCGA-EM-A2CQ,2,train
TCGA-EM-A2CR,2,train
TCGA-EM-A2CS,2,train
TCGA-EM-A2OX,2,train
TCGA-EM-A2OZ,2,train
TCGA-EM-A2P0,2,train
TCGA-EM-A2P1,2,train
TCGA-EM-A2P3,2,train
TCGA-EM-A3AI,2,train
TCGA-EM-A3AN,2,train
TCGA-EM-A3AO,2,train
TCGA-EM-A3AP,2,train
TCGA-EM-A3AQ,2,train
TCGA-EM-A3AR,2,train
TCGA-EM-A3FJ,2,train
TCGA-EM-A3FK,2,train
TCGA-EM-A3FM,2,train
TCGA-EM-A3FN,2,train
TCGA-EM-A3FO,2,train
TCGA-EM-A3FP,2,train
TCGA-EM-A3FQ,2,train
TCGA-EM-A3FR,2,train
TCGA-EM-A3O3,2,train
TCGA-EM-A3O6,2,train
TCGA-EM-A3O7,2,train
TCGA-EM-A3O8,2,train
TCGA-EM-A3O9,2,train
TCGA-EM-A3OA,2,train
TCGA-EM-A3OB,2,train
TCGA-EM-A3ST,2,train
TCGA-EM-A3SU,2,train
TCGA-EM-A3SX,2,train
TCGA-EM-A3SY,2,train
TCGA-EM-A3SZ,2,train
TCGA-EM-A4FF,2,train
TCGA-EM-A4FH,2,train
TCGA-EM-A4FK,2,train
TCGA-EM-A4FM,2,train
TCGA-EM-A4FN,2,train
TCGA-EM-A4FO,2,train
TCGA-EM-A4FQ,2,train
TCGA-EM-A4FV,2,train
TCGA-EM-A4G1,2,train
TCGA-EO-A1Y8,2,train
TCGA-EO-A22T,2,train
TCGA-EO-A22U,2,train
TCGA-EO-A22Y,2,train
TCGA-EO-A2CH,2,train
TCGA-EO-A3AV,2,train
TCGA-EO-A3AY,2,train
TCGA-EO-A3AZ,2,train
TCGA-EO-A3B0,2,train
TCGA-EO-A3B1,2,train
TCGA-EO-A3KU,2,train
TCGA-EO-A3L0,2,train
TCGA-EP-A12J,2,train
TCGA-EP-A26S,2,train
TCGA-EP-A2KA,2,train
TCGA-EP-A2KB,2,train
TCGA-EP-A2KC,2,train
TCGA-EP-A3JL,2,train
TCGA-EQ-5647,2,train
TCGA-EQ-A4SO,2,train
TCGA-ER-A194,2,train
TCGA-ER-A196,2,train
TCGA-ER-A19K,2,train
TCGA-ER-A19T,2,train
TCGA-ER-A2NF,2,train
TCGA-ET-A25I,2,train
TCGA-ET-A25J,2,train
TCGA-ET-A25K,2,train
TCGA-ET-A25L,2,train
TCGA-ET-A25N,2,train
TCGA-ET-A25O,2,train
TCGA-ET-A25R,2,train
TCGA-ET-A2MX,2,train
TCGA-ET-A2N5,2,train
TCGA-ET-A39I,2,train
TCGA-ET-A39J,2,train
TCGA-ET-A39L,2,train
TCGA-ET-A39M,2,train
TCGA-ET-A39N,2,train
TCGA-ET-A39P,2,train
TCGA-ET-A39R,2,train
TCGA-ET-A39T,2,train
TCGA-ET-A3BN,2,train
TCGA-ET-A3BP,2,train
TCGA-ET-A3BT,2,train
TCGA-ET-A3BV,2,train
TCGA-ET-A3BW,2,train
TCGA-ET-A3BX,2,train
TCGA-ET-A3DO,2,train
TCGA-ET-A3DP,2,train
TCGA-ET-A3DR,2,train
TCGA-ET-A3DS,2,train
TCGA-ET-A3DT,2,train
TCGA-ET-A3DU,2,train
TCGA-ET-A3DW,2,train
TCGA-ET-A40Q,2,train
TCGA-ET-A40T,2,train
TCGA-ET-A4KQ,2,train
TCGA-EU-5905,2,train
TCGA-EU-5906,2,train
TCGA-EU-5907,2,train
TCGA-EV-5901,2,train
TCGA-EV-5902,2,train
TCGA-EV-5903,2,train
TCGA-EW-A1IW,2,train
TCGA-EW-A1IZ,2,train
TCGA-EW-A1J2,2,train
TCGA-EW-A1J3,2,train
TCGA-EW-A1J5,2,train
TCGA-EW-A1J6,2,train
TCGA-EW-A1OV,2,train
TCGA-EW-A1OW,2,train
TCGA-EW-A1OX,2,train
TCGA-EW-A1OZ,2,train
TCGA-EW-A1P5,2,train
TCGA-EW-A1P6,2,train
TCGA-EW-A1P7,2,train
TCGA-EW-A1P8,2,train
TCGA-EW-A1PA,2,train
TCGA-EW-A1PB,2,train
TCGA-EW-A1PC,2,train
TCGA-EW-A1PD,2,train
TCGA-EW-A1PE,2,train
TCGA-EW-A1PF,2,train
TCGA-EW-A1PG,2,train
TCGA-EW-A1PH,2,train
TCGA-EW-A2FR,2,train
TCGA-EW-A2FS,2,train
TCGA-EW-A2FV,2,train
TCGA-EW-A2FW,2,train
TCGA-EW-A3E8,2,train
TCGA-EW-A3U0,2,train
TCGA-EW-A423,2,train
TCGA-EW-A424,2,train
TCGA-EW-A6SA,2,train
TCGA-EW-A6SB,2,train
TCGA-EW-A6SC,2,train
TCGA-EW-A6SD,2,train
TCGA-EX-A1H5,2,train
TCGA-EX-A1H6,2,train
TCGA-EX-A69M,2,train
TCGA-EX-A8YF,2,train
TCGA-EY-A1G8,2,train
TCGA-EY-A1GD,2,train
TCGA-EY-A1GE,2,train
TCGA-EY-A1GF,2,train
TCGA-EY-A1GH,2,train
TCGA-EY-A1GK,2,train
TCGA-EY-A1GL,2,train
TCGA-EY-A1GM,2,train
TCGA-EY-A1GQ,2,train
TCGA-EY-A1GR,2,train
TCGA-EY-A1GS,2,train
TCGA-EY-A1GT,2,train
TCGA-EY-A1GU,2,train
TCGA-EY-A1GV,2,train
TCGA-EY-A1GW,2,train
TCGA-EY-A1GX,2,train
TCGA-EY-A1H0,2,train
TCGA-EY-A212,2,train
TCGA-EY-A214,2,train
TCGA-EY-A215,2,train
TCGA-EY-A2OM,2,train
TCGA-EY-A3QX,2,train
TCGA-EY-A4KR,2,train
TCGA-EY-A5W2,2,train
TCGA-EZ-7264,2,train
TCGA-F1-6874,2,train
TCGA-F1-6875,2,train
TCGA-F1-A448,2,train
TCGA-F2-6879,2,train
TCGA-F2-7276,2,train
TCGA-F2-A44H,2,train
TCGA-F2-A7TX,2,train
TCGA-F4-6460,2,train
TCGA-F4-6463,2,train
TCGA-F4-6569,2,train
TCGA-F4-6703,2,train
TCGA-F4-6704,2,train
TCGA-F4-6805,2,train
TCGA-F4-6807,2,train
TCGA-F4-6808,2,train
TCGA-F4-6809,2,train
TCGA-F4-6854,2,train
TCGA-F4-6855,2,train
TCGA-F5-6464,2,train
TCGA-F5-6465,2,train
TCGA-F5-6571,2,train
TCGA-F5-6810,2,train
TCGA-F5-6811,2,train
TCGA-F5-6812,2,train
TCGA-F5-6863,2,train
TCGA-F5-6864,2,train
TCGA-F6-A8O3,2,train
TCGA-F6-A8O4,2,train
TCGA-F7-7848,2,train
TCGA-F7-8298,2,train
TCGA-F7-8489,2,train
TCGA-F7-A50I,2,train
TCGA-F7-A50J,2,train
TCGA-F7-A61V,2,train
TCGA-F7-A61W,2,train
TCGA-F7-A620,2,train
TCGA-F7-A624,2,train
TCGA-F9-A4JJ,2,train
TCGA-F9-A7Q0,2,train
TCGA-F9-A7VF,2,train
TCGA-F9-A8NY,2,train
TCGA-F9-A97G,2,train
TCGA-FB-A4P5,2,train
TCGA-FB-A4P6,2,train
TCGA-FB-A545,2,train
TCGA-FB-A5VM,2,train
TCGA-FB-A78T,2,train
TCGA-FB-A7DR,2,train
TCGA-FB-AAPP,2,train
TCGA-FB-AAPS,2,train
TCGA-FB-AAPU,2,train
TCGA-FB-AAPY,2,train
TCGA-FB-AAQ0,2,train
TCGA-FB-AAQ1,2,train
TCGA-FB-AAQ3,2,train
TCGA-FB-AAQ6,2,train
TCGA-FC-7708,2,train
TCGA-FC-7961,2,train
TCGA-FC-A5OB,2,train
TCGA-FC-A66V,2,train
TCGA-FC-A6HD,2,train
TCGA-FD-A3B3,2,train
TCGA-FD-A3B4,2,train
TCGA-FD-A3B5,2,train
TCGA-FD-A3B6,2,train
TCGA-FD-A3B7,2,train
TCGA-FD-A3B8,2,train
TCGA-FD-A3N5,2,train
TCGA-FD-A3N6,2,train
TCGA-FD-A3SJ,2,train
TCGA-FD-A3SL,2,train
TCGA-FD-A3SN,2,train
TCGA-FD-A3SO,2,train
TCGA-FD-A3SP,2,train
TCGA-FD-A3SQ,2,train
TCGA-FD-A3SS,2,train
TCGA-FD-A43N,2,train
TCGA-FD-A43P,2,train
TCGA-FD-A43S,2,train
TCGA-FD-A43U,2,train
TCGA-FD-A43X,2,train
TCGA-FD-A43Y,2,train
TCGA-FD-A5BR,2,train
TCGA-FD-A5BS,2,train
TCGA-FD-A5BT,2,train
TCGA-FD-A5BU,2,train
TCGA-FD-A5BX,2,train
TCGA-FD-A5BZ,2,train
TCGA-FD-A5C0,2,train
TCGA-FD-A5C1,2,train
TCGA-FD-A62N,2,train
TCGA-FD-A62O,2,train
TCGA-FD-A62P,2,train
TCGA-FD-A6TC,2,train
TCGA-FD-A6TD,2,train
TCGA-FD-A6TE,2,train
TCGA-FD-A6TF,2,train
TCGA-FD-A6TI,2,train
TCGA-FD-A6TK,2,train
TCGA-FE-A22Z,2,train
TCGA-FE-A230,2,train
TCGA-FE-A231,2,train
TCGA-FE-A232,2,train
TCGA-FE-A234,2,train
TCGA-FE-A236,2,train
TCGA-FE-A237,2,train
TCGA-FE-A238,2,train
TCGA-FE-A239,2,train
TCGA-FE-A23A,2,train
TCGA-FE-A3PA,2,train
TCGA-FE-A3PB,2,train
TCGA-FE-A3PC,2,train
TCGA-FG-5964,2,train
TCGA-FG-6688,2,train
TCGA-FG-6690,2,train
TCGA-FG-6691,2,train
TCGA-FG-6692,2,train
TCGA-FG-7634,2,train
TCGA-FG-7636,2,train
TCGA-FG-7637,2,train
TCGA-FG-7638,2,train
TCGA-FG-7641,2,train
TCGA-FG-8182,2,train
TCGA-FG-8185,2,train
TCGA-FG-8186,2,train
TCGA-FG-8187,2,train
TCGA-FG-8191,2,train
TCGA-FG-A4MW,2,train
TCGA-FG-A4MY,2,train
TCGA-FG-A60J,2,train
TCGA-FG-A60K,2,train
TCGA-FG-A6IZ,2,train
TCGA-FG-A6J1,2,train
TCGA-FG-A6J3,2,train
TCGA-FG-A70Y,2,train
TCGA-FG-A711,2,train
TCGA-FG-A87N,2,train
TCGA-FI-A2CX,2,train
TCGA-FI-A2CY,2,train
TCGA-FI-A2D2,2,train
TCGA-FI-A2D4,2,train
TCGA-FI-A2D5,2,train
TCGA-FI-A2D6,2,train
TCGA-FI-A2EW,2,train
TCGA-FI-A2EX,2,train
TCGA-FI-A2F4,2,train
TCGA-FI-A2F8,2,train
TCGA-FI-A2F9,2,train
TCGA-FI-A3PX,2,train
TCGA-FJ-A3Z7,2,train
TCGA-FJ-A3Z9,2,train
TCGA-FJ-A3ZE,2,train
TCGA-FJ-A871,2,train
TCGA-FK-A3S3,2,train
TCGA-FK-A3SB,2,train
TCGA-FK-A3SD,2,train
TCGA-FK-A3SE,2,train
TCGA-FK-A3SG,2,train
TCGA-FK-A3SH,2,train
TCGA-FK-A4UB,2,train
TCGA-FN-7833,2,train
TCGA-FP-7735,2,train
TCGA-FP-7829,2,train
TCGA-FP-7916,2,train
TCGA-FP-8099,2,train
TCGA-FP-8209,2,train
TCGA-FP-8210,2,train
TCGA-FP-A4BE,2,train
TCGA-FP-A8CX,2,train
TCGA-FP-A9TM,2,train
TCGA-FR-A2OS,2,train
TCGA-FR-A3R1,2,train
TCGA-FR-A728,2,train
TCGA-FT-A3EE,2,train
TCGA-FU-A23K,2,train
TCGA-FU-A23L,2,train
TCGA-FU-A2QG,2,train
TCGA-FU-A3HY,2,train
TCGA-FU-A3HZ,2,train
TCGA-FU-A3NI,2,train
TCGA-FU-A3TX,2,train
TCGA-FU-A3WB,2,train
TCGA-FU-A3YQ,2,train
TCGA-FU-A40J,2,train
TCGA-FU-A57G,2,train
TCGA-FU-A5XV,2,train
TCGA-FU-A770,2,train
TCGA-FV-A2QQ,2,train
TCGA-FV-A3I1,2,train
TCGA-FV-A495,2,train
TCGA-FV-A496,2,train
TCGA-FV-A4ZQ,2,train
TCGA-FX-A2QS,2,train
TCGA-FX-A3NJ,2,train
TCGA-FX-A3NK,2,train
TCGA-FX-A48G,2,train
TCGA-FX-A76Y,2,train
TCGA-FY-A2QD,2,train
TCGA-FY-A3BL,2,train
TCGA-FY-A3I4,2,train
TCGA-FY-A3ON,2,train
TCGA-FY-A3R8,2,train
TCGA-FY-A3RA,2,train
TCGA-FY-A3TY,2,train
TCGA-FY-A3W9,2,train
TCGA-FY-A3WA,2,train
TCGA-FY-A3YR,2,train
TCGA-FY-A40L,2,train
TCGA-FY-A40M,2,train
TCGA-FY-A40N,2,train
TCGA-FY-A4B0,2,train
TCGA-FY-A4B3,2,train
TCGA-FZ-5919,2,train
TCGA-FZ-5920,2,train
TCGA-FZ-5923,2,train
TCGA-FZ-5924,2,train
TCGA-G2-A2EC,2,train
TCGA-G2-A2EF,2,train
TCGA-G2-A2EJ,2,train
TCGA-G2-A2EO,2,train
TCGA-G2-A2ES,2,train
TCGA-G2-A3IB,2,train
TCGA-G2-A3IE,2,train
TCGA-G2-A3VY,2,train
TCGA-G2-AA3B,2,train
TCGA-G2-AA3C,2,train
TCGA-G2-AA3D,2,train
TCGA-G2-AA3F,2,train
TCGA-G3-A25S,2,train
TCGA-G3-A25T,2,train
TCGA-G3-A25U,2,train
TCGA-G3-A25V,2,train
TCGA-G3-A25Z,2,train
TCGA-G3-A3CI,2,train
TCGA-G3-A3CJ,2,train
TCGA-G3-A5SI,2,train
TCGA-G3-A5SJ,2,train
TCGA-G3-A5SK,2,train
TCGA-G3-A5SM,2,train
TCGA-G3-A6UC,2,train
TCGA-G3-A7M5,2,train
TCGA-G3-A7M6,2,train
TCGA-G3-A7M7,2,train
TCGA-G3-AAUZ,2,train
TCGA-G3-AAV0,2,train
TCGA-G3-AAV2,2,train
TCGA-G3-AAV3,2,train
TCGA-G3-AAV5,2,train
TCGA-G3-AAV6,2,train
TCGA-G3-AAV7,2,train
TCGA-G4-6293,2,train
TCGA-G4-6302,2,train
TCGA-G4-6304,2,train
TCGA-G4-6306,2,train
TCGA-G4-6311,2,train
TCGA-G4-6320,2,train
TCGA-G4-6588,2,train
TCGA-G4-6626,2,train
TCGA-G4-6627,2,train
TCGA-G5-6641,2,train
TCGA-G6-A5PC,2,train
TCGA-G6-A8L7,2,train
TCGA-G7-6789,2,train
TCGA-G7-6793,2,train
TCGA-G7-6795,2,train
TCGA-G7-6796,2,train
TCGA-G7-6797,2,train
TCGA-G7-7501,2,train
TCGA-G7-7502,2,train
TCGA-G7-A8LB,2,train
TCGA-G7-A8LD,2,train
TCGA-G7-A8LE,2,train
TCGA-G9-6329,2,train
TCGA-G9-6338,2,train
TCGA-G9-6342,2,train
TCGA-G9-6343,2,train
TCGA-G9-6351,2,train
TCGA-G9-6361,2,train
TCGA-G9-6362,2,train
TCGA-G9-6364,2,train
TCGA-G9-6365,2,train
TCGA-G9-6373,2,train
TCGA-G9-6384,2,train
TCGA-G9-6494,2,train
TCGA-G9-6499,2,train
TCGA-G9-7509,2,train
TCGA-G9-7510,2,train
TCGA-G9-7519,2,train
TCGA-G9-7521,2,train
TCGA-G9-A9S4,2,train
TCGA-G9-A9S7,2,train
TCGA-GC-A3BM,2,train
TCGA-GC-A3OO,2,train
TCGA-GC-A3RB,2,train
TCGA-GC-A3RD,2,train
TCGA-GC-A3YS,2,train
TCGA-GC-A4ZW,2,train
TCGA-GC-A6I1,2,train
TCGA-GC-A6I3,2,train
TCGA-GD-A2C5,2,train
TCGA-GD-A3OP,2,train
TCGA-GD-A3OQ,2,train
TCGA-GD-A3OS,2,train
TCGA-GD-A6C6,2,train
TCGA-GF-A2C7,2,train
TCGA-GF-A769,2,train
TCGA-GH-A9DA,2,train
TCGA-GJ-A3OU,2,train
TCGA-GJ-A6C0,2,train
TCGA-GJ-A9DB,2,train
TCGA-GK-A6C7,2,train
TCGA-GL-7966,2,train
TCGA-GL-A4EM,2,train
TCGA-GL-A59R,2,train
TCGA-GL-A59T,2,train
TCGA-GL-A9DC,2,train
TCGA-GL-A9DD,2,train
TCGA-GL-A9DE,2,train
TCGA-GM-A2DB,2,train
TCGA-GM-A2DD,2,train
TCGA-GM-A2DH,2,train
TCGA-GM-A2DK,2,train
TCGA-GM-A2DM,2,train
TCGA-GM-A2DO,2,train
TCGA-GM-A3NW,2,train
TCGA-GM-A3NY,2,train
TCGA-GM-A3XG,2,train
TCGA-GM-A3XL,2,train
TCGA-GN-A263,2,train
TCGA-GN-A269,2,train
TCGA-GN-A8LN,2,train
TCGA-GU-A42P,2,train
TCGA-GU-A42Q,2,train
TCGA-GU-A42R,2,train
TCGA-GU-A763,2,train
TCGA-GU-A764,2,train
TCGA-GU-A767,2,train
TCGA-GU-AATO,2,train
TCGA-GU-AATP,2,train
TCGA-GV-A3JV,2,train
TCGA-GV-A3JW,2,train
TCGA-GV-A3JX,2,train
TCGA-GV-A3QG,2,train
TCGA-GV-A3QH,2,train
TCGA-GV-A3QI,2,train
TCGA-GV-A3QK,2,train
TCGA-GV-A40G,2,train
TCGA-GV-A6ZA,2,train
TCGA-H2-A3RH,2,train
TCGA-H6-A45N,2,train
TCGA-H7-A6C4,2,train
TCGA-H7-A6C5,2,train
TCGA-H8-A6C1,2,train
TCGA-H9-7775,2,train
TCGA-H9-A6BX,2,train
TCGA-H9-A6BY,2,train
TCGA-HB-A3L4,2,train
TCGA-HC-7075,2,train
TCGA-HC-7077,2,train
TCGA-HC-7078,2,train
TCGA-HC-7079,2,train
TCGA-HC-7080,2,train
TCGA-HC-7081,2,train
TCGA-HC-7209,2,train
TCGA-HC-7210,2,train
TCGA-HC-7212,2,train
TCGA-HC-7213,2,train
TCGA-HC-7230,2,train
TCGA-HC-7232,2,train
TCGA-HC-7736,2,train
TCGA-HC-7744,2,train
TCGA-HC-7745,2,train
TCGA-HC-7747,2,train
TCGA-HC-7749,2,train
TCGA-HC-7752,2,train
TCGA-HC-7817,2,train
TCGA-HC-7818,2,train
TCGA-HC-7819,2,train
TCGA-HC-7820,2,train
TCGA-HC-7821,2,train
TCGA-HC-8213,2,train
TCGA-HC-8216,2,train
TCGA-HC-8256,2,train
TCGA-HC-8257,2,train
TCGA-HC-8258,2,train
TCGA-HC-8259,2,train
TCGA-HC-8260,2,train
TCGA-HC-8261,2,train
TCGA-HC-8262,2,train
TCGA-HC-8264,2,train
TCGA-HC-8265,2,train
TCGA-HC-8266,2,train
TCGA-HC-A631,2,train
TCGA-HC-A632,2,train
TCGA-HC-A6AL,2,train
TCGA-HC-A6AS,2,train
TCGA-HC-A6HY,2,train
TCGA-HC-A76X,2,train
TCGA-HC-A8CY,2,train
TCGA-HC-A8D0,2,train
TCGA-HC-A8D1,2,train
TCGA-HC-A9TE,2,train
TCGA-HD-7229,2,train
TCGA-HD-7754,2,train
TCGA-HD-7831,2,train
TCGA-HD-7832,2,train
TCGA-HD-A4C1,2,train
TCGA-HD-A633,2,train
TCGA-HD-A634,2,train
TCGA-HD-A6I0,2,train
TCGA-HE-7128,2,train
TCGA-HE-7130,2,train
TCGA-HE-A5NH,2,train
TCGA-HE-A5NJ,2,train
TCGA-HE-A5NK,2,train
TCGA-HE-A5NL,2,train
TCGA-HF-7131,2,train
TCGA-HF-7132,2,train
TCGA-HF-7133,2,train
TCGA-HF-7134,2,train
TCGA-HF-A5NB,2,train
TCGA-HG-A2PA,2,train
TCGA-HI-7168,2,train
TCGA-HI-7169,2,train
TCGA-HI-7171,2,train
TCGA-HJ-7597,2,train
TCGA-HL-7533,2,train
TCGA-HM-A3JK,2,train
TCGA-HM-A4S6,2,train
TCGA-HM-A6W2,2,train
TCGA-HN-A2NL,2,train
TCGA-HN-A2OB,2,train
TCGA-HP-A5MZ,2,train
TCGA-HQ-A2OE,2,train
TCGA-HQ-A2OF,2,train
TCGA-HQ-A5ND,2,train
TCGA-HQ-A5NE,2,train
TCGA-HR-A5NC,2,train
TCGA-HS-A5N7,2,train
TCGA-HS-A5N8,2,train
TCGA-HS-A5N9,2,train
TCGA-HS-A5NA,2,train
TCGA-HT-7468,2,train
TCGA-HT-7470,2,train
TCGA-HT-7472,2,train
TCGA-HT-7473,2,train
TCGA-HT-7475,2,train
TCGA-HT-7476,2,train
TCGA-HT-7477,2,train
TCGA-HT-7478,2,train
TCGA-HT-7480,2,train
TCGA-HT-7481,2,train
TCGA-HT-7482,2,train
TCGA-HT-7483,2,train
TCGA-HT-7485,2,train
TCGA-HT-7601,2,train
TCGA-HT-7602,2,train
TCGA-HT-7604,2,train
TCGA-HT-7606,2,train
TCGA-HT-7607,2,train
TCGA-HT-7610,2,train
TCGA-HT-7611,2,train
TCGA-HT-7616,2,train
TCGA-HT-7676,2,train
TCGA-HT-7677,2,train
TCGA-HT-7680,2,train
TCGA-HT-7681,2,train
TCGA-HT-7684,2,train
TCGA-HT-7686,2,train
TCGA-HT-7687,2,train
TCGA-HT-7688,2,train
TCGA-HT-7690,2,train
TCGA-HT-7692,2,train
TCGA-HT-7695,2,train
TCGA-HT-7854,2,train
TCGA-HT-7855,2,train
TCGA-HT-7856,2,train
TCGA-HT-7857,2,train
TCGA-HT-7858,2,train
TCGA-HT-7860,2,train
TCGA-HT-7873,2,train
TCGA-HT-7874,2,train
TCGA-HT-7875,2,train
TCGA-HT-7879,2,train
TCGA-HT-7882,2,train
TCGA-HT-7884,2,train
TCGA-HT-7902,2,train
TCGA-HT-8010,2,train
TCGA-HT-8011,2,train
TCGA-HT-8012,2,train
TCGA-HT-8013,2,train
TCGA-HT-8015,2,train
TCGA-HT-8018,2,train
TCGA-HT-8104,2,train
TCGA-HT-8106,2,train
TCGA-HT-8108,2,train
TCGA-HT-8109,2,train
TCGA-HT-8110,2,train
TCGA-HT-8111,2,train
TCGA-HT-8114,2,train
TCGA-HT-8564,2,train
TCGA-HT-A5R5,2,train
TCGA-HT-A5R9,2,train
TCGA-HT-A5RA,2,train
TCGA-HT-A5RB,2,train
TCGA-HT-A5RC,2,train
TCGA-HT-A614,2,train
TCGA-HT-A617,2,train
TCGA-HT-A618,2,train
TCGA-HT-A619,2,train
TCGA-HT-A61B,2,train
TCGA-HT-A61C,2,train
TCGA-HT-A74J,2,train
TCGA-HT-A74K,2,train
TCGA-HT-A74L,2,train
TCGA-HU-8238,2,train
TCGA-HU-8249,2,train
TCGA-HU-8604,2,train
TCGA-HU-8610,2,train
TCGA-HU-A4G2,2,train
TCGA-HU-A4G3,2,train
TCGA-HU-A4G8,2,train
TCGA-HU-A4G9,2,train
TCGA-HU-A4GD,2,train
TCGA-HU-A4GF,2,train
TCGA-HU-A4GH,2,train
TCGA-HU-A4GJ,2,train
TCGA-HU-A4GP,2,train
TCGA-HU-A4GT,2,train
TCGA-HU-A4GU,2,train
TCGA-HU-A4GX,2,train
TCGA-HU-A4H0,2,train
TCGA-HU-A4H6,2,train
TCGA-HU-A4H8,2,train
TCGA-HU-A4HB,2,train
TCGA-HV-A5A3,2,train
TCGA-HV-A5A6,2,train
TCGA-HV-A7OL,2,train
TCGA-HV-A7OP,2,train
TCGA-HV-AA8V,2,train
TCGA-HV-AA8X,2,train
TCGA-HW-7487,2,train
TCGA-HW-7489,2,train
TCGA-HW-7490,2,train
TCGA-HW-7491,2,train
TCGA-HW-7495,2,train
TCGA-HW-8319,2,train
TCGA-HW-8322,2,train
TCGA-HW-A5KJ,2,train
TCGA-HW-A5KK,2,train
TCGA-HW-A5KL,2,train
TCGA-HW-A5KM,2,train
TCGA-HZ-7289,2,train
TCGA-HZ-7919,2,train
TCGA-HZ-7920,2,train
TCGA-HZ-7922,2,train
TCGA-HZ-7923,2,train
TCGA-HZ-7924,2,train
TCGA-HZ-7925,2,train
TCGA-HZ-8002,2,train
TCGA-HZ-8005,2,train
TCGA-HZ-8315,2,train
TCGA-HZ-8317,2,train
TCGA-HZ-8636,2,train
TCGA-HZ-8637,2,train
TCGA-HZ-A49G,2,train
TCGA-HZ-A4BK,2,train
TCGA-HZ-A77P,2,train
TCGA-HZ-A77Q,2,train
TCGA-HZ-A8P0,2,train
TCGA-HZ-A8P1,2,train
TCGA-IA-A40U,2,train
TCGA-IA-A40X,2,train
TCGA-IA-A40Y,2,train
TCGA-IB-7644,2,train
TCGA-IB-7646,2,train
TCGA-IB-7647,2,train
TCGA-IB-7649,2,train
TCGA-IB-7651,2,train
TCGA-IB-7652,2,train
TCGA-IB-7654,2,train
TCGA-IB-7885,2,train
TCGA-IB-7886,2,train
TCGA-IB-7887,2,train
TCGA-IB-7891,2,train
TCGA-IB-7893,2,train
TCGA-IB-7897,2,train
TCGA-IB-8127,2,train
TCGA-IB-A5SP,2,train
TCGA-IB-A5SS,2,train
TCGA-IB-A5ST,2,train
TCGA-IB-A6UF,2,train
TCGA-IB-A6UG,2,train
TCGA-IB-AAUN,2,train
TCGA-IB-AAUO,2,train
TCGA-IB-AAUP,2,train
TCGA-IB-AAUQ,2,train
TCGA-IB-AAUR,2,train
TCGA-IB-AAUT,2,train
TCGA-IB-AAUU,2,train
TCGA-IB-AAUW,2,train
TCGA-IE-A3OV,2,train
TCGA-IE-A4EH,2,train
TCGA-IE-A4EI,2,train
TCGA-IE-A4EJ,2,train
TCGA-IE-A4EK,2,train
TCGA-IE-A6BZ,2,train
TCGA-IF-A4AJ,2,train
TCGA-IG-A3YA,2,train
TCGA-IG-A4P3,2,train
TCGA-IG-A4QS,2,train
TCGA-IG-A4QT,2,train
TCGA-IG-A50L,2,train
TCGA-IG-A51D,2,train
TCGA-IG-A5B8,2,train
TCGA-IG-A5S3,2,train
TCGA-IG-A625,2,train
TCGA-IG-A6QS,2,train
TCGA-IG-A8O2,2,train
TCGA-IG-A97I,2,train
TCGA-IK-7675,2,train
TCGA-IK-8125,2,train
TCGA-IM-A3EB,2,train
TCGA-IM-A3U3,2,train
TCGA-IM-A41Y,2,train
TCGA-IM-A41Z,2,train
TCGA-IM-A420,2,train
TCGA-IM-A4EB,2,train
TCGA-IN-7806,2,train
TCGA-IN-7808,2,train
TCGA-IN-8663,2,train
TCGA-IP-7968,2,train
TCGA-IQ-7630,2,train
TCGA-IQ-A61E,2,train
TCGA-IQ-A61G,2,train
TCGA-IQ-A61H,2,train
TCGA-IQ-A61J,2,train
TCGA-IQ-A61K,2,train
TCGA-IQ-A61O,2,train
TCGA-IQ-A6SH,2,train
TCGA-IR-A3L7,2,train
TCGA-IR-A3LC,2,train
TCGA-IR-A3LF,2,train
TCGA-IR-A3LH,2,train
TCGA-IR-A3LI,2,train
TCGA-IR-A3LL,2,train
TCGA-IS-A3K6,2,train
TCGA-IS-A3K7,2,train
TCGA-IS-A3KA,2,train
TCGA-IW-A3M4,2,train
TCGA-IW-A3M6,2,train
TCGA-IZ-A6M8,2,train
TCGA-J1-A4AH,2,train
TCGA-J2-8194,2,train
TCGA-J2-A4AD,2,train
TCGA-J4-8198,2,train
TCGA-J4-8200,2,train
TCGA-J4-A67K,2,train
TCGA-J4-A67L,2,train
TCGA-J4-A67N,2,train
TCGA-J4-A67R,2,train
TCGA-J4-A67S,2,train
TCGA-J4-A6G1,2,train
TCGA-J4-A6G3,2,train
TCGA-J4-A6M7,2,train
TCGA-J4-A83J,2,train
TCGA-J4-A83M,2,train
TCGA-J4-A83N,2,train
TCGA-J4-AATV,2,train
TCGA-J4-AATZ,2,train
TCGA-J4-AAU2,2,train
TCGA-J7-6720,2,train
TCGA-J7-A8I2,2,train
TCGA-J8-A3O0,2,train
TCGA-J8-A3O1,2,train
TCGA-J8-A3O2,2,train
TCGA-J8-A3YD,2,train
TCGA-J8-A3YE,2,train
TCGA-J8-A3YF,2,train
TCGA-J8-A3YG,2,train
TCGA-J8-A3YH,2,train
TCGA-J8-A42S,2,train
TCGA-J8-A4HW,2,train
TCGA-J8-A4HY,2,train
TCGA-JL-A3YW,2,train
TCGA-JL-A3YX,2,train
TCGA-JU-AAVI,2,train
TCGA-JV-A5VE,2,train
TCGA-JV-A5VF,2,train
TCGA-JV-A75J,2,train
TCGA-JW-A5VH,2,train
TCGA-JW-A5VK,2,train
TCGA-JW-A69B,2,train
TCGA-JX-A3PZ,2,train
TCGA-JX-A3Q0,2,train
TCGA-JX-A3Q8,2,train
TCGA-JX-A5QV,2,train
TCGA-JY-A6FE,2,train
TCGA-JY-A939,2,train
TCGA-JY-A93C,2,train
TCGA-JY-A93D,2,train
TCGA-JY-A93E,2,train
TCGA-JY-A93F,2,train
TCGA-K1-A3PO,2,train
TCGA-K1-A42W,2,train
TCGA-K1-A42X,2,train
TCGA-K4-A3WS,2,train
TCGA-K4-A3WU,2,train
TCGA-K4-A4AB,2,train
TCGA-K4-A4AC,2,train
TCGA-K4-A5RH,2,train
TCGA-K4-A5RJ,2,train
TCGA-K4-A6FZ,2,train
TCGA-K4-A6MB,2,train
TCGA-K4-A83P,2,train
TCGA-K4-AAQO,2,train
TCGA-K6-A3WQ,2,train
TCGA-K7-A5RG,2,train
TCGA-K7-AAU7,2,train
TCGA-KB-A6F7,2,train
TCGA-KB-A93G,2,train
TCGA-KB-A93H,2,train
TCGA-KB-A93J,2,train
TCGA-KD-A5QS,2,train
TCGA-KD-A5QT,2,train
TCGA-KF-A41W,2,train
TCGA-KJ-A3U4,2,train
TCGA-KL-8324,2,train
TCGA-KL-8325,2,train
TCGA-KL-8327,2,train
TCGA-KL-8329,2,train
TCGA-KL-8331,2,train
TCGA-KL-8332,2,train
TCGA-KL-8334,2,train
TCGA-KL-8335,2,train
TCGA-KL-8336,2,train
TCGA-KL-8337,2,train
TCGA-KL-8338,2,train
TCGA-KL-8339,2,train
TCGA-KL-8340,2,train
TCGA-KL-8341,2,train
TCGA-KL-8342,2,train
TCGA-KL-8343,2,train
TCGA-KL-8344,2,train
TCGA-KL-8345,2,train
TCGA-KM-8438,2,train
TCGA-KM-8439,2,train
TCGA-KM-8440,2,train
TCGA-KM-8442,2,train
TCGA-KM-8477,2,train
TCGA-KN-8418,2,train
TCGA-KN-8419,2,train
TCGA-KN-8421,2,train
TCGA-KN-8422,2,train
TCGA-KN-8423,2,train
TCGA-KN-8424,2,train
TCGA-KN-8426,2,train
TCGA-KN-8427,2,train
TCGA-KN-8428,2,train
TCGA-KN-8430,2,train
TCGA-KN-8431,2,train
TCGA-KN-8432,2,train
TCGA-KN-8434,2,train
TCGA-KN-8435,2,train
TCGA-KN-8436,2,train
TCGA-KO-8403,2,train
TCGA-KO-8404,2,train
TCGA-KO-8405,2,train
TCGA-KO-8406,2,train
TCGA-KO-8407,2,train
TCGA-KO-8409,2,train
TCGA-KO-8410,2,train
TCGA-KO-8413,2,train
TCGA-KO-8414,2,train
TCGA-KO-8415,2,train
TCGA-KO-8416,2,train
TCGA-KO-8417,2,train
TCGA-KS-A41F,2,train
TCGA-KS-A41I,2,train
TCGA-KS-A41J,2,train
TCGA-KS-A41L,2,train
TCGA-KS-A4I5,2,train
TCGA-KS-A4I7,2,train
TCGA-KS-A4IB,2,train
TCGA-KS-A4IC,2,train
TCGA-KS-A4ID,2,train
TCGA-KT-A74X,2,train
TCGA-KU-A66S,2,train
TCGA-KU-A66T,2,train
TCGA-KU-A6H7,2,train
TCGA-KU-A6H8,2,train
TCGA-KV-A6GE,2,train
TCGA-KV-A74V,2,train
TCGA-L3-A4E7,2,train
TCGA-L3-A524,2,train
TCGA-L6-A4EP,2,train
TCGA-L6-A4ET,2,train
TCGA-L6-A4EU,2,train
TCGA-L7-A56G,2,train
TCGA-L7-A6VZ,2,train
TCGA-L9-A743,2,train
TCGA-L9-A8F4,2,train
TCGA-LA-A7SW,2,train
TCGA-LB-A7SX,2,train
TCGA-LB-A8F3,2,train
TCGA-LB-A9Q5,2,train
TCGA-LC-A66R,2,train
TCGA-LD-A66U,2,train
TCGA-LD-A74U,2,train
TCGA-LD-A7W6,2,train
TCGA-LG-A6GG,2,train
TCGA-LG-A9QC,2,train
TCGA-LG-A9QD,2,train
TCGA-LI-A67I,2,train
TCGA-LK-A4NY,2,train
TCGA-LK-A4NZ,2,train
TCGA-LK-A4O4,2,train
TCGA-LK-A4O5,2,train
TCGA-LK-A4O6,2,train
TCGA-LL-A441,2,train
TCGA-LL-A442,2,train
TCGA-LL-A50Y,2,train
TCGA-LL-A5YL,2,train
TCGA-LL-A5YM,2,train
TCGA-LL-A5YN,2,train
TCGA-LL-A5YO,2,train
TCGA-LL-A5YP,2,train
TCGA-LL-A6FP,2,train
TCGA-LL-A6FQ,2,train
TCGA-LL-A73Z,2,train
TCGA-LL-A740,2,train
TCGA-LL-A7SZ,2,train
TCGA-LL-A7T0,2,train
TCGA-LL-A8F5,2,train
TCGA-LL-A9Q3,2,train
TCGA-LN-A49O,2,train
TCGA-LN-A49W,2,train
TCGA-LN-A4A2,2,train
TCGA-LN-A4A3,2,train
TCGA-LN-A4A4,2,train
TCGA-LN-A4A5,2,train
TCGA-LN-A4A6,2,train
TCGA-LN-A4A8,2,train
TCGA-LN-A4A9,2,train
TCGA-LN-A4MR,2,train
TCGA-LN-A5U5,2,train
TCGA-LN-A5U6,2,train
TCGA-LN-A5U7,2,train
TCGA-LN-A7HV,2,train
TCGA-LN-A7HW,2,train
TCGA-LN-A7HY,2,train
TCGA-LN-A7HZ,2,train
TCGA-LN-A9FO,2,train
TCGA-LN-A9FP,2,train
TCGA-LN-A9FQ,2,train
TCGA-LN-A9FR,2,train
TCGA-LP-A4AU,2,train
TCGA-LP-A4AV,2,train
TCGA-LP-A4AW,2,train
TCGA-LP-A5U2,2,train
TCGA-LP-A5U3,2,train
TCGA-LP-A7HU,2,train
TCGA-LT-A5Z6,2,train
TCGA-LT-A8JT,2,train
TCGA-M7-A71Y,2,train
TCGA-M7-A71Z,2,train
TCGA-M7-A720,2,train
TCGA-M7-A721,2,train
TCGA-M7-A724,2,train
TCGA-M8-A5N4,2,train
TCGA-M9-A5M8,2,train
TCGA-MA-AA3X,2,train
TCGA-MA-AA3Y,2,train
TCGA-MA-AA3Z,2,train
TCGA-MA-AA41,2,train
TCGA-MA-AA42,2,train
TCGA-MB-A5Y8,2,train
TCGA-MB-A5Y9,2,train
TCGA-MB-A8JK,2,train
TCGA-MF-A522,2,train
TCGA-MG-AAMC,2,train
TCGA-MH-A55W,2,train
TCGA-MH-A561,2,train
TCGA-MH-A855,2,train
TCGA-MH-A856,2,train
TCGA-MH-A857,2,train
TCGA-MI-A75E,2,train
TCGA-MI-A75G,2,train
TCGA-MI-A75H,2,train
TCGA-MI-A75I,2,train
TCGA-MJ-A68J,2,train
TCGA-MJ-A850,2,train
TCGA-MK-A4N7,2,train
TCGA-MN-A4N4,2,train
TCGA-MO-A47P,2,train
TCGA-MO-A47R,2,train
TCGA-MP-A4T6,2,train
TCGA-MP-A4T7,2,train
TCGA-MP-A4T9,2,train
TCGA-MP-A4TA,2,train
TCGA-MP-A4TC,2,train
TCGA-MP-A4TE,2,train
TCGA-MP-A4TH,2,train
TCGA-MP-A5C7,2,train
TCGA-MQ-A6BL,2,train
TCGA-MQ-A6BN,2,train
TCGA-MQ-A6BQ,2,train
TCGA-MQ-A6BR,2,train
TCGA-MQ-A6BS,2,train
TCGA-MR-A8JO,2,train
TCGA-MS-A51U,2,train
TCGA-MT-A51W,2,train
TCGA-MT-A67A,2,train
TCGA-MT-A67D,2,train
TCGA-MT-A67F,2,train
TCGA-MT-A67G,2,train
TCGA-MT-A7BN,2,train
TCGA-MU-A51Y,2,train
TCGA-MU-A8JM,2,train
TCGA-MV-A51V,2,train
TCGA-MX-A5UG,2,train
TCGA-MX-A5UJ,2,train
TCGA-MX-A663,2,train
TCGA-MX-A666,2,train
TCGA-MY-A5BD,2,train
TCGA-MY-A5BE,2,train
TCGA-MY-A5BF,2,train
TCGA-MY-A913,2,train
TCGA-MZ-A6I9,2,train
TCGA-MZ-A7D7,2,train
TCGA-N1-A6IA,2,train
TCGA-NC-A5HD,2,train
TCGA-NC-A5HE,2,train
TCGA-NC-A5HH,2,train
TCGA-NC-A5HI,2,train
TCGA-NC-A5HK,2,train
TCGA-NC-A5HL,2,train
TCGA-NC-A5HM,2,train
TCGA-NC-A5HN,2,train
TCGA-NC-A5HT,2,train
TCGA-NH-A50U,2,train
TCGA-NH-A5IV,2,train
TCGA-NH-A6GA,2,train
TCGA-NH-A6GC,2,train
TCGA-NH-A8F7,2,train
TCGA-NH-A8F8,2,train
TCGA-NI-A4U2,2,train
TCGA-NI-A8LF,2,train
TCGA-NJ-A4YQ,2,train
TCGA-NJ-A55A,2,train
TCGA-NJ-A55R,2,train
TCGA-NK-A5D1,2,train
TCGA-NP-A5GZ,2,train
TCGA-NP-A5H1,2,train
TCGA-NP-A5H5,2,train
TCGA-NP-A5H6,2,train
TCGA-NP-A5H7,2,train
TCGA-NQ-A57I,2,train
TCGA-O2-A52N,2,train
TCGA-O2-A52V,2,train
TCGA-O2-A5IB,2,train
TCGA-OE-A75W,2,train
TCGA-OL-A5D6,2,train
TCGA-OL-A5D8,2,train
TCGA-OL-A5DA,2,train
TCGA-OL-A66I,2,train
TCGA-OL-A66K,2,train
TCGA-OL-A66N,2,train
TCGA-OL-A66O,2,train
TCGA-OL-A6VQ,2,train
TCGA-OL-A97C,2,train
TCGA-OR-A5J2,2,train
TCGA-OR-A5J3,2,train
TCGA-OR-A5J5,2,train
TCGA-OR-A5J6,2,train
TCGA-OR-A5J7,2,train
TCGA-OR-A5J8,2,train
TCGA-OR-A5J9,2,train
TCGA-OR-A5JA,2,train
TCGA-OR-A5JB,2,train
TCGA-OR-A5JD,2,train
TCGA-OR-A5JE,2,train
TCGA-OR-A5JJ,2,train
TCGA-OR-A5JK,2,train
TCGA-OR-A5JL,2,train
TCGA-OR-A5JM,2,train
TCGA-OR-A5JR,2,train
TCGA-OR-A5JS,2,train
TCGA-OR-A5K3,2,train
TCGA-OR-A5K5,2,train
TCGA-OR-A5K6,2,train
TCGA-OR-A5K8,2,train
TCGA-OR-A5K9,2,train
TCGA-OR-A5LK,2,train
TCGA-OR-A5LL,2,train
TCGA-OR-A5LN,2,train
TCGA-OR-A5LO,2,train
TCGA-OR-A5LP,2,train
TCGA-OR-A5LR,2,train
TCGA-OR-A5LT,2,train
TCGA-OX-A56R,2,train
TCGA-OY-A56P,2,train
TCGA-OY-A56Q,2,train
TCGA-P3-A5Q5,2,train
TCGA-P3-A5QA,2,train
TCGA-P3-A5QE,2,train
TCGA-P3-A5QF,2,train
TCGA-P3-A6SW,2,train
TCGA-P3-A6T0,2,train
TCGA-P3-A6T2,2,train
TCGA-P3-A6T3,2,train
TCGA-P3-A6T4,2,train
TCGA-P3-A6T5,2,train
TCGA-P3-A6T6,2,train
TCGA-P5-A72U,2,train
TCGA-P5-A72X,2,train
TCGA-P5-A731,2,train
TCGA-P5-A733,2,train
TCGA-P5-A735,2,train
TCGA-P5-A736,2,train
TCGA-P5-A737,2,train
TCGA-P5-A77W,2,train
TCGA-P5-A77X,2,train
TCGA-P5-A780,2,train
TCGA-P5-A781,2,train
TCGA-P6-A5OG,2,train
TCGA-P7-A5NX,2,train
TCGA-P8-A5KC,2,train
TCGA-P8-A5KD,2,train
TCGA-PA-A5YG,2,train
TCGA-PC-A5DL,2,train
TCGA-PC-A5DM,2,train
TCGA-PC-A5DN,2,train
TCGA-PC-A5DO,2,train
TCGA-PC-A5DP,2,train
TCGA-PD-A5DF,2,train
TCGA-PE-A5DC,2,train
TCGA-PE-A5DD,2,train
TCGA-PE-A5DE,2,train
TCGA-PG-A5BC,2,train
TCGA-PG-A6IB,2,train
TCGA-PG-A7D5,2,train
TCGA-PG-A916,2,train
TCGA-PG-A917,2,train
TCGA-PJ-A5Z8,2,train
TCGA-PJ-A5Z9,2,train
TCGA-PJ-A8JU,2,train
TCGA-PK-A5H8,2,train
TCGA-PK-A5HA,2,train
TCGA-PK-A5HC,2,train
TCGA-PL-A8LZ,2,train
TCGA-PQ-A6FI,2,train
TCGA-PQ-A6FN,2,train
TCGA-PR-A5PF,2,train
TCGA-PR-A5PH,2,train
TCGA-Q1-A5R1,2,train
TCGA-Q1-A5R2,2,train
TCGA-Q1-A5R3,2,train
TCGA-Q1-A6DT,2,train
TCGA-Q1-A6DV,2,train
TCGA-Q1-A73O,2,train
TCGA-Q1-A73P,2,train
TCGA-Q1-A73Q,2,train
TCGA-Q1-A73R,2,train
TCGA-Q2-A5QZ,2,train
TCGA-Q3-A5QY,2,train
TCGA-Q3-AA2A,2,train
TCGA-Q9-A6FU,2,train
TCGA-QC-A6FX,2,train
TCGA-QC-A7B5,2,train
TCGA-QF-A5YS,2,train
TCGA-QG-A5Z2,2,train
TCGA-QH-A65R,2,train
TCGA-QH-A65V,2,train
TCGA-QH-A65X,2,train
TCGA-QH-A65Z,2,train
TCGA-QH-A6CS,2,train
TCGA-QH-A6CV,2,train
TCGA-QH-A6CW,2,train
TCGA-QH-A6CX,2,train
TCGA-QH-A6CY,2,train
TCGA-QH-A6CZ,2,train
TCGA-QH-A6X3,2,train
TCGA-QH-A6X4,2,train
TCGA-QH-A6X5,2,train
TCGA-QH-A6X8,2,train
TCGA-QH-A6X9,2,train
TCGA-QH-A6XA,2,train
TCGA-QH-A86X,2,train
TCGA-QH-A870,2,train
TCGA-QK-A652,2,train
TCGA-QK-A6IF,2,train
TCGA-QK-A6IG,2,train
TCGA-QK-A6IH,2,train
TCGA-QK-A6II,2,train
TCGA-QK-A6IJ,2,train
TCGA-QK-A6VB,2,train
TCGA-QK-A6VC,2,train
TCGA-QK-A8Z7,2,train
TCGA-QK-A8Z8,2,train
TCGA-QK-A8Z9,2,train
TCGA-QK-A8ZA,2,train
TCGA-QK-A8ZB,2,train
TCGA-QK-AA3J,2,train
TCGA-QK-AA3K,2,train
TCGA-QL-A97D,2,train
TCGA-QQ-A5VC,2,train
TCGA-QQ-A5VD,2,train
TCGA-QQ-A8VB,2,train
TCGA-QQ-A8VD,2,train
TCGA-QQ-A8VF,2,train
TCGA-QQ-A8VH,2,train
TCGA-QR-A6GO,2,train
TCGA-QR-A6GR,2,train
TCGA-QR-A6GS,2,train
TCGA-QR-A6GT,2,train
TCGA-QR-A6GU,2,train
TCGA-QR-A6GW,2,train
TCGA-QR-A6GX,2,train
TCGA-QR-A6GY,2,train
TCGA-QR-A6GZ,2,train
TCGA-QR-A6H0,2,train
TCGA-QR-A6H1,2,train
TCGA-QR-A6H2,2,train
TCGA-QR-A6H3,2,train
TCGA-QR-A6H4,2,train
TCGA-QR-A6ZZ,2,train
TCGA-QR-A700,2,train
TCGA-QR-A702,2,train
TCGA-QR-A705,2,train
TCGA-QR-A708,2,train
TCGA-QR-A70A,2,train
TCGA-QR-A70C,2,train
TCGA-QR-A70E,2,train
TCGA-QR-A70G,2,train
TCGA-QR-A70H,2,train
TCGA-QR-A70I,2,train
TCGA-QR-A70K,2,train
TCGA-QR-A70M,2,train
TCGA-QR-A70N,2,train
TCGA-QR-A70O,2,train
TCGA-QR-A70P,2,train
TCGA-QR-A70Q,2,train
TCGA-QR-A70R,2,train
TCGA-QR-A70U,2,train
TCGA-QR-A70W,2,train
TCGA-QS-A5YQ,2,train
TCGA-QS-A5YR,2,train
TCGA-QS-A744,2,train
TCGA-QT-A5XJ,2,train
TCGA-QT-A5XM,2,train
TCGA-QT-A5XN,2,train
TCGA-QT-A5XO,2,train
TCGA-QT-A5XP,2,train
TCGA-QT-A69Q,2,train
TCGA-QT-A7U0,2,train
TCGA-QU-A6IL,2,train
TCGA-QU-A6IN,2,train
TCGA-QU-A6IO,2,train
TCGA-QU-A6IP,2,train
TCGA-R5-A7O7,2,train
TCGA-R5-A7ZI,2,train
TCGA-R5-A804,2,train
TCGA-R5-A805,2,train
TCGA-R8-A6MK,2,train
TCGA-R8-A6ML,2,train
TCGA-R8-A6YH,2,train
TCGA-R8-A73M,2,train
TCGA-RA-A741,2,train
TCGA-RB-A7B8,2,train
TCGA-RB-AA9M,2,train
TCGA-RC-A6M3,2,train
TCGA-RC-A6M4,2,train
TCGA-RC-A6M5,2,train
TCGA-RC-A7SB,2,train
TCGA-RC-A7SH,2,train
TCGA-RD-A7BS,2,train
TCGA-RD-A7BW,2,train
TCGA-RD-A8MW,2,train
TCGA-RD-A8N5,2,train
TCGA-RD-A8N6,2,train
TCGA-RD-A8N9,2,train
TCGA-RD-A8NB,2,train
TCGA-RG-A7D4,2,train
TCGA-RL-AAAS,2,train
TCGA-RM-A68W,2,train
TCGA-RN-AAAQ,2,train
TCGA-RR-A6KA,2,train
TCGA-RR-A6KB,2,train
TCGA-RS-A6TP,2,train
TCGA-RT-A6Y9,2,train
TCGA-RT-A6YA,2,train
TCGA-RT-A6YC,2,train
TCGA-RW-A67V,2,train
TCGA-RW-A67Y,2,train
TCGA-RW-A681,2,train
TCGA-RW-A684,2,train
TCGA-RW-A686,2,train
TCGA-RW-A688,2,train
TCGA-RW-A689,2,train
TCGA-RW-A68B,2,train
TCGA-RW-A68F,2,train
TCGA-RW-A7CZ,2,train
TCGA-RW-A8AZ,2,train
TCGA-RX-A8JQ,2,train
TCGA-RY-A83Y,2,train
TCGA-RY-A843,2,train
TCGA-RY-A845,2,train
TCGA-RY-A847,2,train
TCGA-S2-AA1A,2,train
TCGA-S3-A6ZF,2,train
TCGA-S3-A6ZG,2,train
TCGA-S3-A6ZH,2,train
TCGA-S3-AA0Z,2,train
TCGA-S3-AA10,2,train
TCGA-S3-AA11,2,train
TCGA-S3-AA14,2,train
TCGA-S3-AA17,2,train
TCGA-S4-A8RM,2,train
TCGA-S5-AA26,2,train
TCGA-S6-A8JW,2,train
TCGA-S7-A7WO,2,train
TCGA-S7-A7WP,2,train
TCGA-S7-A7WQ,2,train
TCGA-S7-A7WR,2,train
TCGA-S7-A7WT,2,train
TCGA-S7-A7WU,2,train
TCGA-S7-A7WV,2,train
TCGA-S7-A7WW,2,train
TCGA-S7-A7WX,2,train
TCGA-S7-A7X0,2,train
TCGA-S7-A7X1,2,train
TCGA-S7-A7X2,2,train
TCGA-S8-A6BV,2,train
TCGA-S8-A6BW,2,train
TCGA-S9-A6TS,2,train
TCGA-S9-A6TW,2,train
TCGA-S9-A6TZ,2,train
TCGA-S9-A6U1,2,train
TCGA-S9-A6U2,2,train
TCGA-S9-A6U5,2,train
TCGA-S9-A6U8,2,train
TCGA-S9-A6U9,2,train
TCGA-S9-A6UA,2,train
TCGA-S9-A6WD,2,train
TCGA-S9-A6WE,2,train
TCGA-S9-A6WG,2,train
TCGA-S9-A6WH,2,train
TCGA-S9-A6WI,2,train
TCGA-S9-A6WM,2,train
TCGA-S9-A6WN,2,train
TCGA-S9-A6WO,2,train
TCGA-S9-A6WQ,2,train
TCGA-S9-A7IS,2,train
TCGA-S9-A7IX,2,train
TCGA-S9-A7IZ,2,train
TCGA-S9-A7J0,2,train
TCGA-S9-A7J1,2,train
TCGA-S9-A7J3,2,train
TCGA-S9-A7QW,2,train
TCGA-S9-A7QX,2,train
TCGA-S9-A7QZ,2,train
TCGA-S9-A7R1,2,train
TCGA-S9-A7R2,2,train
TCGA-S9-A7R4,2,train
TCGA-S9-A7R7,2,train
TCGA-S9-A7R8,2,train
TCGA-S9-A89V,2,train
TCGA-S9-A89Z,2,train
TCGA-SB-A6J6,2,train
TCGA-SB-A76C,2,train
TCGA-SC-A6LM,2,train
TCGA-SC-A6LN,2,train
TCGA-SC-A6LP,2,train
TCGA-SC-A6LQ,2,train
TCGA-SC-A6LR,2,train
TCGA-SC-AA5Z,2,train
TCGA-SG-A6Z4,2,train
TCGA-SG-A6Z7,2,train
TCGA-SG-A849,2,train
TCGA-SH-A7BC,2,train
TCGA-SH-A9CT,2,train
TCGA-SH-A9CU,2,train
TCGA-SI-A71O,2,train
TCGA-SI-A71P,2,train
TCGA-SI-AA8B,2,train
TCGA-SI-AA8C,2,train
TCGA-SJ-A6ZJ,2,train
TCGA-SL-A6JA,2,train
TCGA-SN-A6IS,2,train
TCGA-SN-A84X,2,train
TCGA-SN-A84Y,2,train
TCGA-SP-A6QC,2,train
TCGA-SP-A6QD,2,train
TCGA-SP-A6QF,2,train
TCGA-SP-A6QG,2,train
TCGA-SP-A6QH,2,train
TCGA-SP-A6QI,2,train
TCGA-SP-A6QJ,2,train
TCGA-SP-A6QK,2,train
TCGA-SQ-A6I6,2,train
TCGA-SR-A6MP,2,train
TCGA-SR-A6MQ,2,train
TCGA-SR-A6MR,2,train
TCGA-SR-A6MS,2,train
TCGA-SR-A6MT,2,train
TCGA-SR-A6MU,2,train
TCGA-SR-A6MV,2,train
TCGA-SR-A6MX,2,train
TCGA-SR-A6MY,2,train
TCGA-SR-A6MZ,2,train
TCGA-SR-A6N0,2,train
TCGA-SS-A7HO,2,train
TCGA-SU-A7E7,2,train
TCGA-SW-A7EA,2,train
TCGA-SW-A7EB,2,train
TCGA-SX-A71R,2,train
TCGA-SX-A71S,2,train
TCGA-SX-A71U,2,train
TCGA-SX-A71V,2,train
TCGA-SX-A71W,2,train
TCGA-SX-A7SL,2,train
TCGA-SX-A7SM,2,train
TCGA-SX-A7SN,2,train
TCGA-SX-A7SP,2,train
TCGA-SX-A7SQ,2,train
TCGA-SX-A7SS,2,train
TCGA-SX-A7SU,2,train
TCGA-SY-A9G5,2,train
TCGA-T1-A6J8,2,train
TCGA-T2-A6X0,2,train
TCGA-T2-A6X2,2,train
TCGA-T3-A92M,2,train
TCGA-T3-A92N,2,train
TCGA-T7-A92I,2,train
TCGA-T9-A92H,2,train
TCGA-TK-A8OK,2,train
TCGA-TM-A7C3,2,train
TCGA-TM-A7C5,2,train
TCGA-TM-A7CF,2,train
TCGA-TM-A84H,2,train
TCGA-TM-A84J,2,train
TCGA-TM-A84M,2,train
TCGA-TM-A84O,2,train
TCGA-TM-A84S,2,train
TCGA-TM-A84T,2,train
TCGA-TN-A7HI,2,train
TCGA-TN-A7HJ,2,train
TCGA-TP-A8TV,2,train
TCGA-TQ-A7RF,2,train
TCGA-TQ-A7RH,2,train
TCGA-TQ-A7RJ,2,train
TCGA-TQ-A7RM,2,train
TCGA-TQ-A7RN,2,train
TCGA-TQ-A7RO,2,train
TCGA-TQ-A7RQ,2,train
TCGA-TQ-A7RS,2,train
TCGA-TQ-A7RV,2,train
TCGA-TQ-A8XE,2,train
TCGA-TS-A7OU,2,train
TCGA-TS-A7OY,2,train
TCGA-TS-A7P0,2,train
TCGA-TS-A7P3,2,train
TCGA-TS-A7P6,2,train
TCGA-TS-A7P8,2,train
TCGA-TS-A7PB,2,train
TCGA-TS-A8AF,2,train
TCGA-TS-A8AI,2,train
TCGA-TS-A8AS,2,train
TCGA-TS-A8AV,2,train
TCGA-TT-A6YN,2,train
TCGA-TT-A6YP,2,train
TCGA-UB-A7MA,2,train
TCGA-UB-A7MB,2,train
TCGA-UB-A7MC,2,train
TCGA-UB-A7MD,2,train
TCGA-UB-A7MF,2,train
TCGA-UB-AA0V,2,train
TCGA-UC-A7PI,2,train
TCGA-UD-AABY,2,train
TCGA-UD-AAC4,2,train
TCGA-UE-A6QT,2,train
TCGA-UE-A6QU,2,train
TCGA-UF-A718,2,train
TCGA-UF-A719,2,train
TCGA-UF-A71A,2,train
TCGA-UF-A71B,2,train
TCGA-UF-A71E,2,train
TCGA-UF-A7J9,2,train
TCGA-UF-A7JA,2,train
TCGA-UF-A7JD,2,train
TCGA-UF-A7JF,2,train
TCGA-UF-A7JJ,2,train
TCGA-UF-A7JK,2,train
TCGA-UF-A7JS,2,train
TCGA-UF-A7JV,2,train
TCGA-UL-AAZ6,2,train
TCGA-US-A774,2,train
TCGA-US-A779,2,train
TCGA-US-A77E,2,train
TCGA-US-A77J,2,train
TCGA-UT-A88C,2,train
TCGA-UT-A88G,2,train
TCGA-UT-A97Y,2,train
TCGA-UW-A72H,2,train
TCGA-UW-A72I,2,train
TCGA-UW-A72J,2,train
TCGA-UW-A72K,2,train
TCGA-UW-A72L,2,train
TCGA-UW-A72M,2,train
TCGA-UW-A72N,2,train
TCGA-UW-A72P,2,train
TCGA-UW-A72Q,2,train
TCGA-UW-A72R,2,train
TCGA-UW-A72S,2,train
TCGA-UW-A72T,2,train
TCGA-UY-A78K,2,train
TCGA-UY-A78L,2,train
TCGA-UY-A78M,2,train
TCGA-UY-A78N,2,train
TCGA-UY-A78O,2,train
TCGA-UY-A78P,2,train
TCGA-UY-A8OB,2,train
TCGA-UY-A8OC,2,train
TCGA-UY-A8OD,2,train
TCGA-UY-A9PB,2,train
TCGA-UY-A9PD,2,train
TCGA-UY-A9PH,2,train
TCGA-UZ-A9PJ,2,train
TCGA-UZ-A9PK,2,train
TCGA-UZ-A9PL,2,train
TCGA-UZ-A9PM,2,train
TCGA-UZ-A9PN,2,train
TCGA-UZ-A9PO,2,train
TCGA-UZ-A9PR,2,train
TCGA-UZ-A9PS,2,train
TCGA-UZ-A9PX,2,train
TCGA-UZ-A9Q0,2,train
TCGA-UZ-A9Q1,2,train
TCGA-V1-A8MF,2,train
TCGA-V1-A8MG,2,train
TCGA-V1-A8MJ,2,train
TCGA-V1-A8ML,2,train
TCGA-V1-A8MM,2,train
TCGA-V1-A8MU,2,train
TCGA-V1-A8WS,2,train
TCGA-V1-A8WV,2,train
TCGA-V1-A8WW,2,train
TCGA-V1-A8X3,2,train
TCGA-V1-A9O5,2,train
TCGA-V1-A9O7,2,train
TCGA-V1-A9O9,2,train
TCGA-V1-A9OL,2,train
TCGA-V1-A9OT,2,train
TCGA-V1-A9Z7,2,train
TCGA-V1-A9Z8,2,train
TCGA-V1-A9ZG,2,train
TCGA-V1-A9ZI,2,train
TCGA-V1-A9ZK,2,train
TCGA-V1-A9ZR,2,train
TCGA-V3-A9ZX,2,train
TCGA-V3-A9ZY,2,train
TCGA-V4-A9E5,2,train
TCGA-V4-A9E7,2,train
TCGA-V4-A9E8,2,train
TCGA-V4-A9EA,2,train
TCGA-V4-A9ED,2,train
TCGA-V4-A9EE,2,train
TCGA-V4-A9EF,2,train
TCGA-V4-A9EI,2,train
TCGA-V4-A9EJ,2,train
TCGA-V4-A9EK,2,train
TCGA-V4-A9EL,2,train
TCGA-V4-A9EM,2,train
TCGA-V4-A9EO,2,train
TCGA-V4-A9ES,2,train
TCGA-V4-A9ET,2,train
TCGA-V4-A9EV,2,train
TCGA-V4-A9EW,2,train
TCGA-V4-A9EZ,2,train
TCGA-V4-A9F1,2,train
TCGA-V4-A9F2,2,train
TCGA-V4-A9F3,2,train
TCGA-V4-A9F4,2,train
TCGA-V4-A9F7,2,train
TCGA-V5-A7RB,2,train
TCGA-V5-AASV,2,train
TCGA-V5-AASW,2,train
TCGA-VD-A8K7,2,train
TCGA-VD-A8K8,2,train
TCGA-VD-A8K9,2,train
TCGA-VD-A8KA,2,train
TCGA-VD-A8KD,2,train
TCGA-VD-A8KE,2,train
TCGA-VD-A8KF,2,train
TCGA-VD-A8KG,2,train
TCGA-VD-A8KH,2,train
TCGA-VD-A8KI,2,train
TCGA-VD-A8KJ,2,train
TCGA-VD-A8KK,2,train
TCGA-VD-A8KL,2,train
TCGA-VD-A8KN,2,train
TCGA-VD-AA8M,2,train
TCGA-VD-AA8N,2,train
TCGA-VD-AA8O,2,train
TCGA-VD-AA8P,2,train
TCGA-VD-AA8Q,2,train
TCGA-VD-AA8R,2,train
TCGA-VF-A8A8,2,train
TCGA-VF-A8A9,2,train
TCGA-VF-A8AA,2,train
TCGA-VF-A8AC,2,train
TCGA-VF-A8AD,2,train
TCGA-VF-A8AE,2,train
TCGA-VM-A8C8,2,train
TCGA-VM-A8CA,2,train
TCGA-VM-A8CB,2,train
TCGA-VM-A8CF,2,train
TCGA-VM-A8CH,2,train
TCGA-VP-A872,2,train
TCGA-VP-A875,2,train
TCGA-VP-A876,2,train
TCGA-VP-A878,2,train
TCGA-VP-A879,2,train
TCGA-VP-A87B,2,train
TCGA-VP-A87C,2,train
TCGA-VP-A87J,2,train
TCGA-VP-A87K,2,train
TCGA-VP-AA1N,2,train
TCGA-VQ-A8DL,2,train
TCGA-VQ-A8DU,2,train
TCGA-VQ-A8DV,2,train
TCGA-VQ-A8DZ,2,train
TCGA-VQ-A8E0,2,train
TCGA-VQ-A8E2,2,train
TCGA-VQ-A8E3,2,train
TCGA-VQ-A8E7,2,train
TCGA-VQ-A8P2,2,train
TCGA-VQ-A8P3,2,train
TCGA-VQ-A8P5,2,train
TCGA-VQ-A8P8,2,train
TCGA-VQ-A8PC,2,train
TCGA-VQ-A8PD,2,train
TCGA-VQ-A8PE,2,train
TCGA-VQ-A8PF,2,train
TCGA-VQ-A8PH,2,train
TCGA-VQ-A8PJ,2,train
TCGA-VQ-A8PM,2,train
TCGA-VQ-A8PO,2,train
TCGA-VQ-A8PP,2,train
TCGA-VQ-A8PS,2,train
TCGA-VQ-A8PT,2,train
TCGA-VQ-A8PZ,2,train
TCGA-VQ-A91A,2,train
TCGA-VQ-A91D,2,train
TCGA-VQ-A91E,2,train
TCGA-VQ-A91K,2,train
TCGA-VQ-A91Q,2,train
TCGA-VQ-A91S,2,train
TCGA-VQ-A91U,2,train
TCGA-VQ-A91V,2,train
TCGA-VQ-A91W,2,train
TCGA-VQ-A91X,2,train
TCGA-VQ-A91Y,2,train
TCGA-VQ-A91Z,2,train
TCGA-VQ-A922,2,train
TCGA-VQ-A925,2,train
TCGA-VQ-A927,2,train
TCGA-VQ-A928,2,train
TCGA-VQ-A92D,2,train
TCGA-VQ-A94P,2,train
TCGA-VQ-A94R,2,train
TCGA-VQ-A94T,2,train
TCGA-VQ-AA64,2,train
TCGA-VQ-AA6A,2,train
TCGA-VQ-AA6B,2,train
TCGA-VQ-AA6D,2,train
TCGA-VQ-AA6F,2,train
TCGA-VQ-AA6G,2,train
TCGA-VQ-AA6I,2,train
TCGA-VQ-AA6J,2,train
TCGA-VQ-AA6K,2,train
TCGA-VR-A8EP,2,train
TCGA-VR-A8EQ,2,train
TCGA-VR-A8EW,2,train
TCGA-VR-A8EX,2,train
TCGA-VR-A8EY,2,train
TCGA-VR-A8EZ,2,train
TCGA-VR-AA4G,2,train
TCGA-VR-AA7B,2,train
TCGA-VR-AA7D,2,train
TCGA-VR-AA7I,2,train
TCGA-VS-A8EB,2,train
TCGA-VS-A8EC,2,train
TCGA-VS-A8EH,2,train
TCGA-VS-A8EI,2,train
TCGA-VS-A8EJ,2,train
TCGA-VS-A8EK,2,train
TCGA-VS-A8Q8,2,train
TCGA-VS-A8QA,2,train
TCGA-VS-A8QC,2,train
TCGA-VS-A8QF,2,train
TCGA-VS-A8QH,2,train
TCGA-VS-A8QM,2,train
TCGA-VS-A94W,2,train
TCGA-VS-A94X,2,train
TCGA-VS-A94Y,2,train
TCGA-VS-A950,2,train
TCGA-VS-A952,2,train
TCGA-VS-A953,2,train
TCGA-VS-A9U5,2,train
TCGA-VS-A9U7,2,train
TCGA-VS-A9UA,2,train
TCGA-VS-A9UB,2,train
TCGA-VS-A9UC,2,train
TCGA-VS-A9UD,2,train
TCGA-VS-A9UH,2,train
TCGA-VS-A9UI,2,train
TCGA-VS-A9UL,2,train
TCGA-VS-A9UO,2,train
TCGA-VS-A9UP,2,train
TCGA-VS-A9UR,2,train
TCGA-VS-A9UT,2,train
TCGA-VS-A9UU,2,train
TCGA-VS-A9UV,2,train
TCGA-VS-A9UY,2,train
TCGA-VS-A9UZ,2,train
TCGA-VS-A9V0,2,train
TCGA-VS-A9V1,2,train
TCGA-VS-A9V2,2,train
TCGA-VS-A9V3,2,train
TCGA-VS-A9V4,2,train
TCGA-VS-A9V5,2,train
TCGA-VS-AA62,2,train
TCGA-VT-A80G,2,train
TCGA-VT-A80J,2,train
TCGA-VV-A86M,2,train
TCGA-W2-A7H5,2,train
TCGA-W2-A7HE,2,train
TCGA-W2-A7HH,2,train
TCGA-W2-A7UY,2,train
TCGA-W4-A7U2,2,train
TCGA-W4-A7U4,2,train
TCGA-W8-A86G,2,train
TCGA-W9-A837,2,train
TCGA-WA-A7H4,2,train
TCGA-WB-A80K,2,train
TCGA-WB-A80L,2,train
TCGA-WB-A80M,2,train
TCGA-WB-A80O,2,train
TCGA-WB-A80P,2,train
TCGA-WB-A80V,2,train
TCGA-WB-A814,2,train
TCGA-WB-A815,2,train
TCGA-WB-A816,2,train
TCGA-WB-A817,2,train
TCGA-WB-A81A,2,train
TCGA-WB-A81D,2,train
TCGA-WB-A81E,2,train
TCGA-WB-A81H,2,train
TCGA-WB-A81I,2,train
TCGA-WB-A81J,2,train
TCGA-WB-A81M,2,train
TCGA-WB-A81N,2,train
TCGA-WB-A81P,2,train
TCGA-WB-A81Q,2,train
TCGA-WB-A81R,2,train
TCGA-WB-A81T,2,train
TCGA-WB-A81V,2,train
TCGA-WB-A820,2,train
TCGA-WB-A821,2,train
TCGA-WB-A822,2,train
TCGA-WC-A87T,2,train
TCGA-WC-A87U,2,train
TCGA-WC-A87W,2,train
TCGA-WC-A881,2,train
TCGA-WC-A882,2,train
TCGA-WC-A883,2,train
TCGA-WC-A884,2,train
TCGA-WC-A888,2,train
TCGA-WC-AA9E,2,train
TCGA-WE-A8K4,2,train
TCGA-WH-A86K,2,train
TCGA-WJ-A86L,2,train
TCGA-WK-A8XO,2,train
TCGA-WK-A8XQ,2,train
TCGA-WK-A8XT,2,train
TCGA-WK-A8XX,2,train
TCGA-WK-A8Y0,2,train
TCGA-WL-A834,2,train
TCGA-WN-A9G9,2,train
TCGA-WN-AB4C,2,train
TCGA-WP-A9GB,2,train
TCGA-WQ-A9G7,2,train
TCGA-WQ-AB4B,2,train
TCGA-WR-A838,2,train
TCGA-WS-AB45,2,train
TCGA-WT-AB44,2,train
TCGA-WW-A8ZI,2,train
TCGA-WX-AA44,2,train
TCGA-WX-AA46,2,train
TCGA-WY-A858,2,train
TCGA-WY-A85A,2,train
TCGA-WY-A85B,2,train
TCGA-WY-A85D,2,train
TCGA-WZ-A7V3,2,train
TCGA-WZ-A8D5,2,train
TCGA-X4-A8KS,2,train
TCGA-X6-A7WA,2,train
TCGA-X6-A7WB,2,train
TCGA-X6-A7WC,2,train
TCGA-X6-A8C4,2,train
TCGA-X6-A8C6,2,train
TCGA-X7-A8D6,2,train
TCGA-X7-A8D8,2,train
TCGA-X7-A8DB,2,train
TCGA-X7-A8DC,2,train
TCGA-X7-A8DD,2,train
TCGA-X7-A8DF,2,train
TCGA-X7-A8DG,2,train
TCGA-X7-A8DI,2,train
TCGA-X7-A8DJ,2,train
TCGA-X7-A8M0,2,train
TCGA-X7-A8M3,2,train
TCGA-X7-A8M4,2,train
TCGA-X7-A8M5,2,train
TCGA-X7-A8M6,2,train
TCGA-X7-A8M8,2,train
TCGA-X8-AAAR,2,train
TCGA-X9-A971,2,train
TCGA-X9-A973,2,train
TCGA-XA-A8JR,2,train
TCGA-XC-AA0X,2,train
TCGA-XD-AAUG,2,train
TCGA-XD-AAUH,2,train
TCGA-XD-AAUI,2,train
TCGA-XD-AAUL,2,train
TCGA-XE-A8H4,2,train
TCGA-XE-A8H5,2,train
TCGA-XE-A9SE,2,train
TCGA-XE-AANI,2,train
TCGA-XE-AANR,2,train
TCGA-XE-AANV,2,train
TCGA-XE-AAO6,2,train
TCGA-XE-AAOB,2,train
TCGA-XE-AAOD,2,train
TCGA-XE-AAOF,2,train
TCGA-XF-A8HB,2,train
TCGA-XF-A8HC,2,train
TCGA-XF-A8HD,2,train
TCGA-XF-A8HF,2,train
TCGA-XF-A8HG,2,train
TCGA-XF-A8HH,2,train
TCGA-XF-A8HI,2,train
TCGA-XF-A9SG,2,train
TCGA-XF-A9SH,2,train
TCGA-XF-A9SI,2,train
TCGA-XF-A9SJ,2,train
TCGA-XF-A9SL,2,train
TCGA-XF-A9SM,2,train
TCGA-XF-A9SP,2,train
TCGA-XF-A9ST,2,train
TCGA-XF-A9SU,2,train
TCGA-XF-A9SV,2,train
TCGA-XF-A9SW,2,train
TCGA-XF-A9SX,2,train
TCGA-XF-A9SY,2,train
TCGA-XF-A9SZ,2,train
TCGA-XF-A9T0,2,train
TCGA-XF-A9T4,2,train
TCGA-XF-A9T6,2,train
TCGA-XF-A9T8,2,train
TCGA-XF-AAME,2,train
TCGA-XF-AAMF,2,train
TCGA-XF-AAMJ,2,train
TCGA-XF-AAML,2,train
TCGA-XF-AAMQ,2,train
TCGA-XF-AAMR,2,train
TCGA-XF-AAMT,2,train
TCGA-XF-AAMW,2,train
TCGA-XF-AAMX,2,train
TCGA-XF-AAMY,2,train
TCGA-XF-AAMZ,2,train
TCGA-XF-AAN0,2,train
TCGA-XF-AAN1,2,train
TCGA-XF-AAN2,2,train
TCGA-XF-AAN3,2,train
TCGA-XF-AAN4,2,train
TCGA-XF-AAN5,2,train
TCGA-XF-AAN8,2,train
TCGA-XH-A853,2,train
TCGA-XJ-A83F,2,train
TCGA-XJ-A83G,2,train
TCGA-XJ-A83H,2,train
TCGA-XJ-A9DQ,2,train
TCGA-XK-AAIR,2,train
TCGA-XK-AAIV,2,train
TCGA-XK-AAJA,2,train
TCGA-XK-AAJP,2,train
TCGA-XK-AAJR,2,train
TCGA-XK-AAJU,2,train
TCGA-XM-A8R8,2,train
TCGA-XM-A8R9,2,train
TCGA-XM-A8RC,2,train
TCGA-XM-A8RD,2,train
TCGA-XM-A8RE,2,train
TCGA-XM-A8RF,2,train
TCGA-XM-A8RG,2,train
TCGA-XM-A8RH,2,train
TCGA-XM-A8RL,2,train
TCGA-XM-AAZ1,2,train
TCGA-XM-AAZ2,2,train
TCGA-XN-A8T3,2,train
TCGA-XN-A8T5,2,train
TCGA-XP-A8T6,2,train
TCGA-XP-A8T8,2,train
TCGA-XQ-A8TA,2,train
TCGA-XR-A8TC,2,train
TCGA-XR-A8TD,2,train
TCGA-XR-A8TE,2,train
TCGA-XR-A8TF,2,train
TCGA-XR-A8TG,2,train
TCGA-XU-A92O,2,train
TCGA-XU-A92Q,2,train
TCGA-XU-A92R,2,train
TCGA-XU-A92U,2,train
TCGA-XU-A92V,2,train
TCGA-XU-A92W,2,train
TCGA-XU-A92Y,2,train
TCGA-XU-A92Z,2,train
TCGA-XU-A930,2,train
TCGA-XU-A932,2,train
TCGA-XU-A933,2,train
TCGA-XU-A936,2,train
TCGA-XU-AAXV,2,train
TCGA-XU-AAY0,2,train
TCGA-XU-AAY1,2,train
TCGA-XV-A9VZ,2,train
TCGA-XV-A9W2,2,train
TCGA-XV-A9W5,2,train
TCGA-XV-AAZW,2,train
TCGA-XV-AAZY,2,train
TCGA-XX-A899,2,train
TCGA-XX-A89A,2,train
TCGA-XY-A89B,2,train
TCGA-XY-A8S2,2,train
TCGA-XY-A8S3,2,train
TCGA-XY-A9T9,2,train
TCGA-Y8-A894,2,train
TCGA-Y8-A895,2,train
TCGA-Y8-A896,2,train
TCGA-Y8-A897,2,train
TCGA-Y8-A898,2,train
TCGA-Y8-A8RY,2,train
TCGA-Y8-A8RZ,2,train
TCGA-Y8-A8S0,2,train
TCGA-YB-A89D,2,train
TCGA-YC-A89H,2,train
TCGA-YC-A9TC,2,train
TCGA-YF-AA3L,2,train
TCGA-YF-AA3M,2,train
TCGA-YG-AA3N,2,train
TCGA-YL-A8HJ,2,train
TCGA-YL-A8HL,2,train
TCGA-YL-A8HO,2,train
TCGA-YL-A8S8,2,train
TCGA-YL-A8S9,2,train
TCGA-YL-A8SA,2,train
TCGA-YL-A8SB,2,train
TCGA-YL-A8SC,2,train
TCGA-YL-A8SF,2,train
TCGA-YL-A8SH,2,train
TCGA-YL-A8SI,2,train
TCGA-YL-A8SK,2,train
TCGA-YL-A8SL,2,train
TCGA-YL-A8SO,2,train
TCGA-YL-A8SQ,2,train
TCGA-YL-A8SR,2,train
TCGA-YL-A9WI,2,train
TCGA-YL-A9WK,2,train
TCGA-YL-A9WL,2,train
TCGA-YL-A9WX,2,train
TCGA-YL-A9WY,2,train
TCGA-YS-A95B,2,train
TCGA-YS-AA4M,2,train
TCGA-YT-A95D,2,train
TCGA-YT-A95E,2,train
TCGA-YU-A90P,2,train
TCGA-YU-A90S,2,train
TCGA-YU-A912,2,train
TCGA-YU-A94D,2,train
TCGA-YU-A94I,2,train
TCGA-YU-AA4L,2,train
TCGA-YU-AA61,2,train
TCGA-YZ-A982,2,train
TCGA-YZ-A983,2,train
TCGA-YZ-A984,2,train
TCGA-Z4-A8JB,2,train
TCGA-Z4-A9VC,2,train
TCGA-Z4-AAPF,2,train
TCGA-Z4-AAPG,2,train
TCGA-Z5-AAPL,2,train
TCGA-Z6-A8JE,2,train
TCGA-Z6-A9VB,2,train
TCGA-Z6-AAPN,2,train
TCGA-Z7-A8R5,2,train
TCGA-ZA-A8F6,2,train
TCGA-ZB-A961,2,train
TCGA-ZB-A963,2,train
TCGA-ZB-A965,2,train
TCGA-ZB-A966,2,train
TCGA-ZB-A969,2,train
TCGA-ZB-A96A,2,train
TCGA-ZB-A96B,2,train
TCGA-ZB-A96C,2,train
TCGA-ZB-A96D,2,train
TCGA-ZB-A96F,2,train
TCGA-ZB-A96G,2,train
TCGA-ZB-A96H,2,train
TCGA-ZB-A96I,2,train
TCGA-ZB-A96K,2,train
TCGA-ZB-A96L,2,train
TCGA-ZB-A96M,2,train
TCGA-ZB-A96O,2,train
TCGA-ZB-A96Q,2,train
TCGA-ZB-A96R,2,train
TCGA-ZB-A96V,2,train
TCGA-ZC-AAAA,2,train
TCGA-ZF-A9R2,2,train
TCGA-ZF-A9R3,2,train
TCGA-ZF-A9R4,2,train
TCGA-ZF-A9R5,2,train
TCGA-ZF-A9R7,2,train
TCGA-ZF-A9R9,2,train
TCGA-ZF-A9RE,2,train
TCGA-ZF-A9RF,2,train
TCGA-ZF-A9RG,2,train
TCGA-ZF-A9RL,2,train
TCGA-ZF-A9RM,2,train
TCGA-ZF-A9RN,2,train
TCGA-ZF-AA4N,2,train
TCGA-ZF-AA4V,2,train
TCGA-ZF-AA4W,2,train
TCGA-ZF-AA4X,2,train
TCGA-ZF-AA51,2,train
TCGA-ZF-AA54,2,train
TCGA-ZF-AA58,2,train
TCGA-ZF-AA5N,2,train
TCGA-ZF-AA5P,2,train
TCGA-ZJ-A8QR,2,train
TCGA-ZJ-AAX4,2,train
TCGA-ZJ-AAXA,2,train
TCGA-ZJ-AAXJ,2,train
TCGA-ZJ-AAXN,2,train
TCGA-ZM-AA06,2,train
TCGA-ZM-AA0B,2,train
TCGA-ZM-AA0D,2,train
TCGA-ZM-AA0F,2,train
TCGA-ZN-A9VQ,2,train
TCGA-ZN-A9VU,2,train
TCGA-ZN-A9VV,2,train
TCGA-ZP-A9CZ,2,train
TCGA-ZP-A9D0,2,train
TCGA-ZP-A9D4,2,train
TCGA-ZQ-A9CR,2,train
TCGA-ZR-A9CJ,2,train
TCGA-ZS-A9CD,2,train
TCGA-ZS-A9CE,2,train
TCGA-ZS-A9CF,2,train
TCGA-ZS-A9CG,2,train
TCGA-ZT-A8OM,2,train
TCGA-05-4420,2,val
TCGA-05-4432,2,val
TCGA-05-4433,2,val
TCGA-06-0138,2,val
TCGA-06-0176,2,val
TCGA-06-0184,2,val
TCGA-06-0185,2,val
TCGA-06-0188,2,val
TCGA-06-0211,2,val
TCGA-06-0216,2,val
TCGA-06-0745,2,val
TCGA-06-0750,2,val
TCGA-06-5410,2,val
TCGA-06-5414,2,val
TCGA-06-5856,2,val
TCGA-06-5859,2,val
TCGA-06-6391,2,val
TCGA-12-0618,2,val
TCGA-12-0619,2,val
TCGA-12-0688,2,val
TCGA-12-0707,2,val
TCGA-12-1599,2,val
TCGA-12-3650,2,val
TCGA-12-3651,2,val
TCGA-13-A5FU,2,val
TCGA-14-0817,2,val
TCGA-14-0867,2,val
TCGA-14-1459,2,val
TCGA-14-1821,2,val
TCGA-14-1825,2,val
TCGA-19-1790,2,val
TCGA-19-2620,2,val
TCGA-19-2623,2,val
TCGA-19-4068,2,val
TCGA-19-5951,2,val
TCGA-21-5784,2,val
TCGA-23-1809,2,val
TCGA-23-2072,2,val
TCGA-23-2084,2,val
TCGA-23-2641,2,val
TCGA-25-1313,2,val
TCGA-25-1322,2,val
TCGA-25-1631,2,val
TCGA-25-1632,2,val
TCGA-26-1439,2,val
TCGA-26-5136,2,val
TCGA-27-1838,2,val
TCGA-27-2523,2,val
TCGA-28-1745,2,val
TCGA-28-1746,2,val
TCGA-28-1750,2,val
TCGA-28-1752,2,val
TCGA-28-1757,2,val
TCGA-2A-AAYO,2,val
TCGA-2A-AAYU,2,val
TCGA-2F-A9KT,2,val
TCGA-2G-AAFG,2,val
TCGA-2G-AAFI,2,val
TCGA-2G-AAG9,2,val
TCGA-2G-AAGC,2,val
TCGA-2G-AAGX,2,val
TCGA-2G-AAGY,2,val
TCGA-2G-AAH4,2,val
TCGA-2G-AAHA,2,val
TCGA-2G-AAHN,2,val
TCGA-2G-AAHT,2,val
TCGA-2G-AAL7,2,val
TCGA-2J-AABE,2,val
TCGA-2W-A8YY,2,val
TCGA-2X-A9D5,2,val
TCGA-2Y-A9GS,2,val
TCGA-2Y-A9GT,2,val
TCGA-2Y-A9GV,2,val
TCGA-2Y-A9HB,2,val
TCGA-2Z-A9JG,2,val
TCGA-2Z-A9JI,2,val
TCGA-2Z-A9JN,2,val
TCGA-2Z-A9JO,2,val
TCGA-34-8455,2,val
TCGA-3A-A9I9,2,val
TCGA-3A-A9IO,2,val
TCGA-3A-A9IU,2,val
TCGA-3A-A9J0,2,val
TCGA-3B-A9HU,2,val
TCGA-3P-A9WA,2,val
TCGA-3S-A8YW,2,val
TCGA-3U-A98E,2,val
TCGA-3U-A98F,2,val
TCGA-3Z-A93Z,2,val
TCGA-42-2588,2,val
TCGA-42-2590,2,val
TCGA-42-2593,2,val
TCGA-43-6143,2,val
TCGA-43-A56U,2,val
TCGA-44-4112,2,val
TCGA-44-7670,2,val
TCGA-44-A47F,2,val
TCGA-46-3765,2,val
TCGA-49-4487,2,val
TCGA-4K-AA1G,2,val
TCGA-4K-AA1I,2,val
TCGA-4P-AA8J,2,val
TCGA-4V-A9QS,2,val
TCGA-4V-A9QT,2,val
TCGA-4V-A9QW,2,val
TCGA-4X-A9FA,2,val
TCGA-4Z-AA7N,2,val
TCGA-4Z-AA83,2,val
TCGA-4Z-AA84,2,val
TCGA-4Z-AA87,2,val
TCGA-52-7809,2,val
TCGA-53-A4EZ,2,val
TCGA-55-8085,2,val
TCGA-55-8089,2,val
TCGA-55-8203,2,val
TCGA-55-A48X,2,val
TCGA-56-6545,2,val
TCGA-56-8082,2,val
TCGA-56-8503,2,val
TCGA-56-8624,2,val
TCGA-56-A4BX,2,val
TCGA-56-A4BY,2,val
TCGA-58-A46N,2,val
TCGA-5B-A90C,2,val
TCGA-5C-A9VH,2,val
TCGA-5L-AAT0,2,val
TCGA-5M-AATE,2,val
TCGA-5N-A9KM,2,val
TCGA-5P-A9JY,2,val
TCGA-5P-A9K9,2,val
TCGA-5R-AA1C,2,val
TCGA-62-A46P,2,val
TCGA-63-A5MI,2,val
TCGA-63-A5ML,2,val
TCGA-63-A5MS,2,val
TCGA-64-5781,2,val
TCGA-67-3771,2,val
TCGA-68-7755,2,val
TCGA-68-7756,2,val
TCGA-68-8250,2,val
TCGA-68-8251,2,val
TCGA-68-A59J,2,val
TCGA-69-7978,2,val
TCGA-70-6723,2,val
TCGA-73-4670,2,val
TCGA-75-5125,2,val
TCGA-75-5146,2,val
TCGA-77-6844,2,val
TCGA-77-7463,2,val
TCGA-77-8130,2,val
TCGA-77-8136,2,val
TCGA-77-A5GA,2,val
TCGA-78-7149,2,val
TCGA-78-7150,2,val
TCGA-78-7152,2,val
TCGA-78-7158,2,val
TCGA-78-8660,2,val
TCGA-81-5910,2,val
TCGA-85-6175,2,val
TCGA-85-6561,2,val
TCGA-85-7696,2,val
TCGA-85-7844,2,val
TCGA-85-8276,2,val
TCGA-85-8479,2,val
TCGA-85-A4JC,2,val
TCGA-85-A4QR,2,val
TCGA-85-A50M,2,val
TCGA-86-6851,2,val
TCGA-86-7954,2,val
TCGA-86-8073,2,val
TCGA-86-8278,2,val
TCGA-86-8585,2,val
TCGA-86-8669,2,val
TCGA-86-8673,2,val
TCGA-90-7964,2,val
TCGA-92-7340,2,val
TCGA-92-8064,2,val
TCGA-93-A4JN,2,val
TCGA-94-A4VJ,2,val
TCGA-94-A5I6,2,val
TCGA-95-A4VK,2,val
TCGA-96-7545,2,val
TCGA-97-7937,2,val
TCGA-98-8022,2,val
TCGA-98-8023,2,val
TCGA-98-A53C,2,val
TCGA-99-7458,2,val
TCGA-A2-A04Q,2,val
TCGA-A2-A0CP,2,val
TCGA-A2-A0CR,2,val
TCGA-A2-A0CS,2,val
TCGA-A2-A0CY,2,val
TCGA-A2-A0EO,2,val
TCGA-A2-A0ES,2,val
TCGA-A2-A0ET,2,val
TCGA-A2-A0EX,2,val
TCGA-A2-A0SX,2,val
TCGA-A2-A0T3,2,val
TCGA-A2-A0T4,2,val
TCGA-A2-A0T5,2,val
TCGA-A2-A0YD,2,val
TCGA-A2-A0YI,2,val
TCGA-A2-A0YL,2,val
TCGA-A2-A1G1,2,val
TCGA-A2-A1G4,2,val
TCGA-A2-A25B,2,val
TCGA-A2-A25F,2,val
TCGA-A2-A3Y0,2,val
TCGA-A2-A4S0,2,val
TCGA-A2-A4S2,2,val
TCGA-A3-3316,2,val
TCGA-A3-3319,2,val
TCGA-A3-3329,2,val
TCGA-A3-3335,2,val
TCGA-A3-3357,2,val
TCGA-A3-3382,2,val
TCGA-A3-3383,2,val
TCGA-A3-A6NL,2,val
TCGA-A4-7584,2,val
TCGA-A4-8516,2,val
TCGA-A4-8517,2,val
TCGA-A4-8518,2,val
TCGA-A4-8630,2,val
TCGA-A4-A48D,2,val
TCGA-A4-A57E,2,val
TCGA-A5-A0G9,2,val
TCGA-A5-A0GG,2,val
TCGA-A5-A0GX,2,val
TCGA-A5-A2K2,2,val
TCGA-A5-AB3J,2,val
TCGA-A6-2672,2,val
TCGA-A6-2679,2,val
TCGA-A6-5660,2,val
TCGA-A6-6142,2,val
TCGA-A6-6651,2,val
TCGA-A6-A56B,2,val
TCGA-A6-A5ZU,2,val
TCGA-A7-A0CD,2,val
TCGA-A7-A0CG,2,val
TCGA-A7-A13H,2,val
TCGA-A7-A3RF,2,val
TCGA-A7-A426,2,val
TCGA-A7-A4SF,2,val
TCGA-A7-A6VX,2,val
TCGA-A8-A06Q,2,val
TCGA-A8-A06Y,2,val
TCGA-A8-A07C,2,val
TCGA-A8-A07G,2,val
TCGA-A8-A07R,2,val
TCGA-A8-A085,2,val
TCGA-A8-A08J,2,val
TCGA-A8-A08R,2,val
TCGA-A8-A090,2,val
TCGA-A8-A09A,2,val
TCGA-A8-A09C,2,val
TCGA-A8-A09M,2,val
TCGA-A8-A0A4,2,val
TCGA-AA-3542,2,val
TCGA-AA-3560,2,val
TCGA-AA-3666,2,val
TCGA-AA-3673,2,val
TCGA-AA-3685,2,val
TCGA-AA-3854,2,val
TCGA-AA-3955,2,val
TCGA-AA-3956,2,val
TCGA-AA-3966,2,val
TCGA-AA-3967,2,val
TCGA-AA-3994,2,val
TCGA-AA-A00D,2,val
TCGA-AA-A00N,2,val
TCGA-AC-A2B8,2,val
TCGA-AC-A2QI,2,val
TCGA-AC-A2QJ,2,val
TCGA-AC-A3OD,2,val
TCGA-AC-A3QQ,2,val
TCGA-AC-A3W7,2,val
TCGA-AC-A62V,2,val
TCGA-AC-A6IW,2,val
TCGA-AC-A6NO,2,val
TCGA-AC-A8OP,2,val
TCGA-AF-6136,2,val
TCGA-AF-A56L,2,val
TCGA-AG-3581,2,val
TCGA-AG-3584,2,val
TCGA-AG-3598,2,val
TCGA-AG-3602,2,val
TCGA-AG-3727,2,val
TCGA-AG-3883,2,val
TCGA-AG-3909,2,val
TCGA-AG-4008,2,val
TCGA-AG-A008,2,val
TCGA-AG-A01J,2,val
TCGA-AG-A02G,2,val
TCGA-AH-6544,2,val
TCGA-AJ-A2QK,2,val
TCGA-AJ-A3BG,2,val
TCGA-AJ-A3NC,2,val
TCGA-AJ-A3OK,2,val
TCGA-AJ-A3QS,2,val
TCGA-AJ-A5DW,2,val
TCGA-AK-3427,2,val
TCGA-AK-3428,2,val
TCGA-AK-3431,2,val
TCGA-AK-3440,2,val
TCGA-AK-3455,2,val
TCGA-AK-3456,2,val
TCGA-AK-3458,2,val
TCGA-AK-3465,2,val
TCGA-AL-3468,2,val
TCGA-AL-7173,2,val
TCGA-AM-5821,2,val
TCGA-AN-A0AJ,2,val
TCGA-AN-A0FT,2,val
TCGA-AN-A0FW,2,val
TCGA-AN-A0FX,2,val
TCGA-AN-A0FY,2,val
TCGA-AN-A0G0,2,val
TCGA-AO-A03L,2,val
TCGA-AO-A03V,2,val
TCGA-AO-A0J2,2,val
TCGA-AO-A0J9,2,val
TCGA-AO-A0JE,2,val
TCGA-AO-A0JJ,2,val
TCGA-AO-A0JL,2,val
TCGA-AO-A125,2,val
TCGA-AO-A12D,2,val
TCGA-AO-A12E,2,val
TCGA-AO-A1KO,2,val
TCGA-AO-A1KR,2,val
TCGA-AP-A052,2,val
TCGA-AP-A056,2,val
TCGA-AP-A0LE,2,val
TCGA-AP-A0LG,2,val
TCGA-AP-A0LL,2,val
TCGA-AP-A0LT,2,val
TCGA-AP-A1DM,2,val
TCGA-AP-A1E0,2,val
TCGA-AP-A3K1,2,val
TCGA-AQ-A04J,2,val
TCGA-AR-A1AL,2,val
TCGA-AR-A1AN,2,val
TCGA-AR-A1AP,2,val
TCGA-AR-A1AS,2,val
TCGA-AR-A1AU,2,val
TCGA-AR-A1AV,2,val
TCGA-AR-A1AX,2,val
TCGA-AR-A24P,2,val
TCGA-AR-A24Q,2,val
TCGA-AR-A24R,2,val
TCGA-AR-A24T,2,val
TCGA-AR-A24W,2,val
TCGA-AR-A2LQ,2,val
TCGA-AX-A05S,2,val
TCGA-AX-A05Z,2,val
TCGA-AX-A064,2,val
TCGA-AX-A06F,2,val
TCGA-AX-A0J1,2,val
TCGA-AX-A1C4,2,val
TCGA-AX-A1C7,2,val
TCGA-AX-A1C8,2,val
TCGA-AX-A2IO,2,val
TCGA-AZ-4315,2,val
TCGA-AZ-4616,2,val
TCGA-AZ-4684,2,val
TCGA-B0-4691,2,val
TCGA-B0-4694,2,val
TCGA-B0-4696,2,val
TCGA-B0-4697,2,val
TCGA-B0-4707,2,val
TCGA-B0-4718,2,val
TCGA-B0-4817,2,val
TCGA-B0-4818,2,val
TCGA-B0-4822,2,val
TCGA-B0-4834,2,val
TCGA-B0-4836,2,val
TCGA-B0-4837,2,val
TCGA-B0-4845,2,val
TCGA-B0-4849,2,val
TCGA-B0-4852,2,val
TCGA-B0-4945,2,val
TCGA-B0-5085,2,val
TCGA-B0-5095,2,val
TCGA-B0-5100,2,val
TCGA-B0-5102,2,val
TCGA-B0-5400,2,val
TCGA-B0-5703,2,val
TCGA-B0-5705,2,val
TCGA-B0-5710,2,val
TCGA-B2-4102,2,val
TCGA-B3-3925,2,val
TCGA-B3-8121,2,val
TCGA-B4-5834,2,val
TCGA-B5-A0K2,2,val
TCGA-B5-A0K9,2,val
TCGA-B5-A0KB,2,val
TCGA-B5-A11Y,2,val
TCGA-B5-A121,2,val
TCGA-B5-A1MZ,2,val
TCGA-B5-A5OC,2,val
TCGA-B6-A0I2,2,val
TCGA-B6-A0RE,2,val
TCGA-B6-A0RS,2,val
TCGA-B6-A0RU,2,val
TCGA-B6-A0WW,2,val
TCGA-B6-A1KF,2,val
TCGA-B8-4619,2,val
TCGA-B9-4117,2,val
TCGA-B9-4617,2,val
TCGA-B9-5155,2,val
TCGA-BA-4078,2,val
TCGA-BA-6871,2,val
TCGA-BA-A6DF,2,val
TCGA-BA-A6DG,2,val
TCGA-BB-7866,2,val
TCGA-BB-A5HZ,2,val
TCGA-BB-A6UO,2,val
TCGA-BC-A3KG,2,val
TCGA-BC-A69I,2,val
TCGA-BF-A1PU,2,val
TCGA-BG-A0M6,2,val
TCGA-BG-A0MI,2,val
TCGA-BG-A0MO,2,val
TCGA-BG-A0MT,2,val
TCGA-BG-A18A,2,val
TCGA-BG-A221,2,val
TCGA-BH-A0AY,2,val
TCGA-BH-A0BF,2,val
TCGA-BH-A0C1,2,val
TCGA-BH-A0DZ,2,val
TCGA-BH-A0EE,2,val
TCGA-BI-A0VR,2,val
TCGA-BJ-A0YZ,2,val
TCGA-BJ-A0Z3,2,val
TCGA-BJ-A0ZB,2,val
TCGA-BJ-A0ZE,2,val
TCGA-BJ-A18Y,2,val
TCGA-BJ-A28X,2,val
TCGA-BJ-A291,2,val
TCGA-BJ-A2N8,2,val
TCGA-BJ-A45F,2,val
TCGA-BJ-A45I,2,val
TCGA-BK-A13B,2,val
TCGA-BP-4158,2,val
TCGA-BP-4161,2,val
TCGA-BP-4164,2,val
TCGA-BP-4176,2,val
TCGA-BP-4335,2,val
TCGA-BP-4354,2,val
TCGA-BP-4760,2,val
TCGA-BP-4774,2,val
TCGA-BP-4777,2,val
TCGA-BP-4795,2,val
TCGA-BP-4798,2,val
TCGA-BP-4799,2,val
TCGA-BP-4803,2,val
TCGA-BP-4804,2,val
TCGA-BP-4964,2,val
TCGA-BP-4988,2,val
TCGA-BP-4991,2,val
TCGA-BP-4992,2,val
TCGA-BP-5173,2,val
TCGA-BP-5175,2,val
TCGA-BP-5178,2,val
TCGA-BP-5180,2,val
TCGA-BP-5192,2,val
TCGA-BP-5198,2,val
TCGA-BP-5202,2,val
TCGA-BR-6457,2,val
TCGA-BR-6458,2,val
TCGA-BR-6564,2,val
TCGA-BR-6706,2,val
TCGA-BR-6801,2,val
TCGA-BR-7704,2,val
TCGA-BR-7715,2,val
TCGA-BR-7851,2,val
TCGA-BR-7957,2,val
TCGA-BR-8078,2,val
TCGA-BR-8286,2,val
TCGA-BR-8291,2,val
TCGA-BR-8368,2,val
TCGA-BR-8369,2,val
TCGA-BR-8384,2,val
TCGA-BR-8485,2,val
TCGA-BR-8592,2,val
TCGA-BR-8678,2,val
TCGA-BR-A4CS,2,val
TCGA-BR-A4IV,2,val
TCGA-BR-A4IZ,2,val
TCGA-BR-A4J7,2,val
TCGA-BR-A4PD,2,val
TCGA-BS-A0T9,2,val
TCGA-BS-A0U5,2,val
TCGA-BS-A0WQ,2,val
TCGA-BT-A0YX,2,val
TCGA-BT-A2LA,2,val
TCGA-BT-A2LB,2,val
TCGA-BT-A3PH,2,val
TCGA-BT-A3PJ,2,val
TCGA-C4-A0EZ,2,val
TCGA-C5-A1BE,2,val
TCGA-C5-A1BK,2,val
TCGA-C5-A1M6,2,val
TCGA-C5-A1MJ,2,val
TCGA-C5-A1MN,2,val
TCGA-C5-A2LX,2,val
TCGA-C5-A2M2,2,val
TCGA-C5-A3HD,2,val
TCGA-C5-A7UI,2,val
TCGA-C5-A8YT,2,val
TCGA-C5-A901,2,val
TCGA-C5-A902,2,val
TCGA-C8-A12Y,2,val
TCGA-C8-A130,2,val
TCGA-C8-A133,2,val
TCGA-C8-A135,2,val
TCGA-C8-A26X,2,val
TCGA-C8-A26Z,2,val
TCGA-C9-A480,2,val
TCGA-CA-5256,2,val
TCGA-CA-5796,2,val
TCGA-CC-5260,2,val
TCGA-CC-A8HS,2,val
TCGA-CC-A8HT,2,val
TCGA-CC-A9FW,2,val
TCGA-CD-5798,2,val
TCGA-CD-8534,2,val
TCGA-CD-A4MJ,2,val
TCGA-CE-A27D,2,val
TCGA-CF-A1HR,2,val
TCGA-CF-A47T,2,val
TCGA-CG-4305,2,val
TCGA-CG-4306,2,val
TCGA-CG-4440,2,val
TCGA-CG-4455,2,val
TCGA-CG-4460,2,val
TCGA-CH-5741,2,val
TCGA-CH-5746,2,val
TCGA-CJ-4634,2,val
TCGA-CJ-4637,2,val
TCGA-CJ-4642,2,val
TCGA-CJ-4869,2,val
TCGA-CJ-4892,2,val
TCGA-CJ-4893,2,val
TCGA-CJ-4901,2,val
TCGA-CJ-4908,2,val
TCGA-CJ-5672,2,val
TCGA-CJ-6028,2,val
TCGA-CK-4947,2,val
TCGA-CK-4952,2,val
TCGA-CL-5917,2,val
TCGA-CM-5344,2,val
TCGA-CM-5349,2,val
TCGA-CM-5862,2,val
TCGA-CM-6166,2,val
TCGA-CM-6167,2,val
TCGA-CM-6677,2,val
TCGA-CN-4738,2,val
TCGA-CN-5358,2,val
TCGA-CN-5374,2,val
TCGA-CN-6012,2,val
TCGA-CN-6013,2,val
TCGA-CN-6016,2,val
TCGA-CN-A63T,2,val
TCGA-CN-A63V,2,val
TCGA-CQ-5325,2,val
TCGA-CQ-5332,2,val
TCGA-CQ-A4C7,2,val
TCGA-CQ-A4C9,2,val
TCGA-CQ-A4CA,2,val
TCGA-CQ-A4CG,2,val
TCGA-CQ-A4CH,2,val
TCGA-CS-4942,2,val
TCGA-CS-4943,2,val
TCGA-CS-5393,2,val
TCGA-CS-5395,2,val
TCGA-CS-6667,2,val
TCGA-CU-A3KJ,2,val
TCGA-CV-5432,2,val
TCGA-CV-5966,2,val
TCGA-CV-5976,2,val
TCGA-CV-6951,2,val
TCGA-CV-6953,2,val
TCGA-CV-7099,2,val
TCGA-CV-7100,2,val
TCGA-CV-7101,2,val
TCGA-CV-7178,2,val
TCGA-CV-7235,2,val
TCGA-CV-7243,2,val
TCGA-CV-7252,2,val
TCGA-CV-7406,2,val
TCGA-CV-7416,2,val
TCGA-CV-7421,2,val
TCGA-CV-7432,2,val
TCGA-CV-A45Q,2,val
TCGA-CV-A45Y,2,val
TCGA-CV-A6JU,2,val
TCGA-CV-A6JZ,2,val
TCGA-CZ-4858,2,val
TCGA-CZ-4859,2,val
TCGA-CZ-4861,2,val
TCGA-CZ-4866,2,val
TCGA-CZ-5988,2,val
TCGA-D1-A0ZN,2,val
TCGA-D1-A0ZZ,2,val
TCGA-D1-A103,2,val
TCGA-D1-A161,2,val
TCGA-D1-A168,2,val
TCGA-D1-A16O,2,val
TCGA-D1-A16V,2,val
TCGA-D1-A1NS,2,val
TCGA-D1-A1NU,2,val
TCGA-D1-A1O5,2,val
TCGA-D1-A3JP,2,val
TCGA-D5-5540,2,val
TCGA-D5-6532,2,val
TCGA-D5-6540,2,val
TCGA-D5-6922,2,val
TCGA-D5-6927,2,val
TCGA-D5-6928,2,val
TCGA-D5-6930,2,val
TCGA-D6-6517,2,val
TCGA-D6-6824,2,val
TCGA-D6-A4ZB,2,val
TCGA-D7-6518,2,val
TCGA-D7-6522,2,val
TCGA-D7-6528,2,val
TCGA-D7-8574,2,val
TCGA-D7-A4YU,2,val
TCGA-D7-A4YY,2,val
TCGA-D7-A6EZ,2,val
TCGA-D7-A748,2,val
TCGA-D8-A13Z,2,val
TCGA-D8-A141,2,val
TCGA-D8-A146,2,val
TCGA-D8-A1JC,2,val
TCGA-D8-A1JD,2,val
TCGA-D8-A1JE,2,val
TCGA-D8-A1JH,2,val
TCGA-D8-A1JI,2,val
TCGA-D8-A1JJ,2,val
TCGA-D8-A1JP,2,val
TCGA-D8-A1X8,2,val
TCGA-D8-A1XA,2,val
TCGA-D8-A1XC,2,val
TCGA-D8-A1XD,2,val
TCGA-D8-A1XG,2,val
TCGA-D8-A1XK,2,val
TCGA-D8-A1XV,2,val
TCGA-D8-A1Y2,2,val
TCGA-D8-A1Y3,2,val
TCGA-D8-A27E,2,val
TCGA-D8-A27H,2,val
TCGA-D8-A27K,2,val
TCGA-D8-A27R,2,val
TCGA-D8-A27V,2,val
TCGA-DB-5278,2,val
TCGA-DB-5281,2,val
TCGA-DB-A4XD,2,val
TCGA-DB-A64P,2,val
TCGA-DB-A64S,2,val
TCGA-DB-A75M,2,val
TCGA-DC-6154,2,val
TCGA-DC-6156,2,val
TCGA-DC-6157,2,val
TCGA-DD-A113,2,val
TCGA-DD-A115,2,val
TCGA-DD-A119,2,val
TCGA-DD-A11B,2,val
TCGA-DD-A1EF,2,val
TCGA-DD-A1EI,2,val
TCGA-DD-A4NJ,2,val
TCGA-DD-A4NK,2,val
TCGA-DD-A4NN,2,val
TCGA-DD-A4NQ,2,val
TCGA-DD-A4NS,2,val
TCGA-DD-A73C,2,val
TCGA-DD-AACG,2,val
TCGA-DD-AACT,2,val
TCGA-DD-AACU,2,val
TCGA-DD-AACY,2,val
TCGA-DD-AAD0,2,val
TCGA-DD-AAD6,2,val
TCGA-DD-AAD8,2,val
TCGA-DD-AADB,2,val
TCGA-DD-AADI,2,val
TCGA-DD-AADM,2,val
TCGA-DD-AADN,2,val
TCGA-DD-AADQ,2,val
TCGA-DD-AADS,2,val
TCGA-DD-AADV,2,val
TCGA-DD-AADY,2,val
TCGA-DD-AAE7,2,val
TCGA-DD-AAED,2,val
TCGA-DD-AAVP,2,val
TCGA-DD-AAVU,2,val
TCGA-DE-A0XZ,2,val
TCGA-DF-A2KS,2,val
TCGA-DG-A2KM,2,val
TCGA-DH-5140,2,val
TCGA-DH-A7UR,2,val
TCGA-DH-A7UU,2,val
TCGA-DI-A1BY,2,val
TCGA-DI-A1C3,2,val
TCGA-DJ-A13P,2,val
TCGA-DJ-A13T,2,val
TCGA-DJ-A1QF,2,val
TCGA-DJ-A1QL,2,val
TCGA-DJ-A2PT,2,val
TCGA-DJ-A2PY,2,val
TCGA-DJ-A2Q2,2,val
TCGA-DJ-A3US,2,val
TCGA-DJ-A3UU,2,val
TCGA-DJ-A3UW,2,val
TCGA-DJ-A3V6,2,val
TCGA-DJ-A3V7,2,val
TCGA-DJ-A3VF,2,val
TCGA-DJ-A3VI,2,val
TCGA-DJ-A3VJ,2,val
TCGA-DJ-A3VK,2,val
TCGA-DJ-A3VM,2,val
TCGA-DJ-A4UL,2,val
TCGA-DJ-A4V2,2,val
TCGA-DK-A2I1,2,val
TCGA-DK-A3IM,2,val
TCGA-DK-A3IQ,2,val
TCGA-DK-A3IS,2,val
TCGA-DK-A6AV,2,val
TCGA-DK-A6B1,2,val
TCGA-DK-A6B6,2,val
TCGA-DM-A1DB,2,val
TCGA-DO-A1JZ,2,val
TCGA-DQ-5624,2,val
TCGA-DQ-7588,2,val
TCGA-DQ-7593,2,val
TCGA-DQ-7596,2,val
TCGA-DU-5872,2,val
TCGA-DU-5874,2,val
TCGA-DU-6395,2,val
TCGA-DU-6403,2,val
TCGA-DU-7009,2,val
TCGA-DU-7294,2,val
TCGA-DU-7302,2,val
TCGA-DU-8165,2,val
TCGA-DU-8168,2,val
TCGA-DU-A5TS,2,val
TCGA-DU-A5TT,2,val
TCGA-DU-A5TW,2,val
TCGA-DU-A5TY,2,val
TCGA-DU-A6S3,2,val
TCGA-DU-A6S6,2,val
TCGA-DU-A7TA,2,val
TCGA-DU-A7TG,2,val
TCGA-DV-5568,2,val
TCGA-DW-5561,2,val
TCGA-DW-7836,2,val
TCGA-DW-7838,2,val
TCGA-DW-7842,2,val
TCGA-DW-7963,2,val
TCGA-DX-A1L4,2,val
TCGA-DX-A23R,2,val
TCGA-DX-A3LS,2,val
TCGA-DX-A3UB,2,val
TCGA-DX-A3UC,2,val
TCGA-DX-A6B9,2,val
TCGA-DX-A6BE,2,val
TCGA-DX-A6YR,2,val
TCGA-DX-A6Z0,2,val
TCGA-DX-A7EO,2,val
TCGA-DX-A7EQ,2,val
TCGA-DX-A7ES,2,val
TCGA-DX-A8BO,2,val
TCGA-DX-A8BT,2,val
TCGA-DX-AB2G,2,val
TCGA-DX-AB2S,2,val
TCGA-DX-AB2W,2,val
TCGA-DX-AB36,2,val
TCGA-DX-AB3B,2,val
TCGA-DY-A1DD,2,val
TCGA-E1-A7YK,2,val
TCGA-E1-A7YM,2,val
TCGA-E1-A7YU,2,val
TCGA-E1-A7YY,2,val
TCGA-E1-A7Z3,2,val
TCGA-E2-A108,2,val
TCGA-E2-A10A,2,val
TCGA-E2-A10E,2,val
TCGA-E2-A14P,2,val
TCGA-E2-A14R,2,val
TCGA-E2-A14S,2,val
TCGA-E2-A155,2,val
TCGA-E2-A15C,2,val
TCGA-E2-A15H,2,val
TCGA-E2-A15I,2,val
TCGA-E2-A15M,2,val
TCGA-E2-A15O,2,val
TCGA-E2-A1B5,2,val
TCGA-E2-A1IH,2,val
TCGA-E2-A1LA,2,val
TCGA-E2-A56Z,2,val
TCGA-E3-A3E2,2,val
TCGA-E3-A3E3,2,val
TCGA-E5-A4TZ,2,val
TCGA-E6-A1LZ,2,val
TCGA-E7-A6MF,2,val
TCGA-E7-A85H,2,val
TCGA-E8-A3X7,2,val
TCGA-E8-A414,2,val
TCGA-E8-A418,2,val
TCGA-E8-A437,2,val
TCGA-E9-A1N6,2,val
TCGA-E9-A1NA,2,val
TCGA-E9-A1RA,2,val
TCGA-E9-A1RB,2,val
TCGA-E9-A1RC,2,val
TCGA-E9-A1RE,2,val
TCGA-E9-A1RF,2,val
TCGA-E9-A22A,2,val
TCGA-E9-A248,2,val
TCGA-E9-A2JS,2,val
TCGA-E9-A3QA,2,val
TCGA-E9-A3X8,2,val
TCGA-E9-A5FK,2,val
TCGA-E9-A5UP,2,val
TCGA-EA-A1QS,2,val
TCGA-EA-A3HQ,2,val
TCGA-EA-A3QE,2,val
TCGA-EA-A43B,2,val
TCGA-EA-A4BA,2,val
TCGA-EA-A5FO,2,val
TCGA-EA-A5ZD,2,val
TCGA-EA-A6QX,2,val
TCGA-EA-A78R,2,val
TCGA-EB-A3Y6,2,val
TCGA-EB-A41A,2,val
TCGA-EB-A41B,2,val
TCGA-EB-A44O,2,val
TCGA-EB-A4OZ,2,val
TCGA-EB-A51B,2,val
TCGA-EB-A550,2,val
TCGA-EB-A5UM,2,val
TCGA-EB-A5VU,2,val
TCGA-EB-A6QZ,2,val
TCGA-EB-A6R0,2,val
TCGA-ED-A5KG,2,val
TCGA-EI-6507,2,val
TCGA-EI-6508,2,val
TCGA-EI-6511,2,val
TCGA-EJ-5511,2,val
TCGA-EJ-5518,2,val
TCGA-EJ-5531,2,val
TCGA-EJ-7115,2,val
TCGA-EJ-7321,2,val
TCGA-EJ-7782,2,val
TCGA-EJ-7789,2,val
TCGA-EJ-A46F,2,val
TCGA-EL-A3CO,2,val
TCGA-EL-A3CU,2,val
TCGA-EL-A3CX,2,val
TCGA-EL-A3D5,2,val
TCGA-EL-A3GS,2,val
TCGA-EL-A3MX,2,val
TCGA-EL-A3N2,2,val
TCGA-EL-A3ZT,2,val
TCGA-EL-A4JZ,2,val
TCGA-EL-A4K2,2,val
TCGA-EM-A1CS,2,val
TCGA-EM-A1YD,2,val
TCGA-EM-A2CL,2,val
TCGA-EM-A2CN,2,val
TCGA-EM-A2CT,2,val
TCGA-EM-A2OW,2,val
TCGA-EM-A2OY,2,val
TCGA-EM-A2P2,2,val
TCGA-EM-A3AJ,2,val
TCGA-EM-A3AK,2,val
TCGA-EM-A3AL,2,val
TCGA-EM-A4FR,2,val
TCGA-EM-A4FU,2,val
TCGA-EO-A1Y5,2,val
TCGA-EO-A22R,2,val
TCGA-EO-A22S,2,val
TCGA-EO-A2CG,2,val
TCGA-EO-A3KW,2,val
TCGA-EO-A3KX,2,val
TCGA-EP-A3RK,2,val
TCGA-ER-A42H,2,val
TCGA-ET-A25M,2,val
TCGA-ET-A25P,2,val
TCGA-ET-A2MY,2,val
TCGA-ET-A39K,2,val
TCGA-ET-A3BQ,2,val
TCGA-ET-A3BS,2,val
TCGA-ET-A3DQ,2,val
TCGA-ET-A40P,2,val
TCGA-ET-A40S,2,val
TCGA-ET-A4KN,2,val
TCGA-EU-5904,2,val
TCGA-EW-A1IX,2,val
TCGA-EW-A1P3,2,val
TCGA-EW-A1P4,2,val
TCGA-EX-A69L,2,val
TCGA-EY-A1GC,2,val
TCGA-EY-A1GI,2,val
TCGA-EY-A1GJ,2,val
TCGA-EY-A1GO,2,val
TCGA-EY-A210,2,val
TCGA-F1-6177,2,val
TCGA-F1-A72C,2,val
TCGA-F2-6880,2,val
TCGA-F2-7273,2,val
TCGA-F2-A44G,2,val
TCGA-F4-6806,2,val
TCGA-F4-6856,2,val
TCGA-F5-6702,2,val
TCGA-F5-6861,2,val
TCGA-F7-A622,2,val
TCGA-F7-A623,2,val
TCGA-FB-AAPQ,2,val
TCGA-FB-AAPZ,2,val
TCGA-FB-AAQ2,2,val
TCGA-FC-A4JI,2,val
TCGA-FC-A8O0,2,val
TCGA-FD-A3NA,2,val
TCGA-FD-A3SM,2,val
TCGA-FD-A3SR,2,val
TCGA-FD-A5BV,2,val
TCGA-FD-A5BY,2,val
TCGA-FD-A62S,2,val
TCGA-FD-A6TA,2,val
TCGA-FD-A6TB,2,val
TCGA-FD-A6TG,2,val
TCGA-FD-A6TH,2,val
TCGA-FE-A235,2,val
TCGA-FG-5962,2,val
TCGA-FG-5965,2,val
TCGA-FG-6689,2,val
TCGA-FG-8181,2,val
TCGA-FG-A4MU,2,val
TCGA-FG-A4MX,2,val
TCGA-FG-A60L,2,val
TCGA-FG-A70Z,2,val
TCGA-FG-A87Q,2,val
TCGA-FI-A2D0,2,val
TCGA-FI-A2EU,2,val
TCGA-FI-A2EY,2,val
TCGA-FI-A3PV,2,val
TCGA-FJ-A3ZF,2,val
TCGA-FP-7998,2,val
TCGA-FR-A726,2,val
TCGA-FS-A1ZN,2,val
TCGA-FT-A61P,2,val
TCGA-FU-A3TQ,2,val
TCGA-FV-A3R3,2,val
TCGA-FX-A3RE,2,val
TCGA-FX-A3TO,2,val
TCGA-FX-A8OO,2,val
TCGA-FY-A3I5,2,val
TCGA-FY-A3NM,2,val
TCGA-FY-A3NN,2,val
TCGA-FY-A3NP,2,val
TCGA-FY-A40K,2,val
TCGA-FY-A4B4,2,val
TCGA-FY-A76V,2,val
TCGA-G2-A2EK,2,val
TCGA-G2-A2EL,2,val
TCGA-G3-A25Y,2,val
TCGA-G3-AAV1,2,val
TCGA-G3-AAV4,2,val
TCGA-G4-6303,2,val
TCGA-G4-6315,2,val
TCGA-G7-6790,2,val
TCGA-G7-6792,2,val
TCGA-G9-6339,2,val
TCGA-G9-6348,2,val
TCGA-G9-6356,2,val
TCGA-G9-6370,2,val
TCGA-G9-6498,2,val
TCGA-G9-7522,2,val
TCGA-G9-7525,2,val
TCGA-GC-A3I6,2,val
TCGA-GC-A3WC,2,val
TCGA-GD-A76B,2,val
TCGA-GE-A2C6,2,val
TCGA-GM-A2DN,2,val
TCGA-GM-A3XN,2,val
TCGA-GN-A26C,2,val
TCGA-GN-A4U5,2,val
TCGA-GU-A762,2,val
TCGA-GU-A766,2,val
TCGA-GU-AATQ,2,val
TCGA-GV-A3JZ,2,val
TCGA-GV-A3QF,2,val
TCGA-GV-A40E,2,val
TCGA-H2-A2K9,2,val
TCGA-H2-A3RI,2,val
TCGA-H2-A421,2,val
TCGA-H2-A422,2,val
TCGA-H4-A2HO,2,val
TCGA-H5-A2HR,2,val
TCGA-H7-A76A,2,val
TCGA-HB-A2OT,2,val
TCGA-HB-A5W3,2,val
TCGA-HC-7231,2,val
TCGA-HC-7233,2,val
TCGA-HC-7740,2,val
TCGA-HC-7742,2,val
TCGA-HC-7748,2,val
TCGA-HC-7750,2,val
TCGA-HC-A48F,2,val
TCGA-HC-A6AO,2,val
TCGA-HC-A6AQ,2,val
TCGA-HC-A6HX,2,val
TCGA-HC-A76W,2,val
TCGA-HC-A9TH,2,val
TCGA-HD-7753,2,val
TCGA-HD-7917,2,val
TCGA-HD-8634,2,val
TCGA-HE-7129,2,val
TCGA-HE-A5NF,2,val
TCGA-HE-A5NI,2,val
TCGA-HF-7136,2,val
TCGA-HG-A9SC,2,val
TCGA-HI-7170,2,val
TCGA-HP-A5N0,2,val
TCGA-HT-7469,2,val
TCGA-HT-7608,2,val
TCGA-HT-7609,2,val
TCGA-HT-7689,2,val
TCGA-HT-7877,2,val
TCGA-HT-7881,2,val
TCGA-HT-8105,2,val
TCGA-HT-8113,2,val
TCGA-HT-8563,2,val
TCGA-HT-A4DS,2,val
TCGA-HT-A4DV,2,val
TCGA-HT-A5R7,2,val
TCGA-HT-A615,2,val
TCGA-HT-A616,2,val
TCGA-HT-A74O,2,val
TCGA-HU-8608,2,val
TCGA-HU-A4G6,2,val
TCGA-HU-A4GC,2,val
TCGA-HU-A4GN,2,val
TCGA-HU-A4GQ,2,val
TCGA-HU-A4GY,2,val
TCGA-HU-A4HD,2,val
TCGA-HW-8320,2,val
TCGA-HW-8321,2,val
TCGA-HZ-7918,2,val
TCGA-HZ-7926,2,val
TCGA-HZ-8001,2,val
TCGA-HZ-8003,2,val
TCGA-HZ-8519,2,val
TCGA-HZ-8638,2,val
TCGA-HZ-A49I,2,val
TCGA-HZ-A77O,2,val
TCGA-IB-7645,2,val
TCGA-IB-7888,2,val
TCGA-IB-7890,2,val
TCGA-IB-A5SQ,2,val
TCGA-IB-A7LX,2,val
TCGA-IB-A7M4,2,val
TCGA-IB-AAUM,2,val
TCGA-IB-AAUS,2,val
TCGA-IB-AAUV,2,val
TCGA-IG-A7DP,2,val
TCGA-IG-A97H,2,val
TCGA-IH-A3EA,2,val
TCGA-IM-A3ED,2,val
TCGA-IQ-A61I,2,val
TCGA-IQ-A61L,2,val
TCGA-IQ-A6SG,2,val
TCGA-IR-A3LB,2,val
TCGA-IR-A3LK,2,val
TCGA-IS-A3K8,2,val
TCGA-IZ-A6M9,2,val
TCGA-J2-A4AG,2,val
TCGA-J4-A67M,2,val
TCGA-J4-A67Q,2,val
TCGA-J4-A67T,2,val
TCGA-J4-A83I,2,val
TCGA-J4-A83K,2,val
TCGA-J4-A83L,2,val
TCGA-J7-8537,2,val
TCGA-J8-A3NZ,2,val
TCGA-JW-A5VG,2,val
TCGA-JY-A6FD,2,val
TCGA-JY-A6FH,2,val
TCGA-K4-A3WV,2,val
TCGA-K4-A54R,2,val
TCGA-K4-A5RI,2,val
TCGA-K7-A6G5,2,val
TCGA-KB-A6F5,2,val
TCGA-KL-8323,2,val
TCGA-KL-8326,2,val
TCGA-KL-8330,2,val
TCGA-KL-8333,2,val
TCGA-KL-8346,2,val
TCGA-KM-8441,2,val
TCGA-KM-8443,2,val
TCGA-KM-8476,2,val
TCGA-KM-8639,2,val
TCGA-KN-8425,2,val
TCGA-KN-8429,2,val
TCGA-KN-8433,2,val
TCGA-KN-8437,2,val
TCGA-KO-8411,2,val
TCGA-KS-A4I1,2,val
TCGA-KS-A4I3,2,val
TCGA-KS-A4I9,2,val
TCGA-KT-A7W1,2,val
TCGA-KV-A6GD,2,val
TCGA-L1-A7W4,2,val
TCGA-L4-A4E6,2,val
TCGA-L9-A50W,2,val
TCGA-LD-A7W5,2,val
TCGA-LI-A9QH,2,val
TCGA-LK-A4O7,2,val
TCGA-LL-A73Y,2,val
TCGA-LN-A4MQ,2,val
TCGA-LN-A7HX,2,val
TCGA-LN-A8HZ,2,val
TCGA-LN-A8I0,2,val
TCGA-LN-A8I1,2,val
TCGA-LP-A4AX,2,val
TCGA-M7-A722,2,val
TCGA-M7-A723,2,val
TCGA-M7-A725,2,val
TCGA-MA-AA3W,2,val
TCGA-MA-AA43,2,val
TCGA-MB-A5YA,2,val
TCGA-MB-A8JL,2,val
TCGA-MH-A55Z,2,val
TCGA-MI-A75C,2,val
TCGA-MJ-A68H,2,val
TCGA-MK-A84Z,2,val
TCGA-MM-A564,2,val
TCGA-MP-A4SV,2,val
TCGA-MP-A4T2,2,val
TCGA-MP-A4T4,2,val
TCGA-MP-A4TF,2,val
TCGA-MR-A520,2,val
TCGA-MT-A51X,2,val
TCGA-NC-A5HF,2,val
TCGA-NC-A5HG,2,val
TCGA-NC-A5HJ,2,val
TCGA-NC-A5HO,2,val
TCGA-NC-A5HQ,2,val
TCGA-NH-A50T,2,val
TCGA-NH-A50V,2,val
TCGA-NH-A6GB,2,val
TCGA-NJ-A4YG,2,val
TCGA-NK-A7XE,2,val
TCGA-NP-A5B3,2,val
TCGA-NP-A5GY,2,val
TCGA-NQ-A638,2,val
TCGA-O2-A52S,2,val
TCGA-O2-A52W,2,val
TCGA-O8-A75V,2,val
TCGA-O9-A75Z,2,val
TCGA-OK-A5Q2,2,val
TCGA-OL-A66H,2,val
TCGA-OL-A66L,2,val
TCGA-OR-A5J1,2,val
TCGA-OR-A5JF,2,val
TCGA-OR-A5JP,2,val
TCGA-OR-A5JZ,2,val
TCGA-OR-A5K0,2,val
TCGA-OR-A5LS,2,val
TCGA-P3-A5Q6,2,val
TCGA-P3-A6SX,2,val
TCGA-P3-A6T7,2,val
TCGA-P3-A6T8,2,val
TCGA-P5-A72W,2,val
TCGA-P5-A730,2,val
TCGA-PC-A5DK,2,val
TCGA-PG-A914,2,val
TCGA-PK-A5H9,2,val
TCGA-PK-A5HB,2,val
TCGA-PN-A8MA,2,val
TCGA-PT-A8TR,2,val
TCGA-Q1-A73S,2,val
TCGA-QA-A7B7,2,val
TCGA-QC-AA9N,2,val
TCGA-QD-A8IV,2,val
TCGA-QF-A5YT,2,val
TCGA-QH-A6CU,2,val
TCGA-QH-A6XC,2,val
TCGA-QK-A64Z,2,val
TCGA-QK-A6V9,2,val
TCGA-QQ-A5VA,2,val
TCGA-QQ-A5VB,2,val
TCGA-QR-A6H6,2,val
TCGA-QR-A707,2,val
TCGA-QR-A70D,2,val
TCGA-QR-A70J,2,val
TCGA-QR-A70V,2,val
TCGA-QR-A70X,2,val
TCGA-QR-A7IN,2,val
TCGA-QS-A8F1,2,val
TCGA-QT-A5XK,2,val
TCGA-QT-A5XL,2,val
TCGA-R5-A7ZE,2,val
TCGA-R5-A7ZF,2,val
TCGA-R5-A7ZR,2,val
TCGA-R8-A6MO,2,val
TCGA-RC-A6M6,2,val
TCGA-RD-A7BT,2,val
TCGA-RD-A7C1,2,val
TCGA-RD-A8MV,2,val
TCGA-RD-A8N0,2,val
TCGA-RD-A8N1,2,val
TCGA-RD-A8N2,2,val
TCGA-RD-A8N4,2,val
TCGA-RS-A6TO,2,val
TCGA-RW-A67X,2,val
TCGA-RW-A680,2,val
TCGA-RW-A685,2,val
TCGA-RW-A68C,2,val
TCGA-RW-A68D,2,val
TCGA-RW-A68G,2,val
TCGA-RY-A83X,2,val
TCGA-RY-A840,2,val
TCGA-RZ-AB0B,2,val
TCGA-S3-AA12,2,val
TCGA-S3-AA15,2,val
TCGA-S4-A8RO,2,val
TCGA-S4-A8RP,2,val
TCGA-S5-A6DX,2,val
TCGA-S6-A8JX,2,val
TCGA-S6-A8JY,2,val
TCGA-S7-A7WM,2,val
TCGA-S7-A7WN,2,val
TCGA-S9-A6TV,2,val
TCGA-S9-A6U0,2,val
TCGA-S9-A6U6,2,val
TCGA-S9-A6UB,2,val
TCGA-S9-A6WP,2,val
TCGA-S9-A7J2,2,val
TCGA-SA-A6C2,2,val
TCGA-SH-A7BH,2,val
TCGA-SI-A71Q,2,val
TCGA-SJ-A6ZI,2,val
TCGA-SN-A84W,2,val
TCGA-SO-A8JP,2,val
TCGA-SQ-A6I4,2,val
TCGA-SX-A7SO,2,val
TCGA-SY-A9G0,2,val
TCGA-T2-A6WX,2,val
TCGA-T2-A6WZ,2,val
TCGA-TM-A7C4,2,val
TCGA-TM-A84R,2,val
TCGA-TN-A7HL,2,val
TCGA-TQ-A7RG,2,val
TCGA-TQ-A7RK,2,val
TCGA-TQ-A7RR,2,val
TCGA-TQ-A7RU,2,val
TCGA-TQ-A7RW,2,val
TCGA-TS-A7P7,2,val
TCGA-TS-A8AY,2,val
TCGA-TT-A6YJ,2,val
TCGA-UB-A7ME,2,val
TCGA-UD-AABZ,2,val
TCGA-UD-AAC6,2,val
TCGA-UD-AAC7,2,val
TCGA-UF-A7JH,2,val
TCGA-US-A776,2,val
TCGA-US-A77G,2,val
TCGA-UT-A88D,2,val
TCGA-UU-A93S,2,val
TCGA-UW-A72O,2,val
TCGA-UY-A9PA,2,val
TCGA-UY-A9PE,2,val
TCGA-UY-A9PF,2,val
TCGA-UZ-A9PP,2,val
TCGA-UZ-A9PU,2,val
TCGA-UZ-A9PZ,2,val
TCGA-V1-A8MK,2,val
TCGA-V1-A8WN,2,val
TCGA-V1-A9OH,2,val
TCGA-V4-A9EC,2,val
TCGA-V4-A9EH,2,val
TCGA-V4-A9EU,2,val
TCGA-V4-A9F0,2,val
TCGA-V4-A9F5,2,val
TCGA-V4-A9F8,2,val
TCGA-V5-A7RC,2,val
TCGA-VD-A8KO,2,val
TCGA-VD-AA8S,2,val
TCGA-VF-A8AB,2,val
TCGA-VM-A8CE,2,val
TCGA-VP-A87D,2,val
TCGA-VQ-A8DT,2,val
TCGA-VQ-A8PB,2,val
TCGA-VQ-A8PK,2,val
TCGA-VQ-A8PQ,2,val
TCGA-VQ-A8PU,2,val
TCGA-VQ-A8PX,2,val
TCGA-VQ-A8PY,2,val
TCGA-VQ-A91N,2,val
TCGA-VQ-A923,2,val
TCGA-VQ-A924,2,val
TCGA-VQ-A94O,2,val
TCGA-VQ-AA69,2,val
TCGA-VR-A8EO,2,val
TCGA-VR-A8EU,2,val
TCGA-VR-A8Q7,2,val
TCGA-VR-AA4D,2,val
TCGA-VS-A8Q9,2,val
TCGA-VS-A954,2,val
TCGA-VS-A957,2,val
TCGA-VS-A9U6,2,val
TCGA-VS-A9UQ,2,val
TCGA-VV-A829,2,val
TCGA-W2-A7HA,2,val
TCGA-W2-A7HF,2,val
TCGA-W4-A7U3,2,val
TCGA-WB-A80N,2,val
TCGA-WB-A80Q,2,val
TCGA-WB-A80Y,2,val
TCGA-WB-A819,2,val
TCGA-WB-A81F,2,val
TCGA-WB-A81G,2,val
TCGA-WB-A81K,2,val
TCGA-WB-A81S,2,val
TCGA-WB-A81W,2,val
TCGA-WC-A880,2,val
TCGA-WC-A885,2,val
TCGA-WC-A88A,2,val
TCGA-WC-AA9A,2,val
TCGA-WK-A8XS,2,val
TCGA-WT-AB41,2,val
TCGA-X3-A8G4,2,val
TCGA-X4-A8KQ,2,val
TCGA-X6-A7W8,2,val
TCGA-X6-A7WD,2,val
TCGA-X6-A8C5,2,val
TCGA-X6-A8C7,2,val
TCGA-X7-A8D7,2,val
TCGA-X7-A8D9,2,val
TCGA-X7-A8DE,2,val
TCGA-X7-A8M1,2,val
TCGA-X7-A8M7,2,val
TCGA-XE-AAOC,2,val
TCGA-XE-AAOL,2,val
TCGA-XF-A8HE,2,val
TCGA-XF-A9SK,2,val
TCGA-XF-A9T2,2,val
TCGA-XF-A9T3,2,val
TCGA-XF-A9T5,2,val
TCGA-XF-AAMG,2,val
TCGA-XF-AAMH,2,val
TCGA-XF-AAN7,2,val
TCGA-XJ-A9DI,2,val
TCGA-XJ-A9DK,2,val
TCGA-XJ-A9DX,2,val
TCGA-XK-AAIW,2,val
TCGA-XK-AAJ3,2,val
TCGA-XK-AAJT,2,val
TCGA-XK-AAK1,2,val
TCGA-XM-A8RB,2,val
TCGA-XM-A8RI,2,val
TCGA-XM-AAZ3,2,val
TCGA-XP-A8T7,2,val
TCGA-XQ-A8TB,2,val
TCGA-XS-A8TJ,2,val
TCGA-XU-A92T,2,val
TCGA-XU-A92X,2,val
TCGA-XU-AAXX,2,val
TCGA-XV-AAZV,2,val
TCGA-YC-A8S6,2,val
TCGA-YL-A8HK,2,val
TCGA-YL-A8HM,2,val
TCGA-YL-A8SP,2,val
TCGA-YL-A9WH,2,val
TCGA-YL-A9WJ,2,val
TCGA-YS-A95C,2,val
TCGA-YT-A95F,2,val
TCGA-YT-A95G,2,val
TCGA-YT-A95H,2,val
TCGA-YU-A90W,2,val
TCGA-YY-A8LH,2,val
TCGA-YZ-A985,2,val
TCGA-Z6-A8JD,2,val
TCGA-ZB-A962,2,val
TCGA-ZB-A96E,2,val
TCGA-ZB-A96P,2,val
TCGA-ZF-A9R0,2,val
TCGA-ZF-A9R1,2,val
TCGA-ZF-A9RC,2,val
TCGA-ZF-A9RD,2,val
TCGA-ZF-AA4R,2,val
TCGA-ZF-AA4T,2,val
TCGA-ZF-AA4U,2,val
TCGA-ZF-AA52,2,val
TCGA-ZF-AA53,2,val
TCGA-ZF-AA5H,2,val
TCGA-ZJ-A8QO,2,val
TCGA-ZJ-A8QQ,2,val
TCGA-ZJ-AB0H,2,val
TCGA-ZJ-AB0I,2,val
TCGA-ZM-AA05,2,val
TCGA-ZM-AA0E,2,val
TCGA-ZM-AA0N,2,val
TCGA-ZN-A9VO,2,val
TCGA-ZP-A9CV,2,val
TCGA-02-0026,3,train
TCGA-02-0038,3,train
TCGA-02-0070,3,train
TCGA-05-4245,3,train
TCGA-05-4249,3,train
TCGA-05-4250,3,train
TCGA-05-4382,3,train
TCGA-05-4395,3,train
TCGA-05-4397,3,train
TCGA-05-4403,3,train
TCGA-05-4405,3,train
TCGA-05-4415,3,train
TCGA-05-4417,3,train
TCGA-05-4418,3,train
TCGA-05-4420,3,train
TCGA-05-4422,3,train
TCGA-05-4427,3,train
TCGA-05-4432,3,train
TCGA-05-4433,3,train
TCGA-06-0122,3,train
TCGA-06-0125,3,train
TCGA-06-0126,3,train
TCGA-06-0129,3,train
TCGA-06-0130,3,train
TCGA-06-0138,3,train
TCGA-06-0141,3,train
TCGA-06-0145,3,train
TCGA-06-0152,3,train
TCGA-06-0154,3,train
TCGA-06-0156,3,train
TCGA-06-0157,3,train
TCGA-06-0158,3,train
TCGA-06-0166,3,train
TCGA-06-0168,3,train
TCGA-06-0176,3,train
TCGA-06-0178,3,train
TCGA-06-0184,3,train
TCGA-06-0185,3,train
TCGA-06-0188,3,train
TCGA-06-0197,3,train
TCGA-06-0208,3,train
TCGA-06-0210,3,train
TCGA-06-0211,3,train
TCGA-06-0214,3,train
TCGA-06-0216,3,train
TCGA-06-0238,3,train
TCGA-06-0241,3,train
TCGA-06-0644,3,train
TCGA-06-0646,3,train
TCGA-06-0649,3,train
TCGA-06-0744,3,train
TCGA-06-0745,3,train
TCGA-06-0747,3,train
TCGA-06-0749,3,train
TCGA-06-0750,3,train
TCGA-06-0875,3,train
TCGA-06-0876,3,train
TCGA-06-0878,3,train
TCGA-06-0879,3,train
TCGA-06-0881,3,train
TCGA-06-0882,3,train
TCGA-06-1084,3,train
TCGA-06-1086,3,train
TCGA-06-1087,3,train
TCGA-06-1800,3,train
TCGA-06-1801,3,train
TCGA-06-5410,3,train
TCGA-06-5412,3,train
TCGA-06-5413,3,train
TCGA-06-5414,3,train
TCGA-06-5416,3,train
TCGA-06-5417,3,train
TCGA-06-5418,3,train
TCGA-06-5856,3,train
TCGA-06-5859,3,train
TCGA-06-6388,3,train
TCGA-06-6389,3,train
TCGA-06-6390,3,train
TCGA-06-6391,3,train
TCGA-12-0616,3,train
TCGA-12-0618,3,train
TCGA-12-0619,3,train
TCGA-12-0688,3,train
TCGA-12-0692,3,train
TCGA-12-0707,3,train
TCGA-12-0820,3,train
TCGA-12-0827,3,train
TCGA-12-0829,3,train
TCGA-12-1088,3,train
TCGA-12-1093,3,train
TCGA-12-1095,3,train
TCGA-12-1598,3,train
TCGA-12-1599,3,train
TCGA-12-1600,3,train
TCGA-12-1602,3,train
TCGA-12-3646,3,train
TCGA-12-3649,3,train
TCGA-12-3650,3,train
TCGA-12-3651,3,train
TCGA-12-3652,3,train
TCGA-13-A5FT,3,train
TCGA-13-A5FU,3,train
TCGA-14-0786,3,train
TCGA-14-0787,3,train
TCGA-14-0789,3,train
TCGA-14-0817,3,train
TCGA-14-0867,3,train
TCGA-14-0871,3,train
TCGA-14-1034,3,train
TCGA-14-1037,3,train
TCGA-14-1396,3,train
TCGA-14-1401,3,train
TCGA-14-1455,3,train
TCGA-14-1458,3,train
TCGA-14-1459,3,train
TCGA-14-1794,3,train
TCGA-14-1795,3,train
TCGA-14-1821,3,train
TCGA-14-1825,3,train
TCGA-15-1446,3,train
TCGA-19-0955,3,train
TCGA-19-1390,3,train
TCGA-19-1790,3,train
TCGA-19-2620,3,train
TCGA-19-2621,3,train
TCGA-19-2623,3,train
TCGA-19-2625,3,train
TCGA-19-2631,3,train
TCGA-19-4065,3,train
TCGA-19-4068,3,train
TCGA-19-5951,3,train
TCGA-19-5952,3,train
TCGA-19-5953,3,train
TCGA-19-5955,3,train
TCGA-19-5960,3,train
TCGA-19-A6J4,3,train
TCGA-21-1081,3,train
TCGA-21-1082,3,train
TCGA-21-5782,3,train
TCGA-21-5783,3,train
TCGA-21-5784,3,train
TCGA-21-5786,3,train
TCGA-21-5787,3,train
TCGA-23-1027,3,train
TCGA-23-1029,3,train
TCGA-23-1110,3,train
TCGA-23-1113,3,train
TCGA-23-1114,3,train
TCGA-23-1116,3,train
TCGA-23-1117,3,train
TCGA-23-1122,3,train
TCGA-23-1809,3,train
TCGA-23-2072,3,train
TCGA-23-2077,3,train
TCGA-23-2079,3,train
TCGA-23-2084,3,train
TCGA-23-2641,3,train
TCGA-25-1313,3,train
TCGA-25-1315,3,train
TCGA-25-1316,3,train
TCGA-25-1317,3,train
TCGA-25-1319,3,train
TCGA-25-1321,3,train
TCGA-25-1322,3,train
TCGA-25-1323,3,train
TCGA-25-1324,3,train
TCGA-25-1623,3,train
TCGA-25-1625,3,train
TCGA-25-1626,3,train
TCGA-25-1628,3,train
TCGA-25-1631,3,train
TCGA-25-1632,3,train
TCGA-25-1633,3,train
TCGA-25-1635,3,train
TCGA-25-1877,3,train
TCGA-25-2391,3,train
TCGA-25-2392,3,train
TCGA-25-2393,3,train
TCGA-25-2396,3,train
TCGA-25-2397,3,train
TCGA-25-2398,3,train
TCGA-25-2399,3,train
TCGA-25-2400,3,train
TCGA-25-2401,3,train
TCGA-25-2404,3,train
TCGA-25-2408,3,train
TCGA-26-1439,3,train
TCGA-26-1443,3,train
TCGA-26-1799,3,train
TCGA-26-5132,3,train
TCGA-26-5134,3,train
TCGA-26-5136,3,train
TCGA-26-5139,3,train
TCGA-26-6173,3,train
TCGA-26-6174,3,train
TCGA-26-A7UX,3,train
TCGA-27-1831,3,train
TCGA-27-1832,3,train
TCGA-27-1833,3,train
TCGA-27-1834,3,train
TCGA-27-1835,3,train
TCGA-27-1836,3,train
TCGA-27-1837,3,train
TCGA-27-1838,3,train
TCGA-27-2518,3,train
TCGA-27-2519,3,train
TCGA-27-2521,3,train
TCGA-27-2523,3,train
TCGA-27-2524,3,train
TCGA-27-2526,3,train
TCGA-27-2527,3,train
TCGA-27-2528,3,train
TCGA-28-1745,3,train
TCGA-28-1746,3,train
TCGA-28-1750,3,train
TCGA-28-1752,3,train
TCGA-28-1755,3,train
TCGA-28-1757,3,train
TCGA-28-1760,3,train
TCGA-2A-A8VO,3,train
TCGA-2A-A8VT,3,train
TCGA-2A-A8VV,3,train
TCGA-2A-A8VX,3,train
TCGA-2A-A8W1,3,train
TCGA-2A-A8W3,3,train
TCGA-2A-AAYF,3,train
TCGA-2A-AAYO,3,train
TCGA-2A-AAYU,3,train
TCGA-2F-A9KO,3,train
TCGA-2F-A9KP,3,train
TCGA-2F-A9KQ,3,train
TCGA-2F-A9KT,3,train
TCGA-2G-AAEW,3,train
TCGA-2G-AAEX,3,train
TCGA-2G-AAF1,3,train
TCGA-2G-AAF4,3,train
TCGA-2G-AAF6,3,train
TCGA-2G-AAF8,3,train
TCGA-2G-AAFG,3,train
TCGA-2G-AAFH,3,train
TCGA-2G-AAFI,3,train
TCGA-2G-AAFL,3,train
TCGA-2G-AAFM,3,train
TCGA-2G-AAFY,3,train
TCGA-2G-AAFZ,3,train
TCGA-2G-AAG0,3,train
TCGA-2G-AAG5,3,train
TCGA-2G-AAG7,3,train
TCGA-2G-AAG8,3,train
TCGA-2G-AAG9,3,train
TCGA-2G-AAGC,3,train
TCGA-2G-AAGE,3,train
TCGA-2G-AAGG,3,train
TCGA-2G-AAGI,3,train
TCGA-2G-AAGK,3,train
TCGA-2G-AAGM,3,train
TCGA-2G-AAGP,3,train
TCGA-2G-AAGS,3,train
TCGA-2G-AAGT,3,train
TCGA-2G-AAGX,3,train
TCGA-2G-AAGY,3,train
TCGA-2G-AAH0,3,train
TCGA-2G-AAH2,3,train
TCGA-2G-AAH3,3,train
TCGA-2G-AAH4,3,train
TCGA-2G-AAH8,3,train
TCGA-2G-AAHA,3,train
TCGA-2G-AAHC,3,train
TCGA-2G-AAHG,3,train
TCGA-2G-AAHL,3,train
TCGA-2G-AAHN,3,train
TCGA-2G-AAHT,3,train
TCGA-2G-AAKD,3,train
TCGA-2G-AAKH,3,train
TCGA-2G-AAKM,3,train
TCGA-2G-AAKO,3,train
TCGA-2G-AAL7,3,train
TCGA-2G-AALF,3,train
TCGA-2G-AALG,3,train
TCGA-2G-AALN,3,train
TCGA-2G-AALP,3,train
TCGA-2G-AALQ,3,train
TCGA-2G-AALS,3,train
TCGA-2G-AALT,3,train
TCGA-2G-AALW,3,train
TCGA-2G-AALX,3,train
TCGA-2G-AALY,3,train
TCGA-2G-AALZ,3,train
TCGA-2G-AAM2,3,train
TCGA-2G-AAM3,3,train
TCGA-2G-AAM4,3,train
TCGA-2J-AAB4,3,train
TCGA-2J-AAB6,3,train
TCGA-2J-AAB8,3,train
TCGA-2J-AAB9,3,train
TCGA-2J-AABA,3,train
TCGA-2J-AABE,3,train
TCGA-2J-AABI,3,train
TCGA-2J-AABK,3,train
TCGA-2J-AABR,3,train
TCGA-2J-AABT,3,train
TCGA-2J-AABU,3,train
TCGA-2J-AABV,3,train
TCGA-2K-A9WE,3,train
TCGA-2L-AAQA,3,train
TCGA-2L-AAQI,3,train
TCGA-2L-AAQJ,3,train
TCGA-2L-AAQM,3,train
TCGA-2W-A8YY,3,train
TCGA-2X-A9D5,3,train
TCGA-2X-A9D6,3,train
TCGA-2Y-A9GS,3,train
TCGA-2Y-A9GT,3,train
TCGA-2Y-A9GU,3,train
TCGA-2Y-A9GV,3,train
TCGA-2Y-A9GW,3,train
TCGA-2Y-A9GX,3,train
TCGA-2Y-A9GZ,3,train
TCGA-2Y-A9H0,3,train
TCGA-2Y-A9H2,3,train
TCGA-2Y-A9H6,3,train
TCGA-2Y-A9H7,3,train
TCGA-2Y-A9H8,3,train
TCGA-2Y-A9H9,3,train
TCGA-2Y-A9HA,3,train
TCGA-2Y-A9HB,3,train
TCGA-2Z-A9J1,3,train
TCGA-2Z-A9J5,3,train
TCGA-2Z-A9J7,3,train
TCGA-2Z-A9J8,3,train
TCGA-2Z-A9JE,3,train
TCGA-2Z-A9JG,3,train
TCGA-2Z-A9JI,3,train
TCGA-2Z-A9JK,3,train
TCGA-2Z-A9JN,3,train
TCGA-2Z-A9JO,3,train
TCGA-2Z-A9JP,3,train
TCGA-2Z-A9JQ,3,train
TCGA-2Z-A9JR,3,train
TCGA-2Z-A9JS,3,train
TCGA-2Z-A9JT,3,train
TCGA-33-A4WN,3,train
TCGA-33-A5GW,3,train
TCGA-34-5232,3,train
TCGA-34-5240,3,train
TCGA-34-5241,3,train
TCGA-34-5928,3,train
TCGA-34-8454,3,train
TCGA-34-8455,3,train
TCGA-34-A5IX,3,train
TCGA-35-3615,3,train
TCGA-35-4122,3,train
TCGA-35-4123,3,train
TCGA-35-5375,3,train
TCGA-37-3789,3,train
TCGA-37-3792,3,train
TCGA-37-4129,3,train
TCGA-37-4130,3,train
TCGA-37-4132,3,train
TCGA-37-4133,3,train
TCGA-37-4135,3,train
TCGA-37-5819,3,train
TCGA-37-A5EM,3,train
TCGA-38-6178,3,train
TCGA-38-7271,3,train
TCGA-38-A44F,3,train
TCGA-3A-A9I5,3,train
TCGA-3A-A9I7,3,train
TCGA-3A-A9I9,3,train
TCGA-3A-A9IC,3,train
TCGA-3A-A9IJ,3,train
TCGA-3A-A9IL,3,train
TCGA-3A-A9IO,3,train
TCGA-3A-A9IR,3,train
TCGA-3A-A9IS,3,train
TCGA-3A-A9IU,3,train
TCGA-3A-A9IZ,3,train
TCGA-3A-A9J0,3,train
TCGA-3B-A9HI,3,train
TCGA-3B-A9HO,3,train
TCGA-3B-A9HQ,3,train
TCGA-3B-A9HR,3,train
TCGA-3B-A9HU,3,train
TCGA-3B-A9HX,3,train
TCGA-3B-A9HY,3,train
TCGA-3B-A9HZ,3,train
TCGA-3B-A9I1,3,train
TCGA-3B-A9I3,3,train
TCGA-3C-AALI,3,train
TCGA-3C-AALJ,3,train
TCGA-3E-AAAY,3,train
TCGA-3E-AAAZ,3,train
TCGA-3H-AB3L,3,train
TCGA-3H-AB3M,3,train
TCGA-3H-AB3O,3,train
TCGA-3H-AB3U,3,train
TCGA-3L-AA1B,3,train
TCGA-3M-AB46,3,train
TCGA-3P-A9WA,3,train
TCGA-3S-A8YW,3,train
TCGA-3S-AAYX,3,train
TCGA-3U-A98D,3,train
TCGA-3U-A98E,3,train
TCGA-3U-A98F,3,train
TCGA-3U-A98G,3,train
TCGA-3U-A98H,3,train
TCGA-3Z-A93Z,3,train
TCGA-41-2571,3,train
TCGA-41-2572,3,train
TCGA-41-2575,3,train
TCGA-41-3392,3,train
TCGA-41-3393,3,train
TCGA-41-3915,3,train
TCGA-41-4097,3,train
TCGA-41-5651,3,train
TCGA-42-2582,3,train
TCGA-42-2587,3,train
TCGA-42-2588,3,train
TCGA-42-2590,3,train
TCGA-42-2591,3,train
TCGA-42-2593,3,train
TCGA-43-3394,3,train
TCGA-43-3920,3,train
TCGA-43-5670,3,train
TCGA-43-6143,3,train
TCGA-43-6647,3,train
TCGA-43-6770,3,train
TCGA-43-6771,3,train
TCGA-43-6773,3,train
TCGA-43-7656,3,train
TCGA-43-7657,3,train
TCGA-43-7658,3,train
TCGA-43-8115,3,train
TCGA-43-A56U,3,train
TCGA-43-A56V,3,train
TCGA-44-2661,3,train
TCGA-44-3396,3,train
TCGA-44-3398,3,train
TCGA-44-3919,3,train
TCGA-44-4112,3,train
TCGA-44-6144,3,train
TCGA-44-6145,3,train
TCGA-44-6146,3,train
TCGA-44-6148,3,train
TCGA-44-6774,3,train
TCGA-44-6777,3,train
TCGA-44-6778,3,train
TCGA-44-7659,3,train
TCGA-44-7660,3,train
TCGA-44-7662,3,train
TCGA-44-7669,3,train
TCGA-44-7670,3,train
TCGA-44-A47F,3,train
TCGA-44-A4SS,3,train
TCGA-46-3765,3,train
TCGA-46-3766,3,train
TCGA-46-3767,3,train
TCGA-46-3768,3,train
TCGA-49-4487,3,train
TCGA-49-4507,3,train
TCGA-4A-A93X,3,train
TCGA-4A-A93Y,3,train
TCGA-4E-A92E,3,train
TCGA-4H-AAAK,3,train
TCGA-4J-AA1J,3,train
TCGA-4K-AA1G,3,train
TCGA-4K-AA1H,3,train
TCGA-4K-AA1I,3,train
TCGA-4L-AA1F,3,train
TCGA-4N-A93T,3,train
TCGA-4P-AA8J,3,train
TCGA-4R-AA8I,3,train
TCGA-4V-A9QI,3,train
TCGA-4V-A9QJ,3,train
TCGA-4V-A9QM,3,train
TCGA-4V-A9QN,3,train
TCGA-4V-A9QQ,3,train
TCGA-4V-A9QR,3,train
TCGA-4V-A9QS,3,train
TCGA-4V-A9QT,3,train
TCGA-4V-A9QU,3,train
TCGA-4V-A9QW,3,train
TCGA-4V-A9QX,3,train
TCGA-4W-AA9R,3,train
TCGA-4W-AA9T,3,train
TCGA-4X-A9F9,3,train
TCGA-4X-A9FA,3,train
TCGA-4X-A9FB,3,train
TCGA-4X-A9FD,3,train
TCGA-4Z-AA7M,3,train
TCGA-4Z-AA7N,3,train
TCGA-4Z-AA7O,3,train
TCGA-4Z-AA7Q,3,train
TCGA-4Z-AA7R,3,train
TCGA-4Z-AA7S,3,train
TCGA-4Z-AA7W,3,train
TCGA-4Z-AA7Y,3,train
TCGA-4Z-AA80,3,train
TCGA-4Z-AA81,3,train
TCGA-4Z-AA82,3,train
TCGA-4Z-AA83,3,train
TCGA-4Z-AA84,3,train
TCGA-4Z-AA86,3,train
TCGA-4Z-AA87,3,train
TCGA-4Z-AA89,3,train
TCGA-50-5044,3,train
TCGA-50-5045,3,train
TCGA-50-5066,3,train
TCGA-50-5068,3,train
TCGA-50-5939,3,train
TCGA-50-5946,3,train
TCGA-50-6590,3,train
TCGA-52-7622,3,train
TCGA-52-7809,3,train
TCGA-52-7810,3,train
TCGA-52-7811,3,train
TCGA-52-7812,3,train
TCGA-53-7624,3,train
TCGA-53-A4EZ,3,train
TCGA-55-6543,3,train
TCGA-55-6969,3,train
TCGA-55-6979,3,train
TCGA-55-6987,3,train
TCGA-55-7281,3,train
TCGA-55-7284,3,train
TCGA-55-7570,3,train
TCGA-55-7573,3,train
TCGA-55-7574,3,train
TCGA-55-7724,3,train
TCGA-55-8085,3,train
TCGA-55-8089,3,train
TCGA-55-8090,3,train
TCGA-55-8091,3,train
TCGA-55-8203,3,train
TCGA-55-8208,3,train
TCGA-55-8301,3,train
TCGA-55-8505,3,train
TCGA-55-8510,3,train
TCGA-55-8616,3,train
TCGA-55-8619,3,train
TCGA-55-A48X,3,train
TCGA-55-A493,3,train
TCGA-56-5897,3,train
TCGA-56-6545,3,train
TCGA-56-6546,3,train
TCGA-56-7221,3,train
TCGA-56-7222,3,train
TCGA-56-7223,3,train
TCGA-56-7579,3,train
TCGA-56-7580,3,train
TCGA-56-7731,3,train
TCGA-56-7822,3,train
TCGA-56-7823,3,train
TCGA-56-8082,3,train
TCGA-56-8083,3,train
TCGA-56-8201,3,train
TCGA-56-8503,3,train
TCGA-56-8504,3,train
TCGA-56-8622,3,train
TCGA-56-8624,3,train
TCGA-56-8625,3,train
TCGA-56-8626,3,train
TCGA-56-8628,3,train
TCGA-56-A49D,3,train
TCGA-56-A4BX,3,train
TCGA-56-A4BY,3,train
TCGA-56-A4ZJ,3,train
TCGA-56-A5DS,3,train
TCGA-58-A46K,3,train
TCGA-58-A46N,3,train
TCGA-5B-A90C,3,train
TCGA-5C-A9VG,3,train
TCGA-5C-A9VH,3,train
TCGA-5G-A9ZZ,3,train
TCGA-5K-AAAP,3,train
TCGA-5L-AAT0,3,train
TCGA-5L-AAT1,3,train
TCGA-5M-AATE,3,train
TCGA-5N-A9KI,3,train
TCGA-5N-A9KM,3,train
TCGA-5P-A9JU,3,train
TCGA-5P-A9JW,3,train
TCGA-5P-A9JY,3,train
TCGA-5P-A9JZ,3,train
TCGA-5P-A9K2,3,train
TCGA-5P-A9K3,3,train
TCGA-5P-A9K4,3,train
TCGA-5P-A9K6,3,train
TCGA-5P-A9K8,3,train
TCGA-5P-A9K9,3,train
TCGA-5P-A9KC,3,train
TCGA-5P-A9KE,3,train
TCGA-5P-A9KF,3,train
TCGA-5P-A9KH,3,train
TCGA-5R-AA1C,3,train
TCGA-5T-A9QA,3,train
TCGA-5U-AB0D,3,train
TCGA-5U-AB0E,3,train
TCGA-5U-AB0F,3,train
TCGA-5X-AA5U,3,train
TCGA-62-A46O,3,train
TCGA-62-A46P,3,train
TCGA-62-A470,3,train
TCGA-63-5128,3,train
TCGA-63-5131,3,train
TCGA-63-6202,3,train
TCGA-63-7021,3,train
TCGA-63-7022,3,train
TCGA-63-7023,3,train
TCGA-63-A5M9,3,train
TCGA-63-A5MB,3,train
TCGA-63-A5MG,3,train
TCGA-63-A5MI,3,train
TCGA-63-A5ML,3,train
TCGA-63-A5MR,3,train
TCGA-63-A5MS,3,train
TCGA-63-A5MT,3,train
TCGA-63-A5MU,3,train
TCGA-63-A5MV,3,train
TCGA-63-A5MY,3,train
TCGA-64-1678,3,train
TCGA-64-1679,3,train
TCGA-64-5774,3,train
TCGA-64-5775,3,train
TCGA-64-5778,3,train
TCGA-64-5779,3,train
TCGA-64-5781,3,train
TCGA-67-3771,3,train
TCGA-67-6215,3,train
TCGA-67-6216,3,train
TCGA-67-6217,3,train
TCGA-68-7755,3,train
TCGA-68-7756,3,train
TCGA-68-7757,3,train
TCGA-68-8250,3,train
TCGA-68-8251,3,train
TCGA-68-A59J,3,train
TCGA-69-7978,3,train
TCGA-69-7979,3,train
TCGA-69-8255,3,train
TCGA-69-8453,3,train
TCGA-6A-AB49,3,train
TCGA-6D-AA2E,3,train
TCGA-70-6722,3,train
TCGA-70-6723,3,train
TCGA-71-6725,3,train
TCGA-73-4670,3,train
TCGA-73-7499,3,train
TCGA-75-5122,3,train
TCGA-75-5125,3,train
TCGA-75-5126,3,train
TCGA-75-5146,3,train
TCGA-75-6203,3,train
TCGA-75-6205,3,train
TCGA-75-6206,3,train
TCGA-75-6212,3,train
TCGA-75-6214,3,train
TCGA-75-7030,3,train
TCGA-75-7031,3,train
TCGA-77-6842,3,train
TCGA-77-6843,3,train
TCGA-77-6844,3,train
TCGA-77-7138,3,train
TCGA-77-7140,3,train
TCGA-77-7142,3,train
TCGA-77-7463,3,train
TCGA-77-7465,3,train
TCGA-77-8128,3,train
TCGA-77-8130,3,train
TCGA-77-8131,3,train
TCGA-77-8133,3,train
TCGA-77-8136,3,train
TCGA-77-8139,3,train
TCGA-77-8140,3,train
TCGA-77-8143,3,train
TCGA-77-8145,3,train
TCGA-77-8146,3,train
TCGA-77-8148,3,train
TCGA-77-A5FZ,3,train
TCGA-77-A5G3,3,train
TCGA-77-A5G8,3,train
TCGA-77-A5GA,3,train
TCGA-77-A5GB,3,train
TCGA-77-A5GF,3,train
TCGA-77-A5GH,3,train
TCGA-78-7146,3,train
TCGA-78-7148,3,train
TCGA-78-7149,3,train
TCGA-78-7150,3,train
TCGA-78-7152,3,train
TCGA-78-7155,3,train
TCGA-78-7158,3,train
TCGA-78-7159,3,train
TCGA-78-7535,3,train
TCGA-78-7536,3,train
TCGA-78-8660,3,train
TCGA-80-5608,3,train
TCGA-81-5910,3,train
TCGA-81-5911,3,train
TCGA-83-5908,3,train
TCGA-85-6175,3,train
TCGA-85-6560,3,train
TCGA-85-6561,3,train
TCGA-85-7696,3,train
TCGA-85-7843,3,train
TCGA-85-7844,3,train
TCGA-85-8048,3,train
TCGA-85-8049,3,train
TCGA-85-8052,3,train
TCGA-85-8071,3,train
TCGA-85-8276,3,train
TCGA-85-8277,3,train
TCGA-85-8287,3,train
TCGA-85-8288,3,train
TCGA-85-8350,3,train
TCGA-85-8351,3,train
TCGA-85-8352,3,train
TCGA-85-8353,3,train
TCGA-85-8354,3,train
TCGA-85-8355,3,train
TCGA-85-8479,3,train
TCGA-85-8481,3,train
TCGA-85-8582,3,train
TCGA-85-8584,3,train
TCGA-85-A4CL,3,train
TCGA-85-A4CN,3,train
TCGA-85-A4JB,3,train
TCGA-85-A4JC,3,train
TCGA-85-A4QQ,3,train
TCGA-85-A4QR,3,train
TCGA-85-A50M,3,train
TCGA-85-A50Z,3,train
TCGA-85-A510,3,train
TCGA-85-A511,3,train
TCGA-85-A513,3,train
TCGA-85-A53L,3,train
TCGA-85-A5B5,3,train
TCGA-86-6562,3,train
TCGA-86-6851,3,train
TCGA-86-7701,3,train
TCGA-86-7953,3,train
TCGA-86-7954,3,train
TCGA-86-8055,3,train
TCGA-86-8073,3,train
TCGA-86-8076,3,train
TCGA-86-8278,3,train
TCGA-86-8358,3,train
TCGA-86-8585,3,train
TCGA-86-8669,3,train
TCGA-86-8671,3,train
TCGA-86-8672,3,train
TCGA-86-8673,3,train
TCGA-86-8674,3,train
TCGA-86-A456,3,train
TCGA-86-A4D0,3,train
TCGA-86-A4P7,3,train
TCGA-86-A4P8,3,train
TCGA-87-5896,3,train
TCGA-90-7964,3,train
TCGA-90-A4EE,3,train
TCGA-90-A59Q,3,train
TCGA-91-A4BC,3,train
TCGA-91-A4BD,3,train
TCGA-92-7340,3,train
TCGA-92-7341,3,train
TCGA-92-8064,3,train
TCGA-92-8065,3,train
TCGA-93-A4JN,3,train
TCGA-93-A4JO,3,train
TCGA-94-7033,3,train
TCGA-94-7557,3,train
TCGA-94-7943,3,train
TCGA-94-A4VJ,3,train
TCGA-94-A5I6,3,train
TCGA-95-7039,3,train
TCGA-95-7948,3,train
TCGA-95-A4VK,3,train
TCGA-95-A4VP,3,train
TCGA-96-7544,3,train
TCGA-96-7545,3,train
TCGA-96-8170,3,train
TCGA-97-7552,3,train
TCGA-97-7937,3,train
TCGA-97-A4LX,3,train
TCGA-98-7454,3,train
TCGA-98-8021,3,train
TCGA-98-8022,3,train
TCGA-98-8023,3,train
TCGA-98-A538,3,train
TCGA-98-A53A,3,train
TCGA-98-A53C,3,train
TCGA-98-A53H,3,train
TCGA-98-A53I,3,train
TCGA-98-A53J,3,train
TCGA-99-7458,3,train
TCGA-A1-A0SB,3,train
TCGA-A1-A0SD,3,train
TCGA-A1-A0SE,3,train
TCGA-A1-A0SF,3,train
TCGA-A1-A0SI,3,train
TCGA-A1-A0SK,3,train
TCGA-A1-A0SN,3,train
TCGA-A1-A0SP,3,train
TCGA-A1-A0SQ,3,train
TCGA-A2-A04N,3,train
TCGA-A2-A04P,3,train
TCGA-A2-A04Q,3,train
TCGA-A2-A04T,3,train
TCGA-A2-A04V,3,train
TCGA-A2-A04W,3,train
TCGA-A2-A04X,3,train
TCGA-A2-A04Y,3,train
TCGA-A2-A0CK,3,train
TCGA-A2-A0CL,3,train
TCGA-A2-A0CM,3,train
TCGA-A2-A0CO,3,train
TCGA-A2-A0CP,3,train
TCGA-A2-A0CQ,3,train
TCGA-A2-A0CR,3,train
TCGA-A2-A0CS,3,train
TCGA-A2-A0CT,3,train
TCGA-A2-A0CU,3,train
TCGA-A2-A0CV,3,train
TCGA-A2-A0CW,3,train
TCGA-A2-A0CX,3,train
TCGA-A2-A0CY,3,train
TCGA-A2-A0D0,3,train
TCGA-A2-A0D3,3,train
TCGA-A2-A0EM,3,train
TCGA-A2-A0EN,3,train
TCGA-A2-A0EO,3,train
TCGA-A2-A0EP,3,train
TCGA-A2-A0EQ,3,train
TCGA-A2-A0ER,3,train
TCGA-A2-A0ES,3,train
TCGA-A2-A0ET,3,train
TCGA-A2-A0EU,3,train
TCGA-A2-A0EV,3,train
TCGA-A2-A0EW,3,train
TCGA-A2-A0EX,3,train
TCGA-A2-A0SU,3,train
TCGA-A2-A0SV,3,train
TCGA-A2-A0SW,3,train
TCGA-A2-A0SX,3,train
TCGA-A2-A0SY,3,train
TCGA-A2-A0T2,3,train
TCGA-A2-A0T3,3,train
TCGA-A2-A0T4,3,train
TCGA-A2-A0T5,3,train
TCGA-A2-A0T6,3,train
TCGA-A2-A0T7,3,train
TCGA-A2-A0YD,3,train
TCGA-A2-A0YE,3,train
TCGA-A2-A0YG,3,train
TCGA-A2-A0YH,3,train
TCGA-A2-A0YI,3,train
TCGA-A2-A0YK,3,train
TCGA-A2-A0YL,3,train
TCGA-A2-A0YM,3,train
TCGA-A2-A0YT,3,train
TCGA-A2-A1FV,3,train
TCGA-A2-A1FW,3,train
TCGA-A2-A1FX,3,train
TCGA-A2-A1FZ,3,train
TCGA-A2-A1G0,3,train
TCGA-A2-A1G1,3,train
TCGA-A2-A1G4,3,train
TCGA-A2-A25B,3,train
TCGA-A2-A25C,3,train
TCGA-A2-A25D,3,train
TCGA-A2-A25E,3,train
TCGA-A2-A25F,3,train
TCGA-A2-A3KD,3,train
TCGA-A2-A3XS,3,train
TCGA-A2-A3XU,3,train
TCGA-A2-A3XW,3,train
TCGA-A2-A3XY,3,train
TCGA-A2-A3XZ,3,train
TCGA-A2-A3Y0,3,train
TCGA-A2-A4RW,3,train
TCGA-A2-A4RX,3,train
TCGA-A2-A4S0,3,train
TCGA-A2-A4S1,3,train
TCGA-A2-A4S2,3,train
TCGA-A2-A4S3,3,train
TCGA-A3-3307,3,train
TCGA-A3-3311,3,train
TCGA-A3-3316,3,train
TCGA-A3-3317,3,train
TCGA-A3-3319,3,train
TCGA-A3-3320,3,train
TCGA-A3-3322,3,train
TCGA-A3-3323,3,train
TCGA-A3-3325,3,train
TCGA-A3-3326,3,train
TCGA-A3-3328,3,train
TCGA-A3-3329,3,train
TCGA-A3-3331,3,train
TCGA-A3-3335,3,train
TCGA-A3-3336,3,train
TCGA-A3-3343,3,train
TCGA-A3-3346,3,train
TCGA-A3-3351,3,train
TCGA-A3-3352,3,train
TCGA-A3-3357,3,train
TCGA-A3-3358,3,train
TCGA-A3-3362,3,train
TCGA-A3-3365,3,train
TCGA-A3-3367,3,train
TCGA-A3-3373,3,train
TCGA-A3-3374,3,train
TCGA-A3-3376,3,train
TCGA-A3-3378,3,train
TCGA-A3-3380,3,train
TCGA-A3-3382,3,train
TCGA-A3-3383,3,train
TCGA-A3-3385,3,train
TCGA-A3-A6NI,3,train
TCGA-A3-A6NJ,3,train
TCGA-A3-A6NL,3,train
TCGA-A3-A6NN,3,train
TCGA-A3-A8OU,3,train
TCGA-A4-7286,3,train
TCGA-A4-7287,3,train
TCGA-A4-7583,3,train
TCGA-A4-7584,3,train
TCGA-A4-7732,3,train
TCGA-A4-7734,3,train
TCGA-A4-7828,3,train
TCGA-A4-7996,3,train
TCGA-A4-7997,3,train
TCGA-A4-8098,3,train
TCGA-A4-8311,3,train
TCGA-A4-8516,3,train
TCGA-A4-8517,3,train
TCGA-A4-8518,3,train
TCGA-A4-8630,3,train
TCGA-A4-A48D,3,train
TCGA-A4-A4ZT,3,train
TCGA-A4-A57E,3,train
TCGA-A4-A5DU,3,train
TCGA-A4-A6HP,3,train
TCGA-A4-A7UZ,3,train
TCGA-A5-A0G1,3,train
TCGA-A5-A0G5,3,train
TCGA-A5-A0G9,3,train
TCGA-A5-A0GA,3,train
TCGA-A5-A0GD,3,train
TCGA-A5-A0GG,3,train
TCGA-A5-A0GH,3,train
TCGA-A5-A0GI,3,train
TCGA-A5-A0GM,3,train
TCGA-A5-A0GN,3,train
TCGA-A5-A0GQ,3,train
TCGA-A5-A0GR,3,train
TCGA-A5-A0GU,3,train
TCGA-A5-A0GV,3,train
TCGA-A5-A0GW,3,train
TCGA-A5-A0GX,3,train
TCGA-A5-A0R9,3,train
TCGA-A5-A1OF,3,train
TCGA-A5-A1OG,3,train
TCGA-A5-A1OH,3,train
TCGA-A5-A1OJ,3,train
TCGA-A5-A1OK,3,train
TCGA-A5-A2K2,3,train
TCGA-A5-A2K3,3,train
TCGA-A5-A2K4,3,train
TCGA-A5-A2K5,3,train
TCGA-A5-A3LP,3,train
TCGA-A5-A7WJ,3,train
TCGA-A5-A7WK,3,train
TCGA-A5-AB3J,3,train
TCGA-A6-2672,3,train
TCGA-A6-2674,3,train
TCGA-A6-2675,3,train
TCGA-A6-2679,3,train
TCGA-A6-2680,3,train
TCGA-A6-2681,3,train
TCGA-A6-2682,3,train
TCGA-A6-2683,3,train
TCGA-A6-2686,3,train
TCGA-A6-4105,3,train
TCGA-A6-4107,3,train
TCGA-A6-5660,3,train
TCGA-A6-5661,3,train
TCGA-A6-5664,3,train
TCGA-A6-5665,3,train
TCGA-A6-5666,3,train
TCGA-A6-6137,3,train
TCGA-A6-6138,3,train
TCGA-A6-6140,3,train
TCGA-A6-6141,3,train
TCGA-A6-6142,3,train
TCGA-A6-6648,3,train
TCGA-A6-6649,3,train
TCGA-A6-6651,3,train
TCGA-A6-6652,3,train
TCGA-A6-A566,3,train
TCGA-A6-A567,3,train
TCGA-A6-A56B,3,train
TCGA-A6-A5ZU,3,train
TCGA-A7-A0CD,3,train
TCGA-A7-A0CG,3,train
TCGA-A7-A0CJ,3,train
TCGA-A7-A0D9,3,train
TCGA-A7-A0DA,3,train
TCGA-A7-A0DB,3,train
TCGA-A7-A13D,3,train
TCGA-A7-A13E,3,train
TCGA-A7-A13F,3,train
TCGA-A7-A13G,3,train
TCGA-A7-A13H,3,train
TCGA-A7-A26E,3,train
TCGA-A7-A26F,3,train
TCGA-A7-A26H,3,train
TCGA-A7-A2KD,3,train
TCGA-A7-A3IZ,3,train
TCGA-A7-A3RF,3,train
TCGA-A7-A425,3,train
TCGA-A7-A426,3,train
TCGA-A7-A4SD,3,train
TCGA-A7-A4SF,3,train
TCGA-A7-A5ZV,3,train
TCGA-A7-A5ZW,3,train
TCGA-A7-A5ZX,3,train
TCGA-A7-A6VV,3,train
TCGA-A7-A6VW,3,train
TCGA-A7-A6VX,3,train
TCGA-A7-A6VY,3,train
TCGA-A8-A06O,3,train
TCGA-A8-A06P,3,train
TCGA-A8-A06Q,3,train
TCGA-A8-A06R,3,train
TCGA-A8-A06U,3,train
TCGA-A8-A06X,3,train
TCGA-A8-A06Y,3,train
TCGA-A8-A06Z,3,train
TCGA-A8-A076,3,train
TCGA-A8-A079,3,train
TCGA-A8-A07B,3,train
TCGA-A8-A07C,3,train
TCGA-A8-A07E,3,train
TCGA-A8-A07F,3,train
TCGA-A8-A07G,3,train
TCGA-A8-A07I,3,train
TCGA-A8-A07J,3,train
TCGA-A8-A07L,3,train
TCGA-A8-A07P,3,train
TCGA-A8-A07R,3,train
TCGA-A8-A07S,3,train
TCGA-A8-A07U,3,train
TCGA-A8-A07W,3,train
TCGA-A8-A07Z,3,train
TCGA-A8-A081,3,train
TCGA-A8-A082,3,train
TCGA-A8-A083,3,train
TCGA-A8-A084,3,train
TCGA-A8-A085,3,train
TCGA-A8-A086,3,train
TCGA-A8-A08B,3,train
TCGA-A8-A08I,3,train
TCGA-A8-A08J,3,train
TCGA-A8-A08L,3,train
TCGA-A8-A08O,3,train
TCGA-A8-A08R,3,train
TCGA-A8-A08S,3,train
TCGA-A8-A08T,3,train
TCGA-A8-A08X,3,train
TCGA-A8-A08Z,3,train
TCGA-A8-A090,3,train
TCGA-A8-A092,3,train
TCGA-A8-A094,3,train
TCGA-A8-A095,3,train
TCGA-A8-A096,3,train
TCGA-A8-A097,3,train
TCGA-A8-A099,3,train
TCGA-A8-A09A,3,train
TCGA-A8-A09B,3,train
TCGA-A8-A09C,3,train
TCGA-A8-A09E,3,train
TCGA-A8-A09G,3,train
TCGA-A8-A09I,3,train
TCGA-A8-A09K,3,train
TCGA-A8-A09M,3,train
TCGA-A8-A09N,3,train
TCGA-A8-A09R,3,train
TCGA-A8-A09T,3,train
TCGA-A8-A09V,3,train
TCGA-A8-A09X,3,train
TCGA-A8-A0A2,3,train
TCGA-A8-A0A4,3,train
TCGA-A8-A0A7,3,train
TCGA-A8-A0A9,3,train
TCGA-A8-A0AB,3,train
TCGA-AA-3514,3,train
TCGA-AA-3532,3,train
TCGA-AA-3542,3,train
TCGA-AA-3553,3,train
TCGA-AA-3555,3,train
TCGA-AA-3558,3,train
TCGA-AA-3560,3,train
TCGA-AA-3664,3,train
TCGA-AA-3666,3,train
TCGA-AA-3673,3,train
TCGA-AA-3678,3,train
TCGA-AA-3681,3,train
TCGA-AA-3685,3,train
TCGA-AA-3688,3,train
TCGA-AA-3692,3,train
TCGA-AA-3693,3,train
TCGA-AA-3695,3,train
TCGA-AA-3715,3,train
TCGA-AA-3812,3,train
TCGA-AA-3814,3,train
TCGA-AA-3815,3,train
TCGA-AA-3831,3,train
TCGA-AA-3837,3,train
TCGA-AA-3841,3,train
TCGA-AA-3845,3,train
TCGA-AA-3846,3,train
TCGA-AA-3848,3,train
TCGA-AA-3854,3,train
TCGA-AA-3855,3,train
TCGA-AA-3858,3,train
TCGA-AA-3861,3,train
TCGA-AA-3866,3,train
TCGA-AA-3867,3,train
TCGA-AA-3875,3,train
TCGA-AA-3939,3,train
TCGA-AA-3947,3,train
TCGA-AA-3949,3,train
TCGA-AA-3952,3,train
TCGA-AA-3955,3,train
TCGA-AA-3956,3,train
TCGA-AA-3966,3,train
TCGA-AA-3967,3,train
TCGA-AA-3968,3,train
TCGA-AA-3970,3,train
TCGA-AA-3971,3,train
TCGA-AA-3975,3,train
TCGA-AA-3976,3,train
TCGA-AA-3977,3,train
TCGA-AA-3980,3,train
TCGA-AA-3982,3,train
TCGA-AA-3984,3,train
TCGA-AA-3994,3,train
TCGA-AA-A00D,3,train
TCGA-AA-A00E,3,train
TCGA-AA-A00N,3,train
TCGA-AA-A00O,3,train
TCGA-AA-A00U,3,train
TCGA-AA-A00W,3,train
TCGA-AA-A010,3,train
TCGA-AA-A01I,3,train
TCGA-AA-A01S,3,train
TCGA-AA-A01T,3,train
TCGA-AA-A01V,3,train
TCGA-AA-A01X,3,train
TCGA-AA-A01Z,3,train
TCGA-AA-A02R,3,train
TCGA-AA-A02Y,3,train
TCGA-AC-A23E,3,train
TCGA-AC-A2B8,3,train
TCGA-AC-A2QH,3,train
TCGA-AC-A2QI,3,train
TCGA-AC-A2QJ,3,train
TCGA-AC-A3HN,3,train
TCGA-AC-A3OD,3,train
TCGA-AC-A3QP,3,train
TCGA-AC-A3QQ,3,train
TCGA-AC-A3TM,3,train
TCGA-AC-A3TN,3,train
TCGA-AC-A3W5,3,train
TCGA-AC-A3W7,3,train
TCGA-AC-A3YJ,3,train
TCGA-AC-A5EH,3,train
TCGA-AC-A5EI,3,train
TCGA-AC-A62V,3,train
TCGA-AC-A62X,3,train
TCGA-AC-A6IV,3,train
TCGA-AC-A6IW,3,train
TCGA-AC-A6NO,3,train
TCGA-AC-A8OP,3,train
TCGA-AC-A8OQ,3,train
TCGA-AC-A8OR,3,train
TCGA-AD-6548,3,train
TCGA-AD-6888,3,train
TCGA-AD-6889,3,train
TCGA-AD-6890,3,train
TCGA-AD-6895,3,train
TCGA-AD-6899,3,train
TCGA-AD-6901,3,train
TCGA-AD-A5EK,3,train
TCGA-AF-2687,3,train
TCGA-AF-2691,3,train
TCGA-AF-3911,3,train
TCGA-AF-3914,3,train
TCGA-AF-4110,3,train
TCGA-AF-5654,3,train
TCGA-AF-6136,3,train
TCGA-AF-A56K,3,train
TCGA-AF-A56L,3,train
TCGA-AF-A56N,3,train
TCGA-AG-3574,3,train
TCGA-AG-3575,3,train
TCGA-AG-3578,3,train
TCGA-AG-3581,3,train
TCGA-AG-3582,3,train
TCGA-AG-3583,3,train
TCGA-AG-3584,3,train
TCGA-AG-3593,3,train
TCGA-AG-3598,3,train
TCGA-AG-3600,3,train
TCGA-AG-3602,3,train
TCGA-AG-3605,3,train
TCGA-AG-3609,3,train
TCGA-AG-3726,3,train
TCGA-AG-3727,3,train
TCGA-AG-3728,3,train
TCGA-AG-3878,3,train
TCGA-AG-3881,3,train
TCGA-AG-3882,3,train
TCGA-AG-3883,3,train
TCGA-AG-3885,3,train
TCGA-AG-3887,3,train
TCGA-AG-3890,3,train
TCGA-AG-3892,3,train
TCGA-AG-3894,3,train
TCGA-AG-3896,3,train
TCGA-AG-3898,3,train
TCGA-AG-3901,3,train
TCGA-AG-3902,3,train
TCGA-AG-3906,3,train
TCGA-AG-3909,3,train
TCGA-AG-3999,3,train
TCGA-AG-4001,3,train
TCGA-AG-4007,3,train
TCGA-AG-4008,3,train
TCGA-AG-4015,3,train
TCGA-AG-4021,3,train
TCGA-AG-4022,3,train
TCGA-AG-A008,3,train
TCGA-AG-A01J,3,train
TCGA-AG-A01N,3,train
TCGA-AG-A023,3,train
TCGA-AG-A02G,3,train
TCGA-AH-6544,3,train
TCGA-AH-6549,3,train
TCGA-AJ-A23M,3,train
TCGA-AJ-A23N,3,train
TCGA-AJ-A2QK,3,train
TCGA-AJ-A2QL,3,train
TCGA-AJ-A2QM,3,train
TCGA-AJ-A3BG,3,train
TCGA-AJ-A3BH,3,train
TCGA-AJ-A3BI,3,train
TCGA-AJ-A3EK,3,train
TCGA-AJ-A3IA,3,train
TCGA-AJ-A3NC,3,train
TCGA-AJ-A3NE,3,train
TCGA-AJ-A3NG,3,train
TCGA-AJ-A3NH,3,train
TCGA-AJ-A3OJ,3,train
TCGA-AJ-A3OK,3,train
TCGA-AJ-A3QS,3,train
TCGA-AJ-A3TW,3,train
TCGA-AJ-A5DW,3,train
TCGA-AJ-A6NU,3,train
TCGA-AJ-A8CT,3,train
TCGA-AJ-A8CV,3,train
TCGA-AJ-A8CW,3,train
TCGA-AK-3427,3,train
TCGA-AK-3428,3,train
TCGA-AK-3429,3,train
TCGA-AK-3431,3,train
TCGA-AK-3433,3,train
TCGA-AK-3434,3,train
TCGA-AK-3436,3,train
TCGA-AK-3440,3,train
TCGA-AK-3443,3,train
TCGA-AK-3444,3,train
TCGA-AK-3445,3,train
TCGA-AK-3450,3,train
TCGA-AK-3451,3,train
TCGA-AK-3453,3,train
TCGA-AK-3454,3,train
TCGA-AK-3455,3,train
TCGA-AK-3456,3,train
TCGA-AK-3458,3,train
TCGA-AK-3465,3,train
TCGA-AL-3466,3,train
TCGA-AL-3467,3,train
TCGA-AL-3468,3,train
TCGA-AL-3472,3,train
TCGA-AL-3473,3,train
TCGA-AL-7173,3,train
TCGA-AL-A5DJ,3,train
TCGA-AM-5821,3,train
TCGA-AN-A03Y,3,train
TCGA-AN-A041,3,train
TCGA-AN-A046,3,train
TCGA-AN-A0AJ,3,train
TCGA-AN-A0AM,3,train
TCGA-AN-A0AR,3,train
TCGA-AN-A0AT,3,train
TCGA-AN-A0FF,3,train
TCGA-AN-A0FJ,3,train
TCGA-AN-A0FK,3,train
TCGA-AN-A0FL,3,train
TCGA-AN-A0FN,3,train
TCGA-AN-A0FS,3,train
TCGA-AN-A0FT,3,train
TCGA-AN-A0FV,3,train
TCGA-AN-A0FW,3,train
TCGA-AN-A0FX,3,train
TCGA-AN-A0FY,3,train
TCGA-AN-A0G0,3,train
TCGA-AN-A0XL,3,train
TCGA-AN-A0XN,3,train
TCGA-AN-A0XO,3,train
TCGA-AN-A0XT,3,train
TCGA-AN-A0XU,3,train
TCGA-AO-A03L,3,train
TCGA-AO-A03O,3,train
TCGA-AO-A03P,3,train
TCGA-AO-A03R,3,train
TCGA-AO-A03T,3,train
TCGA-AO-A03U,3,train
TCGA-AO-A03V,3,train
TCGA-AO-A0J2,3,train
TCGA-AO-A0J3,3,train
TCGA-AO-A0J5,3,train
TCGA-AO-A0J7,3,train
TCGA-AO-A0J8,3,train
TCGA-AO-A0J9,3,train
TCGA-AO-A0JA,3,train
TCGA-AO-A0JB,3,train
TCGA-AO-A0JE,3,train
TCGA-AO-A0JF,3,train
TCGA-AO-A0JG,3,train
TCGA-AO-A0JJ,3,train
TCGA-AO-A0JL,3,train
TCGA-AO-A124,3,train
TCGA-AO-A125,3,train
TCGA-AO-A126,3,train
TCGA-AO-A129,3,train
TCGA-AO-A12A,3,train
TCGA-AO-A12B,3,train
TCGA-AO-A12C,3,train
TCGA-AO-A12D,3,train
TCGA-AO-A12E,3,train
TCGA-AO-A12F,3,train
TCGA-AO-A1KO,3,train
TCGA-AO-A1KP,3,train
TCGA-AO-A1KQ,3,train
TCGA-AO-A1KR,3,train
TCGA-AO-A1KS,3,train
TCGA-AO-A1KT,3,train
TCGA-AP-A051,3,train
TCGA-AP-A052,3,train
TCGA-AP-A056,3,train
TCGA-AP-A059,3,train
TCGA-AP-A05A,3,train
TCGA-AP-A05D,3,train
TCGA-AP-A05H,3,train
TCGA-AP-A05J,3,train
TCGA-AP-A05P,3,train
TCGA-AP-A0L8,3,train
TCGA-AP-A0L9,3,train
TCGA-AP-A0LD,3,train
TCGA-AP-A0LE,3,train
TCGA-AP-A0LF,3,train
TCGA-AP-A0LG,3,train
TCGA-AP-A0LH,3,train
TCGA-AP-A0LI,3,train
TCGA-AP-A0LJ,3,train
TCGA-AP-A0LL,3,train
TCGA-AP-A0LM,3,train
TCGA-AP-A0LN,3,train
TCGA-AP-A0LO,3,train
TCGA-AP-A0LP,3,train
TCGA-AP-A0LQ,3,train
TCGA-AP-A0LT,3,train
TCGA-AP-A1DK,3,train
TCGA-AP-A1DM,3,train
TCGA-AP-A1DO,3,train
TCGA-AP-A1DQ,3,train
TCGA-AP-A1DV,3,train
TCGA-AP-A1E0,3,train
TCGA-AP-A1E1,3,train
TCGA-AP-A1E3,3,train
TCGA-AP-A1E4,3,train
TCGA-AP-A3K1,3,train
TCGA-AP-A5FX,3,train
TCGA-AQ-A04J,3,train
TCGA-AQ-A0Y5,3,train
TCGA-AQ-A54N,3,train
TCGA-AQ-A54O,3,train
TCGA-AQ-A7U7,3,train
TCGA-AR-A0TP,3,train
TCGA-AR-A0TR,3,train
TCGA-AR-A0TS,3,train
TCGA-AR-A0TT,3,train
TCGA-AR-A0TU,3,train
TCGA-AR-A0TV,3,train
TCGA-AR-A0TW,3,train
TCGA-AR-A0TX,3,train
TCGA-AR-A0TY,3,train
TCGA-AR-A0TZ,3,train
TCGA-AR-A0U0,3,train
TCGA-AR-A0U1,3,train
TCGA-AR-A0U2,3,train
TCGA-AR-A0U3,3,train
TCGA-AR-A0U4,3,train
TCGA-AR-A1AH,3,train
TCGA-AR-A1AJ,3,train
TCGA-AR-A1AL,3,train
TCGA-AR-A1AN,3,train
TCGA-AR-A1AO,3,train
TCGA-AR-A1AP,3,train
TCGA-AR-A1AQ,3,train
TCGA-AR-A1AS,3,train
TCGA-AR-A1AU,3,train
TCGA-AR-A1AV,3,train
TCGA-AR-A1AW,3,train
TCGA-AR-A1AX,3,train
TCGA-AR-A24H,3,train
TCGA-AR-A24K,3,train
TCGA-AR-A24L,3,train
TCGA-AR-A24N,3,train
TCGA-AR-A24O,3,train
TCGA-AR-A24P,3,train
TCGA-AR-A24Q,3,train
TCGA-AR-A24R,3,train
TCGA-AR-A24S,3,train
TCGA-AR-A24T,3,train
TCGA-AR-A24U,3,train
TCGA-AR-A24V,3,train
TCGA-AR-A24W,3,train
TCGA-AR-A24X,3,train
TCGA-AR-A24Z,3,train
TCGA-AR-A250,3,train
TCGA-AR-A251,3,train
TCGA-AR-A252,3,train
TCGA-AR-A254,3,train
TCGA-AR-A255,3,train
TCGA-AR-A256,3,train
TCGA-AR-A2LH,3,train
TCGA-AR-A2LJ,3,train
TCGA-AR-A2LK,3,train
TCGA-AR-A2LL,3,train
TCGA-AR-A2LM,3,train
TCGA-AR-A2LO,3,train
TCGA-AR-A2LQ,3,train
TCGA-AR-A5QM,3,train
TCGA-AR-A5QP,3,train
TCGA-AR-A5QQ,3,train
TCGA-AS-3777,3,train
TCGA-AS-3778,3,train
TCGA-AU-3779,3,train
TCGA-AW-A1PO,3,train
TCGA-AX-A05S,3,train
TCGA-AX-A05T,3,train
TCGA-AX-A05U,3,train
TCGA-AX-A05Z,3,train
TCGA-AX-A063,3,train
TCGA-AX-A064,3,train
TCGA-AX-A06B,3,train
TCGA-AX-A06F,3,train
TCGA-AX-A06L,3,train
TCGA-AX-A0IZ,3,train
TCGA-AX-A0J1,3,train
TCGA-AX-A1C4,3,train
TCGA-AX-A1C7,3,train
TCGA-AX-A1C8,3,train
TCGA-AX-A1CA,3,train
TCGA-AX-A1CF,3,train
TCGA-AX-A1CK,3,train
TCGA-AX-A1CN,3,train
TCGA-AX-A1CP,3,train
TCGA-AX-A2IN,3,train
TCGA-AX-A2IO,3,train
TCGA-AY-6196,3,train
TCGA-AY-6386,3,train
TCGA-AZ-4313,3,train
TCGA-AZ-4315,3,train
TCGA-AZ-4615,3,train
TCGA-AZ-4616,3,train
TCGA-AZ-4682,3,train
TCGA-AZ-4684,3,train
TCGA-AZ-5403,3,train
TCGA-B0-4688,3,train
TCGA-B0-4690,3,train
TCGA-B0-4691,3,train
TCGA-B0-4693,3,train
TCGA-B0-4694,3,train
TCGA-B0-4696,3,train
TCGA-B0-4697,3,train
TCGA-B0-4698,3,train
TCGA-B0-4699,3,train
TCGA-B0-4700,3,train
TCGA-B0-4706,3,train
TCGA-B0-4707,3,train
TCGA-B0-4710,3,train
TCGA-B0-4712,3,train
TCGA-B0-4713,3,train
TCGA-B0-4714,3,train
TCGA-B0-4718,3,train
TCGA-B0-4811,3,train
TCGA-B0-4813,3,train
TCGA-B0-4814,3,train
TCGA-B0-4815,3,train
TCGA-B0-4816,3,train
TCGA-B0-4817,3,train
TCGA-B0-4818,3,train
TCGA-B0-4819,3,train
TCGA-B0-4821,3,train
TCGA-B0-4822,3,train
TCGA-B0-4823,3,train
TCGA-B0-4827,3,train
TCGA-B0-4833,3,train
TCGA-B0-4834,3,train
TCGA-B0-4836,3,train
TCGA-B0-4837,3,train
TCGA-B0-4838,3,train
TCGA-B0-4842,3,train
TCGA-B0-4844,3,train
TCGA-B0-4845,3,train
TCGA-B0-4846,3,train
TCGA-B0-4847,3,train
TCGA-B0-4848,3,train
TCGA-B0-4849,3,train
TCGA-B0-4852,3,train
TCGA-B0-4945,3,train
TCGA-B0-5075,3,train
TCGA-B0-5077,3,train
TCGA-B0-5080,3,train
TCGA-B0-5081,3,train
TCGA-B0-5084,3,train
TCGA-B0-5085,3,train
TCGA-B0-5088,3,train
TCGA-B0-5095,3,train
TCGA-B0-5096,3,train
TCGA-B0-5098,3,train
TCGA-B0-5100,3,train
TCGA-B0-5102,3,train
TCGA-B0-5107,3,train
TCGA-B0-5108,3,train
TCGA-B0-5109,3,train
TCGA-B0-5110,3,train
TCGA-B0-5113,3,train
TCGA-B0-5115,3,train
TCGA-B0-5117,3,train
TCGA-B0-5119,3,train
TCGA-B0-5120,3,train
TCGA-B0-5121,3,train
TCGA-B0-5400,3,train
TCGA-B0-5402,3,train
TCGA-B0-5690,3,train
TCGA-B0-5691,3,train
TCGA-B0-5692,3,train
TCGA-B0-5696,3,train
TCGA-B0-5698,3,train
TCGA-B0-5699,3,train
TCGA-B0-5700,3,train
TCGA-B0-5702,3,train
TCGA-B0-5703,3,train
TCGA-B0-5705,3,train
TCGA-B0-5706,3,train
TCGA-B0-5709,3,train
TCGA-B0-5710,3,train
TCGA-B0-5711,3,train
TCGA-B0-5713,3,train
TCGA-B0-5812,3,train
TCGA-B1-7332,3,train
TCGA-B1-A47N,3,train
TCGA-B2-3923,3,train
TCGA-B2-4098,3,train
TCGA-B2-4099,3,train
TCGA-B2-4102,3,train
TCGA-B2-5636,3,train
TCGA-B2-5641,3,train
TCGA-B2-A4SR,3,train
TCGA-B3-3925,3,train
TCGA-B3-3926,3,train
TCGA-B3-8121,3,train
TCGA-B3-A6W5,3,train
TCGA-B4-5377,3,train
TCGA-B4-5832,3,train
TCGA-B4-5834,3,train
TCGA-B4-5835,3,train
TCGA-B4-5836,3,train
TCGA-B4-5843,3,train
TCGA-B4-5844,3,train
TCGA-B5-A0JT,3,train
TCGA-B5-A0JU,3,train
TCGA-B5-A0JX,3,train
TCGA-B5-A0JZ,3,train
TCGA-B5-A0K0,3,train
TCGA-B5-A0K2,3,train
TCGA-B5-A0K3,3,train
TCGA-B5-A0K4,3,train
TCGA-B5-A0K8,3,train
TCGA-B5-A0K9,3,train
TCGA-B5-A0KB,3,train
TCGA-B5-A11F,3,train
TCGA-B5-A11I,3,train
TCGA-B5-A11J,3,train
TCGA-B5-A11L,3,train
TCGA-B5-A11N,3,train
TCGA-B5-A11P,3,train
TCGA-B5-A11Q,3,train
TCGA-B5-A11U,3,train
TCGA-B5-A11V,3,train
TCGA-B5-A11X,3,train
TCGA-B5-A11Y,3,train
TCGA-B5-A11Z,3,train
TCGA-B5-A121,3,train
TCGA-B5-A1MR,3,train
TCGA-B5-A1MS,3,train
TCGA-B5-A1MU,3,train
TCGA-B5-A1MV,3,train
TCGA-B5-A1MX,3,train
TCGA-B5-A1MZ,3,train
TCGA-B5-A1N2,3,train
TCGA-B5-A3FB,3,train
TCGA-B5-A3FC,3,train
TCGA-B5-A3FD,3,train
TCGA-B5-A3FH,3,train
TCGA-B5-A3S1,3,train
TCGA-B5-A5OC,3,train
TCGA-B5-A5OD,3,train
TCGA-B5-A5OE,3,train
TCGA-B6-A0I2,3,train
TCGA-B6-A0I6,3,train
TCGA-B6-A0I9,3,train
TCGA-B6-A0IA,3,train
TCGA-B6-A0IB,3,train
TCGA-B6-A0IG,3,train
TCGA-B6-A0IJ,3,train
TCGA-B6-A0IK,3,train
TCGA-B6-A0IM,3,train
TCGA-B6-A0IP,3,train
TCGA-B6-A0RE,3,train
TCGA-B6-A0RH,3,train
TCGA-B6-A0RI,3,train
TCGA-B6-A0RL,3,train
TCGA-B6-A0RN,3,train
TCGA-B6-A0RO,3,train
TCGA-B6-A0RP,3,train
TCGA-B6-A0RQ,3,train
TCGA-B6-A0RS,3,train
TCGA-B6-A0RU,3,train
TCGA-B6-A0RV,3,train
TCGA-B6-A0WV,3,train
TCGA-B6-A0WW,3,train
TCGA-B6-A0WX,3,train
TCGA-B6-A0WY,3,train
TCGA-B6-A0WZ,3,train
TCGA-B6-A0X0,3,train
TCGA-B6-A0X1,3,train
TCGA-B6-A0X4,3,train
TCGA-B6-A0X7,3,train
TCGA-B6-A1KF,3,train
TCGA-B6-A1KN,3,train
TCGA-B7-5816,3,train
TCGA-B8-4143,3,train
TCGA-B8-4146,3,train
TCGA-B8-4151,3,train
TCGA-B8-4153,3,train
TCGA-B8-4619,3,train
TCGA-B8-4620,3,train
TCGA-B8-4622,3,train
TCGA-B8-5158,3,train
TCGA-B8-5159,3,train
TCGA-B8-5163,3,train
TCGA-B8-5164,3,train
TCGA-B8-5550,3,train
TCGA-B8-5552,3,train
TCGA-B8-5553,3,train
TCGA-B8-A54F,3,train
TCGA-B8-A7U6,3,train
TCGA-B8-A8YJ,3,train
TCGA-B9-4114,3,train
TCGA-B9-4117,3,train
TCGA-B9-4617,3,train
TCGA-B9-5155,3,train
TCGA-B9-A44B,3,train
TCGA-B9-A5W9,3,train
TCGA-B9-A8YH,3,train
TCGA-BA-4076,3,train
TCGA-BA-4077,3,train
TCGA-BA-4078,3,train
TCGA-BA-5149,3,train
TCGA-BA-5151,3,train
TCGA-BA-5153,3,train
TCGA-BA-5557,3,train
TCGA-BA-5558,3,train
TCGA-BA-5559,3,train
TCGA-BA-6869,3,train
TCGA-BA-6871,3,train
TCGA-BA-6872,3,train
TCGA-BA-6873,3,train
TCGA-BA-7269,3,train
TCGA-BA-A6D8,3,train
TCGA-BA-A6DA,3,train
TCGA-BA-A6DD,3,train
TCGA-BA-A6DE,3,train
TCGA-BA-A6DF,3,train
TCGA-BA-A6DG,3,train
TCGA-BA-A6DI,3,train
TCGA-BA-A6DJ,3,train
TCGA-BA-A6DL,3,train
TCGA-BA-A8YP,3,train
TCGA-BB-4225,3,train
TCGA-BB-7861,3,train
TCGA-BB-7862,3,train
TCGA-BB-7863,3,train
TCGA-BB-7864,3,train
TCGA-BB-7866,3,train
TCGA-BB-7872,3,train
TCGA-BB-8596,3,train
TCGA-BB-A5HY,3,train
TCGA-BB-A5HZ,3,train
TCGA-BB-A6UM,3,train
TCGA-BB-A6UO,3,train
TCGA-BC-A217,3,train
TCGA-BC-A3KG,3,train
TCGA-BC-A5W4,3,train
TCGA-BC-A69H,3,train
TCGA-BC-A69I,3,train
TCGA-BC-A8YO,3,train
TCGA-BF-A1PU,3,train
TCGA-BF-A1PV,3,train
TCGA-BF-A1PZ,3,train
TCGA-BF-A3DL,3,train
TCGA-BF-A3DM,3,train
TCGA-BF-A3DN,3,train
TCGA-BF-A5EP,3,train
TCGA-BF-AAOU,3,train
TCGA-BF-AAOX,3,train
TCGA-BF-AAP1,3,train
TCGA-BF-AAP2,3,train
TCGA-BF-AAP4,3,train
TCGA-BG-A0LW,3,train
TCGA-BG-A0LX,3,train
TCGA-BG-A0M3,3,train
TCGA-BG-A0M4,3,train
TCGA-BG-A0M6,3,train
TCGA-BG-A0M7,3,train
TCGA-BG-A0M8,3,train
TCGA-BG-A0MI,3,train
TCGA-BG-A0MO,3,train
TCGA-BG-A0MT,3,train
TCGA-BG-A0VV,3,train
TCGA-BG-A0YU,3,train
TCGA-BG-A186,3,train
TCGA-BG-A187,3,train
TCGA-BG-A18A,3,train
TCGA-BG-A18C,3,train
TCGA-BG-A220,3,train
TCGA-BG-A221,3,train
TCGA-BG-A222,3,train
TCGA-BG-A2AD,3,train
TCGA-BG-A2L7,3,train
TCGA-BG-A3EW,3,train
TCGA-BG-A3PP,3,train
TCGA-BH-A0AU,3,train
TCGA-BH-A0AY,3,train
TCGA-BH-A0AZ,3,train
TCGA-BH-A0B1,3,train
TCGA-BH-A0B3,3,train
TCGA-BH-A0B4,3,train
TCGA-BH-A0B6,3,train
TCGA-BH-A0B7,3,train
TCGA-BH-A0BF,3,train
TCGA-BH-A0BG,3,train
TCGA-BH-A0BJ,3,train
TCGA-BH-A0BL,3,train
TCGA-BH-A0BP,3,train
TCGA-BH-A0BS,3,train
TCGA-BH-A0BT,3,train
TCGA-BH-A0BV,3,train
TCGA-BH-A0BW,3,train
TCGA-BH-A0BZ,3,train
TCGA-BH-A0C0,3,train
TCGA-BH-A0C1,3,train
TCGA-BH-A0DE,3,train
TCGA-BH-A0DG,3,train
TCGA-BH-A0DH,3,train
TCGA-BH-A0DK,3,train
TCGA-BH-A0DL,3,train
TCGA-BH-A0DS,3,train
TCGA-BH-A0DT,3,train
TCGA-BH-A0DX,3,train
TCGA-BH-A0DZ,3,train
TCGA-BH-A0E0,3,train
TCGA-BH-A0E1,3,train
TCGA-BH-A0E6,3,train
TCGA-BH-A0E7,3,train
TCGA-BH-A0EB,3,train
TCGA-BH-A0EE,3,train
TCGA-BH-A0H3,3,train
TCGA-BH-A0H6,3,train
TCGA-BH-A0HA,3,train
TCGA-BH-A0HB,3,train
TCGA-BH-A0HO,3,train
TCGA-BH-A0HP,3,train
TCGA-BH-A0HU,3,train
TCGA-BH-A0HW,3,train
TCGA-BH-A0RX,3,train
TCGA-BH-A0W4,3,train
TCGA-BH-A0W5,3,train
TCGA-BH-A18G,3,train
TCGA-BH-A18I,3,train
TCGA-BH-A201,3,train
TCGA-BH-A28O,3,train
TCGA-BH-A28Q,3,train
TCGA-BH-A42T,3,train
TCGA-BH-A42U,3,train
TCGA-BH-A42V,3,train
TCGA-BH-A5IZ,3,train
TCGA-BH-A5J0,3,train
TCGA-BI-A0VR,3,train
TCGA-BI-A0VS,3,train
TCGA-BI-A20A,3,train
TCGA-BJ-A0YZ,3,train
TCGA-BJ-A0Z0,3,train
TCGA-BJ-A0Z3,3,train
TCGA-BJ-A0ZB,3,train
TCGA-BJ-A0ZC,3,train
TCGA-BJ-A0ZE,3,train
TCGA-BJ-A0ZG,3,train
TCGA-BJ-A0ZH,3,train
TCGA-BJ-A0ZJ,3,train
TCGA-BJ-A18Y,3,train
TCGA-BJ-A18Z,3,train
TCGA-BJ-A190,3,train
TCGA-BJ-A191,3,train
TCGA-BJ-A192,3,train
TCGA-BJ-A28S,3,train
TCGA-BJ-A28T,3,train
TCGA-BJ-A28V,3,train
TCGA-BJ-A28W,3,train
TCGA-BJ-A28X,3,train
TCGA-BJ-A28Z,3,train
TCGA-BJ-A290,3,train
TCGA-BJ-A291,3,train
TCGA-BJ-A2N8,3,train
TCGA-BJ-A2N9,3,train
TCGA-BJ-A2P4,3,train
TCGA-BJ-A3EZ,3,train
TCGA-BJ-A3F0,3,train
TCGA-BJ-A3PR,3,train
TCGA-BJ-A3PT,3,train
TCGA-BJ-A45C,3,train
TCGA-BJ-A45D,3,train
TCGA-BJ-A45E,3,train
TCGA-BJ-A45F,3,train
TCGA-BJ-A45H,3,train
TCGA-BJ-A45I,3,train
TCGA-BJ-A45J,3,train
TCGA-BJ-A4O8,3,train
TCGA-BK-A0CA,3,train
TCGA-BK-A139,3,train
TCGA-BK-A13B,3,train
TCGA-BK-A13C,3,train
TCGA-BK-A26L,3,train
TCGA-BK-A4ZD,3,train
TCGA-BK-A56F,3,train
TCGA-BK-A6W4,3,train
TCGA-BL-A0C8,3,train
TCGA-BL-A13I,3,train
TCGA-BL-A13J,3,train
TCGA-BL-A3JM,3,train
TCGA-BL-A5ZZ,3,train
TCGA-BP-4158,3,train
TCGA-BP-4159,3,train
TCGA-BP-4160,3,train
TCGA-BP-4161,3,train
TCGA-BP-4162,3,train
TCGA-BP-4163,3,train
TCGA-BP-4164,3,train
TCGA-BP-4169,3,train
TCGA-BP-4170,3,train
TCGA-BP-4173,3,train
TCGA-BP-4174,3,train
TCGA-BP-4176,3,train
TCGA-BP-4329,3,train
TCGA-BP-4330,3,train
TCGA-BP-4332,3,train
TCGA-BP-4335,3,train
TCGA-BP-4337,3,train
TCGA-BP-4338,3,train
TCGA-BP-4342,3,train
TCGA-BP-4343,3,train
TCGA-BP-4344,3,train
TCGA-BP-4346,3,train
TCGA-BP-4351,3,train
TCGA-BP-4352,3,train
TCGA-BP-4354,3,train
TCGA-BP-4355,3,train
TCGA-BP-4758,3,train
TCGA-BP-4760,3,train
TCGA-BP-4761,3,train
TCGA-BP-4763,3,train
TCGA-BP-4765,3,train
TCGA-BP-4766,3,train
TCGA-BP-4769,3,train
TCGA-BP-4771,3,train
TCGA-BP-4774,3,train
TCGA-BP-4776,3,train
TCGA-BP-4777,3,train
TCGA-BP-4782,3,train
TCGA-BP-4784,3,train
TCGA-BP-4787,3,train
TCGA-BP-4789,3,train
TCGA-BP-4790,3,train
TCGA-BP-4795,3,train
TCGA-BP-4797,3,train
TCGA-BP-4798,3,train
TCGA-BP-4799,3,train
TCGA-BP-4803,3,train
TCGA-BP-4804,3,train
TCGA-BP-4960,3,train
TCGA-BP-4961,3,train
TCGA-BP-4962,3,train
TCGA-BP-4964,3,train
TCGA-BP-4969,3,train
TCGA-BP-4970,3,train
TCGA-BP-4971,3,train
TCGA-BP-4972,3,train
TCGA-BP-4973,3,train
TCGA-BP-4974,3,train
TCGA-BP-4983,3,train
TCGA-BP-4987,3,train
TCGA-BP-4988,3,train
TCGA-BP-4991,3,train
TCGA-BP-4992,3,train
TCGA-BP-4993,3,train
TCGA-BP-4994,3,train
TCGA-BP-4998,3,train
TCGA-BP-4999,3,train
TCGA-BP-5000,3,train
TCGA-BP-5001,3,train
TCGA-BP-5004,3,train
TCGA-BP-5006,3,train
TCGA-BP-5009,3,train
TCGA-BP-5170,3,train
TCGA-BP-5173,3,train
TCGA-BP-5174,3,train
TCGA-BP-5175,3,train
TCGA-BP-5177,3,train
TCGA-BP-5178,3,train
TCGA-BP-5180,3,train
TCGA-BP-5181,3,train
TCGA-BP-5184,3,train
TCGA-BP-5185,3,train
TCGA-BP-5187,3,train
TCGA-BP-5189,3,train
TCGA-BP-5192,3,train
TCGA-BP-5195,3,train
TCGA-BP-5196,3,train
TCGA-BP-5198,3,train
TCGA-BP-5199,3,train
TCGA-BP-5200,3,train
TCGA-BP-5201,3,train
TCGA-BP-5202,3,train
TCGA-BR-6452,3,train
TCGA-BR-6453,3,train
TCGA-BR-6454,3,train
TCGA-BR-6455,3,train
TCGA-BR-6456,3,train
TCGA-BR-6457,3,train
TCGA-BR-6458,3,train
TCGA-BR-6563,3,train
TCGA-BR-6564,3,train
TCGA-BR-6566,3,train
TCGA-BR-6705,3,train
TCGA-BR-6706,3,train
TCGA-BR-6707,3,train
TCGA-BR-6709,3,train
TCGA-BR-6710,3,train
TCGA-BR-6801,3,train
TCGA-BR-6802,3,train
TCGA-BR-7196,3,train
TCGA-BR-7197,3,train
TCGA-BR-7703,3,train
TCGA-BR-7704,3,train
TCGA-BR-7707,3,train
TCGA-BR-7715,3,train
TCGA-BR-7717,3,train
TCGA-BR-7722,3,train
TCGA-BR-7723,3,train
TCGA-BR-7851,3,train
TCGA-BR-7901,3,train
TCGA-BR-7957,3,train
TCGA-BR-7958,3,train
TCGA-BR-7959,3,train
TCGA-BR-8058,3,train
TCGA-BR-8059,3,train
TCGA-BR-8060,3,train
TCGA-BR-8077,3,train
TCGA-BR-8078,3,train
TCGA-BR-8080,3,train
TCGA-BR-8081,3,train
TCGA-BR-8284,3,train
TCGA-BR-8285,3,train
TCGA-BR-8286,3,train
TCGA-BR-8291,3,train
TCGA-BR-8295,3,train
TCGA-BR-8296,3,train
TCGA-BR-8297,3,train
TCGA-BR-8360,3,train
TCGA-BR-8362,3,train
TCGA-BR-8363,3,train
TCGA-BR-8365,3,train
TCGA-BR-8368,3,train
TCGA-BR-8369,3,train
TCGA-BR-8370,3,train
TCGA-BR-8371,3,train
TCGA-BR-8372,3,train
TCGA-BR-8380,3,train
TCGA-BR-8381,3,train
TCGA-BR-8382,3,train
TCGA-BR-8384,3,train
TCGA-BR-8483,3,train
TCGA-BR-8484,3,train
TCGA-BR-8485,3,train
TCGA-BR-8486,3,train
TCGA-BR-8487,3,train
TCGA-BR-8589,3,train
TCGA-BR-8590,3,train
TCGA-BR-8592,3,train
TCGA-BR-8676,3,train
TCGA-BR-8677,3,train
TCGA-BR-8678,3,train
TCGA-BR-8679,3,train
TCGA-BR-8680,3,train
TCGA-BR-8686,3,train
TCGA-BR-8687,3,train
TCGA-BR-8690,3,train
TCGA-BR-A44T,3,train
TCGA-BR-A452,3,train
TCGA-BR-A4CR,3,train
TCGA-BR-A4CS,3,train
TCGA-BR-A4IV,3,train
TCGA-BR-A4IZ,3,train
TCGA-BR-A4J1,3,train
TCGA-BR-A4J2,3,train
TCGA-BR-A4J4,3,train
TCGA-BR-A4J6,3,train
TCGA-BR-A4J7,3,train
TCGA-BR-A4J8,3,train
TCGA-BR-A4J9,3,train
TCGA-BR-A4PD,3,train
TCGA-BR-A4PE,3,train
TCGA-BR-A4PF,3,train
TCGA-BR-A4QI,3,train
TCGA-BR-A4QL,3,train
TCGA-BS-A0T9,3,train
TCGA-BS-A0TD,3,train
TCGA-BS-A0TE,3,train
TCGA-BS-A0TG,3,train
TCGA-BS-A0TJ,3,train
TCGA-BS-A0U5,3,train
TCGA-BS-A0U7,3,train
TCGA-BS-A0U8,3,train
TCGA-BS-A0UA,3,train
TCGA-BS-A0UJ,3,train
TCGA-BS-A0UL,3,train
TCGA-BS-A0UM,3,train
TCGA-BS-A0UT,3,train
TCGA-BS-A0V4,3,train
TCGA-BS-A0V7,3,train
TCGA-BS-A0V8,3,train
TCGA-BS-A0VI,3,train
TCGA-BS-A0WQ,3,train
TCGA-BT-A0S7,3,train
TCGA-BT-A0YX,3,train
TCGA-BT-A20N,3,train
TCGA-BT-A20O,3,train
TCGA-BT-A20R,3,train
TCGA-BT-A2LA,3,train
TCGA-BT-A2LB,3,train
TCGA-BT-A3PH,3,train
TCGA-BT-A3PJ,3,train
TCGA-BT-A42C,3,train
TCGA-BT-A42E,3,train
TCGA-BW-A5NO,3,train
TCGA-BW-A5NP,3,train
TCGA-C4-A0EZ,3,train
TCGA-C4-A0F0,3,train
TCGA-C4-A0F1,3,train
TCGA-C4-A0F7,3,train
TCGA-C5-A1BE,3,train
TCGA-C5-A1BF,3,train
TCGA-C5-A1BI,3,train
TCGA-C5-A1BK,3,train
TCGA-C5-A1BL,3,train
TCGA-C5-A1BN,3,train
TCGA-C5-A1BQ,3,train
TCGA-C5-A1M5,3,train
TCGA-C5-A1M6,3,train
TCGA-C5-A1M8,3,train
TCGA-C5-A1M9,3,train
TCGA-C5-A1ME,3,train
TCGA-C5-A1MF,3,train
TCGA-C5-A1MH,3,train
TCGA-C5-A1MJ,3,train
TCGA-C5-A1MK,3,train
TCGA-C5-A1MN,3,train
TCGA-C5-A2LS,3,train
TCGA-C5-A2LT,3,train
TCGA-C5-A2LX,3,train
TCGA-C5-A2LY,3,train
TCGA-C5-A2M2,3,train
TCGA-C5-A3HD,3,train
TCGA-C5-A3HE,3,train
TCGA-C5-A3HL,3,train
TCGA-C5-A7CG,3,train
TCGA-C5-A7CK,3,train
TCGA-C5-A7CM,3,train
TCGA-C5-A7CO,3,train
TCGA-C5-A7UH,3,train
TCGA-C5-A7UI,3,train
TCGA-C5-A7X3,3,train
TCGA-C5-A7X8,3,train
TCGA-C5-A7XC,3,train
TCGA-C5-A8XK,3,train
TCGA-C5-A8YQ,3,train
TCGA-C5-A8YT,3,train
TCGA-C5-A8ZZ,3,train
TCGA-C5-A901,3,train
TCGA-C5-A902,3,train
TCGA-C5-A905,3,train
TCGA-C5-A907,3,train
TCGA-C8-A12K,3,train
TCGA-C8-A12L,3,train
TCGA-C8-A12M,3,train
TCGA-C8-A12N,3,train
TCGA-C8-A12Q,3,train
TCGA-C8-A12T,3,train
TCGA-C8-A12U,3,train
TCGA-C8-A12V,3,train
TCGA-C8-A12W,3,train
TCGA-C8-A12X,3,train
TCGA-C8-A12Y,3,train
TCGA-C8-A12Z,3,train
TCGA-C8-A130,3,train
TCGA-C8-A131,3,train
TCGA-C8-A132,3,train
TCGA-C8-A133,3,train
TCGA-C8-A134,3,train
TCGA-C8-A135,3,train
TCGA-C8-A138,3,train
TCGA-C8-A1HE,3,train
TCGA-C8-A1HF,3,train
TCGA-C8-A1HG,3,train
TCGA-C8-A1HI,3,train
TCGA-C8-A1HJ,3,train
TCGA-C8-A1HK,3,train
TCGA-C8-A1HL,3,train
TCGA-C8-A1HM,3,train
TCGA-C8-A26V,3,train
TCGA-C8-A26W,3,train
TCGA-C8-A26X,3,train
TCGA-C8-A26Y,3,train
TCGA-C8-A26Z,3,train
TCGA-C8-A274,3,train
TCGA-C8-A275,3,train
TCGA-C8-A278,3,train
TCGA-C8-A27A,3,train
TCGA-C8-A27B,3,train
TCGA-C8-A3M7,3,train
TCGA-C8-A8HP,3,train
TCGA-C8-A8HQ,3,train
TCGA-C8-A8HR,3,train
TCGA-C9-A47Z,3,train
TCGA-C9-A480,3,train
TCGA-CA-5255,3,train
TCGA-CA-5256,3,train
TCGA-CA-5796,3,train
TCGA-CA-6717,3,train
TCGA-CC-5258,3,train
TCGA-CC-5259,3,train
TCGA-CC-5260,3,train
TCGA-CC-5261,3,train
TCGA-CC-5264,3,train
TCGA-CC-A123,3,train
TCGA-CC-A3M9,3,train
TCGA-CC-A3MA,3,train
TCGA-CC-A3MB,3,train
TCGA-CC-A3MC,3,train
TCGA-CC-A5UE,3,train
TCGA-CC-A7IG,3,train
TCGA-CC-A7IH,3,train
TCGA-CC-A7II,3,train
TCGA-CC-A7IJ,3,train
TCGA-CC-A7IK,3,train
TCGA-CC-A8HS,3,train
TCGA-CC-A8HT,3,train
TCGA-CC-A8HU,3,train
TCGA-CC-A9FS,3,train
TCGA-CC-A9FU,3,train
TCGA-CC-A9FV,3,train
TCGA-CC-A9FW,3,train
TCGA-CD-5798,3,train
TCGA-CD-5799,3,train
TCGA-CD-5800,3,train
TCGA-CD-5801,3,train
TCGA-CD-5802,3,train
TCGA-CD-5803,3,train
TCGA-CD-5813,3,train
TCGA-CD-8524,3,train
TCGA-CD-8525,3,train
TCGA-CD-8526,3,train
TCGA-CD-8527,3,train
TCGA-CD-8528,3,train
TCGA-CD-8530,3,train
TCGA-CD-8532,3,train
TCGA-CD-8533,3,train
TCGA-CD-8534,3,train
TCGA-CD-8535,3,train
TCGA-CD-8536,3,train
TCGA-CD-A486,3,train
TCGA-CD-A487,3,train
TCGA-CD-A48A,3,train
TCGA-CD-A4MG,3,train
TCGA-CD-A4MI,3,train
TCGA-CD-A4MJ,3,train
TCGA-CE-A27D,3,train
TCGA-CE-A3ME,3,train
TCGA-CE-A481,3,train
TCGA-CE-A482,3,train
TCGA-CE-A483,3,train
TCGA-CE-A484,3,train
TCGA-CE-A485,3,train
TCGA-CF-A1HR,3,train
TCGA-CF-A1HS,3,train
TCGA-CF-A27C,3,train
TCGA-CF-A3MH,3,train
TCGA-CF-A3MI,3,train
TCGA-CF-A47T,3,train
TCGA-CF-A47W,3,train
TCGA-CF-A47X,3,train
TCGA-CF-A47Y,3,train
TCGA-CF-A7I0,3,train
TCGA-CF-A8HX,3,train
TCGA-CF-A9FM,3,train
TCGA-CG-4304,3,train
TCGA-CG-4305,3,train
TCGA-CG-4306,3,train
TCGA-CG-4438,3,train
TCGA-CG-4440,3,train
TCGA-CG-4441,3,train
TCGA-CG-4442,3,train
TCGA-CG-4443,3,train
TCGA-CG-4444,3,train
TCGA-CG-4449,3,train
TCGA-CG-4455,3,train
TCGA-CG-4460,3,train
TCGA-CG-4462,3,train
TCGA-CG-4465,3,train
TCGA-CG-4466,3,train
TCGA-CG-4469,3,train
TCGA-CG-4472,3,train
TCGA-CG-4474,3,train
TCGA-CG-4476,3,train
TCGA-CH-5737,3,train
TCGA-CH-5739,3,train
TCGA-CH-5741,3,train
TCGA-CH-5745,3,train
TCGA-CH-5746,3,train
TCGA-CH-5748,3,train
TCGA-CH-5751,3,train
TCGA-CH-5753,3,train
TCGA-CI-6624,3,train
TCGA-CJ-4634,3,train
TCGA-CJ-4635,3,train
TCGA-CJ-4637,3,train
TCGA-CJ-4638,3,train
TCGA-CJ-4640,3,train
TCGA-CJ-4641,3,train
TCGA-CJ-4642,3,train
TCGA-CJ-4643,3,train
TCGA-CJ-4868,3,train
TCGA-CJ-4869,3,train
TCGA-CJ-4873,3,train
TCGA-CJ-4875,3,train
TCGA-CJ-4882,3,train
TCGA-CJ-4884,3,train
TCGA-CJ-4887,3,train
TCGA-CJ-4888,3,train
TCGA-CJ-4889,3,train
TCGA-CJ-4890,3,train
TCGA-CJ-4891,3,train
TCGA-CJ-4892,3,train
TCGA-CJ-4893,3,train
TCGA-CJ-4894,3,train
TCGA-CJ-4895,3,train
TCGA-CJ-4900,3,train
TCGA-CJ-4901,3,train
TCGA-CJ-4902,3,train
TCGA-CJ-4903,3,train
TCGA-CJ-4904,3,train
TCGA-CJ-4905,3,train
TCGA-CJ-4907,3,train
TCGA-CJ-4908,3,train
TCGA-CJ-4912,3,train
TCGA-CJ-4913,3,train
TCGA-CJ-4916,3,train
TCGA-CJ-4923,3,train
TCGA-CJ-5671,3,train
TCGA-CJ-5672,3,train
TCGA-CJ-5676,3,train
TCGA-CJ-5678,3,train
TCGA-CJ-5679,3,train
TCGA-CJ-5683,3,train
TCGA-CJ-5686,3,train
TCGA-CJ-6027,3,train
TCGA-CJ-6028,3,train
TCGA-CJ-6031,3,train
TCGA-CK-4947,3,train
TCGA-CK-4948,3,train
TCGA-CK-4951,3,train
TCGA-CK-4952,3,train
TCGA-CK-5912,3,train
TCGA-CK-6747,3,train
TCGA-CL-4957,3,train
TCGA-CL-5917,3,train
TCGA-CM-4746,3,train
TCGA-CM-4747,3,train
TCGA-CM-4748,3,train
TCGA-CM-4752,3,train
TCGA-CM-5344,3,train
TCGA-CM-5349,3,train
TCGA-CM-5862,3,train
TCGA-CM-5864,3,train
TCGA-CM-5868,3,train
TCGA-CM-6164,3,train
TCGA-CM-6165,3,train
TCGA-CM-6166,3,train
TCGA-CM-6167,3,train
TCGA-CM-6169,3,train
TCGA-CM-6170,3,train
TCGA-CM-6674,3,train
TCGA-CM-6676,3,train
TCGA-CM-6677,3,train
TCGA-CM-6678,3,train
TCGA-CM-6679,3,train
TCGA-CM-6680,3,train
TCGA-CN-4722,3,train
TCGA-CN-4725,3,train
TCGA-CN-4727,3,train
TCGA-CN-4728,3,train
TCGA-CN-4729,3,train
TCGA-CN-4730,3,train
TCGA-CN-4731,3,train
TCGA-CN-4736,3,train
TCGA-CN-4737,3,train
TCGA-CN-4738,3,train
TCGA-CN-4741,3,train
TCGA-CN-4742,3,train
TCGA-CN-5356,3,train
TCGA-CN-5358,3,train
TCGA-CN-5359,3,train
TCGA-CN-5360,3,train
TCGA-CN-5361,3,train
TCGA-CN-5363,3,train
TCGA-CN-5364,3,train
TCGA-CN-5366,3,train
TCGA-CN-5367,3,train
TCGA-CN-5369,3,train
TCGA-CN-5373,3,train
TCGA-CN-5374,3,train
TCGA-CN-6010,3,train
TCGA-CN-6011,3,train
TCGA-CN-6012,3,train
TCGA-CN-6013,3,train
TCGA-CN-6016,3,train
TCGA-CN-6018,3,train
TCGA-CN-6019,3,train
TCGA-CN-6020,3,train
TCGA-CN-6021,3,train
TCGA-CN-6022,3,train
TCGA-CN-6024,3,train
TCGA-CN-6988,3,train
TCGA-CN-6989,3,train
TCGA-CN-6992,3,train
TCGA-CN-6996,3,train
TCGA-CN-6997,3,train
TCGA-CN-6998,3,train
TCGA-CN-A63T,3,train
TCGA-CN-A63U,3,train
TCGA-CN-A63V,3,train
TCGA-CN-A63W,3,train
TCGA-CN-A640,3,train
TCGA-CN-A641,3,train
TCGA-CN-A642,3,train
TCGA-CQ-5323,3,train
TCGA-CQ-5325,3,train
TCGA-CQ-5329,3,train
TCGA-CQ-5330,3,train
TCGA-CQ-5331,3,train
TCGA-CQ-5332,3,train
TCGA-CQ-6218,3,train
TCGA-CQ-6220,3,train
TCGA-CQ-6222,3,train
TCGA-CQ-6223,3,train
TCGA-CQ-6224,3,train
TCGA-CQ-6228,3,train
TCGA-CQ-6229,3,train
TCGA-CQ-7063,3,train
TCGA-CQ-7071,3,train
TCGA-CQ-A4C6,3,train
TCGA-CQ-A4C7,3,train
TCGA-CQ-A4C9,3,train
TCGA-CQ-A4CA,3,train
TCGA-CQ-A4CD,3,train
TCGA-CQ-A4CG,3,train
TCGA-CQ-A4CH,3,train
TCGA-CQ-A4CI,3,train
TCGA-CS-4938,3,train
TCGA-CS-4941,3,train
TCGA-CS-4942,3,train
TCGA-CS-4943,3,train
TCGA-CS-4944,3,train
TCGA-CS-5390,3,train
TCGA-CS-5393,3,train
TCGA-CS-5394,3,train
TCGA-CS-5395,3,train
TCGA-CS-5396,3,train
TCGA-CS-5397,3,train
TCGA-CS-6186,3,train
TCGA-CS-6188,3,train
TCGA-CS-6665,3,train
TCGA-CS-6667,3,train
TCGA-CS-6668,3,train
TCGA-CU-A0YO,3,train
TCGA-CU-A3KJ,3,train
TCGA-CU-A5W6,3,train
TCGA-CU-A72E,3,train
TCGA-CV-5430,3,train
TCGA-CV-5432,3,train
TCGA-CV-5434,3,train
TCGA-CV-5439,3,train
TCGA-CV-5440,3,train
TCGA-CV-5441,3,train
TCGA-CV-5442,3,train
TCGA-CV-5444,3,train
TCGA-CV-5966,3,train
TCGA-CV-5976,3,train
TCGA-CV-6003,3,train
TCGA-CV-6934,3,train
TCGA-CV-6936,3,train
TCGA-CV-6937,3,train
TCGA-CV-6938,3,train
TCGA-CV-6939,3,train
TCGA-CV-6941,3,train
TCGA-CV-6942,3,train
TCGA-CV-6951,3,train
TCGA-CV-6952,3,train
TCGA-CV-6953,3,train
TCGA-CV-6962,3,train
TCGA-CV-7089,3,train
TCGA-CV-7091,3,train
TCGA-CV-7095,3,train
TCGA-CV-7099,3,train
TCGA-CV-7100,3,train
TCGA-CV-7101,3,train
TCGA-CV-7102,3,train
TCGA-CV-7178,3,train
TCGA-CV-7180,3,train
TCGA-CV-7235,3,train
TCGA-CV-7238,3,train
TCGA-CV-7242,3,train
TCGA-CV-7243,3,train
TCGA-CV-7245,3,train
TCGA-CV-7248,3,train
TCGA-CV-7250,3,train
TCGA-CV-7252,3,train
TCGA-CV-7261,3,train
TCGA-CV-7263,3,train
TCGA-CV-7406,3,train
TCGA-CV-7415,3,train
TCGA-CV-7416,3,train
TCGA-CV-7418,3,train
TCGA-CV-7421,3,train
TCGA-CV-7422,3,train
TCGA-CV-7423,3,train
TCGA-CV-7424,3,train
TCGA-CV-7425,3,train
TCGA-CV-7430,3,train
TCGA-CV-7432,3,train
TCGA-CV-7434,3,train
TCGA-CV-7435,3,train
TCGA-CV-7446,3,train
TCGA-CV-7568,3,train
TCGA-CV-A45P,3,train
TCGA-CV-A45Q,3,train
TCGA-CV-A45T,3,train
TCGA-CV-A45U,3,train
TCGA-CV-A45X,3,train
TCGA-CV-A45Y,3,train
TCGA-CV-A461,3,train
TCGA-CV-A463,3,train
TCGA-CV-A465,3,train
TCGA-CV-A468,3,train
TCGA-CV-A6JD,3,train
TCGA-CV-A6JE,3,train
TCGA-CV-A6JM,3,train
TCGA-CV-A6JO,3,train
TCGA-CV-A6JU,3,train
TCGA-CV-A6JZ,3,train
TCGA-CV-A6K2,3,train
TCGA-CX-7086,3,train
TCGA-CX-7219,3,train
TCGA-CX-A4AQ,3,train
TCGA-CZ-4853,3,train
TCGA-CZ-4854,3,train
TCGA-CZ-4857,3,train
TCGA-CZ-4858,3,train
TCGA-CZ-4859,3,train
TCGA-CZ-4860,3,train
TCGA-CZ-4861,3,train
TCGA-CZ-4862,3,train
TCGA-CZ-4863,3,train
TCGA-CZ-4864,3,train
TCGA-CZ-4865,3,train
TCGA-CZ-4866,3,train
TCGA-CZ-5453,3,train
TCGA-CZ-5455,3,train
TCGA-CZ-5456,3,train
TCGA-CZ-5458,3,train
TCGA-CZ-5459,3,train
TCGA-CZ-5464,3,train
TCGA-CZ-5465,3,train
TCGA-CZ-5467,3,train
TCGA-CZ-5468,3,train
TCGA-CZ-5982,3,train
TCGA-CZ-5984,3,train
TCGA-CZ-5986,3,train
TCGA-CZ-5988,3,train
TCGA-CZ-5989,3,train
TCGA-D1-A0ZN,3,train
TCGA-D1-A0ZO,3,train
TCGA-D1-A0ZP,3,train
TCGA-D1-A0ZR,3,train
TCGA-D1-A0ZS,3,train
TCGA-D1-A0ZU,3,train
TCGA-D1-A0ZV,3,train
TCGA-D1-A0ZZ,3,train
TCGA-D1-A101,3,train
TCGA-D1-A102,3,train
TCGA-D1-A103,3,train
TCGA-D1-A15V,3,train
TCGA-D1-A15W,3,train
TCGA-D1-A15Z,3,train
TCGA-D1-A161,3,train
TCGA-D1-A165,3,train
TCGA-D1-A168,3,train
TCGA-D1-A16N,3,train
TCGA-D1-A16O,3,train
TCGA-D1-A16S,3,train
TCGA-D1-A16V,3,train
TCGA-D1-A16X,3,train
TCGA-D1-A16Y,3,train
TCGA-D1-A174,3,train
TCGA-D1-A175,3,train
TCGA-D1-A176,3,train
TCGA-D1-A177,3,train
TCGA-D1-A17A,3,train
TCGA-D1-A17B,3,train
TCGA-D1-A17C,3,train
TCGA-D1-A17D,3,train
TCGA-D1-A17F,3,train
TCGA-D1-A17H,3,train
TCGA-D1-A17K,3,train
TCGA-D1-A17M,3,train
TCGA-D1-A17N,3,train
TCGA-D1-A17Q,3,train
TCGA-D1-A17R,3,train
TCGA-D1-A17S,3,train
TCGA-D1-A17T,3,train
TCGA-D1-A1NS,3,train
TCGA-D1-A1NU,3,train
TCGA-D1-A1NY,3,train
TCGA-D1-A1NZ,3,train
TCGA-D1-A1O5,3,train
TCGA-D1-A1O7,3,train
TCGA-D1-A1O8,3,train
TCGA-D1-A2G0,3,train
TCGA-D1-A2G5,3,train
TCGA-D1-A2G6,3,train
TCGA-D1-A3JP,3,train
TCGA-D1-A3JQ,3,train
TCGA-D5-5539,3,train
TCGA-D5-5540,3,train
TCGA-D5-6529,3,train
TCGA-D5-6532,3,train
TCGA-D5-6535,3,train
TCGA-D5-6540,3,train
TCGA-D5-6898,3,train
TCGA-D5-6922,3,train
TCGA-D5-6927,3,train
TCGA-D5-6928,3,train
TCGA-D5-6929,3,train
TCGA-D5-6930,3,train
TCGA-D5-6931,3,train
TCGA-D5-6932,3,train
TCGA-D5-7000,3,train
TCGA-D6-6515,3,train
TCGA-D6-6516,3,train
TCGA-D6-6517,3,train
TCGA-D6-6824,3,train
TCGA-D6-6826,3,train
TCGA-D6-6827,3,train
TCGA-D6-8569,3,train
TCGA-D6-A4Z9,3,train
TCGA-D6-A4ZB,3,train
TCGA-D6-A6EK,3,train
TCGA-D6-A6EM,3,train
TCGA-D6-A6EN,3,train
TCGA-D6-A6EO,3,train
TCGA-D6-A6EP,3,train
TCGA-D6-A6EQ,3,train
TCGA-D6-A6ES,3,train
TCGA-D6-A74Q,3,train
TCGA-D7-5577,3,train
TCGA-D7-5578,3,train
TCGA-D7-5579,3,train
TCGA-D7-6518,3,train
TCGA-D7-6519,3,train
TCGA-D7-6520,3,train
TCGA-D7-6522,3,train
TCGA-D7-6524,3,train
TCGA-D7-6525,3,train
TCGA-D7-6527,3,train
TCGA-D7-6528,3,train
TCGA-D7-6818,3,train
TCGA-D7-6822,3,train
TCGA-D7-8570,3,train
TCGA-D7-8572,3,train
TCGA-D7-8573,3,train
TCGA-D7-8574,3,train
TCGA-D7-8575,3,train
TCGA-D7-8576,3,train
TCGA-D7-8578,3,train
TCGA-D7-8579,3,train
TCGA-D7-A4YU,3,train
TCGA-D7-A4YY,3,train
TCGA-D7-A4Z0,3,train
TCGA-D7-A6ET,3,train
TCGA-D7-A6EV,3,train
TCGA-D7-A6EZ,3,train
TCGA-D7-A6F2,3,train
TCGA-D7-A747,3,train
TCGA-D7-A748,3,train
TCGA-D7-A74B,3,train
TCGA-D8-A13Z,3,train
TCGA-D8-A140,3,train
TCGA-D8-A141,3,train
TCGA-D8-A143,3,train
TCGA-D8-A145,3,train
TCGA-D8-A146,3,train
TCGA-D8-A147,3,train
TCGA-D8-A1J8,3,train
TCGA-D8-A1JC,3,train
TCGA-D8-A1JD,3,train
TCGA-D8-A1JE,3,train
TCGA-D8-A1JF,3,train
TCGA-D8-A1JH,3,train
TCGA-D8-A1JI,3,train
TCGA-D8-A1JJ,3,train
TCGA-D8-A1JK,3,train
TCGA-D8-A1JL,3,train
TCGA-D8-A1JM,3,train
TCGA-D8-A1JP,3,train
TCGA-D8-A1JT,3,train
TCGA-D8-A1X5,3,train
TCGA-D8-A1X6,3,train
TCGA-D8-A1X7,3,train
TCGA-D8-A1X8,3,train
TCGA-D8-A1XA,3,train
TCGA-D8-A1XB,3,train
TCGA-D8-A1XC,3,train
TCGA-D8-A1XD,3,train
TCGA-D8-A1XF,3,train
TCGA-D8-A1XG,3,train
TCGA-D8-A1XJ,3,train
TCGA-D8-A1XK,3,train
TCGA-D8-A1XO,3,train
TCGA-D8-A1XQ,3,train
TCGA-D8-A1XS,3,train
TCGA-D8-A1XU,3,train
TCGA-D8-A1XV,3,train
TCGA-D8-A1XY,3,train
TCGA-D8-A1XZ,3,train
TCGA-D8-A1Y0,3,train
TCGA-D8-A1Y1,3,train
TCGA-D8-A1Y2,3,train
TCGA-D8-A1Y3,3,train
TCGA-D8-A27E,3,train
TCGA-D8-A27F,3,train
TCGA-D8-A27H,3,train
TCGA-D8-A27I,3,train
TCGA-D8-A27K,3,train
TCGA-D8-A27L,3,train
TCGA-D8-A27N,3,train
TCGA-D8-A27P,3,train
TCGA-D8-A27R,3,train
TCGA-D8-A27V,3,train
TCGA-D8-A3Z5,3,train
TCGA-D8-A3Z6,3,train
TCGA-D8-A4Z1,3,train
TCGA-D8-A73U,3,train
TCGA-D8-A73X,3,train
TCGA-D9-A4Z2,3,train
TCGA-D9-A4Z5,3,train
TCGA-DB-5273,3,train
TCGA-DB-5275,3,train
TCGA-DB-5277,3,train
TCGA-DB-5278,3,train
TCGA-DB-5280,3,train
TCGA-DB-5281,3,train
TCGA-DB-A4XA,3,train
TCGA-DB-A4XB,3,train
TCGA-DB-A4XC,3,train
TCGA-DB-A4XD,3,train
TCGA-DB-A4XE,3,train
TCGA-DB-A4XF,3,train
TCGA-DB-A4XH,3,train
TCGA-DB-A64L,3,train
TCGA-DB-A64O,3,train
TCGA-DB-A64P,3,train
TCGA-DB-A64S,3,train
TCGA-DB-A64U,3,train
TCGA-DB-A64W,3,train
TCGA-DB-A64X,3,train
TCGA-DB-A75K,3,train
TCGA-DB-A75L,3,train
TCGA-DB-A75M,3,train
TCGA-DB-A75O,3,train
TCGA-DB-A75P,3,train
TCGA-DC-4745,3,train
TCGA-DC-5337,3,train
TCGA-DC-5869,3,train
TCGA-DC-6154,3,train
TCGA-DC-6155,3,train
TCGA-DC-6156,3,train
TCGA-DC-6157,3,train
TCGA-DC-6158,3,train
TCGA-DC-6160,3,train
TCGA-DC-6682,3,train
TCGA-DC-6683,3,train
TCGA-DD-A113,3,train
TCGA-DD-A114,3,train
TCGA-DD-A115,3,train
TCGA-DD-A119,3,train
TCGA-DD-A11B,3,train
TCGA-DD-A1EA,3,train
TCGA-DD-A1EB,3,train
TCGA-DD-A1EE,3,train
TCGA-DD-A1EF,3,train
TCGA-DD-A1EI,3,train
TCGA-DD-A1EJ,3,train
TCGA-DD-A1EL,3,train
TCGA-DD-A4NF,3,train
TCGA-DD-A4NG,3,train
TCGA-DD-A4NH,3,train
TCGA-DD-A4NJ,3,train
TCGA-DD-A4NK,3,train
TCGA-DD-A4NN,3,train
TCGA-DD-A4NO,3,train
TCGA-DD-A4NP,3,train
TCGA-DD-A4NQ,3,train
TCGA-DD-A4NR,3,train
TCGA-DD-A4NS,3,train
TCGA-DD-A4NV,3,train
TCGA-DD-A73B,3,train
TCGA-DD-A73C,3,train
TCGA-DD-A73E,3,train
TCGA-DD-A73G,3,train
TCGA-DD-AAC9,3,train
TCGA-DD-AACA,3,train
TCGA-DD-AACB,3,train
TCGA-DD-AACD,3,train
TCGA-DD-AACF,3,train
TCGA-DD-AACG,3,train
TCGA-DD-AACH,3,train
TCGA-DD-AACI,3,train
TCGA-DD-AACJ,3,train
TCGA-DD-AACK,3,train
TCGA-DD-AACL,3,train
TCGA-DD-AACN,3,train
TCGA-DD-AACO,3,train
TCGA-DD-AACQ,3,train
TCGA-DD-AACS,3,train
TCGA-DD-AACT,3,train
TCGA-DD-AACU,3,train
TCGA-DD-AACV,3,train
TCGA-DD-AACW,3,train
TCGA-DD-AACX,3,train
TCGA-DD-AACY,3,train
TCGA-DD-AACZ,3,train
TCGA-DD-AAD0,3,train
TCGA-DD-AAD1,3,train
TCGA-DD-AAD2,3,train
TCGA-DD-AAD5,3,train
TCGA-DD-AAD6,3,train
TCGA-DD-AAD8,3,train
TCGA-DD-AADA,3,train
TCGA-DD-AADB,3,train
TCGA-DD-AADC,3,train
TCGA-DD-AADD,3,train
TCGA-DD-AADE,3,train
TCGA-DD-AADF,3,train
TCGA-DD-AADG,3,train
TCGA-DD-AADI,3,train
TCGA-DD-AADJ,3,train
TCGA-DD-AADM,3,train
TCGA-DD-AADN,3,train
TCGA-DD-AADO,3,train
TCGA-DD-AADP,3,train
TCGA-DD-AADQ,3,train
TCGA-DD-AADR,3,train
TCGA-DD-AADS,3,train
TCGA-DD-AADU,3,train
TCGA-DD-AADV,3,train
TCGA-DD-AADW,3,train
TCGA-DD-AADY,3,train
TCGA-DD-AAE0,3,train
TCGA-DD-AAE3,3,train
TCGA-DD-AAE4,3,train
TCGA-DD-AAE6,3,train
TCGA-DD-AAE7,3,train
TCGA-DD-AAE8,3,train
TCGA-DD-AAE9,3,train
TCGA-DD-AAEA,3,train
TCGA-DD-AAEB,3,train
TCGA-DD-AAED,3,train
TCGA-DD-AAEE,3,train
TCGA-DD-AAEG,3,train
TCGA-DD-AAEI,3,train
TCGA-DD-AAEK,3,train
TCGA-DD-AAVP,3,train
TCGA-DD-AAVQ,3,train
TCGA-DD-AAVS,3,train
TCGA-DD-AAVU,3,train
TCGA-DD-AAVV,3,train
TCGA-DD-AAVW,3,train
TCGA-DD-AAVY,3,train
TCGA-DD-AAVZ,3,train
TCGA-DD-AAW0,3,train
TCGA-DD-AAW2,3,train
TCGA-DD-AAW3,3,train
TCGA-DE-A0XZ,3,train
TCGA-DE-A0Y2,3,train
TCGA-DE-A4M8,3,train
TCGA-DE-A4M9,3,train
TCGA-DE-A4MA,3,train
TCGA-DE-A4MB,3,train
TCGA-DE-A4MD,3,train
TCGA-DE-A69J,3,train
TCGA-DE-A69K,3,train
TCGA-DE-A7U5,3,train
TCGA-DF-A2KN,3,train
TCGA-DF-A2KR,3,train
TCGA-DF-A2KS,3,train
TCGA-DF-A2KU,3,train
TCGA-DF-A2KZ,3,train
TCGA-DF-A2L0,3,train
TCGA-DG-A2KH,3,train
TCGA-DG-A2KJ,3,train
TCGA-DG-A2KK,3,train
TCGA-DG-A2KM,3,train
TCGA-DH-5140,3,train
TCGA-DH-5142,3,train
TCGA-DH-5143,3,train
TCGA-DH-5144,3,train
TCGA-DH-A669,3,train
TCGA-DH-A66D,3,train
TCGA-DH-A66F,3,train
TCGA-DH-A66G,3,train
TCGA-DH-A7UR,3,train
TCGA-DH-A7US,3,train
TCGA-DH-A7UU,3,train
TCGA-DH-A7UV,3,train
TCGA-DI-A0WH,3,train
TCGA-DI-A1BU,3,train
TCGA-DI-A1BY,3,train
TCGA-DI-A1C3,3,train
TCGA-DI-A2QT,3,train
TCGA-DI-A2QU,3,train
TCGA-DI-A2QY,3,train
TCGA-DJ-A13L,3,train
TCGA-DJ-A13M,3,train
TCGA-DJ-A13O,3,train
TCGA-DJ-A13P,3,train
TCGA-DJ-A13T,3,train
TCGA-DJ-A13U,3,train
TCGA-DJ-A13V,3,train
TCGA-DJ-A13W,3,train
TCGA-DJ-A13X,3,train
TCGA-DJ-A1QD,3,train
TCGA-DJ-A1QF,3,train
TCGA-DJ-A1QG,3,train
TCGA-DJ-A1QI,3,train
TCGA-DJ-A1QL,3,train
TCGA-DJ-A1QM,3,train
TCGA-DJ-A1QN,3,train
TCGA-DJ-A1QO,3,train
TCGA-DJ-A1QQ,3,train
TCGA-DJ-A2PO,3,train
TCGA-DJ-A2PP,3,train
TCGA-DJ-A2PR,3,train
TCGA-DJ-A2PT,3,train
TCGA-DJ-A2PU,3,train
TCGA-DJ-A2PV,3,train
TCGA-DJ-A2PW,3,train
TCGA-DJ-A2PX,3,train
TCGA-DJ-A2PY,3,train
TCGA-DJ-A2Q0,3,train
TCGA-DJ-A2Q1,3,train
TCGA-DJ-A2Q2,3,train
TCGA-DJ-A2Q3,3,train
TCGA-DJ-A2Q4,3,train
TCGA-DJ-A2Q5,3,train
TCGA-DJ-A2Q6,3,train
TCGA-DJ-A2Q7,3,train
TCGA-DJ-A2Q8,3,train
TCGA-DJ-A2Q9,3,train
TCGA-DJ-A2QA,3,train
TCGA-DJ-A2QB,3,train
TCGA-DJ-A3UK,3,train
TCGA-DJ-A3UM,3,train
TCGA-DJ-A3UN,3,train
TCGA-DJ-A3UO,3,train
TCGA-DJ-A3UP,3,train
TCGA-DJ-A3UQ,3,train
TCGA-DJ-A3US,3,train
TCGA-DJ-A3UT,3,train
TCGA-DJ-A3UU,3,train
TCGA-DJ-A3UV,3,train
TCGA-DJ-A3UW,3,train
TCGA-DJ-A3UX,3,train
TCGA-DJ-A3UY,3,train
TCGA-DJ-A3UZ,3,train
TCGA-DJ-A3V0,3,train
TCGA-DJ-A3V2,3,train
TCGA-DJ-A3V3,3,train
TCGA-DJ-A3V4,3,train
TCGA-DJ-A3V5,3,train
TCGA-DJ-A3V6,3,train
TCGA-DJ-A3V7,3,train
TCGA-DJ-A3V8,3,train
TCGA-DJ-A3V9,3,train
TCGA-DJ-A3VA,3,train
TCGA-DJ-A3VB,3,train
TCGA-DJ-A3VD,3,train
TCGA-DJ-A3VF,3,train
TCGA-DJ-A3VI,3,train
TCGA-DJ-A3VJ,3,train
TCGA-DJ-A3VK,3,train
TCGA-DJ-A3VM,3,train
TCGA-DJ-A4UL,3,train
TCGA-DJ-A4UQ,3,train
TCGA-DJ-A4UR,3,train
TCGA-DJ-A4UT,3,train
TCGA-DJ-A4V2,3,train
TCGA-DJ-A4V4,3,train
TCGA-DJ-A4V5,3,train
TCGA-DK-A1A3,3,train
TCGA-DK-A1A6,3,train
TCGA-DK-A1A7,3,train
TCGA-DK-A1AA,3,train
TCGA-DK-A1AB,3,train
TCGA-DK-A1AC,3,train
TCGA-DK-A1AD,3,train
TCGA-DK-A1AE,3,train
TCGA-DK-A1AF,3,train
TCGA-DK-A1AG,3,train
TCGA-DK-A2HX,3,train
TCGA-DK-A2I1,3,train
TCGA-DK-A2I4,3,train
TCGA-DK-A2I6,3,train
TCGA-DK-A3IK,3,train
TCGA-DK-A3IL,3,train
TCGA-DK-A3IM,3,train
TCGA-DK-A3IN,3,train
TCGA-DK-A3IQ,3,train
TCGA-DK-A3IS,3,train
TCGA-DK-A3IT,3,train
TCGA-DK-A3IV,3,train
TCGA-DK-A3WY,3,train
TCGA-DK-A3X2,3,train
TCGA-DK-A6AV,3,train
TCGA-DK-A6AW,3,train
TCGA-DK-A6B0,3,train
TCGA-DK-A6B1,3,train
TCGA-DK-A6B2,3,train
TCGA-DK-A6B5,3,train
TCGA-DK-A6B6,3,train
TCGA-DM-A0X9,3,train
TCGA-DM-A0XF,3,train
TCGA-DM-A1D6,3,train
TCGA-DM-A1D9,3,train
TCGA-DM-A1DB,3,train
TCGA-DM-A28H,3,train
TCGA-DO-A1JZ,3,train
TCGA-DO-A1K0,3,train
TCGA-DO-A2HM,3,train
TCGA-DQ-5624,3,train
TCGA-DQ-5629,3,train
TCGA-DQ-5630,3,train
TCGA-DQ-5631,3,train
TCGA-DQ-7588,3,train
TCGA-DQ-7589,3,train
TCGA-DQ-7590,3,train
TCGA-DQ-7593,3,train
TCGA-DQ-7594,3,train
TCGA-DQ-7595,3,train
TCGA-DQ-7596,3,train
TCGA-DR-A0ZL,3,train
TCGA-DR-A0ZM,3,train
TCGA-DS-A0VN,3,train
TCGA-DS-A7WF,3,train
TCGA-DS-A7WH,3,train
TCGA-DS-A7WI,3,train
TCGA-DT-5265,3,train
TCGA-DU-5849,3,train
TCGA-DU-5854,3,train
TCGA-DU-5871,3,train
TCGA-DU-5872,3,train
TCGA-DU-5874,3,train
TCGA-DU-6392,3,train
TCGA-DU-6393,3,train
TCGA-DU-6395,3,train
TCGA-DU-6399,3,train
TCGA-DU-6400,3,train
TCGA-DU-6402,3,train
TCGA-DU-6403,3,train
TCGA-DU-6405,3,train
TCGA-DU-6407,3,train
TCGA-DU-6408,3,train
TCGA-DU-6542,3,train
TCGA-DU-7006,3,train
TCGA-DU-7007,3,train
TCGA-DU-7008,3,train
TCGA-DU-7009,3,train
TCGA-DU-7010,3,train
TCGA-DU-7011,3,train
TCGA-DU-7012,3,train
TCGA-DU-7014,3,train
TCGA-DU-7015,3,train
TCGA-DU-7018,3,train
TCGA-DU-7019,3,train
TCGA-DU-7290,3,train
TCGA-DU-7294,3,train
TCGA-DU-7298,3,train
TCGA-DU-7299,3,train
TCGA-DU-7301,3,train
TCGA-DU-7302,3,train
TCGA-DU-7304,3,train
TCGA-DU-7306,3,train
TCGA-DU-7309,3,train
TCGA-DU-8158,3,train
TCGA-DU-8161,3,train
TCGA-DU-8162,3,train
TCGA-DU-8163,3,train
TCGA-DU-8164,3,train
TCGA-DU-8165,3,train
TCGA-DU-8166,3,train
TCGA-DU-8168,3,train
TCGA-DU-A5TP,3,train
TCGA-DU-A5TR,3,train
TCGA-DU-A5TS,3,train
TCGA-DU-A5TT,3,train
TCGA-DU-A5TU,3,train
TCGA-DU-A5TW,3,train
TCGA-DU-A5TY,3,train
TCGA-DU-A6S3,3,train
TCGA-DU-A6S6,3,train
TCGA-DU-A6S7,3,train
TCGA-DU-A76K,3,train
TCGA-DU-A76L,3,train
TCGA-DU-A76O,3,train
TCGA-DU-A76R,3,train
TCGA-DU-A7T8,3,train
TCGA-DU-A7TA,3,train
TCGA-DU-A7TB,3,train
TCGA-DU-A7TD,3,train
TCGA-DU-A7TG,3,train
TCGA-DV-5565,3,train
TCGA-DV-5567,3,train
TCGA-DV-5568,3,train
TCGA-DV-5569,3,train
TCGA-DV-5575,3,train
TCGA-DV-5576,3,train
TCGA-DV-A4VX,3,train
TCGA-DV-A4VZ,3,train
TCGA-DW-5560,3,train
TCGA-DW-5561,3,train
TCGA-DW-7834,3,train
TCGA-DW-7836,3,train
TCGA-DW-7838,3,train
TCGA-DW-7839,3,train
TCGA-DW-7840,3,train
TCGA-DW-7841,3,train
TCGA-DW-7842,3,train
TCGA-DW-7963,3,train
TCGA-DX-A1KW,3,train
TCGA-DX-A1KX,3,train
TCGA-DX-A1KZ,3,train
TCGA-DX-A1L0,3,train
TCGA-DX-A1L3,3,train
TCGA-DX-A1L4,3,train
TCGA-DX-A23R,3,train
TCGA-DX-A23T,3,train
TCGA-DX-A23U,3,train
TCGA-DX-A23Z,3,train
TCGA-DX-A2IZ,3,train
TCGA-DX-A2J0,3,train
TCGA-DX-A2J1,3,train
TCGA-DX-A3LS,3,train
TCGA-DX-A3LT,3,train
TCGA-DX-A3LY,3,train
TCGA-DX-A3U8,3,train
TCGA-DX-A3U9,3,train
TCGA-DX-A3UB,3,train
TCGA-DX-A3UC,3,train
TCGA-DX-A3UD,3,train
TCGA-DX-A3UE,3,train
TCGA-DX-A48K,3,train
TCGA-DX-A48L,3,train
TCGA-DX-A48P,3,train
TCGA-DX-A6B7,3,train
TCGA-DX-A6B8,3,train
TCGA-DX-A6B9,3,train
TCGA-DX-A6BA,3,train
TCGA-DX-A6BE,3,train
TCGA-DX-A6BG,3,train
TCGA-DX-A6BH,3,train
TCGA-DX-A6YR,3,train
TCGA-DX-A6YX,3,train
TCGA-DX-A6Z0,3,train
TCGA-DX-A7EF,3,train
TCGA-DX-A7EI,3,train
TCGA-DX-A7EL,3,train
TCGA-DX-A7EM,3,train
TCGA-DX-A7EO,3,train
TCGA-DX-A7EQ,3,train
TCGA-DX-A7ES,3,train
TCGA-DX-A7ET,3,train
TCGA-DX-A7EU,3,train
TCGA-DX-A8BG,3,train
TCGA-DX-A8BJ,3,train
TCGA-DX-A8BK,3,train
TCGA-DX-A8BL,3,train
TCGA-DX-A8BO,3,train
TCGA-DX-A8BP,3,train
TCGA-DX-A8BQ,3,train
TCGA-DX-A8BS,3,train
TCGA-DX-A8BT,3,train
TCGA-DX-A8BU,3,train
TCGA-DX-A8BX,3,train
TCGA-DX-A8BZ,3,train
TCGA-DX-AB2F,3,train
TCGA-DX-AB2G,3,train
TCGA-DX-AB2H,3,train
TCGA-DX-AB2J,3,train
TCGA-DX-AB2L,3,train
TCGA-DX-AB2O,3,train
TCGA-DX-AB2Q,3,train
TCGA-DX-AB2S,3,train
TCGA-DX-AB2T,3,train
TCGA-DX-AB2V,3,train
TCGA-DX-AB2W,3,train
TCGA-DX-AB2X,3,train
TCGA-DX-AB2Z,3,train
TCGA-DX-AB35,3,train
TCGA-DX-AB36,3,train
TCGA-DX-AB3B,3,train
TCGA-DX-AB3C,3,train
TCGA-DY-A1DC,3,train
TCGA-DY-A1DD,3,train
TCGA-E1-A7YD,3,train
TCGA-E1-A7YE,3,train
TCGA-E1-A7YH,3,train
TCGA-E1-A7YI,3,train
TCGA-E1-A7YK,3,train
TCGA-E1-A7YM,3,train
TCGA-E1-A7YN,3,train
TCGA-E1-A7YS,3,train
TCGA-E1-A7YU,3,train
TCGA-E1-A7YW,3,train
TCGA-E1-A7YY,3,train
TCGA-E1-A7Z2,3,train
TCGA-E1-A7Z3,3,train
TCGA-E1-A7Z4,3,train
TCGA-E1-A7Z6,3,train
TCGA-E2-A105,3,train
TCGA-E2-A106,3,train
TCGA-E2-A108,3,train
TCGA-E2-A109,3,train
TCGA-E2-A10A,3,train
TCGA-E2-A10B,3,train
TCGA-E2-A10E,3,train
TCGA-E2-A10F,3,train
TCGA-E2-A14O,3,train
TCGA-E2-A14P,3,train
TCGA-E2-A14R,3,train
TCGA-E2-A14S,3,train
TCGA-E2-A14U,3,train
TCGA-E2-A14V,3,train
TCGA-E2-A14W,3,train
TCGA-E2-A14Z,3,train
TCGA-E2-A150,3,train
TCGA-E2-A154,3,train
TCGA-E2-A155,3,train
TCGA-E2-A158,3,train
TCGA-E2-A159,3,train
TCGA-E2-A15C,3,train
TCGA-E2-A15D,3,train
TCGA-E2-A15F,3,train
TCGA-E2-A15G,3,train
TCGA-E2-A15H,3,train
TCGA-E2-A15I,3,train
TCGA-E2-A15K,3,train
TCGA-E2-A15L,3,train
TCGA-E2-A15M,3,train
TCGA-E2-A15O,3,train
TCGA-E2-A15R,3,train
TCGA-E2-A15S,3,train
TCGA-E2-A15T,3,train
TCGA-E2-A1B0,3,train
TCGA-E2-A1B1,3,train
TCGA-E2-A1B4,3,train
TCGA-E2-A1B5,3,train
TCGA-E2-A1B6,3,train
TCGA-E2-A1BD,3,train
TCGA-E2-A1IF,3,train
TCGA-E2-A1IH,3,train
TCGA-E2-A1IL,3,train
TCGA-E2-A1IN,3,train
TCGA-E2-A1IO,3,train
TCGA-E2-A1L6,3,train
TCGA-E2-A1L7,3,train
TCGA-E2-A1L8,3,train
TCGA-E2-A1L9,3,train
TCGA-E2-A1LA,3,train
TCGA-E2-A2P5,3,train
TCGA-E2-A2P6,3,train
TCGA-E2-A56Z,3,train
TCGA-E2-A573,3,train
TCGA-E2-A576,3,train
TCGA-E3-A3DY,3,train
TCGA-E3-A3E0,3,train
TCGA-E3-A3E2,3,train
TCGA-E3-A3E3,3,train
TCGA-E3-A3E5,3,train
TCGA-E5-A4TZ,3,train
TCGA-E5-A4U1,3,train
TCGA-E6-A1LZ,3,train
TCGA-E6-A2P8,3,train
TCGA-E7-A3X6,3,train
TCGA-E7-A3Y1,3,train
TCGA-E7-A4XJ,3,train
TCGA-E7-A541,3,train
TCGA-E7-A5KE,3,train
TCGA-E7-A5KF,3,train
TCGA-E7-A677,3,train
TCGA-E7-A6MF,3,train
TCGA-E7-A7DV,3,train
TCGA-E7-A7PW,3,train
TCGA-E7-A7XN,3,train
TCGA-E7-A85H,3,train
TCGA-E7-A8O7,3,train
TCGA-E7-A8O8,3,train
TCGA-E7-A97Q,3,train
TCGA-E8-A242,3,train
TCGA-E8-A2JQ,3,train
TCGA-E8-A3X7,3,train
TCGA-E8-A413,3,train
TCGA-E8-A414,3,train
TCGA-E8-A415,3,train
TCGA-E8-A417,3,train
TCGA-E8-A418,3,train
TCGA-E8-A419,3,train
TCGA-E8-A432,3,train
TCGA-E8-A434,3,train
TCGA-E8-A436,3,train
TCGA-E8-A437,3,train
TCGA-E8-A438,3,train
TCGA-E8-A44K,3,train
TCGA-E9-A1N4,3,train
TCGA-E9-A1N5,3,train
TCGA-E9-A1N6,3,train
TCGA-E9-A1N9,3,train
TCGA-E9-A1NA,3,train
TCGA-E9-A1NC,3,train
TCGA-E9-A1NE,3,train
TCGA-E9-A1NF,3,train
TCGA-E9-A1NH,3,train
TCGA-E9-A1NI,3,train
TCGA-E9-A1QZ,3,train
TCGA-E9-A1R3,3,train
TCGA-E9-A1R4,3,train
TCGA-E9-A1R5,3,train
TCGA-E9-A1R6,3,train
TCGA-E9-A1R7,3,train
TCGA-E9-A1RA,3,train
TCGA-E9-A1RB,3,train
TCGA-E9-A1RC,3,train
TCGA-E9-A1RD,3,train
TCGA-E9-A1RE,3,train
TCGA-E9-A1RF,3,train
TCGA-E9-A1RG,3,train
TCGA-E9-A1RH,3,train
TCGA-E9-A1RI,3,train
TCGA-E9-A226,3,train
TCGA-E9-A228,3,train
TCGA-E9-A229,3,train
TCGA-E9-A22A,3,train
TCGA-E9-A22B,3,train
TCGA-E9-A22D,3,train
TCGA-E9-A22G,3,train
TCGA-E9-A243,3,train
TCGA-E9-A244,3,train
TCGA-E9-A247,3,train
TCGA-E9-A248,3,train
TCGA-E9-A249,3,train
TCGA-E9-A24A,3,train
TCGA-E9-A295,3,train
TCGA-E9-A2JS,3,train
TCGA-E9-A2JT,3,train
TCGA-E9-A3Q9,3,train
TCGA-E9-A3QA,3,train
TCGA-E9-A3X8,3,train
TCGA-E9-A54X,3,train
TCGA-E9-A54Y,3,train
TCGA-E9-A5FK,3,train
TCGA-E9-A5UP,3,train
TCGA-E9-A6HE,3,train
TCGA-EA-A1QS,3,train
TCGA-EA-A3HQ,3,train
TCGA-EA-A3QD,3,train
TCGA-EA-A3QE,3,train
TCGA-EA-A3Y4,3,train
TCGA-EA-A410,3,train
TCGA-EA-A411,3,train
TCGA-EA-A439,3,train
TCGA-EA-A43B,3,train
TCGA-EA-A4BA,3,train
TCGA-EA-A50E,3,train
TCGA-EA-A556,3,train
TCGA-EA-A5FO,3,train
TCGA-EA-A5O9,3,train
TCGA-EA-A5ZD,3,train
TCGA-EA-A5ZE,3,train
TCGA-EA-A5ZF,3,train
TCGA-EA-A6QX,3,train
TCGA-EA-A78R,3,train
TCGA-EB-A1NK,3,train
TCGA-EB-A24D,3,train
TCGA-EB-A3HV,3,train
TCGA-EB-A3XB,3,train
TCGA-EB-A3XC,3,train
TCGA-EB-A3XD,3,train
TCGA-EB-A3XE,3,train
TCGA-EB-A3XF,3,train
TCGA-EB-A3Y6,3,train
TCGA-EB-A3Y7,3,train
TCGA-EB-A41A,3,train
TCGA-EB-A41B,3,train
TCGA-EB-A42Y,3,train
TCGA-EB-A430,3,train
TCGA-EB-A431,3,train
TCGA-EB-A44N,3,train
TCGA-EB-A44O,3,train
TCGA-EB-A4IQ,3,train
TCGA-EB-A4IS,3,train
TCGA-EB-A4OZ,3,train
TCGA-EB-A4XL,3,train
TCGA-EB-A51B,3,train
TCGA-EB-A550,3,train
TCGA-EB-A551,3,train
TCGA-EB-A57M,3,train
TCGA-EB-A5SF,3,train
TCGA-EB-A5UM,3,train
TCGA-EB-A5VU,3,train
TCGA-EB-A6QY,3,train
TCGA-EB-A6QZ,3,train
TCGA-EB-A6R0,3,train
TCGA-EB-A82B,3,train
TCGA-EB-A82C,3,train
TCGA-EB-A85I,3,train
TCGA-EB-A85J,3,train
TCGA-EB-A97M,3,train
TCGA-EC-A1NJ,3,train
TCGA-EC-A1QX,3,train
TCGA-EC-A24G,3,train
TCGA-ED-A5KG,3,train
TCGA-ED-A66Y,3,train
TCGA-ED-A7PY,3,train
TCGA-ED-A7PZ,3,train
TCGA-ED-A7XO,3,train
TCGA-ED-A7XP,3,train
TCGA-ED-A97K,3,train
TCGA-EF-5830,3,train
TCGA-EI-6506,3,train
TCGA-EI-6507,3,train
TCGA-EI-6508,3,train
TCGA-EI-6510,3,train
TCGA-EI-6511,3,train
TCGA-EI-6512,3,train
TCGA-EI-6514,3,train
TCGA-EI-6881,3,train
TCGA-EI-6882,3,train
TCGA-EI-6883,3,train
TCGA-EI-6884,3,train
TCGA-EI-6917,3,train
TCGA-EJ-5496,3,train
TCGA-EJ-5498,3,train
TCGA-EJ-5499,3,train
TCGA-EJ-5501,3,train
TCGA-EJ-5502,3,train
TCGA-EJ-5503,3,train
TCGA-EJ-5505,3,train
TCGA-EJ-5506,3,train
TCGA-EJ-5507,3,train
TCGA-EJ-5508,3,train
TCGA-EJ-5509,3,train
TCGA-EJ-5510,3,train
TCGA-EJ-5511,3,train
TCGA-EJ-5512,3,train
TCGA-EJ-5515,3,train
TCGA-EJ-5516,3,train
TCGA-EJ-5518,3,train
TCGA-EJ-5521,3,train
TCGA-EJ-5522,3,train
TCGA-EJ-5524,3,train
TCGA-EJ-5525,3,train
TCGA-EJ-5526,3,train
TCGA-EJ-5527,3,train
TCGA-EJ-5530,3,train
TCGA-EJ-5531,3,train
TCGA-EJ-5532,3,train
TCGA-EJ-7115,3,train
TCGA-EJ-7123,3,train
TCGA-EJ-7314,3,train
TCGA-EJ-7315,3,train
TCGA-EJ-7317,3,train
TCGA-EJ-7321,3,train
TCGA-EJ-7327,3,train
TCGA-EJ-7328,3,train
TCGA-EJ-7330,3,train
TCGA-EJ-7331,3,train
TCGA-EJ-7782,3,train
TCGA-EJ-7783,3,train
TCGA-EJ-7786,3,train
TCGA-EJ-7788,3,train
TCGA-EJ-7789,3,train
TCGA-EJ-7791,3,train
TCGA-EJ-7792,3,train
TCGA-EJ-7793,3,train
TCGA-EJ-A46D,3,train
TCGA-EJ-A46E,3,train
TCGA-EJ-A46F,3,train
TCGA-EJ-A46G,3,train
TCGA-EJ-A46I,3,train
TCGA-EL-A3CN,3,train
TCGA-EL-A3CO,3,train
TCGA-EL-A3CU,3,train
TCGA-EL-A3CV,3,train
TCGA-EL-A3CX,3,train
TCGA-EL-A3CY,3,train
TCGA-EL-A3D5,3,train
TCGA-EL-A3GP,3,train
TCGA-EL-A3GS,3,train
TCGA-EL-A3GW,3,train
TCGA-EL-A3GZ,3,train
TCGA-EL-A3H1,3,train
TCGA-EL-A3H2,3,train
TCGA-EL-A3H5,3,train
TCGA-EL-A3H8,3,train
TCGA-EL-A3MX,3,train
TCGA-EL-A3MZ,3,train
TCGA-EL-A3N2,3,train
TCGA-EL-A3N3,3,train
TCGA-EL-A3T1,3,train
TCGA-EL-A3T2,3,train
TCGA-EL-A3T3,3,train
TCGA-EL-A3T6,3,train
TCGA-EL-A3TA,3,train
TCGA-EL-A3TB,3,train
TCGA-EL-A3ZH,3,train
TCGA-EL-A3ZK,3,train
TCGA-EL-A3ZL,3,train
TCGA-EL-A3ZM,3,train
TCGA-EL-A3ZO,3,train
TCGA-EL-A3ZP,3,train
TCGA-EL-A3ZR,3,train
TCGA-EL-A3ZS,3,train
TCGA-EL-A3ZT,3,train
TCGA-EL-A4JV,3,train
TCGA-EL-A4JZ,3,train
TCGA-EL-A4K0,3,train
TCGA-EL-A4K2,3,train
TCGA-EL-A4K4,3,train
TCGA-EL-A4K7,3,train
TCGA-EL-A4K9,3,train
TCGA-EL-A4KD,3,train
TCGA-EM-A1CS,3,train
TCGA-EM-A1CV,3,train
TCGA-EM-A1CW,3,train
TCGA-EM-A1YA,3,train
TCGA-EM-A1YB,3,train
TCGA-EM-A1YC,3,train
TCGA-EM-A1YD,3,train
TCGA-EM-A22I,3,train
TCGA-EM-A22J,3,train
TCGA-EM-A22K,3,train
TCGA-EM-A22L,3,train
TCGA-EM-A22M,3,train
TCGA-EM-A22N,3,train
TCGA-EM-A22O,3,train
TCGA-EM-A22P,3,train
TCGA-EM-A22Q,3,train
TCGA-EM-A2CK,3,train
TCGA-EM-A2CL,3,train
TCGA-EM-A2CM,3,train
TCGA-EM-A2CN,3,train
TCGA-EM-A2CO,3,train
TCGA-EM-A2CQ,3,train
TCGA-EM-A2CR,3,train
TCGA-EM-A2CS,3,train
TCGA-EM-A2CT,3,train
TCGA-EM-A2OW,3,train
TCGA-EM-A2OX,3,train
TCGA-EM-A2OY,3,train
TCGA-EM-A2OZ,3,train
TCGA-EM-A2P0,3,train
TCGA-EM-A2P1,3,train
TCGA-EM-A2P2,3,train
TCGA-EM-A2P3,3,train
TCGA-EM-A3AI,3,train
TCGA-EM-A3AJ,3,train
TCGA-EM-A3AK,3,train
TCGA-EM-A3AL,3,train
TCGA-EM-A3AO,3,train
TCGA-EM-A3AQ,3,train
TCGA-EM-A3AR,3,train
TCGA-EM-A3FJ,3,train
TCGA-EM-A3FK,3,train
TCGA-EM-A3FM,3,train
TCGA-EM-A3FP,3,train
TCGA-EM-A3FR,3,train
TCGA-EM-A3O7,3,train
TCGA-EM-A3O8,3,train
TCGA-EM-A3O9,3,train
TCGA-EM-A3OB,3,train
TCGA-EM-A3ST,3,train
TCGA-EM-A3SU,3,train
TCGA-EM-A3SY,3,train
TCGA-EM-A3SZ,3,train
TCGA-EM-A4FH,3,train
TCGA-EM-A4FK,3,train
TCGA-EM-A4FM,3,train
TCGA-EM-A4FN,3,train
TCGA-EM-A4FO,3,train
TCGA-EM-A4FR,3,train
TCGA-EM-A4FU,3,train
TCGA-EM-A4FV,3,train
TCGA-EM-A4G1,3,train
TCGA-EO-A1Y5,3,train
TCGA-EO-A1Y8,3,train
TCGA-EO-A22R,3,train
TCGA-EO-A22S,3,train
TCGA-EO-A22U,3,train
TCGA-EO-A2CG,3,train
TCGA-EO-A2CH,3,train
TCGA-EO-A3AV,3,train
TCGA-EO-A3AY,3,train
TCGA-EO-A3AZ,3,train
TCGA-EO-A3B0,3,train
TCGA-EO-A3B1,3,train
TCGA-EO-A3KW,3,train
TCGA-EO-A3KX,3,train
TCGA-EO-A3L0,3,train
TCGA-EP-A12J,3,train
TCGA-EP-A26S,3,train
TCGA-EP-A2KA,3,train
TCGA-EP-A2KB,3,train
TCGA-EP-A2KC,3,train
TCGA-EP-A3JL,3,train
TCGA-EP-A3RK,3,train
TCGA-EQ-5647,3,train
TCGA-EQ-A4SO,3,train
TCGA-ER-A194,3,train
TCGA-ER-A196,3,train
TCGA-ER-A19K,3,train
TCGA-ER-A19T,3,train
TCGA-ER-A42H,3,train
TCGA-ET-A25I,3,train
TCGA-ET-A25J,3,train
TCGA-ET-A25M,3,train
TCGA-ET-A25N,3,train
TCGA-ET-A25O,3,train
TCGA-ET-A25P,3,train
TCGA-ET-A25R,3,train
TCGA-ET-A2MX,3,train
TCGA-ET-A2MY,3,train
TCGA-ET-A39J,3,train
TCGA-ET-A39K,3,train
TCGA-ET-A39L,3,train
TCGA-ET-A39M,3,train
TCGA-ET-A39N,3,train
TCGA-ET-A39P,3,train
TCGA-ET-A39R,3,train
TCGA-ET-A39T,3,train
TCGA-ET-A3BN,3,train
TCGA-ET-A3BQ,3,train
TCGA-ET-A3BS,3,train
TCGA-ET-A3BT,3,train
TCGA-ET-A3BV,3,train
TCGA-ET-A3BW,3,train
TCGA-ET-A3BX,3,train
TCGA-ET-A3DO,3,train
TCGA-ET-A3DP,3,train
TCGA-ET-A3DQ,3,train
TCGA-ET-A3DR,3,train
TCGA-ET-A3DW,3,train
TCGA-ET-A40P,3,train
TCGA-ET-A40Q,3,train
TCGA-ET-A40S,3,train
TCGA-ET-A40T,3,train
TCGA-ET-A4KN,3,train
TCGA-ET-A4KQ,3,train
TCGA-EU-5904,3,train
TCGA-EU-5905,3,train
TCGA-EV-5901,3,train
TCGA-EV-5902,3,train
TCGA-EV-5903,3,train
TCGA-EW-A1IW,3,train
TCGA-EW-A1IX,3,train
TCGA-EW-A1J3,3,train
TCGA-EW-A1J5,3,train
TCGA-EW-A1OV,3,train
TCGA-EW-A1OW,3,train
TCGA-EW-A1OX,3,train
TCGA-EW-A1OZ,3,train
TCGA-EW-A1P3,3,train
TCGA-EW-A1P4,3,train
TCGA-EW-A1P5,3,train
TCGA-EW-A1P6,3,train
TCGA-EW-A1P8,3,train
TCGA-EW-A1PA,3,train
TCGA-EW-A1PC,3,train
TCGA-EW-A1PD,3,train
TCGA-EW-A1PE,3,train
TCGA-EW-A1PG,3,train
TCGA-EW-A1PH,3,train
TCGA-EW-A2FR,3,train
TCGA-EW-A2FV,3,train
TCGA-EW-A2FW,3,train
TCGA-EW-A423,3,train
TCGA-EW-A6SA,3,train
TCGA-EW-A6SB,3,train
TCGA-EW-A6SC,3,train
TCGA-EW-A6SD,3,train
TCGA-EX-A1H5,3,train
TCGA-EX-A1H6,3,train
TCGA-EX-A69L,3,train
TCGA-EX-A69M,3,train
TCGA-EX-A8YF,3,train
TCGA-EY-A1GC,3,train
TCGA-EY-A1GD,3,train
TCGA-EY-A1GE,3,train
TCGA-EY-A1GF,3,train
TCGA-EY-A1GI,3,train
TCGA-EY-A1GJ,3,train
TCGA-EY-A1GL,3,train
TCGA-EY-A1GO,3,train
TCGA-EY-A1GR,3,train
TCGA-EY-A1GS,3,train
TCGA-EY-A1GV,3,train
TCGA-EY-A1H0,3,train
TCGA-EY-A210,3,train
TCGA-EY-A212,3,train
TCGA-EY-A214,3,train
TCGA-EY-A215,3,train
TCGA-EY-A2OM,3,train
TCGA-EZ-7264,3,train
TCGA-F1-6177,3,train
TCGA-F1-6874,3,train
TCGA-F1-6875,3,train
TCGA-F1-A448,3,train
TCGA-F1-A72C,3,train
TCGA-F2-6879,3,train
TCGA-F2-6880,3,train
TCGA-F2-7273,3,train
TCGA-F2-7276,3,train
TCGA-F2-A44G,3,train
TCGA-F2-A44H,3,train
TCGA-F2-A7TX,3,train
TCGA-F4-6463,3,train
TCGA-F4-6569,3,train
TCGA-F4-6704,3,train
TCGA-F4-6805,3,train
TCGA-F4-6806,3,train
TCGA-F4-6807,3,train
TCGA-F4-6808,3,train
TCGA-F4-6809,3,train
TCGA-F4-6854,3,train
TCGA-F4-6855,3,train
TCGA-F4-6856,3,train
TCGA-F5-6571,3,train
TCGA-F5-6702,3,train
TCGA-F5-6810,3,train
TCGA-F5-6811,3,train
TCGA-F5-6861,3,train
TCGA-F5-6863,3,train
TCGA-F5-6864,3,train
TCGA-F6-A8O4,3,train
TCGA-F7-7848,3,train
TCGA-F7-8298,3,train
TCGA-F7-A50J,3,train
TCGA-F7-A61V,3,train
TCGA-F7-A61W,3,train
TCGA-F7-A622,3,train
TCGA-F7-A623,3,train
TCGA-F7-A624,3,train
TCGA-F9-A4JJ,3,train
TCGA-F9-A7VF,3,train
TCGA-F9-A97G,3,train
TCGA-FB-A4P5,3,train
TCGA-FB-A4P6,3,train
TCGA-FB-A545,3,train
TCGA-FB-A78T,3,train
TCGA-FB-A7DR,3,train
TCGA-FB-AAPQ,3,train
TCGA-FB-AAPS,3,train
TCGA-FB-AAPY,3,train
TCGA-FB-AAPZ,3,train
TCGA-FB-AAQ2,3,train
TCGA-FB-AAQ3,3,train
TCGA-FB-AAQ6,3,train
TCGA-FC-7708,3,train
TCGA-FC-7961,3,train
TCGA-FC-A4JI,3,train
TCGA-FC-A5OB,3,train
TCGA-FC-A66V,3,train
TCGA-FC-A6HD,3,train
TCGA-FC-A8O0,3,train
TCGA-FD-A3B3,3,train
TCGA-FD-A3B4,3,train
TCGA-FD-A3B5,3,train
TCGA-FD-A3B6,3,train
TCGA-FD-A3B7,3,train
TCGA-FD-A3B8,3,train
TCGA-FD-A3N5,3,train
TCGA-FD-A3N6,3,train
TCGA-FD-A3NA,3,train
TCGA-FD-A3SJ,3,train
TCGA-FD-A3SL,3,train
TCGA-FD-A3SM,3,train
TCGA-FD-A3SN,3,train
TCGA-FD-A3SQ,3,train
TCGA-FD-A3SR,3,train
TCGA-FD-A3SS,3,train
TCGA-FD-A43N,3,train
TCGA-FD-A43S,3,train
TCGA-FD-A43U,3,train
TCGA-FD-A43X,3,train
TCGA-FD-A43Y,3,train
TCGA-FD-A5BR,3,train
TCGA-FD-A5BV,3,train
TCGA-FD-A5BX,3,train
TCGA-FD-A5BY,3,train
TCGA-FD-A5BZ,3,train
TCGA-FD-A5C0,3,train
TCGA-FD-A5C1,3,train
TCGA-FD-A62N,3,train
TCGA-FD-A62O,3,train
TCGA-FD-A62P,3,train
TCGA-FD-A62S,3,train
TCGA-FD-A6TA,3,train
TCGA-FD-A6TB,3,train
TCGA-FD-A6TC,3,train
TCGA-FD-A6TD,3,train
TCGA-FD-A6TE,3,train
TCGA-FD-A6TF,3,train
TCGA-FD-A6TG,3,train
TCGA-FD-A6TH,3,train
TCGA-FD-A6TI,3,train
TCGA-FD-A6TK,3,train
TCGA-FE-A22Z,3,train
TCGA-FE-A230,3,train
TCGA-FE-A231,3,train
TCGA-FE-A232,3,train
TCGA-FE-A234,3,train
TCGA-FE-A235,3,train
TCGA-FE-A237,3,train
TCGA-FE-A238,3,train
TCGA-FE-A239,3,train
TCGA-FE-A23A,3,train
TCGA-FE-A3PA,3,train
TCGA-FE-A3PC,3,train
TCGA-FG-5962,3,train
TCGA-FG-5964,3,train
TCGA-FG-5965,3,train
TCGA-FG-6688,3,train
TCGA-FG-6689,3,train
TCGA-FG-6690,3,train
TCGA-FG-6691,3,train
TCGA-FG-6692,3,train
TCGA-FG-7634,3,train
TCGA-FG-7636,3,train
TCGA-FG-7637,3,train
TCGA-FG-7641,3,train
TCGA-FG-8181,3,train
TCGA-FG-8182,3,train
TCGA-FG-8186,3,train
TCGA-FG-8187,3,train
TCGA-FG-A4MU,3,train
TCGA-FG-A4MW,3,train
TCGA-FG-A4MX,3,train
TCGA-FG-A4MY,3,train
TCGA-FG-A60K,3,train
TCGA-FG-A60L,3,train
TCGA-FG-A6IZ,3,train
TCGA-FG-A6J1,3,train
TCGA-FG-A6J3,3,train
TCGA-FG-A70Y,3,train
TCGA-FG-A70Z,3,train
TCGA-FG-A711,3,train
TCGA-FG-A87Q,3,train
TCGA-FI-A2CX,3,train
TCGA-FI-A2CY,3,train
TCGA-FI-A2D0,3,train
TCGA-FI-A2D2,3,train
TCGA-FI-A2D4,3,train
TCGA-FI-A2D5,3,train
TCGA-FI-A2EU,3,train
TCGA-FI-A2EW,3,train
TCGA-FI-A2EX,3,train
TCGA-FI-A2EY,3,train
TCGA-FI-A2F4,3,train
TCGA-FI-A2F8,3,train
TCGA-FI-A3PV,3,train
TCGA-FI-A3PX,3,train
TCGA-FJ-A3Z7,3,train
TCGA-FJ-A3Z9,3,train
TCGA-FJ-A3ZE,3,train
TCGA-FJ-A3ZF,3,train
TCGA-FJ-A871,3,train
TCGA-FK-A3S3,3,train
TCGA-FK-A3SD,3,train
TCGA-FK-A3SE,3,train
TCGA-FK-A3SH,3,train
TCGA-FK-A4UB,3,train
TCGA-FN-7833,3,train
TCGA-FP-7829,3,train
TCGA-FP-7916,3,train
TCGA-FP-7998,3,train
TCGA-FP-8209,3,train
TCGA-FP-8210,3,train
TCGA-FP-A8CX,3,train
TCGA-FR-A2OS,3,train
TCGA-FR-A3R1,3,train
TCGA-FR-A726,3,train
TCGA-FR-A728,3,train
TCGA-FS-A1ZN,3,train
TCGA-FT-A3EE,3,train
TCGA-FT-A61P,3,train
TCGA-FU-A23K,3,train
TCGA-FU-A2QG,3,train
TCGA-FU-A3NI,3,train
TCGA-FU-A3TQ,3,train
TCGA-FU-A3TX,3,train
TCGA-FU-A3WB,3,train
TCGA-FU-A3YQ,3,train
TCGA-FU-A40J,3,train
TCGA-FU-A57G,3,train
TCGA-FU-A5XV,3,train
TCGA-FU-A770,3,train
TCGA-FV-A3I1,3,train
TCGA-FV-A3R3,3,train
TCGA-FV-A495,3,train
TCGA-FV-A496,3,train
TCGA-FV-A4ZQ,3,train
TCGA-FX-A2QS,3,train
TCGA-FX-A3NJ,3,train
TCGA-FX-A3NK,3,train
TCGA-FX-A3RE,3,train
TCGA-FX-A3TO,3,train
TCGA-FX-A48G,3,train
TCGA-FX-A76Y,3,train
TCGA-FX-A8OO,3,train
TCGA-FY-A2QD,3,train
TCGA-FY-A3BL,3,train
TCGA-FY-A3I4,3,train
TCGA-FY-A3I5,3,train
TCGA-FY-A3NM,3,train
TCGA-FY-A3NN,3,train
TCGA-FY-A3NP,3,train
TCGA-FY-A3R8,3,train
TCGA-FY-A3RA,3,train
TCGA-FY-A3TY,3,train
TCGA-FY-A3W9,3,train
TCGA-FY-A3YR,3,train
TCGA-FY-A40K,3,train
TCGA-FY-A40L,3,train
TCGA-FY-A40M,3,train
TCGA-FY-A4B4,3,train
TCGA-FY-A76V,3,train
TCGA-FZ-5919,3,train
TCGA-FZ-5920,3,train
TCGA-FZ-5923,3,train
TCGA-FZ-5924,3,train
TCGA-G2-A2EF,3,train
TCGA-G2-A2EJ,3,train
TCGA-G2-A2EK,3,train
TCGA-G2-A2EL,3,train
TCGA-G2-A2EO,3,train
TCGA-G2-A2ES,3,train
TCGA-G2-A3IE,3,train
TCGA-G2-A3VY,3,train
TCGA-G2-AA3F,3,train
TCGA-G3-A25T,3,train
TCGA-G3-A25U,3,train
TCGA-G3-A25V,3,train
TCGA-G3-A25Y,3,train
TCGA-G3-A25Z,3,train
TCGA-G3-A3CI,3,train
TCGA-G3-A3CJ,3,train
TCGA-G3-A5SJ,3,train
TCGA-G3-A5SK,3,train
TCGA-G3-A5SM,3,train
TCGA-G3-A6UC,3,train
TCGA-G3-A7M5,3,train
TCGA-G3-A7M6,3,train
TCGA-G3-A7M7,3,train
TCGA-G3-AAUZ,3,train
TCGA-G3-AAV0,3,train
TCGA-G3-AAV1,3,train
TCGA-G3-AAV4,3,train
TCGA-G3-AAV5,3,train
TCGA-G3-AAV7,3,train
TCGA-G4-6293,3,train
TCGA-G4-6302,3,train
TCGA-G4-6303,3,train
TCGA-G4-6304,3,train
TCGA-G4-6311,3,train
TCGA-G4-6315,3,train
TCGA-G4-6320,3,train
TCGA-G4-6588,3,train
TCGA-G4-6626,3,train
TCGA-G4-6627,3,train
TCGA-G5-6641,3,train
TCGA-G6-A5PC,3,train
TCGA-G6-A8L7,3,train
TCGA-G7-6789,3,train
TCGA-G7-6790,3,train
TCGA-G7-6792,3,train
TCGA-G7-6793,3,train
TCGA-G7-6797,3,train
TCGA-G7-7501,3,train
TCGA-G7-7502,3,train
TCGA-G7-A8LB,3,train
TCGA-G7-A8LD,3,train
TCGA-G7-A8LE,3,train
TCGA-G9-6329,3,train
TCGA-G9-6339,3,train
TCGA-G9-6342,3,train
TCGA-G9-6343,3,train
TCGA-G9-6348,3,train
TCGA-G9-6351,3,train
TCGA-G9-6356,3,train
TCGA-G9-6362,3,train
TCGA-G9-6364,3,train
TCGA-G9-6370,3,train
TCGA-G9-6373,3,train
TCGA-G9-6384,3,train
TCGA-G9-6494,3,train
TCGA-G9-6498,3,train
TCGA-G9-6499,3,train
TCGA-G9-7509,3,train
TCGA-G9-7510,3,train
TCGA-G9-7519,3,train
TCGA-G9-7521,3,train
TCGA-G9-7522,3,train
TCGA-G9-7525,3,train
TCGA-G9-A9S4,3,train
TCGA-G9-A9S7,3,train
TCGA-GC-A3BM,3,train
TCGA-GC-A3I6,3,train
TCGA-GC-A3WC,3,train
TCGA-GC-A3YS,3,train
TCGA-GC-A4ZW,3,train
TCGA-GC-A6I1,3,train
TCGA-GD-A2C5,3,train
TCGA-GD-A3OP,3,train
TCGA-GD-A3OQ,3,train
TCGA-GD-A3OS,3,train
TCGA-GD-A76B,3,train
TCGA-GE-A2C6,3,train
TCGA-GF-A769,3,train
TCGA-GJ-A3OU,3,train
TCGA-GJ-A9DB,3,train
TCGA-GL-A4EM,3,train
TCGA-GL-A59R,3,train
TCGA-GL-A59T,3,train
TCGA-GL-A9DC,3,train
TCGA-GM-A2DB,3,train
TCGA-GM-A2DD,3,train
TCGA-GM-A2DK,3,train
TCGA-GM-A2DM,3,train
TCGA-GM-A2DN,3,train
TCGA-GM-A2DO,3,train
TCGA-GM-A3NW,3,train
TCGA-GM-A3NY,3,train
TCGA-GM-A3XG,3,train
TCGA-GM-A3XL,3,train
TCGA-GM-A3XN,3,train
TCGA-GN-A263,3,train
TCGA-GN-A269,3,train
TCGA-GN-A26C,3,train
TCGA-GN-A4U5,3,train
TCGA-GN-A8LN,3,train
TCGA-GU-A42P,3,train
TCGA-GU-A42Q,3,train
TCGA-GU-A42R,3,train
TCGA-GU-A762,3,train
TCGA-GU-A763,3,train
TCGA-GU-A764,3,train
TCGA-GU-A766,3,train
TCGA-GU-A767,3,train
TCGA-GU-AATO,3,train
TCGA-GU-AATP,3,train
TCGA-GU-AATQ,3,train
TCGA-GV-A3JV,3,train
TCGA-GV-A3JW,3,train
TCGA-GV-A3JX,3,train
TCGA-GV-A3JZ,3,train
TCGA-GV-A3QF,3,train
TCGA-GV-A3QG,3,train
TCGA-GV-A3QI,3,train
TCGA-GV-A3QK,3,train
TCGA-GV-A40E,3,train
TCGA-GV-A40G,3,train
TCGA-GV-A6ZA,3,train
TCGA-H2-A2K9,3,train
TCGA-H2-A3RH,3,train
TCGA-H2-A3RI,3,train
TCGA-H2-A421,3,train
TCGA-H2-A422,3,train
TCGA-H4-A2HO,3,train
TCGA-H5-A2HR,3,train
TCGA-H6-A45N,3,train
TCGA-H7-A6C4,3,train
TCGA-H7-A6C5,3,train
TCGA-H7-A76A,3,train
TCGA-H8-A6C1,3,train
TCGA-H9-7775,3,train
TCGA-H9-A6BX,3,train
TCGA-H9-A6BY,3,train
TCGA-HB-A2OT,3,train
TCGA-HB-A3L4,3,train
TCGA-HB-A5W3,3,train
TCGA-HC-7075,3,train
TCGA-HC-7077,3,train
TCGA-HC-7078,3,train
TCGA-HC-7080,3,train
TCGA-HC-7081,3,train
TCGA-HC-7209,3,train
TCGA-HC-7230,3,train
TCGA-HC-7231,3,train
TCGA-HC-7233,3,train
TCGA-HC-7736,3,train
TCGA-HC-7740,3,train
TCGA-HC-7742,3,train
TCGA-HC-7744,3,train
TCGA-HC-7745,3,train
TCGA-HC-7747,3,train
TCGA-HC-7748,3,train
TCGA-HC-7750,3,train
TCGA-HC-7752,3,train
TCGA-HC-7817,3,train
TCGA-HC-7818,3,train
TCGA-HC-7819,3,train
TCGA-HC-7820,3,train
TCGA-HC-7821,3,train
TCGA-HC-8213,3,train
TCGA-HC-8216,3,train
TCGA-HC-8258,3,train
TCGA-HC-8260,3,train
TCGA-HC-8262,3,train
TCGA-HC-8266,3,train
TCGA-HC-A48F,3,train
TCGA-HC-A631,3,train
TCGA-HC-A632,3,train
TCGA-HC-A6AL,3,train
TCGA-HC-A6AO,3,train
TCGA-HC-A6AQ,3,train
TCGA-HC-A6AS,3,train
TCGA-HC-A6HX,3,train
TCGA-HC-A6HY,3,train
TCGA-HC-A76W,3,train
TCGA-HC-A8CY,3,train
TCGA-HC-A8D0,3,train
TCGA-HC-A8D1,3,train
TCGA-HC-A9TE,3,train
TCGA-HC-A9TH,3,train
TCGA-HD-7753,3,train
TCGA-HD-7831,3,train
TCGA-HD-7917,3,train
TCGA-HD-8634,3,train
TCGA-HD-A4C1,3,train
TCGA-HD-A633,3,train
TCGA-HD-A634,3,train
TCGA-HD-A6I0,3,train
TCGA-HE-7128,3,train
TCGA-HE-7129,3,train
TCGA-HE-7130,3,train
TCGA-HE-A5NF,3,train
TCGA-HE-A5NH,3,train
TCGA-HE-A5NI,3,train
TCGA-HE-A5NJ,3,train
TCGA-HE-A5NK,3,train
TCGA-HE-A5NL,3,train
TCGA-HF-7131,3,train
TCGA-HF-7132,3,train
TCGA-HF-7134,3,train
TCGA-HF-7136,3,train
TCGA-HF-A5NB,3,train
TCGA-HG-A2PA,3,train
TCGA-HG-A9SC,3,train
TCGA-HI-7168,3,train
TCGA-HI-7169,3,train
TCGA-HI-7170,3,train
TCGA-HI-7171,3,train
TCGA-HJ-7597,3,train
TCGA-HL-7533,3,train
TCGA-HM-A3JK,3,train
TCGA-HM-A4S6,3,train
TCGA-HM-A6W2,3,train
TCGA-HN-A2OB,3,train
TCGA-HP-A5MZ,3,train
TCGA-HP-A5N0,3,train
TCGA-HQ-A2OE,3,train
TCGA-HQ-A5NE,3,train
TCGA-HS-A5N7,3,train
TCGA-HS-A5N8,3,train
TCGA-HS-A5N9,3,train
TCGA-HS-A5NA,3,train
TCGA-HT-7468,3,train
TCGA-HT-7469,3,train
TCGA-HT-7472,3,train
TCGA-HT-7473,3,train
TCGA-HT-7475,3,train
TCGA-HT-7476,3,train
TCGA-HT-7478,3,train
TCGA-HT-7480,3,train
TCGA-HT-7481,3,train
TCGA-HT-7482,3,train
TCGA-HT-7483,3,train
TCGA-HT-7485,3,train
TCGA-HT-7602,3,train
TCGA-HT-7604,3,train
TCGA-HT-7606,3,train
TCGA-HT-7607,3,train
TCGA-HT-7608,3,train
TCGA-HT-7609,3,train
TCGA-HT-7610,3,train
TCGA-HT-7611,3,train
TCGA-HT-7616,3,train
TCGA-HT-7680,3,train
TCGA-HT-7681,3,train
TCGA-HT-7684,3,train
TCGA-HT-7686,3,train
TCGA-HT-7687,3,train
TCGA-HT-7688,3,train
TCGA-HT-7689,3,train
TCGA-HT-7692,3,train
TCGA-HT-7695,3,train
TCGA-HT-7854,3,train
TCGA-HT-7855,3,train
TCGA-HT-7856,3,train
TCGA-HT-7857,3,train
TCGA-HT-7860,3,train
TCGA-HT-7873,3,train
TCGA-HT-7874,3,train
TCGA-HT-7875,3,train
TCGA-HT-7877,3,train
TCGA-HT-7879,3,train
TCGA-HT-7881,3,train
TCGA-HT-7882,3,train
TCGA-HT-7902,3,train
TCGA-HT-8010,3,train
TCGA-HT-8011,3,train
TCGA-HT-8012,3,train
TCGA-HT-8015,3,train
TCGA-HT-8018,3,train
TCGA-HT-8105,3,train
TCGA-HT-8106,3,train
TCGA-HT-8110,3,train
TCGA-HT-8113,3,train
TCGA-HT-8114,3,train
TCGA-HT-8563,3,train
TCGA-HT-8564,3,train
TCGA-HT-A4DS,3,train
TCGA-HT-A4DV,3,train
TCGA-HT-A5R7,3,train
TCGA-HT-A5R9,3,train
TCGA-HT-A5RA,3,train
TCGA-HT-A5RB,3,train
TCGA-HT-A5RC,3,train
TCGA-HT-A614,3,train
TCGA-HT-A615,3,train
TCGA-HT-A616,3,train
TCGA-HT-A619,3,train
TCGA-HT-A61C,3,train
TCGA-HT-A74J,3,train
TCGA-HT-A74K,3,train
TCGA-HT-A74L,3,train
TCGA-HT-A74O,3,train
TCGA-HU-8238,3,train
TCGA-HU-8608,3,train
TCGA-HU-8610,3,train
TCGA-HU-A4G2,3,train
TCGA-HU-A4G3,3,train
TCGA-HU-A4G6,3,train
TCGA-HU-A4G8,3,train
TCGA-HU-A4G9,3,train
TCGA-HU-A4GC,3,train
TCGA-HU-A4GD,3,train
TCGA-HU-A4GN,3,train
TCGA-HU-A4GP,3,train
TCGA-HU-A4GQ,3,train
TCGA-HU-A4GT,3,train
TCGA-HU-A4GY,3,train
TCGA-HU-A4H0,3,train
TCGA-HU-A4H8,3,train
TCGA-HU-A4HB,3,train
TCGA-HU-A4HD,3,train
TCGA-HV-A5A3,3,train
TCGA-HV-A5A6,3,train
TCGA-HV-A7OL,3,train
TCGA-HV-A7OP,3,train
TCGA-HV-AA8V,3,train
TCGA-HW-7490,3,train
TCGA-HW-7491,3,train
TCGA-HW-8319,3,train
TCGA-HW-8320,3,train
TCGA-HW-8321,3,train
TCGA-HW-8322,3,train
TCGA-HW-A5KJ,3,train
TCGA-HW-A5KK,3,train
TCGA-HW-A5KM,3,train
TCGA-HZ-7289,3,train
TCGA-HZ-7918,3,train
TCGA-HZ-7920,3,train
TCGA-HZ-7922,3,train
TCGA-HZ-7923,3,train
TCGA-HZ-7925,3,train
TCGA-HZ-7926,3,train
TCGA-HZ-8001,3,train
TCGA-HZ-8002,3,train
TCGA-HZ-8003,3,train
TCGA-HZ-8317,3,train
TCGA-HZ-8519,3,train
TCGA-HZ-8636,3,train
TCGA-HZ-8637,3,train
TCGA-HZ-8638,3,train
TCGA-HZ-A49G,3,train
TCGA-HZ-A49I,3,train
TCGA-HZ-A4BK,3,train
TCGA-HZ-A77O,3,train
TCGA-HZ-A77P,3,train
TCGA-HZ-A77Q,3,train
TCGA-IA-A40U,3,train
TCGA-IA-A40X,3,train
TCGA-IB-7644,3,train
TCGA-IB-7645,3,train
TCGA-IB-7646,3,train
TCGA-IB-7647,3,train
TCGA-IB-7649,3,train
TCGA-IB-7651,3,train
TCGA-IB-7652,3,train
TCGA-IB-7654,3,train
TCGA-IB-7885,3,train
TCGA-IB-7886,3,train
TCGA-IB-7888,3,train
TCGA-IB-7890,3,train
TCGA-IB-7891,3,train
TCGA-IB-7893,3,train
TCGA-IB-7897,3,train
TCGA-IB-A5SP,3,train
TCGA-IB-A5SQ,3,train
TCGA-IB-A5SS,3,train
TCGA-IB-A5ST,3,train
TCGA-IB-A7LX,3,train
TCGA-IB-A7M4,3,train
TCGA-IB-AAUM,3,train
TCGA-IB-AAUN,3,train
TCGA-IB-AAUO,3,train
TCGA-IB-AAUP,3,train
TCGA-IB-AAUQ,3,train
TCGA-IB-AAUR,3,train
TCGA-IB-AAUS,3,train
TCGA-IB-AAUT,3,train
TCGA-IB-AAUU,3,train
TCGA-IB-AAUV,3,train
TCGA-IE-A3OV,3,train
TCGA-IE-A4EJ,3,train
TCGA-IE-A4EK,3,train
TCGA-IG-A3YA,3,train
TCGA-IG-A4P3,3,train
TCGA-IG-A4QS,3,train
TCGA-IG-A4QT,3,train
TCGA-IG-A50L,3,train
TCGA-IG-A51D,3,train
TCGA-IG-A5B8,3,train
TCGA-IG-A5S3,3,train
TCGA-IG-A7DP,3,train
TCGA-IG-A8O2,3,train
TCGA-IG-A97H,3,train
TCGA-IG-A97I,3,train
TCGA-IH-A3EA,3,train
TCGA-IK-8125,3,train
TCGA-IM-A3EB,3,train
TCGA-IM-A3ED,3,train
TCGA-IM-A3U3,3,train
TCGA-IM-A41Y,3,train
TCGA-IM-A41Z,3,train
TCGA-IM-A420,3,train
TCGA-IN-7808,3,train
TCGA-IP-7968,3,train
TCGA-IQ-7630,3,train
TCGA-IQ-A61I,3,train
TCGA-IQ-A61K,3,train
TCGA-IQ-A61L,3,train
TCGA-IQ-A6SG,3,train
TCGA-IQ-A6SH,3,train
TCGA-IR-A3L7,3,train
TCGA-IR-A3LB,3,train
TCGA-IR-A3LH,3,train
TCGA-IR-A3LK,3,train
TCGA-IR-A3LL,3,train
TCGA-IS-A3K7,3,train
TCGA-IS-A3K8,3,train
TCGA-IW-A3M4,3,train
TCGA-IZ-A6M8,3,train
TCGA-IZ-A6M9,3,train
TCGA-J1-A4AH,3,train
TCGA-J2-8194,3,train
TCGA-J2-A4AG,3,train
TCGA-J4-8198,3,train
TCGA-J4-8200,3,train
TCGA-J4-A67K,3,train
TCGA-J4-A67L,3,train
TCGA-J4-A67M,3,train
TCGA-J4-A67N,3,train
TCGA-J4-A67Q,3,train
TCGA-J4-A67R,3,train
TCGA-J4-A67T,3,train
TCGA-J4-A6G1,3,train
TCGA-J4-A6M7,3,train
TCGA-J4-A83I,3,train
TCGA-J4-A83J,3,train
TCGA-J4-A83K,3,train
TCGA-J4-A83L,3,train
TCGA-J4-A83M,3,train
TCGA-J4-A83N,3,train
TCGA-J4-AATV,3,train
TCGA-J4-AATZ,3,train
TCGA-J7-6720,3,train
TCGA-J7-8537,3,train
TCGA-J8-A3NZ,3,train
TCGA-J8-A3O0,3,train
TCGA-J8-A3O1,3,train
TCGA-J8-A3O2,3,train
TCGA-J8-A3YD,3,train
TCGA-J8-A3YE,3,train
TCGA-J8-A42S,3,train
TCGA-J8-A4HW,3,train
TCGA-J8-A4HY,3,train
TCGA-JL-A3YW,3,train
TCGA-JU-AAVI,3,train
TCGA-JV-A5VE,3,train
TCGA-JV-A5VF,3,train
TCGA-JV-A75J,3,train
TCGA-JW-A5VG,3,train
TCGA-JW-A5VH,3,train
TCGA-JW-A5VK,3,train
TCGA-JW-A69B,3,train
TCGA-JX-A3PZ,3,train
TCGA-JX-A3Q0,3,train
TCGA-JX-A5QV,3,train
TCGA-JY-A6FD,3,train
TCGA-JY-A6FE,3,train
TCGA-JY-A6FH,3,train
TCGA-JY-A939,3,train
TCGA-JY-A93C,3,train
TCGA-JY-A93D,3,train
TCGA-JY-A93F,3,train
TCGA-K1-A3PO,3,train
TCGA-K1-A42W,3,train
TCGA-K1-A42X,3,train
TCGA-K4-A3WS,3,train
TCGA-K4-A3WU,3,train
TCGA-K4-A3WV,3,train
TCGA-K4-A4AB,3,train
TCGA-K4-A54R,3,train
TCGA-K4-A5RH,3,train
TCGA-K4-A5RI,3,train
TCGA-K4-A5RJ,3,train
TCGA-K4-A6FZ,3,train
TCGA-K4-A6MB,3,train
TCGA-K4-A83P,3,train
TCGA-K7-A5RG,3,train
TCGA-K7-A6G5,3,train
TCGA-K7-AAU7,3,train
TCGA-KB-A6F5,3,train
TCGA-KB-A6F7,3,train
TCGA-KB-A93G,3,train
TCGA-KB-A93H,3,train
TCGA-KB-A93J,3,train
TCGA-KD-A5QS,3,train
TCGA-KJ-A3U4,3,train
TCGA-KL-8323,3,train
TCGA-KL-8324,3,train
TCGA-KL-8325,3,train
TCGA-KL-8326,3,train
TCGA-KL-8329,3,train
TCGA-KL-8330,3,train
TCGA-KL-8331,3,train
TCGA-KL-8333,3,train
TCGA-KL-8334,3,train
TCGA-KL-8335,3,train
TCGA-KL-8337,3,train
TCGA-KL-8339,3,train
TCGA-KL-8341,3,train
TCGA-KL-8343,3,train
TCGA-KL-8344,3,train
TCGA-KL-8345,3,train
TCGA-KL-8346,3,train
TCGA-KM-8438,3,train
TCGA-KM-8440,3,train
TCGA-KM-8441,3,train
TCGA-KM-8442,3,train
TCGA-KM-8443,3,train
TCGA-KM-8476,3,train
TCGA-KM-8639,3,train
TCGA-KN-8418,3,train
TCGA-KN-8419,3,train
TCGA-KN-8421,3,train
TCGA-KN-8422,3,train
TCGA-KN-8423,3,train
TCGA-KN-8424,3,train
TCGA-KN-8425,3,train
TCGA-KN-8426,3,train
TCGA-KN-8427,3,train
TCGA-KN-8428,3,train
TCGA-KN-8429,3,train
TCGA-KN-8431,3,train
TCGA-KN-8432,3,train
TCGA-KN-8433,3,train
TCGA-KN-8435,3,train
TCGA-KN-8437,3,train
TCGA-KO-8403,3,train
TCGA-KO-8404,3,train
TCGA-KO-8405,3,train
TCGA-KO-8406,3,train
TCGA-KO-8407,3,train
TCGA-KO-8409,3,train
TCGA-KO-8410,3,train
TCGA-KO-8411,3,train
TCGA-KO-8414,3,train
TCGA-KO-8415,3,train
TCGA-KO-8416,3,train
TCGA-KO-8417,3,train
TCGA-KS-A41I,3,train
TCGA-KS-A41J,3,train
TCGA-KS-A41L,3,train
TCGA-KS-A4I1,3,train
TCGA-KS-A4I3,3,train
TCGA-KS-A4I5,3,train
TCGA-KS-A4I7,3,train
TCGA-KS-A4I9,3,train
TCGA-KS-A4IB,3,train
TCGA-KS-A4IC,3,train
TCGA-KS-A4ID,3,train
TCGA-KT-A74X,3,train
TCGA-KT-A7W1,3,train
TCGA-KU-A66T,3,train
TCGA-KV-A6GD,3,train
TCGA-KV-A6GE,3,train
TCGA-L1-A7W4,3,train
TCGA-L3-A524,3,train
TCGA-L4-A4E6,3,train
TCGA-L6-A4EP,3,train
TCGA-L6-A4ET,3,train
TCGA-L7-A6VZ,3,train
TCGA-L9-A50W,3,train
TCGA-L9-A743,3,train
TCGA-L9-A8F4,3,train
TCGA-LA-A7SW,3,train
TCGA-LB-A8F3,3,train
TCGA-LB-A9Q5,3,train
TCGA-LC-A66R,3,train
TCGA-LD-A66U,3,train
TCGA-LD-A7W5,3,train
TCGA-LG-A6GG,3,train
TCGA-LG-A9QC,3,train
TCGA-LI-A67I,3,train
TCGA-LI-A9QH,3,train
TCGA-LK-A4NY,3,train
TCGA-LK-A4NZ,3,train
TCGA-LK-A4O4,3,train
TCGA-LK-A4O5,3,train
TCGA-LK-A4O6,3,train
TCGA-LK-A4O7,3,train
TCGA-LL-A442,3,train
TCGA-LL-A50Y,3,train
TCGA-LL-A5YN,3,train
TCGA-LL-A5YO,3,train
TCGA-LL-A5YP,3,train
TCGA-LL-A6FP,3,train
TCGA-LL-A6FQ,3,train
TCGA-LL-A73Y,3,train
TCGA-LL-A73Z,3,train
TCGA-LL-A8F5,3,train
TCGA-LL-A9Q3,3,train
TCGA-LN-A49O,3,train
TCGA-LN-A49W,3,train
TCGA-LN-A4A2,3,train
TCGA-LN-A4A4,3,train
TCGA-LN-A4A6,3,train
TCGA-LN-A4A8,3,train
TCGA-LN-A4A9,3,train
TCGA-LN-A4MQ,3,train
TCGA-LN-A4MR,3,train
TCGA-LN-A5U5,3,train
TCGA-LN-A5U7,3,train
TCGA-LN-A7HW,3,train
TCGA-LN-A7HX,3,train
TCGA-LN-A7HY,3,train
TCGA-LN-A7HZ,3,train
TCGA-LN-A8HZ,3,train
TCGA-LN-A8I0,3,train
TCGA-LN-A8I1,3,train
TCGA-LN-A9FP,3,train
TCGA-LN-A9FQ,3,train
TCGA-LN-A9FR,3,train
TCGA-LP-A4AU,3,train
TCGA-LP-A4AV,3,train
TCGA-LP-A4AW,3,train
TCGA-LP-A4AX,3,train
TCGA-LP-A5U2,3,train
TCGA-LP-A5U3,3,train
TCGA-LP-A7HU,3,train
TCGA-M7-A71Y,3,train
TCGA-M7-A71Z,3,train
TCGA-M7-A720,3,train
TCGA-M7-A721,3,train
TCGA-M7-A722,3,train
TCGA-M7-A723,3,train
TCGA-M7-A725,3,train
TCGA-M8-A5N4,3,train
TCGA-M9-A5M8,3,train
TCGA-MA-AA3W,3,train
TCGA-MA-AA3Y,3,train
TCGA-MA-AA41,3,train
TCGA-MA-AA42,3,train
TCGA-MA-AA43,3,train
TCGA-MB-A5Y8,3,train
TCGA-MB-A5YA,3,train
TCGA-MB-A8JK,3,train
TCGA-MB-A8JL,3,train
TCGA-MG-AAMC,3,train
TCGA-MH-A55W,3,train
TCGA-MH-A55Z,3,train
TCGA-MH-A856,3,train
TCGA-MH-A857,3,train
TCGA-MI-A75C,3,train
TCGA-MI-A75G,3,train
TCGA-MI-A75H,3,train
TCGA-MI-A75I,3,train
TCGA-MJ-A68H,3,train
TCGA-MJ-A68J,3,train
TCGA-MJ-A850,3,train
TCGA-MK-A84Z,3,train
TCGA-MM-A564,3,train
TCGA-MN-A4N4,3,train
TCGA-MO-A47P,3,train
TCGA-MO-A47R,3,train
TCGA-MP-A4SV,3,train
TCGA-MP-A4T2,3,train
TCGA-MP-A4T4,3,train
TCGA-MP-A4T7,3,train
TCGA-MP-A4T9,3,train
TCGA-MP-A4TA,3,train
TCGA-MP-A4TF,3,train
TCGA-MP-A4TH,3,train
TCGA-MP-A5C7,3,train
TCGA-MQ-A6BL,3,train
TCGA-MQ-A6BR,3,train
TCGA-MQ-A6BS,3,train
TCGA-MR-A520,3,train
TCGA-MS-A51U,3,train
TCGA-MT-A51W,3,train
TCGA-MT-A51X,3,train
TCGA-MT-A67A,3,train
TCGA-MT-A67D,3,train
TCGA-MT-A67F,3,train
TCGA-MT-A67G,3,train
TCGA-MT-A7BN,3,train
TCGA-MU-A51Y,3,train
TCGA-MU-A8JM,3,train
TCGA-MV-A51V,3,train
TCGA-MX-A5UG,3,train
TCGA-MX-A5UJ,3,train
TCGA-MX-A663,3,train
TCGA-MX-A666,3,train
TCGA-MY-A5BD,3,train
TCGA-MY-A5BF,3,train
TCGA-MY-A913,3,train
TCGA-MZ-A7D7,3,train
TCGA-N1-A6IA,3,train
TCGA-NC-A5HD,3,train
TCGA-NC-A5HE,3,train
TCGA-NC-A5HF,3,train
TCGA-NC-A5HG,3,train
TCGA-NC-A5HH,3,train
TCGA-NC-A5HI,3,train
TCGA-NC-A5HJ,3,train
TCGA-NC-A5HK,3,train
TCGA-NC-A5HL,3,train
TCGA-NC-A5HM,3,train
TCGA-NC-A5HN,3,train
TCGA-NC-A5HO,3,train
TCGA-NC-A5HQ,3,train
TCGA-NC-A5HT,3,train
TCGA-NH-A50T,3,train
TCGA-NH-A50U,3,train
TCGA-NH-A50V,3,train
TCGA-NH-A5IV,3,train
TCGA-NH-A6GB,3,train
TCGA-NH-A6GC,3,train
TCGA-NH-A8F7,3,train
TCGA-NH-A8F8,3,train
TCGA-NI-A4U2,3,train
TCGA-NI-A8LF,3,train
TCGA-NJ-A4YG,3,train
TCGA-NJ-A55R,3,train
TCGA-NK-A5D1,3,train
TCGA-NK-A7XE,3,train
TCGA-NP-A5B3,3,train
TCGA-NP-A5GY,3,train
TCGA-NP-A5GZ,3,train
TCGA-NP-A5H5,3,train
TCGA-NP-A5H6,3,train
TCGA-NP-A5H7,3,train
TCGA-NQ-A57I,3,train
TCGA-NQ-A638,3,train
TCGA-O2-A52N,3,train
TCGA-O2-A52S,3,train
TCGA-O2-A52W,3,train
TCGA-O8-A75V,3,train
TCGA-O9-A75Z,3,train
TCGA-OE-A75W,3,train
TCGA-OK-A5Q2,3,train
TCGA-OL-A5D6,3,train
TCGA-OL-A5D8,3,train
TCGA-OL-A66H,3,train
TCGA-OL-A66I,3,train
TCGA-OL-A66L,3,train
TCGA-OL-A66N,3,train
TCGA-OL-A66O,3,train
TCGA-OL-A97C,3,train
TCGA-OR-A5J1,3,train
TCGA-OR-A5J2,3,train
TCGA-OR-A5J3,3,train
TCGA-OR-A5J6,3,train
TCGA-OR-A5J7,3,train
TCGA-OR-A5J8,3,train
TCGA-OR-A5JA,3,train
TCGA-OR-A5JB,3,train
TCGA-OR-A5JD,3,train
TCGA-OR-A5JE,3,train
TCGA-OR-A5JF,3,train
TCGA-OR-A5JK,3,train
TCGA-OR-A5JL,3,train
TCGA-OR-A5JM,3,train
TCGA-OR-A5JP,3,train
TCGA-OR-A5JR,3,train
TCGA-OR-A5JS,3,train
TCGA-OR-A5JZ,3,train
TCGA-OR-A5K0,3,train
TCGA-OR-A5K3,3,train
TCGA-OR-A5K5,3,train
TCGA-OR-A5K9,3,train
TCGA-OR-A5LL,3,train
TCGA-OR-A5LN,3,train
TCGA-OR-A5LR,3,train
TCGA-OR-A5LS,3,train
TCGA-OR-A5LT,3,train
TCGA-P3-A5Q5,3,train
TCGA-P3-A5Q6,3,train
TCGA-P3-A5QA,3,train
TCGA-P3-A5QE,3,train
TCGA-P3-A5QF,3,train
TCGA-P3-A6SX,3,train
TCGA-P3-A6T3,3,train
TCGA-P3-A6T4,3,train
TCGA-P3-A6T5,3,train
TCGA-P3-A6T7,3,train
TCGA-P3-A6T8,3,train
TCGA-P5-A72U,3,train
TCGA-P5-A72W,3,train
TCGA-P5-A72X,3,train
TCGA-P5-A730,3,train
TCGA-P5-A731,3,train
TCGA-P5-A733,3,train
TCGA-P5-A735,3,train
TCGA-P5-A77X,3,train
TCGA-P5-A780,3,train
TCGA-P5-A781,3,train
TCGA-P6-A5OG,3,train
TCGA-P7-A5NX,3,train
TCGA-P8-A5KC,3,train
TCGA-P8-A5KD,3,train
TCGA-PA-A5YG,3,train
TCGA-PC-A5DK,3,train
TCGA-PC-A5DL,3,train
TCGA-PC-A5DM,3,train
TCGA-PC-A5DO,3,train
TCGA-PD-A5DF,3,train
TCGA-PE-A5DC,3,train
TCGA-PE-A5DD,3,train
TCGA-PG-A6IB,3,train
TCGA-PG-A914,3,train
TCGA-PG-A916,3,train
TCGA-PJ-A5Z8,3,train
TCGA-PJ-A5Z9,3,train
TCGA-PJ-A8JU,3,train
TCGA-PK-A5H8,3,train
TCGA-PK-A5H9,3,train
TCGA-PK-A5HA,3,train
TCGA-PK-A5HB,3,train
TCGA-PK-A5HC,3,train
TCGA-PN-A8MA,3,train
TCGA-PQ-A6FI,3,train
TCGA-PQ-A6FN,3,train
TCGA-PR-A5PH,3,train
TCGA-PT-A8TR,3,train
TCGA-Q1-A5R3,3,train
TCGA-Q1-A6DV,3,train
TCGA-Q1-A73P,3,train
TCGA-Q1-A73Q,3,train
TCGA-Q1-A73R,3,train
TCGA-Q1-A73S,3,train
TCGA-Q2-A5QZ,3,train
TCGA-Q3-A5QY,3,train
TCGA-Q9-A6FU,3,train
TCGA-QA-A7B7,3,train
TCGA-QC-A6FX,3,train
TCGA-QC-A7B5,3,train
TCGA-QC-AA9N,3,train
TCGA-QD-A8IV,3,train
TCGA-QF-A5YS,3,train
TCGA-QF-A5YT,3,train
TCGA-QG-A5Z2,3,train
TCGA-QH-A65V,3,train
TCGA-QH-A65X,3,train
TCGA-QH-A65Z,3,train
TCGA-QH-A6CS,3,train
TCGA-QH-A6CU,3,train
TCGA-QH-A6CV,3,train
TCGA-QH-A6CW,3,train
TCGA-QH-A6CZ,3,train
TCGA-QH-A6X3,3,train
TCGA-QH-A6X4,3,train
TCGA-QH-A6X5,3,train
TCGA-QH-A6X8,3,train
TCGA-QH-A6X9,3,train
TCGA-QH-A6XC,3,train
TCGA-QH-A86X,3,train
TCGA-QH-A870,3,train
TCGA-QK-A64Z,3,train
TCGA-QK-A6IF,3,train
TCGA-QK-A6IH,3,train
TCGA-QK-A6II,3,train
TCGA-QK-A6V9,3,train
TCGA-QK-A6VB,3,train
TCGA-QK-A8Z7,3,train
TCGA-QK-A8Z8,3,train
TCGA-QK-A8Z9,3,train
TCGA-QK-A8ZB,3,train
TCGA-QQ-A5VA,3,train
TCGA-QQ-A5VB,3,train
TCGA-QQ-A5VD,3,train
TCGA-QQ-A8VB,3,train
TCGA-QQ-A8VF,3,train
TCGA-QQ-A8VH,3,train
TCGA-QR-A6GO,3,train
TCGA-QR-A6GR,3,train
TCGA-QR-A6GS,3,train
TCGA-QR-A6GT,3,train
TCGA-QR-A6GU,3,train
TCGA-QR-A6GW,3,train
TCGA-QR-A6GX,3,train
TCGA-QR-A6GY,3,train
TCGA-QR-A6H0,3,train
TCGA-QR-A6H2,3,train
TCGA-QR-A6H3,3,train
TCGA-QR-A6H4,3,train
TCGA-QR-A6H6,3,train
TCGA-QR-A6ZZ,3,train
TCGA-QR-A707,3,train
TCGA-QR-A708,3,train
TCGA-QR-A70A,3,train
TCGA-QR-A70C,3,train
TCGA-QR-A70D,3,train
TCGA-QR-A70E,3,train
TCGA-QR-A70G,3,train
TCGA-QR-A70H,3,train
TCGA-QR-A70I,3,train
TCGA-QR-A70J,3,train
TCGA-QR-A70K,3,train
TCGA-QR-A70M,3,train
TCGA-QR-A70N,3,train
TCGA-QR-A70P,3,train
TCGA-QR-A70U,3,train
TCGA-QR-A70V,3,train
TCGA-QR-A70X,3,train
TCGA-QR-A7IN,3,train
TCGA-QS-A5YQ,3,train
TCGA-QS-A5YR,3,train
TCGA-QS-A744,3,train
TCGA-QS-A8F1,3,train
TCGA-QT-A5XJ,3,train
TCGA-QT-A5XK,3,train
TCGA-QT-A5XL,3,train
TCGA-QT-A5XM,3,train
TCGA-QT-A5XO,3,train
TCGA-QT-A5XP,3,train
TCGA-QT-A69Q,3,train
TCGA-QT-A7U0,3,train
TCGA-QU-A6IL,3,train
TCGA-QU-A6IN,3,train
TCGA-QU-A6IO,3,train
TCGA-QU-A6IP,3,train
TCGA-R5-A7O7,3,train
TCGA-R5-A7ZE,3,train
TCGA-R5-A7ZF,3,train
TCGA-R5-A7ZI,3,train
TCGA-R5-A7ZR,3,train
TCGA-R5-A804,3,train
TCGA-R8-A6MK,3,train
TCGA-R8-A6ML,3,train
TCGA-R8-A6MO,3,train
TCGA-RB-AA9M,3,train
TCGA-RC-A6M3,3,train
TCGA-RC-A6M4,3,train
TCGA-RC-A6M5,3,train
TCGA-RC-A6M6,3,train
TCGA-RC-A7SH,3,train
TCGA-RD-A7BS,3,train
TCGA-RD-A7BT,3,train
TCGA-RD-A7BW,3,train
TCGA-RD-A7C1,3,train
TCGA-RD-A8MV,3,train
TCGA-RD-A8MW,3,train
TCGA-RD-A8N0,3,train
TCGA-RD-A8N1,3,train
TCGA-RD-A8N2,3,train
TCGA-RD-A8N4,3,train
TCGA-RD-A8N5,3,train
TCGA-RD-A8N6,3,train
TCGA-RD-A8NB,3,train
TCGA-RL-AAAS,3,train
TCGA-RN-AAAQ,3,train
TCGA-RR-A6KA,3,train
TCGA-RR-A6KB,3,train
TCGA-RS-A6TO,3,train
TCGA-RT-A6YC,3,train
TCGA-RW-A67V,3,train
TCGA-RW-A67X,3,train
TCGA-RW-A67Y,3,train
TCGA-RW-A680,3,train
TCGA-RW-A681,3,train
TCGA-RW-A684,3,train
TCGA-RW-A685,3,train
TCGA-RW-A686,3,train
TCGA-RW-A688,3,train
TCGA-RW-A689,3,train
TCGA-RW-A68B,3,train
TCGA-RW-A68C,3,train
TCGA-RW-A68D,3,train
TCGA-RW-A68F,3,train
TCGA-RW-A68G,3,train
TCGA-RW-A7CZ,3,train
TCGA-RW-A8AZ,3,train
TCGA-RY-A83X,3,train
TCGA-RY-A83Y,3,train
TCGA-RY-A840,3,train
TCGA-RY-A843,3,train
TCGA-RY-A845,3,train
TCGA-RY-A847,3,train
TCGA-RZ-AB0B,3,train
TCGA-S2-AA1A,3,train
TCGA-S3-A6ZF,3,train
TCGA-S3-A6ZG,3,train
TCGA-S3-A6ZH,3,train
TCGA-S3-AA0Z,3,train
TCGA-S3-AA10,3,train
TCGA-S3-AA11,3,train
TCGA-S3-AA12,3,train
TCGA-S3-AA15,3,train
TCGA-S4-A8RM,3,train
TCGA-S4-A8RO,3,train
TCGA-S4-A8RP,3,train
TCGA-S5-A6DX,3,train
TCGA-S6-A8JW,3,train
TCGA-S6-A8JX,3,train
TCGA-S6-A8JY,3,train
TCGA-S7-A7WM,3,train
TCGA-S7-A7WN,3,train
TCGA-S7-A7WP,3,train
TCGA-S7-A7WQ,3,train
TCGA-S7-A7WR,3,train
TCGA-S7-A7WT,3,train
TCGA-S7-A7WU,3,train
TCGA-S7-A7WV,3,train
TCGA-S7-A7WW,3,train
TCGA-S7-A7WX,3,train
TCGA-S7-A7X0,3,train
TCGA-S7-A7X2,3,train
TCGA-S8-A6BW,3,train
TCGA-S9-A6TS,3,train
TCGA-S9-A6TV,3,train
TCGA-S9-A6TW,3,train
TCGA-S9-A6TZ,3,train
TCGA-S9-A6U0,3,train
TCGA-S9-A6U1,3,train
TCGA-S9-A6U2,3,train
TCGA-S9-A6U6,3,train
TCGA-S9-A6U8,3,train
TCGA-S9-A6U9,3,train
TCGA-S9-A6UB,3,train
TCGA-S9-A6WD,3,train
TCGA-S9-A6WG,3,train
TCGA-S9-A6WH,3,train
TCGA-S9-A6WI,3,train
TCGA-S9-A6WM,3,train
TCGA-S9-A6WO,3,train
TCGA-S9-A6WP,3,train
TCGA-S9-A6WQ,3,train
TCGA-S9-A7IS,3,train
TCGA-S9-A7IZ,3,train
TCGA-S9-A7J0,3,train
TCGA-S9-A7J1,3,train
TCGA-S9-A7J2,3,train
TCGA-S9-A7QW,3,train
TCGA-S9-A7QX,3,train
TCGA-S9-A7QZ,3,train
TCGA-S9-A7R1,3,train
TCGA-S9-A7R4,3,train
TCGA-S9-A7R8,3,train
TCGA-S9-A89Z,3,train
TCGA-SA-A6C2,3,train
TCGA-SB-A6J6,3,train
TCGA-SB-A76C,3,train
TCGA-SC-A6LM,3,train
TCGA-SC-A6LQ,3,train
TCGA-SG-A6Z7,3,train
TCGA-SG-A849,3,train
TCGA-SH-A7BC,3,train
TCGA-SH-A7BH,3,train
TCGA-SH-A9CT,3,train
TCGA-SH-A9CU,3,train
TCGA-SI-A71O,3,train
TCGA-SI-A71P,3,train
TCGA-SI-A71Q,3,train
TCGA-SI-AA8B,3,train
TCGA-SI-AA8C,3,train
TCGA-SJ-A6ZI,3,train
TCGA-SL-A6JA,3,train
TCGA-SN-A84W,3,train
TCGA-SN-A84X,3,train
TCGA-SN-A84Y,3,train
TCGA-SO-A8JP,3,train
TCGA-SP-A6QC,3,train
TCGA-SP-A6QD,3,train
TCGA-SP-A6QF,3,train
TCGA-SP-A6QG,3,train
TCGA-SP-A6QH,3,train
TCGA-SP-A6QJ,3,train
TCGA-SP-A6QK,3,train
TCGA-SQ-A6I4,3,train
TCGA-SR-A6MP,3,train
TCGA-SR-A6MR,3,train
TCGA-SR-A6MU,3,train
TCGA-SR-A6MV,3,train
TCGA-SR-A6MX,3,train
TCGA-SR-A6MY,3,train
TCGA-SR-A6MZ,3,train
TCGA-SU-A7E7,3,train
TCGA-SW-A7EB,3,train
TCGA-SX-A71R,3,train
TCGA-SX-A71S,3,train
TCGA-SX-A71U,3,train
TCGA-SX-A71V,3,train
TCGA-SX-A71W,3,train
TCGA-SX-A7SL,3,train
TCGA-SX-A7SM,3,train
TCGA-SX-A7SN,3,train
TCGA-SX-A7SO,3,train
TCGA-SX-A7SQ,3,train
TCGA-SY-A9G0,3,train
TCGA-SY-A9G5,3,train
TCGA-T1-A6J8,3,train
TCGA-T2-A6WX,3,train
TCGA-T2-A6WZ,3,train
TCGA-T2-A6X0,3,train
TCGA-T2-A6X2,3,train
TCGA-T3-A92M,3,train
TCGA-T9-A92H,3,train
TCGA-TM-A7C4,3,train
TCGA-TM-A84H,3,train
TCGA-TM-A84J,3,train
TCGA-TM-A84O,3,train
TCGA-TM-A84R,3,train
TCGA-TM-A84S,3,train
TCGA-TN-A7HJ,3,train
TCGA-TN-A7HL,3,train
TCGA-TP-A8TV,3,train
TCGA-TQ-A7RF,3,train
TCGA-TQ-A7RG,3,train
TCGA-TQ-A7RH,3,train
TCGA-TQ-A7RJ,3,train
TCGA-TQ-A7RK,3,train
TCGA-TQ-A7RM,3,train
TCGA-TQ-A7RN,3,train
TCGA-TQ-A7RO,3,train
TCGA-TQ-A7RQ,3,train
TCGA-TQ-A7RR,3,train
TCGA-TQ-A7RS,3,train
TCGA-TQ-A7RU,3,train
TCGA-TQ-A7RW,3,train
TCGA-TS-A7OU,3,train
TCGA-TS-A7OY,3,train
TCGA-TS-A7P3,3,train
TCGA-TS-A7P6,3,train
TCGA-TS-A7P7,3,train
TCGA-TS-A7P8,3,train
TCGA-TS-A7PB,3,train
TCGA-TS-A8AF,3,train
TCGA-TS-A8AI,3,train
TCGA-TS-A8AS,3,train
TCGA-TS-A8AY,3,train
TCGA-TT-A6YJ,3,train
TCGA-TT-A6YN,3,train
TCGA-UB-A7MA,3,train
TCGA-UB-A7MB,3,train
TCGA-UB-A7MD,3,train
TCGA-UB-A7ME,3,train
TCGA-UB-A7MF,3,train
TCGA-UB-AA0V,3,train
TCGA-UD-AABY,3,train
TCGA-UD-AABZ,3,train
TCGA-UD-AAC4,3,train
TCGA-UD-AAC6,3,train
TCGA-UD-AAC7,3,train
TCGA-UF-A719,3,train
TCGA-UF-A71B,3,train
TCGA-UF-A71E,3,train
TCGA-UF-A7J9,3,train
TCGA-UF-A7JD,3,train
TCGA-UF-A7JF,3,train
TCGA-UF-A7JH,3,train
TCGA-UF-A7JJ,3,train
TCGA-UF-A7JK,3,train
TCGA-UF-A7JS,3,train
TCGA-UF-A7JV,3,train
TCGA-US-A774,3,train
TCGA-US-A776,3,train
TCGA-US-A779,3,train
TCGA-US-A77E,3,train
TCGA-US-A77G,3,train
TCGA-US-A77J,3,train
TCGA-UT-A88C,3,train
TCGA-UT-A88D,3,train
TCGA-UT-A88G,3,train
TCGA-UU-A93S,3,train
TCGA-UW-A72H,3,train
TCGA-UW-A72I,3,train
TCGA-UW-A72K,3,train
TCGA-UW-A72L,3,train
TCGA-UW-A72N,3,train
TCGA-UW-A72O,3,train
TCGA-UW-A72Q,3,train
TCGA-UW-A72R,3,train
TCGA-UW-A72T,3,train
TCGA-UY-A78L,3,train
TCGA-UY-A78M,3,train
TCGA-UY-A78O,3,train
TCGA-UY-A8OC,3,train
TCGA-UY-A8OD,3,train
TCGA-UY-A9PA,3,train
TCGA-UY-A9PD,3,train
TCGA-UY-A9PE,3,train
TCGA-UY-A9PF,3,train
TCGA-UY-A9PH,3,train
TCGA-UZ-A9PJ,3,train
TCGA-UZ-A9PL,3,train
TCGA-UZ-A9PM,3,train
TCGA-UZ-A9PN,3,train
TCGA-UZ-A9PO,3,train
TCGA-UZ-A9PP,3,train
TCGA-UZ-A9PR,3,train
TCGA-UZ-A9PS,3,train
TCGA-UZ-A9PU,3,train
TCGA-UZ-A9PZ,3,train
TCGA-UZ-A9Q0,3,train
TCGA-V1-A8MF,3,train
TCGA-V1-A8MG,3,train
TCGA-V1-A8MJ,3,train
TCGA-V1-A8MK,3,train
TCGA-V1-A8MM,3,train
TCGA-V1-A8MU,3,train
TCGA-V1-A8WN,3,train
TCGA-V1-A8WV,3,train
TCGA-V1-A8WW,3,train
TCGA-V1-A9O7,3,train
TCGA-V1-A9O9,3,train
TCGA-V1-A9OH,3,train
TCGA-V1-A9OL,3,train
TCGA-V1-A9OT,3,train
TCGA-V1-A9Z8,3,train
TCGA-V1-A9ZK,3,train
TCGA-V3-A9ZX,3,train
TCGA-V3-A9ZY,3,train
TCGA-V4-A9E5,3,train
TCGA-V4-A9E7,3,train
TCGA-V4-A9E8,3,train
TCGA-V4-A9EA,3,train
TCGA-V4-A9EC,3,train
TCGA-V4-A9EE,3,train
TCGA-V4-A9EF,3,train
TCGA-V4-A9EH,3,train
TCGA-V4-A9EI,3,train
TCGA-V4-A9EJ,3,train
TCGA-V4-A9EO,3,train
TCGA-V4-A9ET,3,train
TCGA-V4-A9EU,3,train
TCGA-V4-A9EW,3,train
TCGA-V4-A9F0,3,train
TCGA-V4-A9F1,3,train
TCGA-V4-A9F2,3,train
TCGA-V4-A9F3,3,train
TCGA-V4-A9F5,3,train
TCGA-V4-A9F7,3,train
TCGA-V4-A9F8,3,train
TCGA-V5-A7RB,3,train
TCGA-V5-A7RC,3,train
TCGA-V5-AASV,3,train
TCGA-V5-AASW,3,train
TCGA-VD-A8K7,3,train
TCGA-VD-A8K8,3,train
TCGA-VD-A8K9,3,train
TCGA-VD-A8KA,3,train
TCGA-VD-A8KD,3,train
TCGA-VD-A8KE,3,train
TCGA-VD-A8KF,3,train
TCGA-VD-A8KG,3,train
TCGA-VD-A8KH,3,train
TCGA-VD-A8KJ,3,train
TCGA-VD-A8KK,3,train
TCGA-VD-A8KL,3,train
TCGA-VD-A8KN,3,train
TCGA-VD-A8KO,3,train
TCGA-VD-AA8M,3,train
TCGA-VD-AA8N,3,train
TCGA-VD-AA8P,3,train
TCGA-VD-AA8R,3,train
TCGA-VD-AA8S,3,train
TCGA-VF-A8A8,3,train
TCGA-VF-A8A9,3,train
TCGA-VF-A8AA,3,train
TCGA-VF-A8AB,3,train
TCGA-VF-A8AC,3,train
TCGA-VF-A8AE,3,train
TCGA-VM-A8C8,3,train
TCGA-VM-A8CA,3,train
TCGA-VM-A8CB,3,train
TCGA-VM-A8CE,3,train
TCGA-VM-A8CF,3,train
TCGA-VM-A8CH,3,train
TCGA-VP-A872,3,train
TCGA-VP-A875,3,train
TCGA-VP-A876,3,train
TCGA-VP-A878,3,train
TCGA-VP-A879,3,train
TCGA-VP-A87B,3,train
TCGA-VP-A87D,3,train
TCGA-VP-A87J,3,train
TCGA-VP-A87K,3,train
TCGA-VQ-A8DL,3,train
TCGA-VQ-A8DT,3,train
TCGA-VQ-A8DU,3,train
TCGA-VQ-A8DV,3,train
TCGA-VQ-A8DZ,3,train
TCGA-VQ-A8E0,3,train
TCGA-VQ-A8E3,3,train
TCGA-VQ-A8E7,3,train
TCGA-VQ-A8P2,3,train
TCGA-VQ-A8P3,3,train
TCGA-VQ-A8P5,3,train
TCGA-VQ-A8P8,3,train
TCGA-VQ-A8PB,3,train
TCGA-VQ-A8PC,3,train
TCGA-VQ-A8PE,3,train
TCGA-VQ-A8PF,3,train
TCGA-VQ-A8PH,3,train
TCGA-VQ-A8PJ,3,train
TCGA-VQ-A8PK,3,train
TCGA-VQ-A8PM,3,train
TCGA-VQ-A8PO,3,train
TCGA-VQ-A8PP,3,train
TCGA-VQ-A8PQ,3,train
TCGA-VQ-A8PS,3,train
TCGA-VQ-A8PU,3,train
TCGA-VQ-A8PX,3,train
TCGA-VQ-A8PY,3,train
TCGA-VQ-A8PZ,3,train
TCGA-VQ-A91A,3,train
TCGA-VQ-A91E,3,train
TCGA-VQ-A91K,3,train
TCGA-VQ-A91N,3,train
TCGA-VQ-A91Q,3,train
TCGA-VQ-A91U,3,train
TCGA-VQ-A91V,3,train
TCGA-VQ-A91W,3,train
TCGA-VQ-A91X,3,train
TCGA-VQ-A922,3,train
TCGA-VQ-A923,3,train
TCGA-VQ-A924,3,train
TCGA-VQ-A925,3,train
TCGA-VQ-A927,3,train
TCGA-VQ-A928,3,train
TCGA-VQ-A94O,3,train
TCGA-VQ-A94P,3,train
TCGA-VQ-A94T,3,train
TCGA-VQ-AA64,3,train
TCGA-VQ-AA69,3,train
TCGA-VQ-AA6A,3,train
TCGA-VQ-AA6F,3,train
TCGA-VQ-AA6I,3,train
TCGA-VQ-AA6J,3,train
TCGA-VQ-AA6K,3,train
TCGA-VR-A8EO,3,train
TCGA-VR-A8EP,3,train
TCGA-VR-A8EQ,3,train
TCGA-VR-A8EU,3,train
TCGA-VR-A8EW,3,train
TCGA-VR-A8EX,3,train
TCGA-VR-A8EY,3,train
TCGA-VR-A8EZ,3,train
TCGA-VR-A8Q7,3,train
TCGA-VR-AA4D,3,train
TCGA-VR-AA4G,3,train
TCGA-VR-AA7B,3,train
TCGA-VR-AA7D,3,train
TCGA-VS-A8EC,3,train
TCGA-VS-A8EH,3,train
TCGA-VS-A8EI,3,train
TCGA-VS-A8EJ,3,train
TCGA-VS-A8EK,3,train
TCGA-VS-A8Q8,3,train
TCGA-VS-A8Q9,3,train
TCGA-VS-A8QA,3,train
TCGA-VS-A8QC,3,train
TCGA-VS-A8QF,3,train
TCGA-VS-A8QH,3,train
TCGA-VS-A8QM,3,train
TCGA-VS-A94W,3,train
TCGA-VS-A94X,3,train
TCGA-VS-A94Y,3,train
TCGA-VS-A950,3,train
TCGA-VS-A953,3,train
TCGA-VS-A954,3,train
TCGA-VS-A957,3,train
TCGA-VS-A9U5,3,train
TCGA-VS-A9U6,3,train
TCGA-VS-A9U7,3,train
TCGA-VS-A9UA,3,train
TCGA-VS-A9UB,3,train
TCGA-VS-A9UC,3,train
TCGA-VS-A9UD,3,train
TCGA-VS-A9UH,3,train
TCGA-VS-A9UI,3,train
TCGA-VS-A9UP,3,train
TCGA-VS-A9UQ,3,train
TCGA-VS-A9UR,3,train
TCGA-VS-A9UT,3,train
TCGA-VS-A9UU,3,train
TCGA-VS-A9UV,3,train
TCGA-VS-A9V2,3,train
TCGA-VS-A9V3,3,train
TCGA-VS-A9V4,3,train
TCGA-VS-A9V5,3,train
TCGA-VS-AA62,3,train
TCGA-VT-A80G,3,train
TCGA-VT-A80J,3,train
TCGA-VV-A829,3,train
TCGA-VV-A86M,3,train
TCGA-W2-A7H5,3,train
TCGA-W2-A7HA,3,train
TCGA-W2-A7HF,3,train
TCGA-W2-A7HH,3,train
TCGA-W2-A7UY,3,train
TCGA-W4-A7U3,3,train
TCGA-W4-A7U4,3,train
TCGA-W8-A86G,3,train
TCGA-WB-A80K,3,train
TCGA-WB-A80L,3,train
TCGA-WB-A80M,3,train
TCGA-WB-A80N,3,train
TCGA-WB-A80Q,3,train
TCGA-WB-A80V,3,train
TCGA-WB-A80Y,3,train
TCGA-WB-A814,3,train
TCGA-WB-A816,3,train
TCGA-WB-A817,3,train
TCGA-WB-A819,3,train
TCGA-WB-A81A,3,train
TCGA-WB-A81E,3,train
TCGA-WB-A81F,3,train
TCGA-WB-A81G,3,train
TCGA-WB-A81H,3,train
TCGA-WB-A81I,3,train
TCGA-WB-A81J,3,train
TCGA-WB-A81K,3,train
TCGA-WB-A81M,3,train
TCGA-WB-A81Q,3,train
TCGA-WB-A81R,3,train
TCGA-WB-A81S,3,train
TCGA-WB-A81T,3,train
TCGA-WB-A81V,3,train
TCGA-WB-A81W,3,train
TCGA-WB-A820,3,train
TCGA-WB-A822,3,train
TCGA-WC-A87T,3,train
TCGA-WC-A87U,3,train
TCGA-WC-A87W,3,train
TCGA-WC-A880,3,train
TCGA-WC-A882,3,train
TCGA-WC-A883,3,train
TCGA-WC-A884,3,train
TCGA-WC-A885,3,train
TCGA-WC-A888,3,train
TCGA-WC-A88A,3,train
TCGA-WC-AA9A,3,train
TCGA-WE-A8K4,3,train
TCGA-WJ-A86L,3,train
TCGA-WK-A8XQ,3,train
TCGA-WK-A8XS,3,train
TCGA-WK-A8XT,3,train
TCGA-WK-A8XX,3,train
TCGA-WK-A8Y0,3,train
TCGA-WL-A834,3,train
TCGA-WN-A9G9,3,train
TCGA-WN-AB4C,3,train
TCGA-WP-A9GB,3,train
TCGA-WQ-AB4B,3,train
TCGA-WS-AB45,3,train
TCGA-WT-AB41,3,train
TCGA-WW-A8ZI,3,train
TCGA-WX-AA44,3,train
TCGA-WX-AA46,3,train
TCGA-WY-A858,3,train
TCGA-WY-A85A,3,train
TCGA-WY-A85B,3,train
TCGA-WZ-A7V3,3,train
TCGA-WZ-A8D5,3,train
TCGA-X3-A8G4,3,train
TCGA-X4-A8KQ,3,train
TCGA-X4-A8KS,3,train
TCGA-X6-A7W8,3,train
TCGA-X6-A7WA,3,train
TCGA-X6-A7WD,3,train
TCGA-X6-A8C4,3,train
TCGA-X6-A8C5,3,train
TCGA-X6-A8C6,3,train
TCGA-X6-A8C7,3,train
TCGA-X7-A8D7,3,train
TCGA-X7-A8D9,3,train
TCGA-X7-A8DB,3,train
TCGA-X7-A8DC,3,train
TCGA-X7-A8DD,3,train
TCGA-X7-A8DE,3,train
TCGA-X7-A8DF,3,train
TCGA-X7-A8DG,3,train
TCGA-X7-A8DJ,3,train
TCGA-X7-A8M0,3,train
TCGA-X7-A8M1,3,train
TCGA-X7-A8M3,3,train
TCGA-X7-A8M4,3,train
TCGA-X7-A8M6,3,train
TCGA-X7-A8M7,3,train
TCGA-X7-A8M8,3,train
TCGA-X9-A973,3,train
TCGA-XD-AAUG,3,train
TCGA-XD-AAUH,3,train
TCGA-XD-AAUL,3,train
TCGA-XE-A8H5,3,train
TCGA-XE-AANV,3,train
TCGA-XE-AAO6,3,train
TCGA-XE-AAOB,3,train
TCGA-XE-AAOC,3,train
TCGA-XE-AAOD,3,train
TCGA-XE-AAOF,3,train
TCGA-XE-AAOL,3,train
TCGA-XF-A8HB,3,train
TCGA-XF-A8HC,3,train
TCGA-XF-A8HE,3,train
TCGA-XF-A8HF,3,train
TCGA-XF-A8HG,3,train
TCGA-XF-A8HH,3,train
TCGA-XF-A8HI,3,train
TCGA-XF-A9SG,3,train
TCGA-XF-A9SH,3,train
TCGA-XF-A9SI,3,train
TCGA-XF-A9SJ,3,train
TCGA-XF-A9SK,3,train
TCGA-XF-A9SL,3,train
TCGA-XF-A9SM,3,train
TCGA-XF-A9SP,3,train
TCGA-XF-A9ST,3,train
TCGA-XF-A9SV,3,train
TCGA-XF-A9SX,3,train
TCGA-XF-A9SY,3,train
TCGA-XF-A9SZ,3,train
TCGA-XF-A9T0,3,train
TCGA-XF-A9T2,3,train
TCGA-XF-A9T3,3,train
TCGA-XF-A9T4,3,train
TCGA-XF-A9T5,3,train
TCGA-XF-A9T6,3,train
TCGA-XF-A9T8,3,train
TCGA-XF-AAMF,3,train
TCGA-XF-AAMG,3,train
TCGA-XF-AAMH,3,train
TCGA-XF-AAMJ,3,train
TCGA-XF-AAML,3,train
TCGA-XF-AAMQ,3,train
TCGA-XF-AAMR,3,train
TCGA-XF-AAMW,3,train
TCGA-XF-AAMY,3,train
TCGA-XF-AAMZ,3,train
TCGA-XF-AAN0,3,train
TCGA-XF-AAN1,3,train
TCGA-XF-AAN3,3,train
TCGA-XF-AAN5,3,train
TCGA-XF-AAN7,3,train
TCGA-XF-AAN8,3,train
TCGA-XJ-A83F,3,train
TCGA-XJ-A83G,3,train
TCGA-XJ-A83H,3,train
TCGA-XJ-A9DI,3,train
TCGA-XJ-A9DK,3,train
TCGA-XJ-A9DQ,3,train
TCGA-XJ-A9DX,3,train
TCGA-XK-AAIW,3,train
TCGA-XK-AAJ3,3,train
TCGA-XK-AAJA,3,train
TCGA-XK-AAJP,3,train
TCGA-XK-AAJT,3,train
TCGA-XK-AAJU,3,train
TCGA-XK-AAK1,3,train
TCGA-XM-A8R9,3,train
TCGA-XM-A8RB,3,train
TCGA-XM-A8RC,3,train
TCGA-XM-A8RE,3,train
TCGA-XM-A8RG,3,train
TCGA-XM-A8RH,3,train
TCGA-XM-A8RI,3,train
TCGA-XM-AAZ1,3,train
TCGA-XM-AAZ2,3,train
TCGA-XM-AAZ3,3,train
TCGA-XN-A8T3,3,train
TCGA-XN-A8T5,3,train
TCGA-XP-A8T6,3,train
TCGA-XP-A8T7,3,train
TCGA-XQ-A8TA,3,train
TCGA-XQ-A8TB,3,train
TCGA-XR-A8TC,3,train
TCGA-XR-A8TE,3,train
TCGA-XR-A8TF,3,train
TCGA-XR-A8TG,3,train
TCGA-XS-A8TJ,3,train
TCGA-XU-A92O,3,train
TCGA-XU-A92Q,3,train
TCGA-XU-A92R,3,train
TCGA-XU-A92T,3,train
TCGA-XU-A92U,3,train
TCGA-XU-A92V,3,train
TCGA-XU-A92W,3,train
TCGA-XU-A92X,3,train
TCGA-XU-A930,3,train
TCGA-XU-A933,3,train
TCGA-XU-A936,3,train
TCGA-XU-AAXV,3,train
TCGA-XU-AAXX,3,train
TCGA-XU-AAY0,3,train
TCGA-XU-AAY1,3,train
TCGA-XV-A9VZ,3,train
TCGA-XV-A9W2,3,train
TCGA-XV-AAZV,3,train
TCGA-XV-AAZW,3,train
TCGA-XV-AAZY,3,train
TCGA-XX-A89A,3,train
TCGA-XY-A8S2,3,train
TCGA-XY-A8S3,3,train
TCGA-XY-A9T9,3,train
TCGA-Y8-A895,3,train
TCGA-Y8-A896,3,train
TCGA-Y8-A898,3,train
TCGA-Y8-A8RY,3,train
TCGA-Y8-A8RZ,3,train
TCGA-Y8-A8S0,3,train
TCGA-YB-A89D,3,train
TCGA-YC-A89H,3,train
TCGA-YC-A8S6,3,train
TCGA-YF-AA3L,3,train
TCGA-YF-AA3M,3,train
TCGA-YG-AA3N,3,train
TCGA-YL-A8HJ,3,train
TCGA-YL-A8HK,3,train
TCGA-YL-A8HM,3,train
TCGA-YL-A8S9,3,train
TCGA-YL-A8SA,3,train
TCGA-YL-A8SB,3,train
TCGA-YL-A8SC,3,train
TCGA-YL-A8SF,3,train
TCGA-YL-A8SH,3,train
TCGA-YL-A8SI,3,train
TCGA-YL-A8SK,3,train
TCGA-YL-A8SL,3,train
TCGA-YL-A8SO,3,train
TCGA-YL-A8SP,3,train
TCGA-YL-A8SR,3,train
TCGA-YL-A9WH,3,train
TCGA-YL-A9WI,3,train
TCGA-YL-A9WJ,3,train
TCGA-YL-A9WK,3,train
TCGA-YL-A9WX,3,train
TCGA-YL-A9WY,3,train
TCGA-YS-A95B,3,train
TCGA-YS-A95C,3,train
TCGA-YS-AA4M,3,train
TCGA-YT-A95E,3,train
TCGA-YT-A95F,3,train
TCGA-YT-A95G,3,train
TCGA-YT-A95H,3,train
TCGA-YU-A90P,3,train
TCGA-YU-A90S,3,train
TCGA-YU-A90W,3,train
TCGA-YU-A94D,3,train
TCGA-YU-A94I,3,train
TCGA-YU-AA4L,3,train
TCGA-YU-AA61,3,train
TCGA-YY-A8LH,3,train
TCGA-YZ-A982,3,train
TCGA-YZ-A983,3,train
TCGA-YZ-A985,3,train
TCGA-Z4-A8JB,3,train
TCGA-Z4-A9VC,3,train
TCGA-Z4-AAPF,3,train
TCGA-Z4-AAPG,3,train
TCGA-Z6-A8JD,3,train
TCGA-Z6-AAPN,3,train
TCGA-Z7-A8R5,3,train
TCGA-ZB-A962,3,train
TCGA-ZB-A963,3,train
TCGA-ZB-A965,3,train
TCGA-ZB-A966,3,train
TCGA-ZB-A969,3,train
TCGA-ZB-A96A,3,train
TCGA-ZB-A96B,3,train
TCGA-ZB-A96C,3,train
TCGA-ZB-A96D,3,train
TCGA-ZB-A96E,3,train
TCGA-ZB-A96F,3,train
TCGA-ZB-A96G,3,train
TCGA-ZB-A96I,3,train
TCGA-ZB-A96K,3,train
TCGA-ZB-A96M,3,train
TCGA-ZB-A96P,3,train
TCGA-ZB-A96R,3,train
TCGA-ZB-A96V,3,train
TCGA-ZC-AAAA,3,train
TCGA-ZF-A9R0,3,train
TCGA-ZF-A9R1,3,train
TCGA-ZF-A9R3,3,train
TCGA-ZF-A9R4,3,train
TCGA-ZF-A9R5,3,train
TCGA-ZF-A9R7,3,train
TCGA-ZF-A9R9,3,train
TCGA-ZF-A9RC,3,train
TCGA-ZF-A9RD,3,train
TCGA-ZF-A9RE,3,train
TCGA-ZF-A9RG,3,train
TCGA-ZF-A9RL,3,train
TCGA-ZF-A9RN,3,train
TCGA-ZF-AA4R,3,train
TCGA-ZF-AA4T,3,train
TCGA-ZF-AA4U,3,train
TCGA-ZF-AA4V,3,train
TCGA-ZF-AA4W,3,train
TCGA-ZF-AA4X,3,train
TCGA-ZF-AA51,3,train
TCGA-ZF-AA52,3,train
TCGA-ZF-AA53,3,train
TCGA-ZF-AA54,3,train
TCGA-ZF-AA5H,3,train
TCGA-ZF-AA5N,3,train
TCGA-ZF-AA5P,3,train
TCGA-ZJ-A8QO,3,train
TCGA-ZJ-A8QQ,3,train
TCGA-ZJ-AAX4,3,train
TCGA-ZJ-AAXA,3,train
TCGA-ZJ-AAXJ,3,train
TCGA-ZJ-AAXN,3,train
TCGA-ZJ-AB0H,3,train
TCGA-ZJ-AB0I,3,train
TCGA-ZM-AA05,3,train
TCGA-ZM-AA06,3,train
TCGA-ZM-AA0B,3,train
TCGA-ZM-AA0D,3,train
TCGA-ZM-AA0E,3,train
TCGA-ZM-AA0N,3,train
TCGA-ZN-A9VO,3,train
TCGA-ZN-A9VU,3,train
TCGA-ZP-A9CV,3,train
TCGA-ZP-A9CZ,3,train
TCGA-ZP-A9D0,3,train
TCGA-ZQ-A9CR,3,train
TCGA-ZS-A9CD,3,train
TCGA-ZS-A9CE,3,train
TCGA-02-0016,3,val
TCGA-02-0033,3,val
TCGA-05-4396,3,val
TCGA-05-4398,3,val
TCGA-05-4402,3,val
TCGA-05-4426,3,val
TCGA-05-4430,3,val
TCGA-05-4434,3,val
TCGA-06-0124,3,val
TCGA-06-0128,3,val
TCGA-06-0139,3,val
TCGA-06-0169,3,val
TCGA-06-0171,3,val
TCGA-06-0174,3,val
TCGA-06-0192,3,val
TCGA-06-0221,3,val
TCGA-06-0645,3,val
TCGA-06-0686,3,val
TCGA-06-0743,3,val
TCGA-06-0877,3,val
TCGA-06-1802,3,val
TCGA-06-1805,3,val
TCGA-06-5408,3,val
TCGA-06-5411,3,val
TCGA-06-5415,3,val
TCGA-12-0821,3,val
TCGA-12-1089,3,val
TCGA-12-3653,3,val
TCGA-14-0813,3,val
TCGA-19-1787,3,val
TCGA-19-1788,3,val
TCGA-19-1791,3,val
TCGA-19-2624,3,val
TCGA-19-5950,3,val
TCGA-19-5954,3,val
TCGA-19-5956,3,val
TCGA-19-5959,3,val
TCGA-19-A60I,3,val
TCGA-19-A6J5,3,val
TCGA-21-A5DI,3,val
TCGA-23-1109,3,val
TCGA-23-1118,3,val
TCGA-23-1119,3,val
TCGA-23-1121,3,val
TCGA-23-2078,3,val
TCGA-23-2081,3,val
TCGA-25-1870,3,val
TCGA-25-1871,3,val
TCGA-25-2390,3,val
TCGA-26-1440,3,val
TCGA-26-5133,3,val
TCGA-26-5135,3,val
TCGA-27-1830,3,val
TCGA-28-1751,3,val
TCGA-2A-A8VL,3,val
TCGA-2E-A9G8,3,val
TCGA-2F-A9KR,3,val
TCGA-2F-A9KW,3,val
TCGA-2G-AAFJ,3,val
TCGA-2G-AAFN,3,val
TCGA-2G-AAFO,3,val
TCGA-2G-AAG3,3,val
TCGA-2G-AAGA,3,val
TCGA-2G-AAGF,3,val
TCGA-2G-AAGJ,3,val
TCGA-2G-AAGN,3,val
TCGA-2G-AAGO,3,val
TCGA-2G-AAGV,3,val
TCGA-2G-AAGZ,3,val
TCGA-2G-AAKG,3,val
TCGA-2G-AAKL,3,val
TCGA-2G-AAL5,3,val
TCGA-2G-AALO,3,val
TCGA-2G-AALR,3,val
TCGA-2J-AAB1,3,val
TCGA-2J-AABF,3,val
TCGA-2J-AABH,3,val
TCGA-2J-AABO,3,val
TCGA-2J-AABP,3,val
TCGA-2L-AAQE,3,val
TCGA-2L-AAQL,3,val
TCGA-2Y-A9GY,3,val
TCGA-2Y-A9H3,3,val
TCGA-2Y-A9H4,3,val
TCGA-2Z-A9J3,3,val
TCGA-2Z-A9J6,3,val
TCGA-2Z-A9J9,3,val
TCGA-2Z-A9JD,3,val
TCGA-2Z-A9JJ,3,val
TCGA-2Z-A9JL,3,val
TCGA-2Z-A9JM,3,val
TCGA-34-7107,3,val
TCGA-37-3783,3,val
TCGA-37-4141,3,val
TCGA-37-A5EL,3,val
TCGA-37-A5EN,3,val
TCGA-3A-A9IB,3,val
TCGA-3A-A9IH,3,val
TCGA-3A-A9IN,3,val
TCGA-3A-A9IV,3,val
TCGA-3A-A9IX,3,val
TCGA-3B-A9HJ,3,val
TCGA-3B-A9HL,3,val
TCGA-3B-A9HS,3,val
TCGA-3B-A9HT,3,val
TCGA-3B-A9HV,3,val
TCGA-3B-A9I0,3,val
TCGA-3C-AALK,3,val
TCGA-3H-AB3S,3,val
TCGA-3M-AB47,3,val
TCGA-3Q-A9WF,3,val
TCGA-3R-A8YX,3,val
TCGA-3T-AA9L,3,val
TCGA-3U-A98I,3,val
TCGA-41-2573,3,val
TCGA-42-2589,3,val
TCGA-43-5668,3,val
TCGA-44-2655,3,val
TCGA-44-2665,3,val
TCGA-44-5643,3,val
TCGA-44-6776,3,val
TCGA-46-6026,3,val
TCGA-49-6743,3,val
TCGA-4B-A93V,3,val
TCGA-4C-A93U,3,val
TCGA-4K-AAAL,3,val
TCGA-4W-AA9S,3,val
TCGA-4X-A9FC,3,val
TCGA-50-5931,3,val
TCGA-53-7626,3,val
TCGA-55-5899,3,val
TCGA-55-6712,3,val
TCGA-55-7576,3,val
TCGA-55-8204,3,val
TCGA-55-8507,3,val
TCGA-55-8614,3,val
TCGA-55-A48Y,3,val
TCGA-55-A492,3,val
TCGA-55-A4DF,3,val
TCGA-56-5898,3,val
TCGA-56-7582,3,val
TCGA-56-8304,3,val
TCGA-56-8307,3,val
TCGA-56-8308,3,val
TCGA-56-8309,3,val
TCGA-56-8623,3,val
TCGA-56-8629,3,val
TCGA-58-A46J,3,val
TCGA-58-A46L,3,val
TCGA-58-A46M,3,val
TCGA-5C-AAPD,3,val
TCGA-5M-AAT6,3,val
TCGA-5P-A9K0,3,val
TCGA-5R-AA1D,3,val
TCGA-5R-AAAM,3,val
TCGA-5S-A9Q8,3,val
TCGA-63-7020,3,val
TCGA-63-A5MW,3,val
TCGA-64-5815,3,val
TCGA-73-A9RS,3,val
TCGA-75-5147,3,val
TCGA-77-6845,3,val
TCGA-77-7139,3,val
TCGA-77-8138,3,val
TCGA-77-8144,3,val
TCGA-77-8154,3,val
TCGA-77-A5G1,3,val
TCGA-77-A5G6,3,val
TCGA-78-7156,3,val
TCGA-78-7161,3,val
TCGA-78-8640,3,val
TCGA-79-5596,3,val
TCGA-85-6798,3,val
TCGA-85-7697,3,val
TCGA-85-7698,3,val
TCGA-85-7699,3,val
TCGA-85-7710,3,val
TCGA-85-7950,3,val
TCGA-85-8070,3,val
TCGA-85-8580,3,val
TCGA-85-8664,3,val
TCGA-85-8666,3,val
TCGA-85-A512,3,val
TCGA-86-7711,3,val
TCGA-86-7955,3,val
TCGA-86-A4JF,3,val
TCGA-92-8063,3,val
TCGA-93-A4JQ,3,val
TCGA-94-8035,3,val
TCGA-94-8490,3,val
TCGA-94-8491,3,val
TCGA-94-A5I4,3,val
TCGA-96-8169,3,val
TCGA-96-A4JK,3,val
TCGA-97-8172,3,val
TCGA-97-8179,3,val
TCGA-97-A4M3,3,val
TCGA-98-8020,3,val
TCGA-A2-A04U,3,val
TCGA-A2-A0CZ,3,val
TCGA-A2-A0ST,3,val
TCGA-A2-A0T1,3,val
TCGA-A2-A0YJ,3,val
TCGA-A2-A1G6,3,val
TCGA-A2-A259,3,val
TCGA-A2-A3KC,3,val
TCGA-A2-A3XT,3,val
TCGA-A2-A3XV,3,val
TCGA-A3-3306,3,val
TCGA-A3-3313,3,val
TCGA-A3-3347,3,val
TCGA-A3-3349,3,val
TCGA-A3-3359,3,val
TCGA-A3-A8OV,3,val
TCGA-A3-A8OW,3,val
TCGA-A4-7915,3,val
TCGA-A4-8310,3,val
TCGA-A4-A5XZ,3,val
TCGA-A4-A772,3,val
TCGA-A5-A0G2,3,val
TCGA-A5-A0G3,3,val
TCGA-A5-A0GJ,3,val
TCGA-A5-A0R6,3,val
TCGA-A5-A0R8,3,val
TCGA-A5-A0VQ,3,val
TCGA-A5-A2K7,3,val
TCGA-A6-2685,3,val
TCGA-A6-6654,3,val
TCGA-A6-A565,3,val
TCGA-A7-A0CH,3,val
TCGA-A7-A26G,3,val
TCGA-A7-A26I,3,val
TCGA-A7-A3J0,3,val
TCGA-A7-A3J1,3,val
TCGA-A7-A4SB,3,val
TCGA-A7-A4SE,3,val
TCGA-A8-A06N,3,val
TCGA-A8-A06T,3,val
TCGA-A8-A07O,3,val
TCGA-A8-A08C,3,val
TCGA-A8-A08F,3,val
TCGA-A8-A08G,3,val
TCGA-A8-A08P,3,val
TCGA-A8-A093,3,val
TCGA-A8-A09Z,3,val
TCGA-A8-A0A1,3,val
TCGA-AA-3548,3,val
TCGA-AA-3549,3,val
TCGA-AA-3667,3,val
TCGA-AA-3679,3,val
TCGA-AA-3811,3,val
TCGA-AA-3842,3,val
TCGA-AA-3851,3,val
TCGA-AA-3852,3,val
TCGA-AA-3862,3,val
TCGA-AA-3864,3,val
TCGA-AA-3941,3,val
TCGA-AA-3986,3,val
TCGA-AA-3989,3,val
TCGA-AA-A004,3,val
TCGA-AA-A00L,3,val
TCGA-AA-A00Q,3,val
TCGA-AA-A01C,3,val
TCGA-AA-A024,3,val
TCGA-AC-A23C,3,val
TCGA-AC-A3BB,3,val
TCGA-AC-A3YI,3,val
TCGA-AC-A4ZE,3,val
TCGA-AC-A5XS,3,val
TCGA-AC-A62Y,3,val
TCGA-AD-5900,3,val
TCGA-AF-3400,3,val
TCGA-AF-6672,3,val
TCGA-AG-3586,3,val
TCGA-AG-3587,3,val
TCGA-AG-3594,3,val
TCGA-AG-3599,3,val
TCGA-AG-3601,3,val
TCGA-AG-3608,3,val
TCGA-AG-3893,3,val
TCGA-AG-4005,3,val
TCGA-AG-A011,3,val
TCGA-AH-6644,3,val
TCGA-AH-6903,3,val
TCGA-AJ-A2QN,3,val
TCGA-AJ-A3I9,3,val
TCGA-AJ-A3OL,3,val
TCGA-AK-3425,3,val
TCGA-AK-3430,3,val
TCGA-AK-3460,3,val
TCGA-AK-3461,3,val
TCGA-AN-A0AS,3,val
TCGA-AN-A0FD,3,val
TCGA-AN-A0FZ,3,val
TCGA-AN-A0XS,3,val
TCGA-AN-A0XW,3,val
TCGA-AO-A03N,3,val
TCGA-AO-A0J4,3,val
TCGA-AO-A0J6,3,val
TCGA-AO-A0JC,3,val
TCGA-AO-A0JI,3,val
TCGA-AO-A0JM,3,val
TCGA-AO-A128,3,val
TCGA-AP-A053,3,val
TCGA-AP-A054,3,val
TCGA-AP-A05N,3,val
TCGA-AP-A05O,3,val
TCGA-AP-A0LV,3,val
TCGA-AP-A1DH,3,val
TCGA-AR-A0TQ,3,val
TCGA-AR-A1AI,3,val
TCGA-AR-A1AK,3,val
TCGA-AR-A1AM,3,val
TCGA-AR-A1AR,3,val
TCGA-AR-A24M,3,val
TCGA-AR-A2LN,3,val
TCGA-AR-A5QN,3,val
TCGA-AT-A5NU,3,val
TCGA-AU-6004,3,val
TCGA-AX-A05W,3,val
TCGA-AX-A05Y,3,val
TCGA-AX-A060,3,val
TCGA-AX-A062,3,val
TCGA-AX-A06D,3,val
TCGA-AX-A0IW,3,val
TCGA-AX-A0J0,3,val
TCGA-AX-A1C5,3,val
TCGA-AX-A1CJ,3,val
TCGA-AY-6197,3,val
TCGA-AZ-4308,3,val
TCGA-AZ-4614,3,val
TCGA-AZ-5407,3,val
TCGA-B0-4703,3,val
TCGA-B0-4824,3,val
TCGA-B0-4828,3,val
TCGA-B0-4839,3,val
TCGA-B0-4841,3,val
TCGA-B0-4843,3,val
TCGA-B0-5083,3,val
TCGA-B0-5092,3,val
TCGA-B0-5099,3,val
TCGA-B0-5104,3,val
TCGA-B0-5106,3,val
TCGA-B0-5116,3,val
TCGA-B0-5697,3,val
TCGA-B0-5707,3,val
TCGA-B0-5712,3,val
TCGA-B1-A47M,3,val
TCGA-B2-5639,3,val
TCGA-B3-4103,3,val
TCGA-B4-5378,3,val
TCGA-B4-5838,3,val
TCGA-B5-A0K1,3,val
TCGA-B5-A11E,3,val
TCGA-B5-A11M,3,val
TCGA-B5-A11O,3,val
TCGA-B5-A11W,3,val
TCGA-B5-A1MW,3,val
TCGA-B5-A1MY,3,val
TCGA-B6-A0I1,3,val
TCGA-B6-A0I5,3,val
TCGA-B6-A0I8,3,val
TCGA-B6-A0IC,3,val
TCGA-B6-A0IH,3,val
TCGA-B6-A0IN,3,val
TCGA-B6-A0IO,3,val
TCGA-B6-A0IQ,3,val
TCGA-B6-A0RM,3,val
TCGA-B6-A0RT,3,val
TCGA-B6-A0WS,3,val
TCGA-B6-A0WT,3,val
TCGA-B8-5162,3,val
TCGA-B8-5165,3,val
TCGA-B8-5546,3,val
TCGA-B8-5549,3,val
TCGA-B8-5551,3,val
TCGA-B9-7268,3,val
TCGA-B9-A69E,3,val
TCGA-B9-A8YI,3,val
TCGA-BA-4074,3,val
TCGA-BA-4075,3,val
TCGA-BA-5555,3,val
TCGA-BA-6868,3,val
TCGA-BA-6870,3,val
TCGA-BB-4217,3,val
TCGA-BB-7871,3,val
TCGA-BB-A5HU,3,val
TCGA-BF-A3DJ,3,val
TCGA-BF-A5EO,3,val
TCGA-BF-A9VF,3,val
TCGA-BF-AAP6,3,val
TCGA-BF-AAP7,3,val
TCGA-BG-A0MA,3,val
TCGA-BG-A0VX,3,val
TCGA-BG-A0W2,3,val
TCGA-BG-A0YV,3,val
TCGA-BG-A18B,3,val
TCGA-BG-A2AE,3,val
TCGA-BH-A0B9,3,val
TCGA-BH-A0BC,3,val
TCGA-BH-A0BO,3,val
TCGA-BH-A0BQ,3,val
TCGA-BH-A0C3,3,val
TCGA-BH-A0C7,3,val
TCGA-BH-A0DD,3,val
TCGA-BH-A0DI,3,val
TCGA-BH-A0E2,3,val
TCGA-BH-A0E9,3,val
TCGA-BH-A0H9,3,val
TCGA-BH-A0HK,3,val
TCGA-BH-A0HN,3,val
TCGA-BH-A0W7,3,val
TCGA-BH-A18H,3,val
TCGA-BH-A202,3,val
TCGA-BH-A2L8,3,val
TCGA-BJ-A0Z2,3,val
TCGA-BJ-A0Z5,3,val
TCGA-BJ-A0Z9,3,val
TCGA-BJ-A0ZF,3,val
TCGA-BJ-A2N7,3,val
TCGA-BJ-A2NA,3,val
TCGA-BJ-A45G,3,val
TCGA-BJ-A45K,3,val
TCGA-BJ-A4O9,3,val
TCGA-BK-A0C9,3,val
TCGA-BK-A6W3,3,val
TCGA-BP-4166,3,val
TCGA-BP-4167,3,val
TCGA-BP-4325,3,val
TCGA-BP-4340,3,val
TCGA-BP-4341,3,val
TCGA-BP-4345,3,val
TCGA-BP-4349,3,val
TCGA-BP-4353,3,val
TCGA-BP-4759,3,val
TCGA-BP-4762,3,val
TCGA-BP-4768,3,val
TCGA-BP-4770,3,val
TCGA-BP-4775,3,val
TCGA-BP-4965,3,val
TCGA-BP-4967,3,val
TCGA-BP-4975,3,val
TCGA-BP-4976,3,val
TCGA-BP-4981,3,val
TCGA-BP-4985,3,val
TCGA-BP-4989,3,val
TCGA-BP-4995,3,val
TCGA-BP-5007,3,val
TCGA-BP-5008,3,val
TCGA-BP-5169,3,val
TCGA-BP-5182,3,val
TCGA-BP-5186,3,val
TCGA-BP-5190,3,val
TCGA-BP-5191,3,val
TCGA-BP-5194,3,val
TCGA-BR-6565,3,val
TCGA-BR-6803,3,val
TCGA-BR-6852,3,val
TCGA-BR-7716,3,val
TCGA-BR-8289,3,val
TCGA-BR-8361,3,val
TCGA-BR-8364,3,val
TCGA-BR-8366,3,val
TCGA-BR-8367,3,val
TCGA-BR-8373,3,val
TCGA-BR-8588,3,val
TCGA-BR-8591,3,val
TCGA-BR-8682,3,val
TCGA-BR-8683,3,val
TCGA-BR-A44U,3,val
TCGA-BR-A4CQ,3,val
TCGA-BR-A4IY,3,val
TCGA-BR-A4J5,3,val
TCGA-BS-A0TA,3,val
TCGA-BS-A0TC,3,val
TCGA-BS-A0UF,3,val
TCGA-BS-A0V6,3,val
TCGA-BT-A20U,3,val
TCGA-BT-A20W,3,val
TCGA-BT-A2LD,3,val
TCGA-BT-A3PK,3,val
TCGA-BT-A42B,3,val
TCGA-BW-A5NQ,3,val
TCGA-C4-A0F6,3,val
TCGA-C5-A1BJ,3,val
TCGA-C5-A1BM,3,val
TCGA-C5-A1MI,3,val
TCGA-C5-A1MP,3,val
TCGA-C5-A2LZ,3,val
TCGA-C5-A2M1,3,val
TCGA-C5-A7UE,3,val
TCGA-C5-A8XH,3,val
TCGA-C5-A8XJ,3,val
TCGA-C8-A12O,3,val
TCGA-C8-A12P,3,val
TCGA-C8-A137,3,val
TCGA-C8-A1HN,3,val
TCGA-C8-A1HO,3,val
TCGA-C8-A273,3,val
TCGA-C8-A3M8,3,val
TCGA-C8-A9FZ,3,val
TCGA-CA-6715,3,val
TCGA-CA-6718,3,val
TCGA-CC-5263,3,val
TCGA-CC-A1HT,3,val
TCGA-CC-A5UC,3,val
TCGA-CC-A5UD,3,val
TCGA-CC-A7IE,3,val
TCGA-CC-A7IF,3,val
TCGA-CC-A7IL,3,val
TCGA-CC-A8HV,3,val
TCGA-CD-5804,3,val
TCGA-CD-8529,3,val
TCGA-CD-8531,3,val
TCGA-CD-A489,3,val
TCGA-CD-A48C,3,val
TCGA-CD-A4MH,3,val
TCGA-CE-A13K,3,val
TCGA-CE-A3MD,3,val
TCGA-CF-A3MF,3,val
TCGA-CF-A3MG,3,val
TCGA-CF-A47S,3,val
TCGA-CF-A47V,3,val
TCGA-CF-A5U8,3,val
TCGA-CF-A5UA,3,val
TCGA-CF-A8HY,3,val
TCGA-CF-A9FF,3,val
TCGA-CF-A9FH,3,val
TCGA-CF-A9FL,3,val
TCGA-CG-4300,3,val
TCGA-CG-4301,3,val
TCGA-CG-4436,3,val
TCGA-CG-4475,3,val
TCGA-CG-4477,3,val
TCGA-CH-5738,3,val
TCGA-CH-5740,3,val
TCGA-CH-5743,3,val
TCGA-CH-5744,3,val
TCGA-CH-5750,3,val
TCGA-CH-5752,3,val
TCGA-CH-5754,3,val
TCGA-CI-6622,3,val
TCGA-CJ-4636,3,val
TCGA-CJ-4644,3,val
TCGA-CJ-4874,3,val
TCGA-CJ-4876,3,val
TCGA-CJ-4881,3,val
TCGA-CJ-4886,3,val
TCGA-CJ-4897,3,val
TCGA-CJ-4920,3,val
TCGA-CJ-5675,3,val
TCGA-CJ-5677,3,val
TCGA-CJ-5680,3,val
TCGA-CJ-6030,3,val
TCGA-CJ-6032,3,val
TCGA-CK-5915,3,val
TCGA-CK-5916,3,val
TCGA-CK-6748,3,val
TCGA-CK-6751,3,val
TCGA-CM-4743,3,val
TCGA-CM-4744,3,val
TCGA-CM-5863,3,val
TCGA-CM-6161,3,val
TCGA-CM-6171,3,val
TCGA-CN-4723,3,val
TCGA-CN-4734,3,val
TCGA-CN-4740,3,val
TCGA-CN-6017,3,val
TCGA-CN-6023,3,val
TCGA-CN-6994,3,val
TCGA-CN-A63Y,3,val
TCGA-CQ-5333,3,val
TCGA-CQ-5334,3,val
TCGA-CQ-6219,3,val
TCGA-CQ-6227,3,val
TCGA-CQ-7067,3,val
TCGA-CQ-7069,3,val
TCGA-CQ-A4CB,3,val
TCGA-CS-6290,3,val
TCGA-CS-6666,3,val
TCGA-CU-A0YR,3,val
TCGA-CV-5443,3,val
TCGA-CV-5970,3,val
TCGA-CV-5978,3,val
TCGA-CV-6933,3,val
TCGA-CV-6955,3,val
TCGA-CV-7097,3,val
TCGA-CV-7103,3,val
TCGA-CV-7183,3,val
TCGA-CV-7410,3,val
TCGA-CV-7413,3,val
TCGA-CV-7428,3,val
TCGA-CV-A464,3,val
TCGA-CV-A6JY,3,val
TCGA-CV-A6K0,3,val
TCGA-CZ-5451,3,val
TCGA-CZ-5452,3,val
TCGA-CZ-5457,3,val
TCGA-CZ-5460,3,val
TCGA-D1-A0ZQ,3,val
TCGA-D1-A163,3,val
TCGA-D1-A16E,3,val
TCGA-D1-A16G,3,val
TCGA-D1-A16I,3,val
TCGA-D1-A16J,3,val
TCGA-D1-A16R,3,val
TCGA-D1-A179,3,val
TCGA-D1-A17L,3,val
TCGA-D1-A17U,3,val
TCGA-D1-A1NX,3,val
TCGA-D1-A1O0,3,val
TCGA-D5-5537,3,val
TCGA-D5-5538,3,val
TCGA-D5-5541,3,val
TCGA-D5-6533,3,val
TCGA-D5-6923,3,val
TCGA-D5-6926,3,val
TCGA-D6-6823,3,val
TCGA-D6-6825,3,val
TCGA-D7-6521,3,val
TCGA-D7-6526,3,val
TCGA-D7-6815,3,val
TCGA-D7-6817,3,val
TCGA-D7-6820,3,val
TCGA-D7-A4YT,3,val
TCGA-D7-A4YV,3,val
TCGA-D7-A4YX,3,val
TCGA-D7-A6EX,3,val
TCGA-D7-A6EY,3,val
TCGA-D7-A6F0,3,val
TCGA-D7-A74A,3,val
TCGA-D8-A13Y,3,val
TCGA-D8-A142,3,val
TCGA-D8-A1J9,3,val
TCGA-D8-A1JA,3,val
TCGA-D8-A1JB,3,val
TCGA-D8-A1JG,3,val
TCGA-D8-A1JN,3,val
TCGA-D8-A1JS,3,val
TCGA-D8-A1JU,3,val
TCGA-D8-A1X9,3,val
TCGA-D8-A1XL,3,val
TCGA-D8-A1XM,3,val
TCGA-D8-A1XR,3,val
TCGA-D8-A1XT,3,val
TCGA-D8-A1XW,3,val
TCGA-D8-A27G,3,val
TCGA-D8-A27M,3,val
TCGA-D8-A27T,3,val
TCGA-D8-A27W,3,val
TCGA-D9-A3Z4,3,val
TCGA-D9-A4Z3,3,val
TCGA-DB-5274,3,val
TCGA-DB-5276,3,val
TCGA-DB-5279,3,val
TCGA-DB-A4X9,3,val
TCGA-DB-A4XG,3,val
TCGA-DB-A64Q,3,val
TCGA-DB-A64R,3,val
TCGA-DB-A64V,3,val
TCGA-DC-4749,3,val
TCGA-DC-6681,3,val
TCGA-DD-A11A,3,val
TCGA-DD-A1E9,3,val
TCGA-DD-A73D,3,val
TCGA-DD-AA3A,3,val
TCGA-DD-AAC8,3,val
TCGA-DD-AACC,3,val
TCGA-DD-AACE,3,val
TCGA-DD-AACM,3,val
TCGA-DD-AACP,3,val
TCGA-DD-AAD3,3,val
TCGA-DD-AADK,3,val
TCGA-DD-AADL,3,val
TCGA-DD-AAE1,3,val
TCGA-DD-AAE2,3,val
TCGA-DD-AAEH,3,val
TCGA-DD-AAVR,3,val
TCGA-DD-AAVX,3,val
TCGA-DD-AAW1,3,val
TCGA-DE-A2OL,3,val
TCGA-DF-A2KV,3,val
TCGA-DG-A2KL,3,val
TCGA-DH-5141,3,val
TCGA-DH-A66B,3,val
TCGA-DH-A7UT,3,val
TCGA-DJ-A13R,3,val
TCGA-DJ-A13S,3,val
TCGA-DJ-A1QE,3,val
TCGA-DJ-A1QH,3,val
TCGA-DJ-A2PN,3,val
TCGA-DJ-A2PQ,3,val
TCGA-DJ-A2PS,3,val
TCGA-DJ-A2PZ,3,val
TCGA-DJ-A2QC,3,val
TCGA-DJ-A3UR,3,val
TCGA-DJ-A3VE,3,val
TCGA-DJ-A3VG,3,val
TCGA-DJ-A3VL,3,val
TCGA-DJ-A4UP,3,val
TCGA-DJ-A4UW,3,val
TCGA-DJ-A4V0,3,val
TCGA-DK-A1A5,3,val
TCGA-DK-A2I2,3,val
TCGA-DK-A3IU,3,val
TCGA-DK-A3WW,3,val
TCGA-DK-A3WX,3,val
TCGA-DK-A3X1,3,val
TCGA-DQ-5625,3,val
TCGA-DS-A0VK,3,val
TCGA-DS-A0VM,3,val
TCGA-DU-5847,3,val
TCGA-DU-5852,3,val
TCGA-DU-5853,3,val
TCGA-DU-5855,3,val
TCGA-DU-5870,3,val
TCGA-DU-6397,3,val
TCGA-DU-6401,3,val
TCGA-DU-6404,3,val
TCGA-DU-7013,3,val
TCGA-DU-7300,3,val
TCGA-DU-A7TC,3,val
TCGA-DU-A7TJ,3,val
TCGA-DV-5573,3,val
TCGA-DV-5574,3,val
TCGA-DV-A4W0,3,val
TCGA-DW-7837,3,val
TCGA-DX-A240,3,val
TCGA-DX-A3M1,3,val
TCGA-DX-A3M2,3,val
TCGA-DX-A48J,3,val
TCGA-DX-A6BF,3,val
TCGA-DX-A6BK,3,val
TCGA-DX-A6YT,3,val
TCGA-DX-A6Z2,3,val
TCGA-DX-A7EN,3,val
TCGA-DX-A7ER,3,val
TCGA-DX-A8BM,3,val
TCGA-DX-A8BR,3,val
TCGA-DX-AB32,3,val
TCGA-DX-AB37,3,val
TCGA-DY-A0XA,3,val
TCGA-E1-A7YJ,3,val
TCGA-E1-A7YL,3,val
TCGA-E1-A7YO,3,val
TCGA-E1-A7YV,3,val
TCGA-E2-A107,3,val
TCGA-E2-A10C,3,val
TCGA-E2-A14N,3,val
TCGA-E2-A14Q,3,val
TCGA-E2-A14T,3,val
TCGA-E2-A14Y,3,val
TCGA-E2-A152,3,val
TCGA-E2-A15A,3,val
TCGA-E2-A15J,3,val
TCGA-E2-A15P,3,val
TCGA-E2-A1BC,3,val
TCGA-E2-A1IE,3,val
TCGA-E2-A1II,3,val
TCGA-E2-A1IJ,3,val
TCGA-E2-A3DX,3,val
TCGA-E2-A570,3,val
TCGA-E2-A572,3,val
TCGA-E3-A3DZ,3,val
TCGA-E3-A3E1,3,val
TCGA-E5-A2PC,3,val
TCGA-E6-A1LX,3,val
TCGA-E7-A4IJ,3,val
TCGA-E7-A519,3,val
TCGA-E7-A678,3,val
TCGA-E7-A6MD,3,val
TCGA-E7-A6ME,3,val
TCGA-E7-A7DU,3,val
TCGA-E7-A97P,3,val
TCGA-E8-A2EA,3,val
TCGA-E8-A433,3,val
TCGA-E8-A44M,3,val
TCGA-E9-A1N3,3,val
TCGA-E9-A1ND,3,val
TCGA-E9-A1NG,3,val
TCGA-E9-A1R0,3,val
TCGA-E9-A1R2,3,val
TCGA-E9-A227,3,val
TCGA-E9-A22E,3,val
TCGA-E9-A22H,3,val
TCGA-E9-A245,3,val
TCGA-E9-A3HO,3,val
TCGA-E9-A5FL,3,val
TCGA-E9-A5UO,3,val
TCGA-EA-A1QT,3,val
TCGA-EA-A3HR,3,val
TCGA-EA-A3HS,3,val
TCGA-EA-A3HT,3,val
TCGA-EA-A3HU,3,val
TCGA-EA-A44S,3,val
TCGA-EA-A97N,3,val
TCGA-EB-A24C,3,val
TCGA-EB-A299,3,val
TCGA-EB-A44P,3,val
TCGA-EB-A4OY,3,val
TCGA-EB-A4P0,3,val
TCGA-EB-A553,3,val
TCGA-EB-A5FP,3,val
TCGA-EB-A5SE,3,val
TCGA-ED-A459,3,val
TCGA-ED-A4XI,3,val
TCGA-ED-A627,3,val
TCGA-ED-A66X,3,val
TCGA-ED-A7PX,3,val
TCGA-ED-A82E,3,val
TCGA-ED-A8O5,3,val
TCGA-ED-A8O6,3,val
TCGA-EI-6509,3,val
TCGA-EI-6513,3,val
TCGA-EI-7002,3,val
TCGA-EJ-5494,3,val
TCGA-EJ-5495,3,val
TCGA-EJ-5497,3,val
TCGA-EJ-5504,3,val
TCGA-EJ-5514,3,val
TCGA-EJ-5517,3,val
TCGA-EJ-5519,3,val
TCGA-EJ-5542,3,val
TCGA-EJ-7784,3,val
TCGA-EJ-7785,3,val
TCGA-EJ-7794,3,val
TCGA-EJ-7797,3,val
TCGA-EJ-A46B,3,val
TCGA-EL-A3CM,3,val
TCGA-EL-A3CR,3,val
TCGA-EL-A3CS,3,val
TCGA-EL-A3CZ,3,val
TCGA-EL-A3D0,3,val
TCGA-EL-A3GO,3,val
TCGA-EL-A3GU,3,val
TCGA-EL-A3H3,3,val
TCGA-EL-A3H4,3,val
TCGA-EL-A3H7,3,val
TCGA-EL-A3MW,3,val
TCGA-EL-A3T7,3,val
TCGA-EL-A3ZG,3,val
TCGA-EL-A3ZN,3,val
TCGA-EL-A3ZQ,3,val
TCGA-EL-A4JW,3,val
TCGA-EL-A4JX,3,val
TCGA-EL-A4K1,3,val
TCGA-EM-A1CT,3,val
TCGA-EM-A1CU,3,val
TCGA-EM-A1YE,3,val
TCGA-EM-A2CJ,3,val
TCGA-EM-A3AN,3,val
TCGA-EM-A3AP,3,val
TCGA-EM-A3FN,3,val
TCGA-EM-A3FO,3,val
TCGA-EM-A3FQ,3,val
TCGA-EM-A3O3,3,val
TCGA-EM-A3O6,3,val
TCGA-EM-A3OA,3,val
TCGA-EM-A3SX,3,val
TCGA-EM-A4FF,3,val
TCGA-EM-A4FQ,3,val
TCGA-EO-A22T,3,val
TCGA-EO-A22Y,3,val
TCGA-EO-A3KU,3,val
TCGA-ER-A2NF,3,val
TCGA-ET-A25K,3,val
TCGA-ET-A25L,3,val
TCGA-ET-A2N5,3,val
TCGA-ET-A39I,3,val
TCGA-ET-A3BP,3,val
TCGA-ET-A3DS,3,val
TCGA-ET-A3DT,3,val
TCGA-ET-A3DU,3,val
TCGA-EU-5906,3,val
TCGA-EU-5907,3,val
TCGA-EW-A1IZ,3,val
TCGA-EW-A1J2,3,val
TCGA-EW-A1J6,3,val
TCGA-EW-A1P7,3,val
TCGA-EW-A1PB,3,val
TCGA-EW-A1PF,3,val
TCGA-EW-A2FS,3,val
TCGA-EW-A3E8,3,val
TCGA-EW-A3U0,3,val
TCGA-EW-A424,3,val
TCGA-EY-A1G8,3,val
TCGA-EY-A1GH,3,val
TCGA-EY-A1GK,3,val
TCGA-EY-A1GM,3,val
TCGA-EY-A1GQ,3,val
TCGA-EY-A1GT,3,val
TCGA-EY-A1GU,3,val
TCGA-EY-A1GW,3,val
TCGA-EY-A1GX,3,val
TCGA-EY-A3QX,3,val
TCGA-EY-A4KR,3,val
TCGA-EY-A5W2,3,val
TCGA-F4-6460,3,val
TCGA-F4-6703,3,val
TCGA-F5-6464,3,val
TCGA-F5-6465,3,val
TCGA-F5-6812,3,val
TCGA-F6-A8O3,3,val
TCGA-F7-8489,3,val
TCGA-F7-A50I,3,val
TCGA-F7-A620,3,val
TCGA-F9-A7Q0,3,val
TCGA-F9-A8NY,3,val
TCGA-FB-A5VM,3,val
TCGA-FB-AAPP,3,val
TCGA-FB-AAPU,3,val
TCGA-FB-AAQ0,3,val
TCGA-FB-AAQ1,3,val
TCGA-FD-A3SO,3,val
TCGA-FD-A3SP,3,val
TCGA-FD-A43P,3,val
TCGA-FD-A5BS,3,val
TCGA-FD-A5BT,3,val
TCGA-FD-A5BU,3,val
TCGA-FE-A236,3,val
TCGA-FE-A3PB,3,val
TCGA-FG-7638,3,val
TCGA-FG-8185,3,val
TCGA-FG-8191,3,val
TCGA-FG-A60J,3,val
TCGA-FG-A87N,3,val
TCGA-FI-A2D6,3,val
TCGA-FI-A2F9,3,val
TCGA-FK-A3SB,3,val
TCGA-FK-A3SG,3,val
TCGA-FP-7735,3,val
TCGA-FP-8099,3,val
TCGA-FP-A4BE,3,val
TCGA-FP-A9TM,3,val
TCGA-FU-A23L,3,val
TCGA-FU-A3HY,3,val
TCGA-FU-A3HZ,3,val
TCGA-FV-A2QQ,3,val
TCGA-FY-A3ON,3,val
TCGA-FY-A3WA,3,val
TCGA-FY-A40N,3,val
TCGA-FY-A4B0,3,val
TCGA-FY-A4B3,3,val
TCGA-G2-A2EC,3,val
TCGA-G2-A3IB,3,val
TCGA-G2-AA3B,3,val
TCGA-G2-AA3C,3,val
TCGA-G2-AA3D,3,val
TCGA-G3-A25S,3,val
TCGA-G3-A5SI,3,val
TCGA-G3-AAV2,3,val
TCGA-G3-AAV3,3,val
TCGA-G3-AAV6,3,val
TCGA-G4-6306,3,val
TCGA-G7-6795,3,val
TCGA-G7-6796,3,val
TCGA-G9-6338,3,val
TCGA-G9-6361,3,val
TCGA-G9-6365,3,val
TCGA-GC-A3OO,3,val
TCGA-GC-A3RB,3,val
TCGA-GC-A3RD,3,val
TCGA-GC-A6I3,3,val
TCGA-GD-A6C6,3,val
TCGA-GF-A2C7,3,val
TCGA-GH-A9DA,3,val
TCGA-GJ-A6C0,3,val
TCGA-GK-A6C7,3,val
TCGA-GL-7966,3,val
TCGA-GL-A9DD,3,val
TCGA-GL-A9DE,3,val
TCGA-GM-A2DH,3,val
TCGA-GV-A3QH,3,val
TCGA-HC-7079,3,val
TCGA-HC-7210,3,val
TCGA-HC-7212,3,val
TCGA-HC-7213,3,val
TCGA-HC-7232,3,val
TCGA-HC-7749,3,val
TCGA-HC-8256,3,val
TCGA-HC-8257,3,val
TCGA-HC-8259,3,val
TCGA-HC-8261,3,val
TCGA-HC-8264,3,val
TCGA-HC-8265,3,val
TCGA-HC-A76X,3,val
TCGA-HD-7229,3,val
TCGA-HD-7754,3,val
TCGA-HD-7832,3,val
TCGA-HF-7133,3,val
TCGA-HN-A2NL,3,val
TCGA-HQ-A2OF,3,val
TCGA-HQ-A5ND,3,val
TCGA-HR-A5NC,3,val
TCGA-HT-7470,3,val
TCGA-HT-7477,3,val
TCGA-HT-7601,3,val
TCGA-HT-7676,3,val
TCGA-HT-7677,3,val
TCGA-HT-7690,3,val
TCGA-HT-7858,3,val
TCGA-HT-7884,3,val
TCGA-HT-8013,3,val
TCGA-HT-8104,3,val
TCGA-HT-8108,3,val
TCGA-HT-8109,3,val
TCGA-HT-8111,3,val
TCGA-HT-A5R5,3,val
TCGA-HT-A617,3,val
TCGA-HT-A618,3,val
TCGA-HT-A61B,3,val
TCGA-HU-8249,3,val
TCGA-HU-8604,3,val
TCGA-HU-A4GF,3,val
TCGA-HU-A4GH,3,val
TCGA-HU-A4GJ,3,val
TCGA-HU-A4GU,3,val
TCGA-HU-A4GX,3,val
TCGA-HU-A4H6,3,val
TCGA-HV-AA8X,3,val
TCGA-HW-7487,3,val
TCGA-HW-7489,3,val
TCGA-HW-7495,3,val
TCGA-HW-A5KL,3,val
TCGA-HZ-7919,3,val
TCGA-HZ-7924,3,val
TCGA-HZ-8005,3,val
TCGA-HZ-8315,3,val
TCGA-HZ-A8P0,3,val
TCGA-HZ-A8P1,3,val
TCGA-IA-A40Y,3,val
TCGA-IB-7887,3,val
TCGA-IB-8127,3,val
TCGA-IB-A6UF,3,val
TCGA-IB-A6UG,3,val
TCGA-IB-AAUW,3,val
TCGA-IE-A4EH,3,val
TCGA-IE-A4EI,3,val
TCGA-IE-A6BZ,3,val
TCGA-IF-A4AJ,3,val
TCGA-IG-A625,3,val
TCGA-IG-A6QS,3,val
TCGA-IK-7675,3,val
TCGA-IM-A4EB,3,val
TCGA-IN-7806,3,val
TCGA-IN-8663,3,val
TCGA-IQ-A61E,3,val
TCGA-IQ-A61G,3,val
TCGA-IQ-A61H,3,val
TCGA-IQ-A61J,3,val
TCGA-IQ-A61O,3,val
TCGA-IR-A3LC,3,val
TCGA-IR-A3LF,3,val
TCGA-IR-A3LI,3,val
TCGA-IS-A3K6,3,val
TCGA-IS-A3KA,3,val
TCGA-IW-A3M6,3,val
TCGA-J2-A4AD,3,val
TCGA-J4-A67S,3,val
TCGA-J4-A6G3,3,val
TCGA-J4-AAU2,3,val
TCGA-J7-A8I2,3,val
TCGA-J8-A3YF,3,val
TCGA-J8-A3YG,3,val
TCGA-J8-A3YH,3,val
TCGA-JL-A3YX,3,val
TCGA-JX-A3Q8,3,val
TCGA-JY-A93E,3,val
TCGA-K4-A4AC,3,val
TCGA-K4-AAQO,3,val
TCGA-K6-A3WQ,3,val
TCGA-KD-A5QT,3,val
TCGA-KF-A41W,3,val
TCGA-KL-8327,3,val
TCGA-KL-8332,3,val
TCGA-KL-8336,3,val
TCGA-KL-8338,3,val
TCGA-KL-8340,3,val
TCGA-KL-8342,3,val
TCGA-KM-8439,3,val
TCGA-KM-8477,3,val
TCGA-KN-8430,3,val
TCGA-KN-8434,3,val
TCGA-KN-8436,3,val
TCGA-KO-8413,3,val
TCGA-KS-A41F,3,val
TCGA-KU-A66S,3,val
TCGA-KU-A6H7,3,val
TCGA-KU-A6H8,3,val
TCGA-KV-A74V,3,val
TCGA-L3-A4E7,3,val
TCGA-L6-A4EU,3,val
TCGA-L7-A56G,3,val
TCGA-LB-A7SX,3,val
TCGA-LD-A74U,3,val
TCGA-LD-A7W6,3,val
TCGA-LG-A9QD,3,val
TCGA-LL-A441,3,val
TCGA-LL-A5YL,3,val
TCGA-LL-A5YM,3,val
TCGA-LL-A740,3,val
TCGA-LL-A7SZ,3,val
TCGA-LL-A7T0,3,val
TCGA-LN-A4A3,3,val
TCGA-LN-A4A5,3,val
TCGA-LN-A5U6,3,val
TCGA-LN-A7HV,3,val
TCGA-LN-A9FO,3,val
TCGA-LT-A5Z6,3,val
TCGA-LT-A8JT,3,val
TCGA-M7-A724,3,val
TCGA-MA-AA3X,3,val
TCGA-MA-AA3Z,3,val
TCGA-MB-A5Y9,3,val
TCGA-MF-A522,3,val
TCGA-MH-A561,3,val
TCGA-MH-A855,3,val
TCGA-MI-A75E,3,val
TCGA-MK-A4N7,3,val
TCGA-MP-A4T6,3,val
TCGA-MP-A4TC,3,val
TCGA-MP-A4TE,3,val
TCGA-MQ-A6BN,3,val
TCGA-MQ-A6BQ,3,val
TCGA-MR-A8JO,3,val
TCGA-MY-A5BE,3,val
TCGA-MZ-A6I9,3,val
TCGA-NH-A6GA,3,val
TCGA-NJ-A4YQ,3,val
TCGA-NJ-A55A,3,val
TCGA-NP-A5H1,3,val
TCGA-O2-A52V,3,val
TCGA-O2-A5IB,3,val
TCGA-OL-A5DA,3,val
TCGA-OL-A66K,3,val
TCGA-OL-A6VQ,3,val
TCGA-OR-A5J5,3,val
TCGA-OR-A5J9,3,val
TCGA-OR-A5JJ,3,val
TCGA-OR-A5K6,3,val
TCGA-OR-A5K8,3,val
TCGA-OR-A5LK,3,val
TCGA-OR-A5LO,3,val
TCGA-OR-A5LP,3,val
TCGA-OX-A56R,3,val
TCGA-OY-A56P,3,val
TCGA-OY-A56Q,3,val
TCGA-P3-A6SW,3,val
TCGA-P3-A6T0,3,val
TCGA-P3-A6T2,3,val
TCGA-P3-A6T6,3,val
TCGA-P5-A736,3,val
TCGA-P5-A737,3,val
TCGA-P5-A77W,3,val
TCGA-PC-A5DN,3,val
TCGA-PC-A5DP,3,val
TCGA-PE-A5DE,3,val
TCGA-PG-A5BC,3,val
TCGA-PG-A7D5,3,val
TCGA-PG-A917,3,val
TCGA-PL-A8LZ,3,val
TCGA-PR-A5PF,3,val
TCGA-Q1-A5R1,3,val
TCGA-Q1-A5R2,3,val
TCGA-Q1-A6DT,3,val
TCGA-Q1-A73O,3,val
TCGA-Q3-AA2A,3,val
TCGA-QH-A65R,3,val
TCGA-QH-A6CX,3,val
TCGA-QH-A6CY,3,val
TCGA-QH-A6XA,3,val
TCGA-QK-A652,3,val
TCGA-QK-A6IG,3,val
TCGA-QK-A6IJ,3,val
TCGA-QK-A6VC,3,val
TCGA-QK-A8ZA,3,val
TCGA-QK-AA3J,3,val
TCGA-QK-AA3K,3,val
TCGA-QL-A97D,3,val
TCGA-QQ-A5VC,3,val
TCGA-QQ-A8VD,3,val
TCGA-QR-A6GZ,3,val
TCGA-QR-A6H1,3,val
TCGA-QR-A700,3,val
TCGA-QR-A702,3,val
TCGA-QR-A705,3,val
TCGA-QR-A70O,3,val
TCGA-QR-A70Q,3,val
TCGA-QR-A70R,3,val
TCGA-QR-A70W,3,val
TCGA-QT-A5XN,3,val
TCGA-R5-A805,3,val
TCGA-R8-A6YH,3,val
TCGA-R8-A73M,3,val
TCGA-RA-A741,3,val
TCGA-RB-A7B8,3,val
TCGA-RC-A7SB,3,val
TCGA-RD-A8N9,3,val
TCGA-RG-A7D4,3,val
TCGA-RM-A68W,3,val
TCGA-RS-A6TP,3,val
TCGA-RT-A6Y9,3,val
TCGA-RT-A6YA,3,val
TCGA-RX-A8JQ,3,val
TCGA-S3-AA14,3,val
TCGA-S3-AA17,3,val
TCGA-S5-AA26,3,val
TCGA-S7-A7WO,3,val
TCGA-S7-A7X1,3,val
TCGA-S8-A6BV,3,val
TCGA-S9-A6U5,3,val
TCGA-S9-A6UA,3,val
TCGA-S9-A6WE,3,val
TCGA-S9-A6WN,3,val
TCGA-S9-A7IX,3,val
TCGA-S9-A7J3,3,val
TCGA-S9-A7R2,3,val
TCGA-S9-A7R7,3,val
TCGA-S9-A89V,3,val
TCGA-SC-A6LN,3,val
TCGA-SC-A6LP,3,val
TCGA-SC-A6LR,3,val
TCGA-SC-AA5Z,3,val
TCGA-SG-A6Z4,3,val
TCGA-SJ-A6ZJ,3,val
TCGA-SN-A6IS,3,val
TCGA-SP-A6QI,3,val
TCGA-SQ-A6I6,3,val
TCGA-SR-A6MQ,3,val
TCGA-SR-A6MS,3,val
TCGA-SR-A6MT,3,val
TCGA-SR-A6N0,3,val
TCGA-SS-A7HO,3,val
TCGA-SW-A7EA,3,val
TCGA-SX-A7SP,3,val
TCGA-SX-A7SS,3,val
TCGA-SX-A7SU,3,val
TCGA-T3-A92N,3,val
TCGA-T7-A92I,3,val
TCGA-TK-A8OK,3,val
TCGA-TM-A7C3,3,val
TCGA-TM-A7C5,3,val
TCGA-TM-A7CF,3,val
TCGA-TM-A84M,3,val
TCGA-TM-A84T,3,val
TCGA-TN-A7HI,3,val
TCGA-TQ-A7RV,3,val
TCGA-TQ-A8XE,3,val
TCGA-TS-A7P0,3,val
TCGA-TS-A8AV,3,val
TCGA-TT-A6YP,3,val
TCGA-UB-A7MC,3,val
TCGA-UC-A7PI,3,val
TCGA-UE-A6QT,3,val
TCGA-UE-A6QU,3,val
TCGA-UF-A718,3,val
TCGA-UF-A71A,3,val
TCGA-UF-A7JA,3,val
TCGA-UL-AAZ6,3,val
TCGA-UT-A97Y,3,val
TCGA-UW-A72J,3,val
TCGA-UW-A72M,3,val
TCGA-UW-A72P,3,val
TCGA-UW-A72S,3,val
TCGA-UY-A78K,3,val
TCGA-UY-A78N,3,val
TCGA-UY-A78P,3,val
TCGA-UY-A8OB,3,val
TCGA-UY-A9PB,3,val
TCGA-UZ-A9PK,3,val
TCGA-UZ-A9PX,3,val
TCGA-UZ-A9Q1,3,val
TCGA-V1-A8ML,3,val
TCGA-V1-A8WS,3,val
TCGA-V1-A8X3,3,val
TCGA-V1-A9O5,3,val
TCGA-V1-A9Z7,3,val
TCGA-V1-A9ZG,3,val
TCGA-V1-A9ZI,3,val
TCGA-V1-A9ZR,3,val
TCGA-V4-A9ED,3,val
TCGA-V4-A9EK,3,val
TCGA-V4-A9EL,3,val
TCGA-V4-A9EM,3,val
TCGA-V4-A9ES,3,val
TCGA-V4-A9EV,3,val
TCGA-V4-A9EZ,3,val
TCGA-V4-A9F4,3,val
TCGA-VD-A8KI,3,val
TCGA-VD-AA8O,3,val
TCGA-VD-AA8Q,3,val
TCGA-VF-A8AD,3,val
TCGA-VP-A87C,3,val
TCGA-VP-AA1N,3,val
TCGA-VQ-A8E2,3,val
TCGA-VQ-A8PD,3,val
TCGA-VQ-A8PT,3,val
TCGA-VQ-A91D,3,val
TCGA-VQ-A91S,3,val
TCGA-VQ-A91Y,3,val
TCGA-VQ-A91Z,3,val
TCGA-VQ-A92D,3,val
TCGA-VQ-A94R,3,val
TCGA-VQ-AA6B,3,val
TCGA-VQ-AA6D,3,val
TCGA-VQ-AA6G,3,val
TCGA-VR-AA7I,3,val
TCGA-VS-A8EB,3,val
TCGA-VS-A952,3,val
TCGA-VS-A9UL,3,val
TCGA-VS-A9UO,3,val
TCGA-VS-A9UY,3,val
TCGA-VS-A9UZ,3,val
TCGA-VS-A9V0,3,val
TCGA-VS-A9V1,3,val
TCGA-W2-A7HE,3,val
TCGA-W4-A7U2,3,val
TCGA-W9-A837,3,val
TCGA-WA-A7H4,3,val
TCGA-WB-A80O,3,val
TCGA-WB-A80P,3,val
TCGA-WB-A815,3,val
TCGA-WB-A81D,3,val
TCGA-WB-A81N,3,val
TCGA-WB-A81P,3,val
TCGA-WB-A821,3,val
TCGA-WC-A881,3,val
TCGA-WC-AA9E,3,val
TCGA-WH-A86K,3,val
TCGA-WK-A8XO,3,val
TCGA-WQ-A9G7,3,val
TCGA-WR-A838,3,val
TCGA-WT-AB44,3,val
TCGA-WY-A85D,3,val
TCGA-X6-A7WB,3,val
TCGA-X6-A7WC,3,val
TCGA-X7-A8D6,3,val
TCGA-X7-A8D8,3,val
TCGA-X7-A8DI,3,val
TCGA-X7-A8M5,3,val
TCGA-X8-AAAR,3,val
TCGA-X9-A971,3,val
TCGA-XA-A8JR,3,val
TCGA-XC-AA0X,3,val
TCGA-XD-AAUI,3,val
TCGA-XE-A8H4,3,val
TCGA-XE-A9SE,3,val
TCGA-XE-AANI,3,val
TCGA-XE-AANR,3,val
TCGA-XF-A8HD,3,val
TCGA-XF-A9SU,3,val
TCGA-XF-A9SW,3,val
TCGA-XF-AAME,3,val
TCGA-XF-AAMT,3,val
TCGA-XF-AAMX,3,val
TCGA-XF-AAN2,3,val
TCGA-XF-AAN4,3,val
TCGA-XH-A853,3,val
TCGA-XK-AAIR,3,val
TCGA-XK-AAIV,3,val
TCGA-XK-AAJR,3,val
TCGA-XM-A8R8,3,val
TCGA-XM-A8RD,3,val
TCGA-XM-A8RF,3,val
TCGA-XM-A8RL,3,val
TCGA-XP-A8T8,3,val
TCGA-XR-A8TD,3,val
TCGA-XU-A92Y,3,val
TCGA-XU-A92Z,3,val
TCGA-XU-A932,3,val
TCGA-XV-A9W5,3,val
TCGA-XX-A899,3,val
TCGA-XY-A89B,3,val
TCGA-Y8-A894,3,val
TCGA-Y8-A897,3,val
TCGA-YC-A9TC,3,val
TCGA-YL-A8HL,3,val
TCGA-YL-A8HO,3,val
TCGA-YL-A8S8,3,val
TCGA-YL-A8SQ,3,val
TCGA-YL-A9WL,3,val
TCGA-YT-A95D,3,val
TCGA-YU-A912,3,val
TCGA-YZ-A984,3,val
TCGA-Z5-AAPL,3,val
TCGA-Z6-A8JE,3,val
TCGA-Z6-A9VB,3,val
TCGA-ZA-A8F6,3,val
TCGA-ZB-A961,3,val
TCGA-ZB-A96H,3,val
TCGA-ZB-A96L,3,val
TCGA-ZB-A96O,3,val
TCGA-ZB-A96Q,3,val
TCGA-ZF-A9R2,3,val
TCGA-ZF-A9RF,3,val
TCGA-ZF-A9RM,3,val
TCGA-ZF-AA4N,3,val
TCGA-ZF-AA58,3,val
TCGA-ZJ-A8QR,3,val
TCGA-ZM-AA0F,3,val
TCGA-ZN-A9VQ,3,val
TCGA-ZN-A9VV,3,val
TCGA-ZP-A9D4,3,val
TCGA-ZR-A9CJ,3,val
TCGA-ZS-A9CF,3,val
TCGA-ZS-A9CG,3,val
TCGA-ZT-A8OM,3,val
TCGA-02-0016,4,train
TCGA-02-0026,4,train
TCGA-02-0033,4,train
TCGA-02-0038,4,train
TCGA-02-0070,4,train
TCGA-05-4245,4,train
TCGA-05-4250,4,train
TCGA-05-4382,4,train
TCGA-05-4395,4,train
TCGA-05-4396,4,train
TCGA-05-4398,4,train
TCGA-05-4402,4,train
TCGA-05-4403,4,train
TCGA-05-4405,4,train
TCGA-05-4415,4,train
TCGA-05-4417,4,train
TCGA-05-4418,4,train
TCGA-05-4420,4,train
TCGA-05-4422,4,train
TCGA-05-4426,4,train
TCGA-05-4427,4,train
TCGA-05-4430,4,train
TCGA-05-4432,4,train
TCGA-05-4433,4,train
TCGA-05-4434,4,train
TCGA-06-0122,4,train
TCGA-06-0124,4,train
TCGA-06-0125,4,train
TCGA-06-0128,4,train
TCGA-06-0129,4,train
TCGA-06-0130,4,train
TCGA-06-0138,4,train
TCGA-06-0139,4,train
TCGA-06-0141,4,train
TCGA-06-0145,4,train
TCGA-06-0152,4,train
TCGA-06-0154,4,train
TCGA-06-0156,4,train
TCGA-06-0157,4,train
TCGA-06-0166,4,train
TCGA-06-0168,4,train
TCGA-06-0169,4,train
TCGA-06-0171,4,train
TCGA-06-0174,4,train
TCGA-06-0176,4,train
TCGA-06-0178,4,train
TCGA-06-0184,4,train
TCGA-06-0185,4,train
TCGA-06-0188,4,train
TCGA-06-0192,4,train
TCGA-06-0197,4,train
TCGA-06-0208,4,train
TCGA-06-0210,4,train
TCGA-06-0211,4,train
TCGA-06-0214,4,train
TCGA-06-0216,4,train
TCGA-06-0221,4,train
TCGA-06-0241,4,train
TCGA-06-0644,4,train
TCGA-06-0645,4,train
TCGA-06-0686,4,train
TCGA-06-0743,4,train
TCGA-06-0744,4,train
TCGA-06-0745,4,train
TCGA-06-0749,4,train
TCGA-06-0750,4,train
TCGA-06-0875,4,train
TCGA-06-0876,4,train
TCGA-06-0877,4,train
TCGA-06-0879,4,train
TCGA-06-0881,4,train
TCGA-06-0882,4,train
TCGA-06-1086,4,train
TCGA-06-1800,4,train
TCGA-06-1802,4,train
TCGA-06-1805,4,train
TCGA-06-5408,4,train
TCGA-06-5410,4,train
TCGA-06-5411,4,train
TCGA-06-5413,4,train
TCGA-06-5414,4,train
TCGA-06-5415,4,train
TCGA-06-5417,4,train
TCGA-06-5856,4,train
TCGA-06-5859,4,train
TCGA-06-6389,4,train
TCGA-06-6391,4,train
TCGA-12-0616,4,train
TCGA-12-0618,4,train
TCGA-12-0619,4,train
TCGA-12-0688,4,train
TCGA-12-0692,4,train
TCGA-12-0707,4,train
TCGA-12-0821,4,train
TCGA-12-0827,4,train
TCGA-12-0829,4,train
TCGA-12-1089,4,train
TCGA-12-1093,4,train
TCGA-12-1095,4,train
TCGA-12-1598,4,train
TCGA-12-1599,4,train
TCGA-12-1602,4,train
TCGA-12-3650,4,train
TCGA-12-3651,4,train
TCGA-12-3652,4,train
TCGA-12-3653,4,train
TCGA-13-A5FU,4,train
TCGA-14-0786,4,train
TCGA-14-0787,4,train
TCGA-14-0813,4,train
TCGA-14-0817,4,train
TCGA-14-0867,4,train
TCGA-14-1037,4,train
TCGA-14-1396,4,train
TCGA-14-1401,4,train
TCGA-14-1458,4,train
TCGA-14-1459,4,train
TCGA-14-1794,4,train
TCGA-14-1821,4,train
TCGA-14-1825,4,train
TCGA-15-1446,4,train
TCGA-19-0955,4,train
TCGA-19-1787,4,train
TCGA-19-1788,4,train
TCGA-19-1790,4,train
TCGA-19-1791,4,train
TCGA-19-2620,4,train
TCGA-19-2623,4,train
TCGA-19-2624,4,train
TCGA-19-4068,4,train
TCGA-19-5950,4,train
TCGA-19-5951,4,train
TCGA-19-5952,4,train
TCGA-19-5954,4,train
TCGA-19-5955,4,train
TCGA-19-5956,4,train
TCGA-19-5959,4,train
TCGA-19-A60I,4,train
TCGA-19-A6J4,4,train
TCGA-19-A6J5,4,train
TCGA-21-5782,4,train
TCGA-21-5784,4,train
TCGA-21-5786,4,train
TCGA-21-A5DI,4,train
TCGA-23-1027,4,train
TCGA-23-1109,4,train
TCGA-23-1110,4,train
TCGA-23-1113,4,train
TCGA-23-1116,4,train
TCGA-23-1117,4,train
TCGA-23-1118,4,train
TCGA-23-1119,4,train
TCGA-23-1121,4,train
TCGA-23-1122,4,train
TCGA-23-1809,4,train
TCGA-23-2072,4,train
TCGA-23-2077,4,train
TCGA-23-2078,4,train
TCGA-23-2079,4,train
TCGA-23-2081,4,train
TCGA-23-2084,4,train
TCGA-23-2641,4,train
TCGA-25-1313,4,train
TCGA-25-1316,4,train
TCGA-25-1319,4,train
TCGA-25-1322,4,train
TCGA-25-1323,4,train
TCGA-25-1324,4,train
TCGA-25-1623,4,train
TCGA-25-1625,4,train
TCGA-25-1631,4,train
TCGA-25-1632,4,train
TCGA-25-1633,4,train
TCGA-25-1870,4,train
TCGA-25-1871,4,train
TCGA-25-1877,4,train
TCGA-25-2390,4,train
TCGA-25-2391,4,train
TCGA-25-2392,4,train
TCGA-25-2393,4,train
TCGA-25-2397,4,train
TCGA-25-2398,4,train
TCGA-25-2399,4,train
TCGA-25-2400,4,train
TCGA-26-1439,4,train
TCGA-26-1440,4,train
TCGA-26-1799,4,train
TCGA-26-5132,4,train
TCGA-26-5133,4,train
TCGA-26-5134,4,train
TCGA-26-5135,4,train
TCGA-26-5136,4,train
TCGA-26-5139,4,train
TCGA-26-6173,4,train
TCGA-26-6174,4,train
TCGA-26-A7UX,4,train
TCGA-27-1830,4,train
TCGA-27-1831,4,train
TCGA-27-1836,4,train
TCGA-27-1837,4,train
TCGA-27-1838,4,train
TCGA-27-2519,4,train
TCGA-27-2521,4,train
TCGA-27-2523,4,train
TCGA-27-2524,4,train
TCGA-27-2526,4,train
TCGA-27-2527,4,train
TCGA-27-2528,4,train
TCGA-28-1745,4,train
TCGA-28-1746,4,train
TCGA-28-1750,4,train
TCGA-28-1751,4,train
TCGA-28-1752,4,train
TCGA-28-1755,4,train
TCGA-28-1757,4,train
TCGA-28-1760,4,train
TCGA-2A-A8VL,4,train
TCGA-2A-A8VO,4,train
TCGA-2A-A8VX,4,train
TCGA-2A-A8W1,4,train
TCGA-2A-AAYF,4,train
TCGA-2A-AAYO,4,train
TCGA-2A-AAYU,4,train
TCGA-2E-A9G8,4,train
TCGA-2F-A9KO,4,train
TCGA-2F-A9KQ,4,train
TCGA-2F-A9KR,4,train
TCGA-2F-A9KT,4,train
TCGA-2F-A9KW,4,train
TCGA-2G-AAEW,4,train
TCGA-2G-AAEX,4,train
TCGA-2G-AAF1,4,train
TCGA-2G-AAFG,4,train
TCGA-2G-AAFH,4,train
TCGA-2G-AAFI,4,train
TCGA-2G-AAFJ,4,train
TCGA-2G-AAFL,4,train
TCGA-2G-AAFM,4,train
TCGA-2G-AAFN,4,train
TCGA-2G-AAFO,4,train
TCGA-2G-AAFY,4,train
TCGA-2G-AAFZ,4,train
TCGA-2G-AAG3,4,train
TCGA-2G-AAG5,4,train
TCGA-2G-AAG8,4,train
TCGA-2G-AAG9,4,train
TCGA-2G-AAGA,4,train
TCGA-2G-AAGC,4,train
TCGA-2G-AAGE,4,train
TCGA-2G-AAGF,4,train
TCGA-2G-AAGG,4,train
TCGA-2G-AAGI,4,train
TCGA-2G-AAGJ,4,train
TCGA-2G-AAGN,4,train
TCGA-2G-AAGO,4,train
TCGA-2G-AAGP,4,train
TCGA-2G-AAGS,4,train
TCGA-2G-AAGV,4,train
TCGA-2G-AAGX,4,train
TCGA-2G-AAGY,4,train
TCGA-2G-AAGZ,4,train
TCGA-2G-AAH0,4,train
TCGA-2G-AAH2,4,train
TCGA-2G-AAH3,4,train
TCGA-2G-AAH4,4,train
TCGA-2G-AAHA,4,train
TCGA-2G-AAHC,4,train
TCGA-2G-AAHG,4,train
TCGA-2G-AAHL,4,train
TCGA-2G-AAHN,4,train
TCGA-2G-AAHT,4,train
TCGA-2G-AAKG,4,train
TCGA-2G-AAKH,4,train
TCGA-2G-AAKL,4,train
TCGA-2G-AAKM,4,train
TCGA-2G-AAL5,4,train
TCGA-2G-AAL7,4,train
TCGA-2G-AALG,4,train
TCGA-2G-AALN,4,train
TCGA-2G-AALO,4,train
TCGA-2G-AALQ,4,train
TCGA-2G-AALR,4,train
TCGA-2G-AALT,4,train
TCGA-2G-AALW,4,train
TCGA-2G-AALX,4,train
TCGA-2G-AALY,4,train
TCGA-2G-AAM2,4,train
TCGA-2G-AAM4,4,train
TCGA-2J-AAB1,4,train
TCGA-2J-AAB8,4,train
TCGA-2J-AAB9,4,train
TCGA-2J-AABA,4,train
TCGA-2J-AABE,4,train
TCGA-2J-AABF,4,train
TCGA-2J-AABH,4,train
TCGA-2J-AABK,4,train
TCGA-2J-AABO,4,train
TCGA-2J-AABP,4,train
TCGA-2J-AABR,4,train
TCGA-2J-AABT,4,train
TCGA-2J-AABU,4,train
TCGA-2J-AABV,4,train
TCGA-2K-A9WE,4,train
TCGA-2L-AAQA,4,train
TCGA-2L-AAQE,4,train
TCGA-2L-AAQJ,4,train
TCGA-2L-AAQL,4,train
TCGA-2W-A8YY,4,train
TCGA-2X-A9D5,4,train
TCGA-2X-A9D6,4,train
TCGA-2Y-A9GS,4,train
TCGA-2Y-A9GT,4,train
TCGA-2Y-A9GU,4,train
TCGA-2Y-A9GV,4,train
TCGA-2Y-A9GW,4,train
TCGA-2Y-A9GY,4,train
TCGA-2Y-A9GZ,4,train
TCGA-2Y-A9H2,4,train
TCGA-2Y-A9H3,4,train
TCGA-2Y-A9H4,4,train
TCGA-2Y-A9H7,4,train
TCGA-2Y-A9H9,4,train
TCGA-2Y-A9HA,4,train
TCGA-2Y-A9HB,4,train
TCGA-2Z-A9J1,4,train
TCGA-2Z-A9J3,4,train
TCGA-2Z-A9J5,4,train
TCGA-2Z-A9J6,4,train
TCGA-2Z-A9J8,4,train
TCGA-2Z-A9J9,4,train
TCGA-2Z-A9JD,4,train
TCGA-2Z-A9JE,4,train
TCGA-2Z-A9JG,4,train
TCGA-2Z-A9JI,4,train
TCGA-2Z-A9JJ,4,train
TCGA-2Z-A9JK,4,train
TCGA-2Z-A9JL,4,train
TCGA-2Z-A9JM,4,train
TCGA-2Z-A9JN,4,train
TCGA-2Z-A9JO,4,train
TCGA-2Z-A9JS,4,train
TCGA-2Z-A9JT,4,train
TCGA-33-A4WN,4,train
TCGA-33-A5GW,4,train
TCGA-34-5928,4,train
TCGA-34-7107,4,train
TCGA-34-8454,4,train
TCGA-34-8455,4,train
TCGA-34-A5IX,4,train
TCGA-35-3615,4,train
TCGA-35-4123,4,train
TCGA-37-3783,4,train
TCGA-37-3789,4,train
TCGA-37-4129,4,train
TCGA-37-4130,4,train
TCGA-37-4133,4,train
TCGA-37-4141,4,train
TCGA-37-5819,4,train
TCGA-37-A5EL,4,train
TCGA-37-A5EM,4,train
TCGA-37-A5EN,4,train
TCGA-38-6178,4,train
TCGA-38-7271,4,train
TCGA-38-A44F,4,train
TCGA-3A-A9I7,4,train
TCGA-3A-A9I9,4,train
TCGA-3A-A9IB,4,train
TCGA-3A-A9IC,4,train
TCGA-3A-A9IH,4,train
TCGA-3A-A9IJ,4,train
TCGA-3A-A9IL,4,train
TCGA-3A-A9IN,4,train
TCGA-3A-A9IO,4,train
TCGA-3A-A9IR,4,train
TCGA-3A-A9IU,4,train
TCGA-3A-A9IV,4,train
TCGA-3A-A9IX,4,train
TCGA-3A-A9IZ,4,train
TCGA-3A-A9J0,4,train
TCGA-3B-A9HJ,4,train
TCGA-3B-A9HL,4,train
TCGA-3B-A9HS,4,train
TCGA-3B-A9HT,4,train
TCGA-3B-A9HU,4,train
TCGA-3B-A9HV,4,train
TCGA-3B-A9HX,4,train
TCGA-3B-A9HY,4,train
TCGA-3B-A9HZ,4,train
TCGA-3B-A9I0,4,train
TCGA-3B-A9I1,4,train
TCGA-3B-A9I3,4,train
TCGA-3C-AALI,4,train
TCGA-3C-AALJ,4,train
TCGA-3C-AALK,4,train
TCGA-3E-AAAZ,4,train
TCGA-3H-AB3L,4,train
TCGA-3H-AB3O,4,train
TCGA-3H-AB3S,4,train
TCGA-3H-AB3U,4,train
TCGA-3L-AA1B,4,train
TCGA-3M-AB46,4,train
TCGA-3M-AB47,4,train
TCGA-3P-A9WA,4,train
TCGA-3Q-A9WF,4,train
TCGA-3R-A8YX,4,train
TCGA-3S-A8YW,4,train
TCGA-3S-AAYX,4,train
TCGA-3T-AA9L,4,train
TCGA-3U-A98D,4,train
TCGA-3U-A98E,4,train
TCGA-3U-A98F,4,train
TCGA-3U-A98H,4,train
TCGA-3U-A98I,4,train
TCGA-3Z-A93Z,4,train
TCGA-41-2572,4,train
TCGA-41-2573,4,train
TCGA-41-2575,4,train
TCGA-41-3392,4,train
TCGA-41-3393,4,train
TCGA-41-3915,4,train
TCGA-41-5651,4,train
TCGA-42-2582,4,train
TCGA-42-2587,4,train
TCGA-42-2588,4,train
TCGA-42-2589,4,train
TCGA-42-2590,4,train
TCGA-42-2591,4,train
TCGA-42-2593,4,train
TCGA-43-3394,4,train
TCGA-43-3920,4,train
TCGA-43-5668,4,train
TCGA-43-5670,4,train
TCGA-43-6143,4,train
TCGA-43-6647,4,train
TCGA-43-6771,4,train
TCGA-43-6773,4,train
TCGA-43-7656,4,train
TCGA-43-7658,4,train
TCGA-43-8115,4,train
TCGA-43-A56U,4,train
TCGA-43-A56V,4,train
TCGA-44-2655,4,train
TCGA-44-2665,4,train
TCGA-44-3396,4,train
TCGA-44-4112,4,train
TCGA-44-5643,4,train
TCGA-44-6148,4,train
TCGA-44-6776,4,train
TCGA-44-6777,4,train
TCGA-44-7659,4,train
TCGA-44-7660,4,train
TCGA-44-7662,4,train
TCGA-44-7669,4,train
TCGA-44-7670,4,train
TCGA-44-A47F,4,train
TCGA-44-A4SS,4,train
TCGA-46-3765,4,train
TCGA-46-3766,4,train
TCGA-46-3767,4,train
TCGA-46-3768,4,train
TCGA-46-6026,4,train
TCGA-49-4487,4,train
TCGA-49-4507,4,train
TCGA-49-6743,4,train
TCGA-4A-A93Y,4,train
TCGA-4B-A93V,4,train
TCGA-4C-A93U,4,train
TCGA-4H-AAAK,4,train
TCGA-4J-AA1J,4,train
TCGA-4K-AA1G,4,train
TCGA-4K-AA1H,4,train
TCGA-4K-AA1I,4,train
TCGA-4K-AAAL,4,train
TCGA-4L-AA1F,4,train
TCGA-4N-A93T,4,train
TCGA-4P-AA8J,4,train
TCGA-4R-AA8I,4,train
TCGA-4V-A9QJ,4,train
TCGA-4V-A9QR,4,train
TCGA-4V-A9QS,4,train
TCGA-4V-A9QT,4,train
TCGA-4V-A9QU,4,train
TCGA-4V-A9QW,4,train
TCGA-4W-AA9R,4,train
TCGA-4W-AA9S,4,train
TCGA-4W-AA9T,4,train
TCGA-4X-A9F9,4,train
TCGA-4X-A9FA,4,train
TCGA-4X-A9FC,4,train
TCGA-4Z-AA7M,4,train
TCGA-4Z-AA7N,4,train
TCGA-4Z-AA7O,4,train
TCGA-4Z-AA7Q,4,train
TCGA-4Z-AA7R,4,train
TCGA-4Z-AA7S,4,train
TCGA-4Z-AA7W,4,train
TCGA-4Z-AA82,4,train
TCGA-4Z-AA83,4,train
TCGA-4Z-AA84,4,train
TCGA-4Z-AA86,4,train
TCGA-4Z-AA87,4,train
TCGA-50-5045,4,train
TCGA-50-5066,4,train
TCGA-50-5068,4,train
TCGA-50-5931,4,train
TCGA-50-6590,4,train
TCGA-52-7622,4,train
TCGA-52-7809,4,train
TCGA-52-7811,4,train
TCGA-53-7624,4,train
TCGA-53-7626,4,train
TCGA-53-A4EZ,4,train
TCGA-55-5899,4,train
TCGA-55-6543,4,train
TCGA-55-6712,4,train
TCGA-55-6979,4,train
TCGA-55-7281,4,train
TCGA-55-7574,4,train
TCGA-55-7576,4,train
TCGA-55-7724,4,train
TCGA-55-8085,4,train
TCGA-55-8089,4,train
TCGA-55-8090,4,train
TCGA-55-8091,4,train
TCGA-55-8203,4,train
TCGA-55-8204,4,train
TCGA-55-8208,4,train
TCGA-55-8301,4,train
TCGA-55-8505,4,train
TCGA-55-8507,4,train
TCGA-55-8614,4,train
TCGA-55-8619,4,train
TCGA-55-A48X,4,train
TCGA-55-A48Y,4,train
TCGA-55-A492,4,train
TCGA-55-A493,4,train
TCGA-55-A4DF,4,train
TCGA-56-5898,4,train
TCGA-56-6545,4,train
TCGA-56-6546,4,train
TCGA-56-7222,4,train
TCGA-56-7223,4,train
TCGA-56-7579,4,train
TCGA-56-7580,4,train
TCGA-56-7582,4,train
TCGA-56-7823,4,train
TCGA-56-8082,4,train
TCGA-56-8083,4,train
TCGA-56-8201,4,train
TCGA-56-8304,4,train
TCGA-56-8307,4,train
TCGA-56-8308,4,train
TCGA-56-8309,4,train
TCGA-56-8503,4,train
TCGA-56-8504,4,train
TCGA-56-8622,4,train
TCGA-56-8623,4,train
TCGA-56-8624,4,train
TCGA-56-8625,4,train
TCGA-56-8628,4,train
TCGA-56-8629,4,train
TCGA-56-A49D,4,train
TCGA-56-A4BX,4,train
TCGA-56-A4BY,4,train
TCGA-56-A5DS,4,train
TCGA-58-A46J,4,train
TCGA-58-A46K,4,train
TCGA-58-A46L,4,train
TCGA-58-A46M,4,train
TCGA-58-A46N,4,train
TCGA-5B-A90C,4,train
TCGA-5C-A9VH,4,train
TCGA-5C-AAPD,4,train
TCGA-5L-AAT0,4,train
TCGA-5L-AAT1,4,train
TCGA-5M-AAT6,4,train
TCGA-5M-AATE,4,train
TCGA-5N-A9KM,4,train
TCGA-5P-A9JU,4,train
TCGA-5P-A9JW,4,train
TCGA-5P-A9JY,4,train
TCGA-5P-A9JZ,4,train
TCGA-5P-A9K0,4,train
TCGA-5P-A9K2,4,train
TCGA-5P-A9K3,4,train
TCGA-5P-A9K6,4,train
TCGA-5P-A9K9,4,train
TCGA-5P-A9KE,4,train
TCGA-5R-AA1C,4,train
TCGA-5R-AA1D,4,train
TCGA-5R-AAAM,4,train
TCGA-5S-A9Q8,4,train
TCGA-5T-A9QA,4,train
TCGA-5U-AB0D,4,train
TCGA-5U-AB0E,4,train
TCGA-5U-AB0F,4,train
TCGA-5X-AA5U,4,train
TCGA-62-A46O,4,train
TCGA-62-A46P,4,train
TCGA-63-5128,4,train
TCGA-63-5131,4,train
TCGA-63-6202,4,train
TCGA-63-7020,4,train
TCGA-63-7021,4,train
TCGA-63-A5MB,4,train
TCGA-63-A5MG,4,train
TCGA-63-A5MI,4,train
TCGA-63-A5ML,4,train
TCGA-63-A5MR,4,train
TCGA-63-A5MS,4,train
TCGA-63-A5MW,4,train
TCGA-64-1679,4,train
TCGA-64-5781,4,train
TCGA-64-5815,4,train
TCGA-67-3771,4,train
TCGA-67-6215,4,train
TCGA-67-6216,4,train
TCGA-68-7755,4,train
TCGA-68-7756,4,train
TCGA-68-8250,4,train
TCGA-68-8251,4,train
TCGA-68-A59J,4,train
TCGA-69-7978,4,train
TCGA-69-7979,4,train
TCGA-69-8255,4,train
TCGA-69-8453,4,train
TCGA-6A-AB49,4,train
TCGA-70-6722,4,train
TCGA-70-6723,4,train
TCGA-71-6725,4,train
TCGA-73-4670,4,train
TCGA-73-7499,4,train
TCGA-73-A9RS,4,train
TCGA-75-5122,4,train
TCGA-75-5125,4,train
TCGA-75-5146,4,train
TCGA-75-5147,4,train
TCGA-75-6203,4,train
TCGA-75-6206,4,train
TCGA-75-6214,4,train
TCGA-75-7030,4,train
TCGA-75-7031,4,train
TCGA-77-6842,4,train
TCGA-77-6844,4,train
TCGA-77-6845,4,train
TCGA-77-7139,4,train
TCGA-77-7140,4,train
TCGA-77-7142,4,train
TCGA-77-7463,4,train
TCGA-77-8130,4,train
TCGA-77-8133,4,train
TCGA-77-8136,4,train
TCGA-77-8138,4,train
TCGA-77-8140,4,train
TCGA-77-8143,4,train
TCGA-77-8144,4,train
TCGA-77-8145,4,train
TCGA-77-8148,4,train
TCGA-77-8154,4,train
TCGA-77-A5FZ,4,train
TCGA-77-A5G1,4,train
TCGA-77-A5G3,4,train
TCGA-77-A5G6,4,train
TCGA-77-A5G8,4,train
TCGA-77-A5GA,4,train
TCGA-77-A5GB,4,train
TCGA-77-A5GF,4,train
TCGA-77-A5GH,4,train
TCGA-78-7149,4,train
TCGA-78-7150,4,train
TCGA-78-7152,4,train
TCGA-78-7155,4,train
TCGA-78-7156,4,train
TCGA-78-7158,4,train
TCGA-78-7159,4,train
TCGA-78-7161,4,train
TCGA-78-7535,4,train
TCGA-78-7536,4,train
TCGA-78-8640,4,train
TCGA-78-8660,4,train
TCGA-79-5596,4,train
TCGA-81-5910,4,train
TCGA-81-5911,4,train
TCGA-85-6175,4,train
TCGA-85-6561,4,train
TCGA-85-6798,4,train
TCGA-85-7696,4,train
TCGA-85-7697,4,train
TCGA-85-7698,4,train
TCGA-85-7699,4,train
TCGA-85-7710,4,train
TCGA-85-7844,4,train
TCGA-85-7950,4,train
TCGA-85-8049,4,train
TCGA-85-8052,4,train
TCGA-85-8070,4,train
TCGA-85-8071,4,train
TCGA-85-8276,4,train
TCGA-85-8277,4,train
TCGA-85-8287,4,train
TCGA-85-8350,4,train
TCGA-85-8352,4,train
TCGA-85-8353,4,train
TCGA-85-8354,4,train
TCGA-85-8479,4,train
TCGA-85-8481,4,train
TCGA-85-8580,4,train
TCGA-85-8582,4,train
TCGA-85-8584,4,train
TCGA-85-8664,4,train
TCGA-85-8666,4,train
TCGA-85-A4CL,4,train
TCGA-85-A4CN,4,train
TCGA-85-A4JC,4,train
TCGA-85-A4QR,4,train
TCGA-85-A50M,4,train
TCGA-85-A50Z,4,train
TCGA-85-A510,4,train
TCGA-85-A511,4,train
TCGA-85-A512,4,train
TCGA-85-A53L,4,train
TCGA-85-A5B5,4,train
TCGA-86-6562,4,train
TCGA-86-6851,4,train
TCGA-86-7701,4,train
TCGA-86-7711,4,train
TCGA-86-7954,4,train
TCGA-86-7955,4,train
TCGA-86-8055,4,train
TCGA-86-8073,4,train
TCGA-86-8076,4,train
TCGA-86-8278,4,train
TCGA-86-8358,4,train
TCGA-86-8585,4,train
TCGA-86-8669,4,train
TCGA-86-8672,4,train
TCGA-86-8673,4,train
TCGA-86-8674,4,train
TCGA-86-A456,4,train
TCGA-86-A4D0,4,train
TCGA-86-A4JF,4,train
TCGA-86-A4P8,4,train
TCGA-90-7964,4,train
TCGA-90-A4EE,4,train
TCGA-90-A59Q,4,train
TCGA-91-A4BC,4,train
TCGA-91-A4BD,4,train
TCGA-92-7340,4,train
TCGA-92-8063,4,train
TCGA-92-8064,4,train
TCGA-92-8065,4,train
TCGA-93-A4JN,4,train
TCGA-93-A4JO,4,train
TCGA-93-A4JQ,4,train
TCGA-94-7557,4,train
TCGA-94-7943,4,train
TCGA-94-8035,4,train
TCGA-94-8490,4,train
TCGA-94-8491,4,train
TCGA-94-A4VJ,4,train
TCGA-94-A5I4,4,train
TCGA-94-A5I6,4,train
TCGA-95-7039,4,train
TCGA-95-7948,4,train
TCGA-95-A4VK,4,train
TCGA-95-A4VP,4,train
TCGA-96-7544,4,train
TCGA-96-7545,4,train
TCGA-96-8169,4,train
TCGA-96-A4JK,4,train
TCGA-97-7937,4,train
TCGA-97-8172,4,train
TCGA-97-8179,4,train
TCGA-97-A4LX,4,train
TCGA-97-A4M3,4,train
TCGA-98-7454,4,train
TCGA-98-8020,4,train
TCGA-98-8021,4,train
TCGA-98-8022,4,train
TCGA-98-8023,4,train
TCGA-98-A53A,4,train
TCGA-98-A53C,4,train
TCGA-98-A53H,4,train
TCGA-98-A53I,4,train
TCGA-99-7458,4,train
TCGA-A1-A0SB,4,train
TCGA-A1-A0SD,4,train
TCGA-A1-A0SE,4,train
TCGA-A1-A0SF,4,train
TCGA-A1-A0SK,4,train
TCGA-A1-A0SQ,4,train
TCGA-A2-A04N,4,train
TCGA-A2-A04P,4,train
TCGA-A2-A04Q,4,train
TCGA-A2-A04U,4,train
TCGA-A2-A04V,4,train
TCGA-A2-A04W,4,train
TCGA-A2-A04X,4,train
TCGA-A2-A04Y,4,train
TCGA-A2-A0CK,4,train
TCGA-A2-A0CL,4,train
TCGA-A2-A0CM,4,train
TCGA-A2-A0CO,4,train
TCGA-A2-A0CP,4,train
TCGA-A2-A0CQ,4,train
TCGA-A2-A0CR,4,train
TCGA-A2-A0CS,4,train
TCGA-A2-A0CT,4,train
TCGA-A2-A0CV,4,train
TCGA-A2-A0CY,4,train
TCGA-A2-A0CZ,4,train
TCGA-A2-A0D0,4,train
TCGA-A2-A0D3,4,train
TCGA-A2-A0EO,4,train
TCGA-A2-A0EQ,4,train
TCGA-A2-A0ER,4,train
TCGA-A2-A0ES,4,train
TCGA-A2-A0ET,4,train
TCGA-A2-A0EU,4,train
TCGA-A2-A0EV,4,train
TCGA-A2-A0EW,4,train
TCGA-A2-A0EX,4,train
TCGA-A2-A0ST,4,train
TCGA-A2-A0SU,4,train
TCGA-A2-A0SV,4,train
TCGA-A2-A0SX,4,train
TCGA-A2-A0T1,4,train
TCGA-A2-A0T2,4,train
TCGA-A2-A0T3,4,train
TCGA-A2-A0T4,4,train
TCGA-A2-A0T5,4,train
TCGA-A2-A0T6,4,train
TCGA-A2-A0T7,4,train
TCGA-A2-A0YD,4,train
TCGA-A2-A0YG,4,train
TCGA-A2-A0YI,4,train
TCGA-A2-A0YJ,4,train
TCGA-A2-A0YL,4,train
TCGA-A2-A1FV,4,train
TCGA-A2-A1FZ,4,train
TCGA-A2-A1G0,4,train
TCGA-A2-A1G1,4,train
TCGA-A2-A1G4,4,train
TCGA-A2-A1G6,4,train
TCGA-A2-A259,4,train
TCGA-A2-A25B,4,train
TCGA-A2-A25C,4,train
TCGA-A2-A25D,4,train
TCGA-A2-A25E,4,train
TCGA-A2-A25F,4,train
TCGA-A2-A3KC,4,train
TCGA-A2-A3XT,4,train
TCGA-A2-A3XU,4,train
TCGA-A2-A3XV,4,train
TCGA-A2-A3XW,4,train
TCGA-A2-A3XY,4,train
TCGA-A2-A3Y0,4,train
TCGA-A2-A4RW,4,train
TCGA-A2-A4S0,4,train
TCGA-A2-A4S2,4,train
TCGA-A2-A4S3,4,train
TCGA-A3-3306,4,train
TCGA-A3-3307,4,train
TCGA-A3-3313,4,train
TCGA-A3-3316,4,train
TCGA-A3-3317,4,train
TCGA-A3-3319,4,train
TCGA-A3-3320,4,train
TCGA-A3-3322,4,train
TCGA-A3-3323,4,train
TCGA-A3-3329,4,train
TCGA-A3-3335,4,train
TCGA-A3-3336,4,train
TCGA-A3-3343,4,train
TCGA-A3-3346,4,train
TCGA-A3-3347,4,train
TCGA-A3-3349,4,train
TCGA-A3-3351,4,train
TCGA-A3-3352,4,train
TCGA-A3-3357,4,train
TCGA-A3-3359,4,train
TCGA-A3-3362,4,train
TCGA-A3-3367,4,train
TCGA-A3-3374,4,train
TCGA-A3-3376,4,train
TCGA-A3-3380,4,train
TCGA-A3-3382,4,train
TCGA-A3-3383,4,train
TCGA-A3-A6NI,4,train
TCGA-A3-A6NL,4,train
TCGA-A3-A6NN,4,train
TCGA-A3-A8OU,4,train
TCGA-A3-A8OV,4,train
TCGA-A3-A8OW,4,train
TCGA-A4-7286,4,train
TCGA-A4-7583,4,train
TCGA-A4-7584,4,train
TCGA-A4-7732,4,train
TCGA-A4-7828,4,train
TCGA-A4-7915,4,train
TCGA-A4-7996,4,train
TCGA-A4-7997,4,train
TCGA-A4-8098,4,train
TCGA-A4-8310,4,train
TCGA-A4-8311,4,train
TCGA-A4-8516,4,train
TCGA-A4-8517,4,train
TCGA-A4-8518,4,train
TCGA-A4-8630,4,train
TCGA-A4-A48D,4,train
TCGA-A4-A57E,4,train
TCGA-A4-A5DU,4,train
TCGA-A4-A5XZ,4,train
TCGA-A4-A6HP,4,train
TCGA-A4-A772,4,train
TCGA-A5-A0G1,4,train
TCGA-A5-A0G2,4,train
TCGA-A5-A0G3,4,train
TCGA-A5-A0G5,4,train
TCGA-A5-A0G9,4,train
TCGA-A5-A0GD,4,train
TCGA-A5-A0GG,4,train
TCGA-A5-A0GH,4,train
TCGA-A5-A0GI,4,train
TCGA-A5-A0GJ,4,train
TCGA-A5-A0GQ,4,train
TCGA-A5-A0GU,4,train
TCGA-A5-A0GV,4,train
TCGA-A5-A0GW,4,train
TCGA-A5-A0GX,4,train
TCGA-A5-A0R6,4,train
TCGA-A5-A0R8,4,train
TCGA-A5-A0R9,4,train
TCGA-A5-A0VQ,4,train
TCGA-A5-A1OG,4,train
TCGA-A5-A1OH,4,train
TCGA-A5-A1OJ,4,train
TCGA-A5-A2K2,4,train
TCGA-A5-A2K3,4,train
TCGA-A5-A2K4,4,train
TCGA-A5-A2K5,4,train
TCGA-A5-A2K7,4,train
TCGA-A5-A3LP,4,train
TCGA-A5-A7WK,4,train
TCGA-A5-AB3J,4,train
TCGA-A6-2672,4,train
TCGA-A6-2674,4,train
TCGA-A6-2679,4,train
TCGA-A6-2680,4,train
TCGA-A6-2681,4,train
TCGA-A6-2683,4,train
TCGA-A6-2685,4,train
TCGA-A6-2686,4,train
TCGA-A6-4105,4,train
TCGA-A6-5660,4,train
TCGA-A6-5661,4,train
TCGA-A6-5664,4,train
TCGA-A6-5665,4,train
TCGA-A6-5666,4,train
TCGA-A6-6138,4,train
TCGA-A6-6141,4,train
TCGA-A6-6142,4,train
TCGA-A6-6649,4,train
TCGA-A6-6651,4,train
TCGA-A6-6652,4,train
TCGA-A6-6654,4,train
TCGA-A6-A565,4,train
TCGA-A6-A566,4,train
TCGA-A6-A567,4,train
TCGA-A6-A56B,4,train
TCGA-A6-A5ZU,4,train
TCGA-A7-A0CD,4,train
TCGA-A7-A0CG,4,train
TCGA-A7-A0CH,4,train
TCGA-A7-A0CJ,4,train
TCGA-A7-A0D9,4,train
TCGA-A7-A13D,4,train
TCGA-A7-A13E,4,train
TCGA-A7-A13F,4,train
TCGA-A7-A13G,4,train
TCGA-A7-A13H,4,train
TCGA-A7-A26E,4,train
TCGA-A7-A26G,4,train
TCGA-A7-A26H,4,train
TCGA-A7-A26I,4,train
TCGA-A7-A2KD,4,train
TCGA-A7-A3J0,4,train
TCGA-A7-A3J1,4,train
TCGA-A7-A3RF,4,train
TCGA-A7-A425,4,train
TCGA-A7-A426,4,train
TCGA-A7-A4SB,4,train
TCGA-A7-A4SD,4,train
TCGA-A7-A4SE,4,train
TCGA-A7-A4SF,4,train
TCGA-A7-A6VV,4,train
TCGA-A7-A6VW,4,train
TCGA-A7-A6VX,4,train
TCGA-A8-A06N,4,train
TCGA-A8-A06O,4,train
TCGA-A8-A06P,4,train
TCGA-A8-A06Q,4,train
TCGA-A8-A06T,4,train
TCGA-A8-A06X,4,train
TCGA-A8-A06Y,4,train
TCGA-A8-A06Z,4,train
TCGA-A8-A07C,4,train
TCGA-A8-A07E,4,train
TCGA-A8-A07G,4,train
TCGA-A8-A07O,4,train
TCGA-A8-A07P,4,train
TCGA-A8-A07R,4,train
TCGA-A8-A07S,4,train
TCGA-A8-A07Z,4,train
TCGA-A8-A081,4,train
TCGA-A8-A082,4,train
TCGA-A8-A083,4,train
TCGA-A8-A084,4,train
TCGA-A8-A085,4,train
TCGA-A8-A08C,4,train
TCGA-A8-A08F,4,train
TCGA-A8-A08G,4,train
TCGA-A8-A08J,4,train
TCGA-A8-A08L,4,train
TCGA-A8-A08O,4,train
TCGA-A8-A08P,4,train
TCGA-A8-A08R,4,train
TCGA-A8-A08X,4,train
TCGA-A8-A08Z,4,train
TCGA-A8-A090,4,train
TCGA-A8-A092,4,train
TCGA-A8-A093,4,train
TCGA-A8-A094,4,train
TCGA-A8-A095,4,train
TCGA-A8-A096,4,train
TCGA-A8-A099,4,train
TCGA-A8-A09A,4,train
TCGA-A8-A09B,4,train
TCGA-A8-A09C,4,train
TCGA-A8-A09E,4,train
TCGA-A8-A09G,4,train
TCGA-A8-A09I,4,train
TCGA-A8-A09K,4,train
TCGA-A8-A09M,4,train
TCGA-A8-A09N,4,train
TCGA-A8-A09R,4,train
TCGA-A8-A09V,4,train
TCGA-A8-A09Z,4,train
TCGA-A8-A0A1,4,train
TCGA-A8-A0A2,4,train
TCGA-A8-A0A4,4,train
TCGA-A8-A0A7,4,train
TCGA-A8-A0A9,4,train
TCGA-A8-A0AB,4,train
TCGA-AA-3532,4,train
TCGA-AA-3542,4,train
TCGA-AA-3548,4,train
TCGA-AA-3549,4,train
TCGA-AA-3553,4,train
TCGA-AA-3555,4,train
TCGA-AA-3560,4,train
TCGA-AA-3664,4,train
TCGA-AA-3666,4,train
TCGA-AA-3667,4,train
TCGA-AA-3673,4,train
TCGA-AA-3679,4,train
TCGA-AA-3681,4,train
TCGA-AA-3685,4,train
TCGA-AA-3688,4,train
TCGA-AA-3693,4,train
TCGA-AA-3715,4,train
TCGA-AA-3811,4,train
TCGA-AA-3812,4,train
TCGA-AA-3831,4,train
TCGA-AA-3841,4,train
TCGA-AA-3842,4,train
TCGA-AA-3845,4,train
TCGA-AA-3846,4,train
TCGA-AA-3848,4,train
TCGA-AA-3851,4,train
TCGA-AA-3852,4,train
TCGA-AA-3854,4,train
TCGA-AA-3855,4,train
TCGA-AA-3861,4,train
TCGA-AA-3862,4,train
TCGA-AA-3864,4,train
TCGA-AA-3866,4,train
TCGA-AA-3867,4,train
TCGA-AA-3875,4,train
TCGA-AA-3939,4,train
TCGA-AA-3941,4,train
TCGA-AA-3949,4,train
TCGA-AA-3952,4,train
TCGA-AA-3955,4,train
TCGA-AA-3956,4,train
TCGA-AA-3966,4,train
TCGA-AA-3967,4,train
TCGA-AA-3968,4,train
TCGA-AA-3977,4,train
TCGA-AA-3980,4,train
TCGA-AA-3982,4,train
TCGA-AA-3984,4,train
TCGA-AA-3986,4,train
TCGA-AA-3989,4,train
TCGA-AA-3994,4,train
TCGA-AA-A004,4,train
TCGA-AA-A00D,4,train
TCGA-AA-A00E,4,train
TCGA-AA-A00L,4,train
TCGA-AA-A00N,4,train
TCGA-AA-A00Q,4,train
TCGA-AA-A00U,4,train
TCGA-AA-A00W,4,train
TCGA-AA-A01C,4,train
TCGA-AA-A01I,4,train
TCGA-AA-A01T,4,train
TCGA-AA-A01V,4,train
TCGA-AA-A01X,4,train
TCGA-AA-A01Z,4,train
TCGA-AA-A024,4,train
TCGA-AA-A02Y,4,train
TCGA-AC-A23C,4,train
TCGA-AC-A23E,4,train
TCGA-AC-A2B8,4,train
TCGA-AC-A2QH,4,train
TCGA-AC-A2QI,4,train
TCGA-AC-A2QJ,4,train
TCGA-AC-A3BB,4,train
TCGA-AC-A3HN,4,train
TCGA-AC-A3OD,4,train
TCGA-AC-A3QQ,4,train
TCGA-AC-A3TM,4,train
TCGA-AC-A3TN,4,train
TCGA-AC-A3W7,4,train
TCGA-AC-A3YI,4,train
TCGA-AC-A3YJ,4,train
TCGA-AC-A4ZE,4,train
TCGA-AC-A5EH,4,train
TCGA-AC-A5XS,4,train
TCGA-AC-A62V,4,train
TCGA-AC-A62X,4,train
TCGA-AC-A62Y,4,train
TCGA-AC-A6IV,4,train
TCGA-AC-A6IW,4,train
TCGA-AC-A6NO,4,train
TCGA-AC-A8OP,4,train
TCGA-AC-A8OQ,4,train
TCGA-AC-A8OR,4,train
TCGA-AD-5900,4,train
TCGA-AD-6888,4,train
TCGA-AD-6889,4,train
TCGA-AD-6890,4,train
TCGA-AD-6895,4,train
TCGA-AF-3400,4,train
TCGA-AF-3911,4,train
TCGA-AF-6136,4,train
TCGA-AF-6672,4,train
TCGA-AF-A56L,4,train
TCGA-AF-A56N,4,train
TCGA-AG-3578,4,train
TCGA-AG-3581,4,train
TCGA-AG-3582,4,train
TCGA-AG-3583,4,train
TCGA-AG-3584,4,train
TCGA-AG-3586,4,train
TCGA-AG-3587,4,train
TCGA-AG-3593,4,train
TCGA-AG-3594,4,train
TCGA-AG-3598,4,train
TCGA-AG-3599,4,train
TCGA-AG-3600,4,train
TCGA-AG-3601,4,train
TCGA-AG-3602,4,train
TCGA-AG-3608,4,train
TCGA-AG-3609,4,train
TCGA-AG-3727,4,train
TCGA-AG-3728,4,train
TCGA-AG-3878,4,train
TCGA-AG-3881,4,train
TCGA-AG-3883,4,train
TCGA-AG-3887,4,train
TCGA-AG-3892,4,train
TCGA-AG-3893,4,train
TCGA-AG-3896,4,train
TCGA-AG-3901,4,train
TCGA-AG-3902,4,train
TCGA-AG-3906,4,train
TCGA-AG-3909,4,train
TCGA-AG-3999,4,train
TCGA-AG-4001,4,train
TCGA-AG-4005,4,train
TCGA-AG-4008,4,train
TCGA-AG-4015,4,train
TCGA-AG-4021,4,train
TCGA-AG-4022,4,train
TCGA-AG-A008,4,train
TCGA-AG-A011,4,train
TCGA-AG-A01J,4,train
TCGA-AG-A01N,4,train
TCGA-AG-A023,4,train
TCGA-AG-A02G,4,train
TCGA-AH-6544,4,train
TCGA-AH-6549,4,train
TCGA-AH-6644,4,train
TCGA-AH-6903,4,train
TCGA-AJ-A23M,4,train
TCGA-AJ-A23N,4,train
TCGA-AJ-A2QK,4,train
TCGA-AJ-A2QN,4,train
TCGA-AJ-A3BG,4,train
TCGA-AJ-A3BI,4,train
TCGA-AJ-A3EK,4,train
TCGA-AJ-A3I9,4,train
TCGA-AJ-A3IA,4,train
TCGA-AJ-A3NC,4,train
TCGA-AJ-A3NE,4,train
TCGA-AJ-A3NG,4,train
TCGA-AJ-A3NH,4,train
TCGA-AJ-A3OJ,4,train
TCGA-AJ-A3OK,4,train
TCGA-AJ-A3OL,4,train
TCGA-AJ-A3QS,4,train
TCGA-AJ-A3TW,4,train
TCGA-AJ-A5DW,4,train
TCGA-AJ-A6NU,4,train
TCGA-AJ-A8CT,4,train
TCGA-AJ-A8CV,4,train
TCGA-AJ-A8CW,4,train
TCGA-AK-3425,4,train
TCGA-AK-3427,4,train
TCGA-AK-3428,4,train
TCGA-AK-3429,4,train
TCGA-AK-3430,4,train
TCGA-AK-3431,4,train
TCGA-AK-3433,4,train
TCGA-AK-3434,4,train
TCGA-AK-3436,4,train
TCGA-AK-3440,4,train
TCGA-AK-3443,4,train
TCGA-AK-3444,4,train
TCGA-AK-3445,4,train
TCGA-AK-3453,4,train
TCGA-AK-3454,4,train
TCGA-AK-3455,4,train
TCGA-AK-3456,4,train
TCGA-AK-3458,4,train
TCGA-AK-3460,4,train
TCGA-AK-3461,4,train
TCGA-AK-3465,4,train
TCGA-AL-3466,4,train
TCGA-AL-3467,4,train
TCGA-AL-3468,4,train
TCGA-AL-3472,4,train
TCGA-AL-3473,4,train
TCGA-AL-7173,4,train
TCGA-AL-A5DJ,4,train
TCGA-AM-5821,4,train
TCGA-AN-A046,4,train
TCGA-AN-A0AJ,4,train
TCGA-AN-A0AS,4,train
TCGA-AN-A0AT,4,train
TCGA-AN-A0FD,4,train
TCGA-AN-A0FF,4,train
TCGA-AN-A0FK,4,train
TCGA-AN-A0FL,4,train
TCGA-AN-A0FN,4,train
TCGA-AN-A0FT,4,train
TCGA-AN-A0FV,4,train
TCGA-AN-A0FW,4,train
TCGA-AN-A0FX,4,train
TCGA-AN-A0FY,4,train
TCGA-AN-A0FZ,4,train
TCGA-AN-A0G0,4,train
TCGA-AN-A0XL,4,train
TCGA-AN-A0XN,4,train
TCGA-AN-A0XO,4,train
TCGA-AN-A0XS,4,train
TCGA-AN-A0XT,4,train
TCGA-AN-A0XU,4,train
TCGA-AN-A0XW,4,train
TCGA-AO-A03L,4,train
TCGA-AO-A03N,4,train
TCGA-AO-A03O,4,train
TCGA-AO-A03P,4,train
TCGA-AO-A03R,4,train
TCGA-AO-A03T,4,train
TCGA-AO-A03V,4,train
TCGA-AO-A0J2,4,train
TCGA-AO-A0J3,4,train
TCGA-AO-A0J4,4,train
TCGA-AO-A0J5,4,train
TCGA-AO-A0J6,4,train
TCGA-AO-A0J7,4,train
TCGA-AO-A0J8,4,train
TCGA-AO-A0J9,4,train
TCGA-AO-A0JA,4,train
TCGA-AO-A0JB,4,train
TCGA-AO-A0JC,4,train
TCGA-AO-A0JE,4,train
TCGA-AO-A0JG,4,train
TCGA-AO-A0JI,4,train
TCGA-AO-A0JJ,4,train
TCGA-AO-A0JL,4,train
TCGA-AO-A0JM,4,train
TCGA-AO-A124,4,train
TCGA-AO-A125,4,train
TCGA-AO-A126,4,train
TCGA-AO-A128,4,train
TCGA-AO-A12A,4,train
TCGA-AO-A12B,4,train
TCGA-AO-A12C,4,train
TCGA-AO-A12D,4,train
TCGA-AO-A12E,4,train
TCGA-AO-A12F,4,train
TCGA-AO-A1KO,4,train
TCGA-AO-A1KP,4,train
TCGA-AO-A1KR,4,train
TCGA-AO-A1KS,4,train
TCGA-AP-A051,4,train
TCGA-AP-A052,4,train
TCGA-AP-A053,4,train
TCGA-AP-A054,4,train
TCGA-AP-A056,4,train
TCGA-AP-A059,4,train
TCGA-AP-A05N,4,train
TCGA-AP-A05O,4,train
TCGA-AP-A05P,4,train
TCGA-AP-A0L8,4,train
TCGA-AP-A0L9,4,train
TCGA-AP-A0LD,4,train
TCGA-AP-A0LE,4,train
TCGA-AP-A0LF,4,train
TCGA-AP-A0LG,4,train
TCGA-AP-A0LH,4,train
TCGA-AP-A0LJ,4,train
TCGA-AP-A0LL,4,train
TCGA-AP-A0LQ,4,train
TCGA-AP-A0LT,4,train
TCGA-AP-A0LV,4,train
TCGA-AP-A1DH,4,train
TCGA-AP-A1DK,4,train
TCGA-AP-A1DM,4,train
TCGA-AP-A1DO,4,train
TCGA-AP-A1DQ,4,train
TCGA-AP-A1DV,4,train
TCGA-AP-A1E0,4,train
TCGA-AP-A1E1,4,train
TCGA-AP-A1E4,4,train
TCGA-AP-A3K1,4,train
TCGA-AP-A5FX,4,train
TCGA-AQ-A04J,4,train
TCGA-AQ-A0Y5,4,train
TCGA-AQ-A54O,4,train
TCGA-AQ-A7U7,4,train
TCGA-AR-A0TP,4,train
TCGA-AR-A0TQ,4,train
TCGA-AR-A0TR,4,train
TCGA-AR-A0TS,4,train
TCGA-AR-A0TT,4,train
TCGA-AR-A0TW,4,train
TCGA-AR-A0TX,4,train
TCGA-AR-A0TY,4,train
TCGA-AR-A0TZ,4,train
TCGA-AR-A0U0,4,train
TCGA-AR-A0U2,4,train
TCGA-AR-A0U3,4,train
TCGA-AR-A0U4,4,train
TCGA-AR-A1AH,4,train
TCGA-AR-A1AI,4,train
TCGA-AR-A1AJ,4,train
TCGA-AR-A1AK,4,train
TCGA-AR-A1AL,4,train
TCGA-AR-A1AM,4,train
TCGA-AR-A1AN,4,train
TCGA-AR-A1AO,4,train
TCGA-AR-A1AP,4,train
TCGA-AR-A1AQ,4,train
TCGA-AR-A1AR,4,train
TCGA-AR-A1AS,4,train
TCGA-AR-A1AU,4,train
TCGA-AR-A1AV,4,train
TCGA-AR-A1AW,4,train
TCGA-AR-A1AX,4,train
TCGA-AR-A24L,4,train
TCGA-AR-A24M,4,train
TCGA-AR-A24N,4,train
TCGA-AR-A24O,4,train
TCGA-AR-A24P,4,train
TCGA-AR-A24Q,4,train
TCGA-AR-A24R,4,train
TCGA-AR-A24S,4,train
TCGA-AR-A24T,4,train
TCGA-AR-A24U,4,train
TCGA-AR-A24V,4,train
TCGA-AR-A24W,4,train
TCGA-AR-A24X,4,train
TCGA-AR-A24Z,4,train
TCGA-AR-A250,4,train
TCGA-AR-A254,4,train
TCGA-AR-A255,4,train
TCGA-AR-A256,4,train
TCGA-AR-A2LH,4,train
TCGA-AR-A2LJ,4,train
TCGA-AR-A2LL,4,train
TCGA-AR-A2LM,4,train
TCGA-AR-A2LN,4,train
TCGA-AR-A2LO,4,train
TCGA-AR-A2LQ,4,train
TCGA-AR-A5QM,4,train
TCGA-AR-A5QN,4,train
TCGA-AR-A5QP,4,train
TCGA-AR-A5QQ,4,train
TCGA-AS-3777,4,train
TCGA-AS-3778,4,train
TCGA-AT-A5NU,4,train
TCGA-AU-3779,4,train
TCGA-AU-6004,4,train
TCGA-AW-A1PO,4,train
TCGA-AX-A05S,4,train
TCGA-AX-A05U,4,train
TCGA-AX-A05W,4,train
TCGA-AX-A05Y,4,train
TCGA-AX-A05Z,4,train
TCGA-AX-A060,4,train
TCGA-AX-A062,4,train
TCGA-AX-A064,4,train
TCGA-AX-A06D,4,train
TCGA-AX-A06F,4,train
TCGA-AX-A06L,4,train
TCGA-AX-A0IW,4,train
TCGA-AX-A0IZ,4,train
TCGA-AX-A0J0,4,train
TCGA-AX-A0J1,4,train
TCGA-AX-A1C4,4,train
TCGA-AX-A1C5,4,train
TCGA-AX-A1C7,4,train
TCGA-AX-A1C8,4,train
TCGA-AX-A1CA,4,train
TCGA-AX-A1CJ,4,train
TCGA-AX-A1CK,4,train
TCGA-AX-A1CN,4,train
TCGA-AX-A2IN,4,train
TCGA-AX-A2IO,4,train
TCGA-AY-6197,4,train
TCGA-AZ-4308,4,train
TCGA-AZ-4313,4,train
TCGA-AZ-4315,4,train
TCGA-AZ-4614,4,train
TCGA-AZ-4615,4,train
TCGA-AZ-4616,4,train
TCGA-AZ-4682,4,train
TCGA-AZ-4684,4,train
TCGA-AZ-5403,4,train
TCGA-AZ-5407,4,train
TCGA-B0-4691,4,train
TCGA-B0-4693,4,train
TCGA-B0-4694,4,train
TCGA-B0-4696,4,train
TCGA-B0-4697,4,train
TCGA-B0-4698,4,train
TCGA-B0-4703,4,train
TCGA-B0-4706,4,train
TCGA-B0-4707,4,train
TCGA-B0-4710,4,train
TCGA-B0-4713,4,train
TCGA-B0-4714,4,train
TCGA-B0-4718,4,train
TCGA-B0-4811,4,train
TCGA-B0-4813,4,train
TCGA-B0-4815,4,train
TCGA-B0-4817,4,train
TCGA-B0-4818,4,train
TCGA-B0-4819,4,train
TCGA-B0-4822,4,train
TCGA-B0-4823,4,train
TCGA-B0-4824,4,train
TCGA-B0-4827,4,train
TCGA-B0-4828,4,train
TCGA-B0-4833,4,train
TCGA-B0-4834,4,train
TCGA-B0-4836,4,train
TCGA-B0-4837,4,train
TCGA-B0-4838,4,train
TCGA-B0-4839,4,train
TCGA-B0-4841,4,train
TCGA-B0-4842,4,train
TCGA-B0-4843,4,train
TCGA-B0-4845,4,train
TCGA-B0-4846,4,train
TCGA-B0-4847,4,train
TCGA-B0-4848,4,train
TCGA-B0-4849,4,train
TCGA-B0-4852,4,train
TCGA-B0-4945,4,train
TCGA-B0-5075,4,train
TCGA-B0-5077,4,train
TCGA-B0-5080,4,train
TCGA-B0-5081,4,train
TCGA-B0-5083,4,train
TCGA-B0-5085,4,train
TCGA-B0-5092,4,train
TCGA-B0-5095,4,train
TCGA-B0-5096,4,train
TCGA-B0-5098,4,train
TCGA-B0-5099,4,train
TCGA-B0-5100,4,train
TCGA-B0-5102,4,train
TCGA-B0-5104,4,train
TCGA-B0-5106,4,train
TCGA-B0-5107,4,train
TCGA-B0-5108,4,train
TCGA-B0-5113,4,train
TCGA-B0-5116,4,train
TCGA-B0-5117,4,train
TCGA-B0-5119,4,train
TCGA-B0-5120,4,train
TCGA-B0-5400,4,train
TCGA-B0-5402,4,train
TCGA-B0-5692,4,train
TCGA-B0-5696,4,train
TCGA-B0-5697,4,train
TCGA-B0-5698,4,train
TCGA-B0-5699,4,train
TCGA-B0-5700,4,train
TCGA-B0-5702,4,train
TCGA-B0-5703,4,train
TCGA-B0-5705,4,train
TCGA-B0-5706,4,train
TCGA-B0-5707,4,train
TCGA-B0-5709,4,train
TCGA-B0-5710,4,train
TCGA-B0-5711,4,train
TCGA-B0-5712,4,train
TCGA-B0-5812,4,train
TCGA-B1-A47M,4,train
TCGA-B2-4098,4,train
TCGA-B2-4099,4,train
TCGA-B2-4102,4,train
TCGA-B2-5636,4,train
TCGA-B2-5639,4,train
TCGA-B2-5641,4,train
TCGA-B2-A4SR,4,train
TCGA-B3-3925,4,train
TCGA-B3-3926,4,train
TCGA-B3-4103,4,train
TCGA-B3-8121,4,train
TCGA-B4-5378,4,train
TCGA-B4-5832,4,train
TCGA-B4-5834,4,train
TCGA-B4-5836,4,train
TCGA-B4-5838,4,train
TCGA-B4-5844,4,train
TCGA-B5-A0JU,4,train
TCGA-B5-A0K0,4,train
TCGA-B5-A0K1,4,train
TCGA-B5-A0K2,4,train
TCGA-B5-A0K3,4,train
TCGA-B5-A0K8,4,train
TCGA-B5-A0K9,4,train
TCGA-B5-A0KB,4,train
TCGA-B5-A11E,4,train
TCGA-B5-A11F,4,train
TCGA-B5-A11I,4,train
TCGA-B5-A11J,4,train
TCGA-B5-A11M,4,train
TCGA-B5-A11N,4,train
TCGA-B5-A11O,4,train
TCGA-B5-A11P,4,train
TCGA-B5-A11Q,4,train
TCGA-B5-A11U,4,train
TCGA-B5-A11V,4,train
TCGA-B5-A11W,4,train
TCGA-B5-A11X,4,train
TCGA-B5-A11Y,4,train
TCGA-B5-A11Z,4,train
TCGA-B5-A121,4,train
TCGA-B5-A1MR,4,train
TCGA-B5-A1MS,4,train
TCGA-B5-A1MW,4,train
TCGA-B5-A1MX,4,train
TCGA-B5-A1MY,4,train
TCGA-B5-A1MZ,4,train
TCGA-B5-A1N2,4,train
TCGA-B5-A3FB,4,train
TCGA-B5-A3FC,4,train
TCGA-B5-A3FH,4,train
TCGA-B5-A3S1,4,train
TCGA-B5-A5OC,4,train
TCGA-B5-A5OD,4,train
TCGA-B6-A0I1,4,train
TCGA-B6-A0I2,4,train
TCGA-B6-A0I5,4,train
TCGA-B6-A0I6,4,train
TCGA-B6-A0I8,4,train
TCGA-B6-A0IA,4,train
TCGA-B6-A0IC,4,train
TCGA-B6-A0IG,4,train
TCGA-B6-A0IH,4,train
TCGA-B6-A0IJ,4,train
TCGA-B6-A0IK,4,train
TCGA-B6-A0IN,4,train
TCGA-B6-A0IO,4,train
TCGA-B6-A0IQ,4,train
TCGA-B6-A0RE,4,train
TCGA-B6-A0RI,4,train
TCGA-B6-A0RL,4,train
TCGA-B6-A0RM,4,train
TCGA-B6-A0RO,4,train
TCGA-B6-A0RP,4,train
TCGA-B6-A0RS,4,train
TCGA-B6-A0RT,4,train
TCGA-B6-A0RU,4,train
TCGA-B6-A0RV,4,train
TCGA-B6-A0WS,4,train
TCGA-B6-A0WT,4,train
TCGA-B6-A0WW,4,train
TCGA-B6-A0WZ,4,train
TCGA-B6-A0X7,4,train
TCGA-B6-A1KF,4,train
TCGA-B6-A1KN,4,train
TCGA-B7-5816,4,train
TCGA-B8-4151,4,train
TCGA-B8-4153,4,train
TCGA-B8-4619,4,train
TCGA-B8-4620,4,train
TCGA-B8-4622,4,train
TCGA-B8-5158,4,train
TCGA-B8-5162,4,train
TCGA-B8-5163,4,train
TCGA-B8-5165,4,train
TCGA-B8-5546,4,train
TCGA-B8-5549,4,train
TCGA-B8-5551,4,train
TCGA-B8-5552,4,train
TCGA-B8-5553,4,train
TCGA-B8-A54F,4,train
TCGA-B8-A7U6,4,train
TCGA-B9-4114,4,train
TCGA-B9-4117,4,train
TCGA-B9-4617,4,train
TCGA-B9-5155,4,train
TCGA-B9-7268,4,train
TCGA-B9-A44B,4,train
TCGA-B9-A69E,4,train
TCGA-B9-A8YH,4,train
TCGA-B9-A8YI,4,train
TCGA-BA-4074,4,train
TCGA-BA-4075,4,train
TCGA-BA-4076,4,train
TCGA-BA-4077,4,train
TCGA-BA-4078,4,train
TCGA-BA-5149,4,train
TCGA-BA-5555,4,train
TCGA-BA-5559,4,train
TCGA-BA-6868,4,train
TCGA-BA-6869,4,train
TCGA-BA-6870,4,train
TCGA-BA-6871,4,train
TCGA-BA-6872,4,train
TCGA-BA-6873,4,train
TCGA-BA-A6DA,4,train
TCGA-BA-A6DD,4,train
TCGA-BA-A6DE,4,train
TCGA-BA-A6DF,4,train
TCGA-BA-A6DG,4,train
TCGA-BA-A6DI,4,train
TCGA-BA-A6DL,4,train
TCGA-BB-4217,4,train
TCGA-BB-4225,4,train
TCGA-BB-7863,4,train
TCGA-BB-7864,4,train
TCGA-BB-7866,4,train
TCGA-BB-7871,4,train
TCGA-BB-8596,4,train
TCGA-BB-A5HU,4,train
TCGA-BB-A5HY,4,train
TCGA-BB-A5HZ,4,train
TCGA-BB-A6UO,4,train
TCGA-BC-A217,4,train
TCGA-BC-A3KG,4,train
TCGA-BC-A5W4,4,train
TCGA-BC-A69H,4,train
TCGA-BC-A69I,4,train
TCGA-BC-A8YO,4,train
TCGA-BF-A1PU,4,train
TCGA-BF-A1PZ,4,train
TCGA-BF-A3DJ,4,train
TCGA-BF-A3DL,4,train
TCGA-BF-A3DM,4,train
TCGA-BF-A3DN,4,train
TCGA-BF-A5EO,4,train
TCGA-BF-A5EP,4,train
TCGA-BF-A9VF,4,train
TCGA-BF-AAP2,4,train
TCGA-BF-AAP4,4,train
TCGA-BF-AAP6,4,train
TCGA-BF-AAP7,4,train
TCGA-BG-A0LW,4,train
TCGA-BG-A0LX,4,train
TCGA-BG-A0M6,4,train
TCGA-BG-A0M8,4,train
TCGA-BG-A0MA,4,train
TCGA-BG-A0MI,4,train
TCGA-BG-A0MO,4,train
TCGA-BG-A0MT,4,train
TCGA-BG-A0VV,4,train
TCGA-BG-A0VX,4,train
TCGA-BG-A0W2,4,train
TCGA-BG-A0YV,4,train
TCGA-BG-A187,4,train
TCGA-BG-A18A,4,train
TCGA-BG-A18B,4,train
TCGA-BG-A18C,4,train
TCGA-BG-A221,4,train
TCGA-BG-A2AD,4,train
TCGA-BG-A2AE,4,train
TCGA-BG-A2L7,4,train
TCGA-BG-A3PP,4,train
TCGA-BH-A0AU,4,train
TCGA-BH-A0AY,4,train
TCGA-BH-A0B1,4,train
TCGA-BH-A0B3,4,train
TCGA-BH-A0B4,4,train
TCGA-BH-A0B6,4,train
TCGA-BH-A0B7,4,train
TCGA-BH-A0B9,4,train
TCGA-BH-A0BC,4,train
TCGA-BH-A0BF,4,train
TCGA-BH-A0BJ,4,train
TCGA-BH-A0BL,4,train
TCGA-BH-A0BO,4,train
TCGA-BH-A0BQ,4,train
TCGA-BH-A0BS,4,train
TCGA-BH-A0BT,4,train
TCGA-BH-A0C1,4,train
TCGA-BH-A0C3,4,train
TCGA-BH-A0C7,4,train
TCGA-BH-A0DD,4,train
TCGA-BH-A0DE,4,train
TCGA-BH-A0DI,4,train
TCGA-BH-A0DK,4,train
TCGA-BH-A0DL,4,train
TCGA-BH-A0DS,4,train
TCGA-BH-A0DX,4,train
TCGA-BH-A0DZ,4,train
TCGA-BH-A0E1,4,train
TCGA-BH-A0E2,4,train
TCGA-BH-A0E6,4,train
TCGA-BH-A0E7,4,train
TCGA-BH-A0E9,4,train
TCGA-BH-A0EB,4,train
TCGA-BH-A0EE,4,train
TCGA-BH-A0H3,4,train
TCGA-BH-A0H6,4,train
TCGA-BH-A0H9,4,train
TCGA-BH-A0HA,4,train
TCGA-BH-A0HB,4,train
TCGA-BH-A0HK,4,train
TCGA-BH-A0HN,4,train
TCGA-BH-A0HO,4,train
TCGA-BH-A0HP,4,train
TCGA-BH-A0RX,4,train
TCGA-BH-A0W4,4,train
TCGA-BH-A0W5,4,train
TCGA-BH-A0W7,4,train
TCGA-BH-A18G,4,train
TCGA-BH-A18H,4,train
TCGA-BH-A18I,4,train
TCGA-BH-A202,4,train
TCGA-BH-A28O,4,train
TCGA-BH-A2L8,4,train
TCGA-BH-A5J0,4,train
TCGA-BI-A0VR,4,train
TCGA-BI-A0VS,4,train
TCGA-BJ-A0YZ,4,train
TCGA-BJ-A0Z0,4,train
TCGA-BJ-A0Z2,4,train
TCGA-BJ-A0Z3,4,train
TCGA-BJ-A0Z5,4,train
TCGA-BJ-A0Z9,4,train
TCGA-BJ-A0ZB,4,train
TCGA-BJ-A0ZC,4,train
TCGA-BJ-A0ZE,4,train
TCGA-BJ-A0ZF,4,train
TCGA-BJ-A18Y,4,train
TCGA-BJ-A18Z,4,train
TCGA-BJ-A190,4,train
TCGA-BJ-A191,4,train
TCGA-BJ-A192,4,train
TCGA-BJ-A28S,4,train
TCGA-BJ-A28T,4,train
TCGA-BJ-A28W,4,train
TCGA-BJ-A28X,4,train
TCGA-BJ-A28Z,4,train
TCGA-BJ-A291,4,train
TCGA-BJ-A2N7,4,train
TCGA-BJ-A2N8,4,train
TCGA-BJ-A2NA,4,train
TCGA-BJ-A2P4,4,train
TCGA-BJ-A3PR,4,train
TCGA-BJ-A3PT,4,train
TCGA-BJ-A45C,4,train
TCGA-BJ-A45D,4,train
TCGA-BJ-A45F,4,train
TCGA-BJ-A45G,4,train
TCGA-BJ-A45I,4,train
TCGA-BJ-A45J,4,train
TCGA-BJ-A45K,4,train
TCGA-BJ-A4O8,4,train
TCGA-BJ-A4O9,4,train
TCGA-BK-A0C9,4,train
TCGA-BK-A0CA,4,train
TCGA-BK-A139,4,train
TCGA-BK-A13B,4,train
TCGA-BK-A26L,4,train
TCGA-BK-A56F,4,train
TCGA-BK-A6W3,4,train
TCGA-BL-A0C8,4,train
TCGA-BL-A13I,4,train
TCGA-BL-A13J,4,train
TCGA-BP-4158,4,train
TCGA-BP-4161,4,train
TCGA-BP-4162,4,train
TCGA-BP-4164,4,train
TCGA-BP-4166,4,train
TCGA-BP-4167,4,train
TCGA-BP-4170,4,train
TCGA-BP-4173,4,train
TCGA-BP-4174,4,train
TCGA-BP-4176,4,train
TCGA-BP-4325,4,train
TCGA-BP-4330,4,train
TCGA-BP-4332,4,train
TCGA-BP-4335,4,train
TCGA-BP-4337,4,train
TCGA-BP-4340,4,train
TCGA-BP-4341,4,train
TCGA-BP-4343,4,train
TCGA-BP-4344,4,train
TCGA-BP-4345,4,train
TCGA-BP-4349,4,train
TCGA-BP-4351,4,train
TCGA-BP-4352,4,train
TCGA-BP-4353,4,train
TCGA-BP-4354,4,train
TCGA-BP-4355,4,train
TCGA-BP-4759,4,train
TCGA-BP-4760,4,train
TCGA-BP-4761,4,train
TCGA-BP-4762,4,train
TCGA-BP-4763,4,train
TCGA-BP-4766,4,train
TCGA-BP-4768,4,train
TCGA-BP-4769,4,train
TCGA-BP-4770,4,train
TCGA-BP-4771,4,train
TCGA-BP-4774,4,train
TCGA-BP-4775,4,train
TCGA-BP-4776,4,train
TCGA-BP-4777,4,train
TCGA-BP-4784,4,train
TCGA-BP-4787,4,train
TCGA-BP-4789,4,train
TCGA-BP-4790,4,train
TCGA-BP-4795,4,train
TCGA-BP-4797,4,train
TCGA-BP-4798,4,train
TCGA-BP-4799,4,train
TCGA-BP-4803,4,train
TCGA-BP-4804,4,train
TCGA-BP-4964,4,train
TCGA-BP-4965,4,train
TCGA-BP-4967,4,train
TCGA-BP-4970,4,train
TCGA-BP-4971,4,train
TCGA-BP-4973,4,train
TCGA-BP-4974,4,train
TCGA-BP-4975,4,train
TCGA-BP-4976,4,train
TCGA-BP-4981,4,train
TCGA-BP-4985,4,train
TCGA-BP-4987,4,train
TCGA-BP-4988,4,train
TCGA-BP-4989,4,train
TCGA-BP-4991,4,train
TCGA-BP-4992,4,train
TCGA-BP-4993,4,train
TCGA-BP-4995,4,train
TCGA-BP-5000,4,train
TCGA-BP-5001,4,train
TCGA-BP-5006,4,train
TCGA-BP-5007,4,train
TCGA-BP-5008,4,train
TCGA-BP-5009,4,train
TCGA-BP-5169,4,train
TCGA-BP-5170,4,train
TCGA-BP-5173,4,train
TCGA-BP-5174,4,train
TCGA-BP-5175,4,train
TCGA-BP-5178,4,train
TCGA-BP-5180,4,train
TCGA-BP-5181,4,train
TCGA-BP-5182,4,train
TCGA-BP-5184,4,train
TCGA-BP-5186,4,train
TCGA-BP-5189,4,train
TCGA-BP-5190,4,train
TCGA-BP-5191,4,train
TCGA-BP-5192,4,train
TCGA-BP-5194,4,train
TCGA-BP-5195,4,train
TCGA-BP-5196,4,train
TCGA-BP-5198,4,train
TCGA-BP-5199,4,train
TCGA-BP-5201,4,train
TCGA-BP-5202,4,train
TCGA-BR-6452,4,train
TCGA-BR-6453,4,train
TCGA-BR-6454,4,train
TCGA-BR-6456,4,train
TCGA-BR-6457,4,train
TCGA-BR-6458,4,train
TCGA-BR-6564,4,train
TCGA-BR-6565,4,train
TCGA-BR-6566,4,train
TCGA-BR-6706,4,train
TCGA-BR-6707,4,train
TCGA-BR-6710,4,train
TCGA-BR-6801,4,train
TCGA-BR-6803,4,train
TCGA-BR-6852,4,train
TCGA-BR-7197,4,train
TCGA-BR-7703,4,train
TCGA-BR-7704,4,train
TCGA-BR-7707,4,train
TCGA-BR-7715,4,train
TCGA-BR-7716,4,train
TCGA-BR-7851,4,train
TCGA-BR-7901,4,train
TCGA-BR-7957,4,train
TCGA-BR-8058,4,train
TCGA-BR-8078,4,train
TCGA-BR-8080,4,train
TCGA-BR-8081,4,train
TCGA-BR-8284,4,train
TCGA-BR-8285,4,train
TCGA-BR-8286,4,train
TCGA-BR-8289,4,train
TCGA-BR-8291,4,train
TCGA-BR-8295,4,train
TCGA-BR-8296,4,train
TCGA-BR-8297,4,train
TCGA-BR-8360,4,train
TCGA-BR-8361,4,train
TCGA-BR-8364,4,train
TCGA-BR-8366,4,train
TCGA-BR-8367,4,train
TCGA-BR-8368,4,train
TCGA-BR-8369,4,train
TCGA-BR-8370,4,train
TCGA-BR-8371,4,train
TCGA-BR-8372,4,train
TCGA-BR-8373,4,train
TCGA-BR-8380,4,train
TCGA-BR-8381,4,train
TCGA-BR-8382,4,train
TCGA-BR-8384,4,train
TCGA-BR-8484,4,train
TCGA-BR-8485,4,train
TCGA-BR-8588,4,train
TCGA-BR-8589,4,train
TCGA-BR-8590,4,train
TCGA-BR-8591,4,train
TCGA-BR-8592,4,train
TCGA-BR-8677,4,train
TCGA-BR-8678,4,train
TCGA-BR-8679,4,train
TCGA-BR-8680,4,train
TCGA-BR-8682,4,train
TCGA-BR-8683,4,train
TCGA-BR-8686,4,train
TCGA-BR-8687,4,train
TCGA-BR-8690,4,train
TCGA-BR-A44U,4,train
TCGA-BR-A452,4,train
TCGA-BR-A4CQ,4,train
TCGA-BR-A4CR,4,train
TCGA-BR-A4CS,4,train
TCGA-BR-A4IV,4,train
TCGA-BR-A4IY,4,train
TCGA-BR-A4IZ,4,train
TCGA-BR-A4J2,4,train
TCGA-BR-A4J4,4,train
TCGA-BR-A4J5,4,train
TCGA-BR-A4J7,4,train
TCGA-BR-A4J8,4,train
TCGA-BR-A4J9,4,train
TCGA-BR-A4PD,4,train
TCGA-BR-A4PE,4,train
TCGA-BR-A4PF,4,train
TCGA-BR-A4QI,4,train
TCGA-BR-A4QL,4,train
TCGA-BS-A0T9,4,train
TCGA-BS-A0TA,4,train
TCGA-BS-A0TC,4,train
TCGA-BS-A0TD,4,train
TCGA-BS-A0TE,4,train
TCGA-BS-A0TG,4,train
TCGA-BS-A0U5,4,train
TCGA-BS-A0U7,4,train
TCGA-BS-A0U8,4,train
TCGA-BS-A0UA,4,train
TCGA-BS-A0UF,4,train
TCGA-BS-A0UJ,4,train
TCGA-BS-A0V4,4,train
TCGA-BS-A0V6,4,train
TCGA-BS-A0V7,4,train
TCGA-BS-A0V8,4,train
TCGA-BS-A0VI,4,train
TCGA-BS-A0WQ,4,train
TCGA-BT-A0S7,4,train
TCGA-BT-A0YX,4,train
TCGA-BT-A20N,4,train
TCGA-BT-A20O,4,train
TCGA-BT-A20U,4,train
TCGA-BT-A20W,4,train
TCGA-BT-A2LA,4,train
TCGA-BT-A2LB,4,train
TCGA-BT-A2LD,4,train
TCGA-BT-A3PH,4,train
TCGA-BT-A3PJ,4,train
TCGA-BT-A3PK,4,train
TCGA-BT-A42B,4,train
TCGA-BT-A42E,4,train
TCGA-BW-A5NO,4,train
TCGA-BW-A5NP,4,train
TCGA-BW-A5NQ,4,train
TCGA-C4-A0EZ,4,train
TCGA-C4-A0F1,4,train
TCGA-C4-A0F6,4,train
TCGA-C4-A0F7,4,train
TCGA-C5-A1BE,4,train
TCGA-C5-A1BF,4,train
TCGA-C5-A1BI,4,train
TCGA-C5-A1BJ,4,train
TCGA-C5-A1BK,4,train
TCGA-C5-A1BL,4,train
TCGA-C5-A1BM,4,train
TCGA-C5-A1BN,4,train
TCGA-C5-A1BQ,4,train
TCGA-C5-A1M5,4,train
TCGA-C5-A1M6,4,train
TCGA-C5-A1M8,4,train
TCGA-C5-A1ME,4,train
TCGA-C5-A1MF,4,train
TCGA-C5-A1MH,4,train
TCGA-C5-A1MI,4,train
TCGA-C5-A1MJ,4,train
TCGA-C5-A1MK,4,train
TCGA-C5-A1MN,4,train
TCGA-C5-A1MP,4,train
TCGA-C5-A2LT,4,train
TCGA-C5-A2LX,4,train
TCGA-C5-A2LY,4,train
TCGA-C5-A2LZ,4,train
TCGA-C5-A2M1,4,train
TCGA-C5-A2M2,4,train
TCGA-C5-A3HD,4,train
TCGA-C5-A3HE,4,train
TCGA-C5-A3HL,4,train
TCGA-C5-A7CK,4,train
TCGA-C5-A7CM,4,train
TCGA-C5-A7UE,4,train
TCGA-C5-A7UH,4,train
TCGA-C5-A7UI,4,train
TCGA-C5-A7X3,4,train
TCGA-C5-A8XH,4,train
TCGA-C5-A8XJ,4,train
TCGA-C5-A8XK,4,train
TCGA-C5-A8YQ,4,train
TCGA-C5-A8YT,4,train
TCGA-C5-A901,4,train
TCGA-C5-A902,4,train
TCGA-C5-A905,4,train
TCGA-C8-A12L,4,train
TCGA-C8-A12M,4,train
TCGA-C8-A12N,4,train
TCGA-C8-A12O,4,train
TCGA-C8-A12P,4,train
TCGA-C8-A12Q,4,train
TCGA-C8-A12T,4,train
TCGA-C8-A12W,4,train
TCGA-C8-A12X,4,train
TCGA-C8-A12Y,4,train
TCGA-C8-A130,4,train
TCGA-C8-A132,4,train
TCGA-C8-A133,4,train
TCGA-C8-A134,4,train
TCGA-C8-A135,4,train
TCGA-C8-A137,4,train
TCGA-C8-A138,4,train
TCGA-C8-A1HE,4,train
TCGA-C8-A1HF,4,train
TCGA-C8-A1HG,4,train
TCGA-C8-A1HI,4,train
TCGA-C8-A1HJ,4,train
TCGA-C8-A1HL,4,train
TCGA-C8-A1HN,4,train
TCGA-C8-A1HO,4,train
TCGA-C8-A26W,4,train
TCGA-C8-A26X,4,train
TCGA-C8-A26Z,4,train
TCGA-C8-A273,4,train
TCGA-C8-A274,4,train
TCGA-C8-A27B,4,train
TCGA-C8-A3M7,4,train
TCGA-C8-A3M8,4,train
TCGA-C8-A8HQ,4,train
TCGA-C8-A9FZ,4,train
TCGA-C9-A480,4,train
TCGA-CA-5255,4,train
TCGA-CA-5256,4,train
TCGA-CA-5796,4,train
TCGA-CA-6715,4,train
TCGA-CA-6717,4,train
TCGA-CA-6718,4,train
TCGA-CC-5259,4,train
TCGA-CC-5260,4,train
TCGA-CC-5261,4,train
TCGA-CC-5263,4,train
TCGA-CC-5264,4,train
TCGA-CC-A123,4,train
TCGA-CC-A1HT,4,train
TCGA-CC-A3M9,4,train
TCGA-CC-A3MA,4,train
TCGA-CC-A5UC,4,train
TCGA-CC-A5UD,4,train
TCGA-CC-A5UE,4,train
TCGA-CC-A7IE,4,train
TCGA-CC-A7IF,4,train
TCGA-CC-A7IG,4,train
TCGA-CC-A7IH,4,train
TCGA-CC-A7IJ,4,train
TCGA-CC-A7IL,4,train
TCGA-CC-A8HS,4,train
TCGA-CC-A8HT,4,train
TCGA-CC-A8HU,4,train
TCGA-CC-A8HV,4,train
TCGA-CC-A9FS,4,train
TCGA-CC-A9FU,4,train
TCGA-CC-A9FV,4,train
TCGA-CC-A9FW,4,train
TCGA-CD-5798,4,train
TCGA-CD-5799,4,train
TCGA-CD-5800,4,train
TCGA-CD-5802,4,train
TCGA-CD-5804,4,train
TCGA-CD-5813,4,train
TCGA-CD-8524,4,train
TCGA-CD-8525,4,train
TCGA-CD-8526,4,train
TCGA-CD-8528,4,train
TCGA-CD-8529,4,train
TCGA-CD-8531,4,train
TCGA-CD-8532,4,train
TCGA-CD-8533,4,train
TCGA-CD-8534,4,train
TCGA-CD-8535,4,train
TCGA-CD-A486,4,train
TCGA-CD-A487,4,train
TCGA-CD-A489,4,train
TCGA-CD-A48C,4,train
TCGA-CD-A4MH,4,train
TCGA-CD-A4MJ,4,train
TCGA-CE-A13K,4,train
TCGA-CE-A27D,4,train
TCGA-CE-A3MD,4,train
TCGA-CE-A3ME,4,train
TCGA-CE-A482,4,train
TCGA-CE-A484,4,train
TCGA-CE-A485,4,train
TCGA-CF-A1HR,4,train
TCGA-CF-A1HS,4,train
TCGA-CF-A27C,4,train
TCGA-CF-A3MF,4,train
TCGA-CF-A3MG,4,train
TCGA-CF-A3MI,4,train
TCGA-CF-A47S,4,train
TCGA-CF-A47T,4,train
TCGA-CF-A47V,4,train
TCGA-CF-A47W,4,train
TCGA-CF-A5U8,4,train
TCGA-CF-A5UA,4,train
TCGA-CF-A7I0,4,train
TCGA-CF-A8HX,4,train
TCGA-CF-A8HY,4,train
TCGA-CF-A9FF,4,train
TCGA-CF-A9FH,4,train
TCGA-CF-A9FL,4,train
TCGA-CF-A9FM,4,train
TCGA-CG-4300,4,train
TCGA-CG-4301,4,train
TCGA-CG-4304,4,train
TCGA-CG-4305,4,train
TCGA-CG-4306,4,train
TCGA-CG-4436,4,train
TCGA-CG-4438,4,train
TCGA-CG-4440,4,train
TCGA-CG-4442,4,train
TCGA-CG-4443,4,train
TCGA-CG-4444,4,train
TCGA-CG-4449,4,train
TCGA-CG-4455,4,train
TCGA-CG-4460,4,train
TCGA-CG-4462,4,train
TCGA-CG-4465,4,train
TCGA-CG-4466,4,train
TCGA-CG-4469,4,train
TCGA-CG-4472,4,train
TCGA-CG-4474,4,train
TCGA-CG-4475,4,train
TCGA-CG-4477,4,train
TCGA-CH-5737,4,train
TCGA-CH-5738,4,train
TCGA-CH-5740,4,train
TCGA-CH-5741,4,train
TCGA-CH-5743,4,train
TCGA-CH-5744,4,train
TCGA-CH-5746,4,train
TCGA-CH-5750,4,train
TCGA-CH-5751,4,train
TCGA-CH-5752,4,train
TCGA-CH-5753,4,train
TCGA-CH-5754,4,train
TCGA-CI-6622,4,train
TCGA-CI-6624,4,train
TCGA-CJ-4634,4,train
TCGA-CJ-4636,4,train
TCGA-CJ-4637,4,train
TCGA-CJ-4638,4,train
TCGA-CJ-4640,4,train
TCGA-CJ-4642,4,train
TCGA-CJ-4643,4,train
TCGA-CJ-4644,4,train
TCGA-CJ-4868,4,train
TCGA-CJ-4869,4,train
TCGA-CJ-4873,4,train
TCGA-CJ-4874,4,train
TCGA-CJ-4875,4,train
TCGA-CJ-4876,4,train
TCGA-CJ-4881,4,train
TCGA-CJ-4884,4,train
TCGA-CJ-4886,4,train
TCGA-CJ-4887,4,train
TCGA-CJ-4889,4,train
TCGA-CJ-4891,4,train
TCGA-CJ-4892,4,train
TCGA-CJ-4893,4,train
TCGA-CJ-4894,4,train
TCGA-CJ-4895,4,train
TCGA-CJ-4897,4,train
TCGA-CJ-4900,4,train
TCGA-CJ-4901,4,train
TCGA-CJ-4902,4,train
TCGA-CJ-4903,4,train
TCGA-CJ-4904,4,train
TCGA-CJ-4905,4,train
TCGA-CJ-4907,4,train
TCGA-CJ-4908,4,train
TCGA-CJ-4916,4,train
TCGA-CJ-4920,4,train
TCGA-CJ-5671,4,train
TCGA-CJ-5672,4,train
TCGA-CJ-5675,4,train
TCGA-CJ-5676,4,train
TCGA-CJ-5677,4,train
TCGA-CJ-5678,4,train
TCGA-CJ-5679,4,train
TCGA-CJ-5680,4,train
TCGA-CJ-5683,4,train
TCGA-CJ-5686,4,train
TCGA-CJ-6028,4,train
TCGA-CJ-6030,4,train
TCGA-CJ-6032,4,train
TCGA-CK-4947,4,train
TCGA-CK-4951,4,train
TCGA-CK-4952,4,train
TCGA-CK-5912,4,train
TCGA-CK-5915,4,train
TCGA-CK-5916,4,train
TCGA-CK-6747,4,train
TCGA-CK-6748,4,train
TCGA-CK-6751,4,train
TCGA-CL-4957,4,train
TCGA-CL-5917,4,train
TCGA-CM-4743,4,train
TCGA-CM-4744,4,train
TCGA-CM-4746,4,train
TCGA-CM-4747,4,train
TCGA-CM-4748,4,train
TCGA-CM-4752,4,train
TCGA-CM-5344,4,train
TCGA-CM-5349,4,train
TCGA-CM-5862,4,train
TCGA-CM-5863,4,train
TCGA-CM-5868,4,train
TCGA-CM-6161,4,train
TCGA-CM-6164,4,train
TCGA-CM-6165,4,train
TCGA-CM-6166,4,train
TCGA-CM-6167,4,train
TCGA-CM-6169,4,train
TCGA-CM-6170,4,train
TCGA-CM-6171,4,train
TCGA-CM-6674,4,train
TCGA-CM-6676,4,train
TCGA-CM-6677,4,train
TCGA-CM-6678,4,train
TCGA-CM-6679,4,train
TCGA-CN-4722,4,train
TCGA-CN-4723,4,train
TCGA-CN-4725,4,train
TCGA-CN-4727,4,train
TCGA-CN-4730,4,train
TCGA-CN-4731,4,train
TCGA-CN-4734,4,train
TCGA-CN-4736,4,train
TCGA-CN-4737,4,train
TCGA-CN-4738,4,train
TCGA-CN-4740,4,train
TCGA-CN-4741,4,train
TCGA-CN-4742,4,train
TCGA-CN-5358,4,train
TCGA-CN-5359,4,train
TCGA-CN-5360,4,train
TCGA-CN-5363,4,train
TCGA-CN-5366,4,train
TCGA-CN-5367,4,train
TCGA-CN-5373,4,train
TCGA-CN-5374,4,train
TCGA-CN-6010,4,train
TCGA-CN-6011,4,train
TCGA-CN-6012,4,train
TCGA-CN-6013,4,train
TCGA-CN-6016,4,train
TCGA-CN-6017,4,train
TCGA-CN-6018,4,train
TCGA-CN-6019,4,train
TCGA-CN-6021,4,train
TCGA-CN-6022,4,train
TCGA-CN-6023,4,train
TCGA-CN-6024,4,train
TCGA-CN-6988,4,train
TCGA-CN-6989,4,train
TCGA-CN-6992,4,train
TCGA-CN-6994,4,train
TCGA-CN-6996,4,train
TCGA-CN-6997,4,train
TCGA-CN-6998,4,train
TCGA-CN-A63T,4,train
TCGA-CN-A63V,4,train
TCGA-CN-A63W,4,train
TCGA-CN-A63Y,4,train
TCGA-CN-A640,4,train
TCGA-CN-A641,4,train
TCGA-CN-A642,4,train
TCGA-CQ-5323,4,train
TCGA-CQ-5325,4,train
TCGA-CQ-5330,4,train
TCGA-CQ-5332,4,train
TCGA-CQ-5333,4,train
TCGA-CQ-5334,4,train
TCGA-CQ-6218,4,train
TCGA-CQ-6219,4,train
TCGA-CQ-6222,4,train
TCGA-CQ-6223,4,train
TCGA-CQ-6227,4,train
TCGA-CQ-6229,4,train
TCGA-CQ-7063,4,train
TCGA-CQ-7067,4,train
TCGA-CQ-7069,4,train
TCGA-CQ-A4C6,4,train
TCGA-CQ-A4C7,4,train
TCGA-CQ-A4C9,4,train
TCGA-CQ-A4CA,4,train
TCGA-CQ-A4CB,4,train
TCGA-CQ-A4CG,4,train
TCGA-CQ-A4CH,4,train
TCGA-CQ-A4CI,4,train
TCGA-CS-4938,4,train
TCGA-CS-4942,4,train
TCGA-CS-4943,4,train
TCGA-CS-4944,4,train
TCGA-CS-5390,4,train
TCGA-CS-5393,4,train
TCGA-CS-5395,4,train
TCGA-CS-5396,4,train
TCGA-CS-5397,4,train
TCGA-CS-6188,4,train
TCGA-CS-6290,4,train
TCGA-CS-6665,4,train
TCGA-CS-6666,4,train
TCGA-CS-6667,4,train
TCGA-CS-6668,4,train
TCGA-CU-A0YO,4,train
TCGA-CU-A0YR,4,train
TCGA-CU-A3KJ,4,train
TCGA-CU-A72E,4,train
TCGA-CV-5430,4,train
TCGA-CV-5432,4,train
TCGA-CV-5434,4,train
TCGA-CV-5440,4,train
TCGA-CV-5441,4,train
TCGA-CV-5442,4,train
TCGA-CV-5443,4,train
TCGA-CV-5444,4,train
TCGA-CV-5966,4,train
TCGA-CV-5970,4,train
TCGA-CV-5976,4,train
TCGA-CV-5978,4,train
TCGA-CV-6003,4,train
TCGA-CV-6933,4,train
TCGA-CV-6936,4,train
TCGA-CV-6937,4,train
TCGA-CV-6938,4,train
TCGA-CV-6939,4,train
TCGA-CV-6941,4,train
TCGA-CV-6942,4,train
TCGA-CV-6951,4,train
TCGA-CV-6952,4,train
TCGA-CV-6953,4,train
TCGA-CV-6955,4,train
TCGA-CV-7089,4,train
TCGA-CV-7091,4,train
TCGA-CV-7095,4,train
TCGA-CV-7097,4,train
TCGA-CV-7099,4,train
TCGA-CV-7100,4,train
TCGA-CV-7101,4,train
TCGA-CV-7102,4,train
TCGA-CV-7103,4,train
TCGA-CV-7178,4,train
TCGA-CV-7183,4,train
TCGA-CV-7235,4,train
TCGA-CV-7242,4,train
TCGA-CV-7243,4,train
TCGA-CV-7248,4,train
TCGA-CV-7252,4,train
TCGA-CV-7261,4,train
TCGA-CV-7406,4,train
TCGA-CV-7410,4,train
TCGA-CV-7413,4,train
TCGA-CV-7415,4,train
TCGA-CV-7416,4,train
TCGA-CV-7418,4,train
TCGA-CV-7421,4,train
TCGA-CV-7422,4,train
TCGA-CV-7424,4,train
TCGA-CV-7428,4,train
TCGA-CV-7430,4,train
TCGA-CV-7432,4,train
TCGA-CV-7434,4,train
TCGA-CV-7435,4,train
TCGA-CV-A45P,4,train
TCGA-CV-A45Q,4,train
TCGA-CV-A45T,4,train
TCGA-CV-A45X,4,train
TCGA-CV-A45Y,4,train
TCGA-CV-A464,4,train
TCGA-CV-A6JD,4,train
TCGA-CV-A6JE,4,train
TCGA-CV-A6JU,4,train
TCGA-CV-A6JY,4,train
TCGA-CV-A6JZ,4,train
TCGA-CV-A6K0,4,train
TCGA-CV-A6K2,4,train
TCGA-CX-7086,4,train
TCGA-CX-A4AQ,4,train
TCGA-CZ-4853,4,train
TCGA-CZ-4854,4,train
TCGA-CZ-4857,4,train
TCGA-CZ-4858,4,train
TCGA-CZ-4859,4,train
TCGA-CZ-4861,4,train
TCGA-CZ-4862,4,train
TCGA-CZ-4863,4,train
TCGA-CZ-4866,4,train
TCGA-CZ-5451,4,train
TCGA-CZ-5452,4,train
TCGA-CZ-5453,4,train
TCGA-CZ-5456,4,train
TCGA-CZ-5457,4,train
TCGA-CZ-5459,4,train
TCGA-CZ-5460,4,train
TCGA-CZ-5464,4,train
TCGA-CZ-5465,4,train
TCGA-CZ-5468,4,train
TCGA-CZ-5986,4,train
TCGA-CZ-5988,4,train
TCGA-CZ-5989,4,train
TCGA-D1-A0ZN,4,train
TCGA-D1-A0ZO,4,train
TCGA-D1-A0ZP,4,train
TCGA-D1-A0ZQ,4,train
TCGA-D1-A0ZR,4,train
TCGA-D1-A0ZU,4,train
TCGA-D1-A0ZV,4,train
TCGA-D1-A0ZZ,4,train
TCGA-D1-A101,4,train
TCGA-D1-A102,4,train
TCGA-D1-A103,4,train
TCGA-D1-A15V,4,train
TCGA-D1-A15W,4,train
TCGA-D1-A161,4,train
TCGA-D1-A163,4,train
TCGA-D1-A168,4,train
TCGA-D1-A16E,4,train
TCGA-D1-A16G,4,train
TCGA-D1-A16I,4,train
TCGA-D1-A16J,4,train
TCGA-D1-A16O,4,train
TCGA-D1-A16R,4,train
TCGA-D1-A16V,4,train
TCGA-D1-A174,4,train
TCGA-D1-A176,4,train
TCGA-D1-A177,4,train
TCGA-D1-A179,4,train
TCGA-D1-A17C,4,train
TCGA-D1-A17D,4,train
TCGA-D1-A17H,4,train
TCGA-D1-A17K,4,train
TCGA-D1-A17L,4,train
TCGA-D1-A17Q,4,train
TCGA-D1-A17T,4,train
TCGA-D1-A17U,4,train
TCGA-D1-A1NS,4,train
TCGA-D1-A1NU,4,train
TCGA-D1-A1NX,4,train
TCGA-D1-A1NY,4,train
TCGA-D1-A1O0,4,train
TCGA-D1-A1O5,4,train
TCGA-D1-A1O7,4,train
TCGA-D1-A2G5,4,train
TCGA-D1-A2G6,4,train
TCGA-D1-A3JP,4,train
TCGA-D1-A3JQ,4,train
TCGA-D5-5537,4,train
TCGA-D5-5538,4,train
TCGA-D5-5539,4,train
TCGA-D5-5540,4,train
TCGA-D5-5541,4,train
TCGA-D5-6529,4,train
TCGA-D5-6532,4,train
TCGA-D5-6533,4,train
TCGA-D5-6535,4,train
TCGA-D5-6540,4,train
TCGA-D5-6922,4,train
TCGA-D5-6923,4,train
TCGA-D5-6926,4,train
TCGA-D5-6927,4,train
TCGA-D5-6928,4,train
TCGA-D5-6930,4,train
TCGA-D5-7000,4,train
TCGA-D6-6515,4,train
TCGA-D6-6516,4,train
TCGA-D6-6517,4,train
TCGA-D6-6823,4,train
TCGA-D6-6824,4,train
TCGA-D6-6825,4,train
TCGA-D6-6826,4,train
TCGA-D6-6827,4,train
TCGA-D6-A4Z9,4,train
TCGA-D6-A4ZB,4,train
TCGA-D6-A6EK,4,train
TCGA-D6-A6EN,4,train
TCGA-D6-A6EO,4,train
TCGA-D6-A6EP,4,train
TCGA-D6-A6EQ,4,train
TCGA-D6-A74Q,4,train
TCGA-D7-5579,4,train
TCGA-D7-6518,4,train
TCGA-D7-6519,4,train
TCGA-D7-6520,4,train
TCGA-D7-6521,4,train
TCGA-D7-6522,4,train
TCGA-D7-6524,4,train
TCGA-D7-6525,4,train
TCGA-D7-6526,4,train
TCGA-D7-6528,4,train
TCGA-D7-6815,4,train
TCGA-D7-6817,4,train
TCGA-D7-6820,4,train
TCGA-D7-6822,4,train
TCGA-D7-8570,4,train
TCGA-D7-8574,4,train
TCGA-D7-8575,4,train
TCGA-D7-8576,4,train
TCGA-D7-8578,4,train
TCGA-D7-A4YT,4,train
TCGA-D7-A4YU,4,train
TCGA-D7-A4YV,4,train
TCGA-D7-A4YX,4,train
TCGA-D7-A4YY,4,train
TCGA-D7-A4Z0,4,train
TCGA-D7-A6ET,4,train
TCGA-D7-A6EV,4,train
TCGA-D7-A6EX,4,train
TCGA-D7-A6EY,4,train
TCGA-D7-A6EZ,4,train
TCGA-D7-A6F0,4,train
TCGA-D7-A6F2,4,train
TCGA-D7-A747,4,train
TCGA-D7-A748,4,train
TCGA-D7-A74A,4,train
TCGA-D7-A74B,4,train
TCGA-D8-A13Y,4,train
TCGA-D8-A13Z,4,train
TCGA-D8-A141,4,train
TCGA-D8-A142,4,train
TCGA-D8-A145,4,train
TCGA-D8-A146,4,train
TCGA-D8-A1J8,4,train
TCGA-D8-A1J9,4,train
TCGA-D8-A1JA,4,train
TCGA-D8-A1JB,4,train
TCGA-D8-A1JC,4,train
TCGA-D8-A1JD,4,train
TCGA-D8-A1JE,4,train
TCGA-D8-A1JF,4,train
TCGA-D8-A1JG,4,train
TCGA-D8-A1JH,4,train
TCGA-D8-A1JI,4,train
TCGA-D8-A1JJ,4,train
TCGA-D8-A1JK,4,train
TCGA-D8-A1JM,4,train
TCGA-D8-A1JN,4,train
TCGA-D8-A1JP,4,train
TCGA-D8-A1JS,4,train
TCGA-D8-A1JT,4,train
TCGA-D8-A1JU,4,train
TCGA-D8-A1X7,4,train
TCGA-D8-A1X8,4,train
TCGA-D8-A1X9,4,train
TCGA-D8-A1XA,4,train
TCGA-D8-A1XB,4,train
TCGA-D8-A1XC,4,train
TCGA-D8-A1XD,4,train
TCGA-D8-A1XF,4,train
TCGA-D8-A1XG,4,train
TCGA-D8-A1XJ,4,train
TCGA-D8-A1XK,4,train
TCGA-D8-A1XL,4,train
TCGA-D8-A1XM,4,train
TCGA-D8-A1XO,4,train
TCGA-D8-A1XQ,4,train
TCGA-D8-A1XR,4,train
TCGA-D8-A1XS,4,train
TCGA-D8-A1XT,4,train
TCGA-D8-A1XV,4,train
TCGA-D8-A1XW,4,train
TCGA-D8-A1Y0,4,train
TCGA-D8-A1Y1,4,train
TCGA-D8-A1Y2,4,train
TCGA-D8-A1Y3,4,train
TCGA-D8-A27E,4,train
TCGA-D8-A27F,4,train
TCGA-D8-A27G,4,train
TCGA-D8-A27H,4,train
TCGA-D8-A27I,4,train
TCGA-D8-A27K,4,train
TCGA-D8-A27L,4,train
TCGA-D8-A27M,4,train
TCGA-D8-A27N,4,train
TCGA-D8-A27P,4,train
TCGA-D8-A27R,4,train
TCGA-D8-A27T,4,train
TCGA-D8-A27V,4,train
TCGA-D8-A27W,4,train
TCGA-D8-A3Z5,4,train
TCGA-D8-A3Z6,4,train
TCGA-D8-A4Z1,4,train
TCGA-D8-A73U,4,train
TCGA-D8-A73X,4,train
TCGA-D9-A3Z4,4,train
TCGA-D9-A4Z2,4,train
TCGA-D9-A4Z3,4,train
TCGA-D9-A4Z5,4,train
TCGA-DB-5273,4,train
TCGA-DB-5274,4,train
TCGA-DB-5276,4,train
TCGA-DB-5277,4,train
TCGA-DB-5278,4,train
TCGA-DB-5279,4,train
TCGA-DB-5280,4,train
TCGA-DB-5281,4,train
TCGA-DB-A4X9,4,train
TCGA-DB-A4XB,4,train
TCGA-DB-A4XC,4,train
TCGA-DB-A4XD,4,train
TCGA-DB-A4XG,4,train
TCGA-DB-A4XH,4,train
TCGA-DB-A64O,4,train
TCGA-DB-A64P,4,train
TCGA-DB-A64Q,4,train
TCGA-DB-A64R,4,train
TCGA-DB-A64S,4,train
TCGA-DB-A64U,4,train
TCGA-DB-A64V,4,train
TCGA-DB-A64W,4,train
TCGA-DB-A75K,4,train
TCGA-DB-A75M,4,train
TCGA-DB-A75O,4,train
TCGA-DC-4749,4,train
TCGA-DC-5337,4,train
TCGA-DC-5869,4,train
TCGA-DC-6154,4,train
TCGA-DC-6155,4,train
TCGA-DC-6156,4,train
TCGA-DC-6157,4,train
TCGA-DC-6158,4,train
TCGA-DC-6160,4,train
TCGA-DC-6681,4,train
TCGA-DC-6682,4,train
TCGA-DD-A113,4,train
TCGA-DD-A114,4,train
TCGA-DD-A115,4,train
TCGA-DD-A119,4,train
TCGA-DD-A11A,4,train
TCGA-DD-A11B,4,train
TCGA-DD-A1E9,4,train
TCGA-DD-A1EA,4,train
TCGA-DD-A1EB,4,train
TCGA-DD-A1EF,4,train
TCGA-DD-A1EI,4,train
TCGA-DD-A1EJ,4,train
TCGA-DD-A4NF,4,train
TCGA-DD-A4NG,4,train
TCGA-DD-A4NJ,4,train
TCGA-DD-A4NK,4,train
TCGA-DD-A4NN,4,train
TCGA-DD-A4NO,4,train
TCGA-DD-A4NP,4,train
TCGA-DD-A4NQ,4,train
TCGA-DD-A4NR,4,train
TCGA-DD-A4NS,4,train
TCGA-DD-A4NV,4,train
TCGA-DD-A73B,4,train
TCGA-DD-A73C,4,train
TCGA-DD-A73D,4,train
TCGA-DD-A73G,4,train
TCGA-DD-AA3A,4,train
TCGA-DD-AAC8,4,train
TCGA-DD-AACB,4,train
TCGA-DD-AACC,4,train
TCGA-DD-AACD,4,train
TCGA-DD-AACE,4,train
TCGA-DD-AACF,4,train
TCGA-DD-AACG,4,train
TCGA-DD-AACI,4,train
TCGA-DD-AACK,4,train
TCGA-DD-AACM,4,train
TCGA-DD-AACN,4,train
TCGA-DD-AACO,4,train
TCGA-DD-AACP,4,train
TCGA-DD-AACQ,4,train
TCGA-DD-AACS,4,train
TCGA-DD-AACT,4,train
TCGA-DD-AACU,4,train
TCGA-DD-AACW,4,train
TCGA-DD-AACY,4,train
TCGA-DD-AACZ,4,train
TCGA-DD-AAD0,4,train
TCGA-DD-AAD1,4,train
TCGA-DD-AAD2,4,train
TCGA-DD-AAD3,4,train
TCGA-DD-AAD6,4,train
TCGA-DD-AAD8,4,train
TCGA-DD-AADA,4,train
TCGA-DD-AADB,4,train
TCGA-DD-AADC,4,train
TCGA-DD-AADF,4,train
TCGA-DD-AADI,4,train
TCGA-DD-AADK,4,train
TCGA-DD-AADL,4,train
TCGA-DD-AADM,4,train
TCGA-DD-AADN,4,train
TCGA-DD-AADO,4,train
TCGA-DD-AADQ,4,train
TCGA-DD-AADR,4,train
TCGA-DD-AADS,4,train
TCGA-DD-AADV,4,train
TCGA-DD-AADY,4,train
TCGA-DD-AAE0,4,train
TCGA-DD-AAE1,4,train
TCGA-DD-AAE2,4,train
TCGA-DD-AAE3,4,train
TCGA-DD-AAE4,4,train
TCGA-DD-AAE6,4,train
TCGA-DD-AAE7,4,train
TCGA-DD-AAE8,4,train
TCGA-DD-AAEA,4,train
TCGA-DD-AAEB,4,train
TCGA-DD-AAED,4,train
TCGA-DD-AAEE,4,train
TCGA-DD-AAEG,4,train
TCGA-DD-AAEH,4,train
TCGA-DD-AAEK,4,train
TCGA-DD-AAVP,4,train
TCGA-DD-AAVQ,4,train
TCGA-DD-AAVR,4,train
TCGA-DD-AAVU,4,train
TCGA-DD-AAVW,4,train
TCGA-DD-AAVX,4,train
TCGA-DD-AAVY,4,train
TCGA-DD-AAW0,4,train
TCGA-DD-AAW1,4,train
TCGA-DD-AAW2,4,train
TCGA-DD-AAW3,4,train
TCGA-DE-A0XZ,4,train
TCGA-DE-A2OL,4,train
TCGA-DE-A4M8,4,train
TCGA-DE-A4MB,4,train
TCGA-DE-A4MD,4,train
TCGA-DF-A2KN,4,train
TCGA-DF-A2KR,4,train
TCGA-DF-A2KS,4,train
TCGA-DF-A2KV,4,train
TCGA-DG-A2KH,4,train
TCGA-DG-A2KJ,4,train
TCGA-DG-A2KL,4,train
TCGA-DG-A2KM,4,train
TCGA-DH-5140,4,train
TCGA-DH-5141,4,train
TCGA-DH-A669,4,train
TCGA-DH-A66B,4,train
TCGA-DH-A66F,4,train
TCGA-DH-A66G,4,train
TCGA-DH-A7UR,4,train
TCGA-DH-A7US,4,train
TCGA-DH-A7UT,4,train
TCGA-DH-A7UU,4,train
TCGA-DH-A7UV,4,train
TCGA-DI-A0WH,4,train
TCGA-DI-A1BU,4,train
TCGA-DI-A1BY,4,train
TCGA-DI-A1C3,4,train
TCGA-DI-A2QY,4,train
TCGA-DJ-A13L,4,train
TCGA-DJ-A13O,4,train
TCGA-DJ-A13P,4,train
TCGA-DJ-A13R,4,train
TCGA-DJ-A13S,4,train
TCGA-DJ-A13T,4,train
TCGA-DJ-A13U,4,train
TCGA-DJ-A13V,4,train
TCGA-DJ-A1QD,4,train
TCGA-DJ-A1QE,4,train
TCGA-DJ-A1QF,4,train
TCGA-DJ-A1QG,4,train
TCGA-DJ-A1QH,4,train
TCGA-DJ-A1QI,4,train
TCGA-DJ-A1QL,4,train
TCGA-DJ-A1QM,4,train
TCGA-DJ-A1QQ,4,train
TCGA-DJ-A2PN,4,train
TCGA-DJ-A2PQ,4,train
TCGA-DJ-A2PR,4,train
TCGA-DJ-A2PS,4,train
TCGA-DJ-A2PT,4,train
TCGA-DJ-A2PU,4,train
TCGA-DJ-A2PV,4,train
TCGA-DJ-A2PW,4,train
TCGA-DJ-A2PY,4,train
TCGA-DJ-A2PZ,4,train
TCGA-DJ-A2Q2,4,train
TCGA-DJ-A2Q7,4,train
TCGA-DJ-A2Q9,4,train
TCGA-DJ-A2QA,4,train
TCGA-DJ-A2QB,4,train
TCGA-DJ-A2QC,4,train
TCGA-DJ-A3UK,4,train
TCGA-DJ-A3UM,4,train
TCGA-DJ-A3UN,4,train
TCGA-DJ-A3UP,4,train
TCGA-DJ-A3UR,4,train
TCGA-DJ-A3US,4,train
TCGA-DJ-A3UU,4,train
TCGA-DJ-A3UW,4,train
TCGA-DJ-A3UX,4,train
TCGA-DJ-A3UY,4,train
TCGA-DJ-A3UZ,4,train
TCGA-DJ-A3V2,4,train
TCGA-DJ-A3V5,4,train
TCGA-DJ-A3V6,4,train
TCGA-DJ-A3V7,4,train
TCGA-DJ-A3V8,4,train
TCGA-DJ-A3V9,4,train
TCGA-DJ-A3VA,4,train
TCGA-DJ-A3VB,4,train
TCGA-DJ-A3VD,4,train
TCGA-DJ-A3VE,4,train
TCGA-DJ-A3VF,4,train
TCGA-DJ-A3VG,4,train
TCGA-DJ-A3VI,4,train
TCGA-DJ-A3VJ,4,train
TCGA-DJ-A3VK,4,train
TCGA-DJ-A3VL,4,train
TCGA-DJ-A3VM,4,train
TCGA-DJ-A4UL,4,train
TCGA-DJ-A4UP,4,train
TCGA-DJ-A4UQ,4,train
TCGA-DJ-A4UR,4,train
TCGA-DJ-A4UT,4,train
TCGA-DJ-A4UW,4,train
TCGA-DJ-A4V0,4,train
TCGA-DJ-A4V2,4,train
TCGA-DK-A1A3,4,train
TCGA-DK-A1A5,4,train
TCGA-DK-A1A6,4,train
TCGA-DK-A1AA,4,train
TCGA-DK-A1AC,4,train
TCGA-DK-A1AD,4,train
TCGA-DK-A1AE,4,train
TCGA-DK-A1AF,4,train
TCGA-DK-A1AG,4,train
TCGA-DK-A2HX,4,train
TCGA-DK-A2I1,4,train
TCGA-DK-A2I2,4,train
TCGA-DK-A2I4,4,train
TCGA-DK-A3IL,4,train
TCGA-DK-A3IM,4,train
TCGA-DK-A3IN,4,train
TCGA-DK-A3IQ,4,train
TCGA-DK-A3IS,4,train
TCGA-DK-A3IT,4,train
TCGA-DK-A3IU,4,train
TCGA-DK-A3IV,4,train
TCGA-DK-A3WW,4,train
TCGA-DK-A3WX,4,train
TCGA-DK-A3WY,4,train
TCGA-DK-A3X1,4,train
TCGA-DK-A6AV,4,train
TCGA-DK-A6B1,4,train
TCGA-DK-A6B2,4,train
TCGA-DK-A6B5,4,train
TCGA-DK-A6B6,4,train
TCGA-DM-A1DB,4,train
TCGA-DM-A28H,4,train
TCGA-DO-A1JZ,4,train
TCGA-DO-A1K0,4,train
TCGA-DO-A2HM,4,train
TCGA-DQ-5624,4,train
TCGA-DQ-5625,4,train
TCGA-DQ-5629,4,train
TCGA-DQ-5631,4,train
TCGA-DQ-7588,4,train
TCGA-DQ-7593,4,train
TCGA-DQ-7595,4,train
TCGA-DQ-7596,4,train
TCGA-DS-A0VK,4,train
TCGA-DS-A0VM,4,train
TCGA-DS-A0VN,4,train
TCGA-DS-A7WF,4,train
TCGA-DS-A7WH,4,train
TCGA-DS-A7WI,4,train
TCGA-DT-5265,4,train
TCGA-DU-5847,4,train
TCGA-DU-5849,4,train
TCGA-DU-5852,4,train
TCGA-DU-5853,4,train
TCGA-DU-5855,4,train
TCGA-DU-5870,4,train
TCGA-DU-5871,4,train
TCGA-DU-5872,4,train
TCGA-DU-5874,4,train
TCGA-DU-6392,4,train
TCGA-DU-6393,4,train
TCGA-DU-6395,4,train
TCGA-DU-6397,4,train
TCGA-DU-6401,4,train
TCGA-DU-6403,4,train
TCGA-DU-6404,4,train
TCGA-DU-6405,4,train
TCGA-DU-6407,4,train
TCGA-DU-6542,4,train
TCGA-DU-7006,4,train
TCGA-DU-7007,4,train
TCGA-DU-7009,4,train
TCGA-DU-7010,4,train
TCGA-DU-7013,4,train
TCGA-DU-7014,4,train
TCGA-DU-7015,4,train
TCGA-DU-7019,4,train
TCGA-DU-7290,4,train
TCGA-DU-7294,4,train
TCGA-DU-7298,4,train
TCGA-DU-7300,4,train
TCGA-DU-7301,4,train
TCGA-DU-7302,4,train
TCGA-DU-7309,4,train
TCGA-DU-8158,4,train
TCGA-DU-8161,4,train
TCGA-DU-8162,4,train
TCGA-DU-8163,4,train
TCGA-DU-8164,4,train
TCGA-DU-8165,4,train
TCGA-DU-8166,4,train
TCGA-DU-8168,4,train
TCGA-DU-A5TP,4,train
TCGA-DU-A5TR,4,train
TCGA-DU-A5TS,4,train
TCGA-DU-A5TT,4,train
TCGA-DU-A5TU,4,train
TCGA-DU-A5TW,4,train
TCGA-DU-A5TY,4,train
TCGA-DU-A6S3,4,train
TCGA-DU-A6S6,4,train
TCGA-DU-A76K,4,train
TCGA-DU-A76L,4,train
TCGA-DU-A76O,4,train
TCGA-DU-A7T8,4,train
TCGA-DU-A7TA,4,train
TCGA-DU-A7TB,4,train
TCGA-DU-A7TC,4,train
TCGA-DU-A7TG,4,train
TCGA-DU-A7TJ,4,train
TCGA-DV-5567,4,train
TCGA-DV-5568,4,train
TCGA-DV-5569,4,train
TCGA-DV-5573,4,train
TCGA-DV-5574,4,train
TCGA-DV-5575,4,train
TCGA-DV-5576,4,train
TCGA-DV-A4VX,4,train
TCGA-DV-A4W0,4,train
TCGA-DW-5560,4,train
TCGA-DW-5561,4,train
TCGA-DW-7834,4,train
TCGA-DW-7836,4,train
TCGA-DW-7837,4,train
TCGA-DW-7838,4,train
TCGA-DW-7839,4,train
TCGA-DW-7840,4,train
TCGA-DW-7842,4,train
TCGA-DW-7963,4,train
TCGA-DX-A1KW,4,train
TCGA-DX-A1L0,4,train
TCGA-DX-A1L3,4,train
TCGA-DX-A1L4,4,train
TCGA-DX-A23R,4,train
TCGA-DX-A23U,4,train
TCGA-DX-A23Z,4,train
TCGA-DX-A240,4,train
TCGA-DX-A2IZ,4,train
TCGA-DX-A2J0,4,train
TCGA-DX-A2J1,4,train
TCGA-DX-A3LS,4,train
TCGA-DX-A3LY,4,train
TCGA-DX-A3M1,4,train
TCGA-DX-A3M2,4,train
TCGA-DX-A3U8,4,train
TCGA-DX-A3UB,4,train
TCGA-DX-A3UC,4,train
TCGA-DX-A3UD,4,train
TCGA-DX-A3UE,4,train
TCGA-DX-A48J,4,train
TCGA-DX-A48K,4,train
TCGA-DX-A48L,4,train
TCGA-DX-A6B8,4,train
TCGA-DX-A6B9,4,train
TCGA-DX-A6BA,4,train
TCGA-DX-A6BE,4,train
TCGA-DX-A6BF,4,train
TCGA-DX-A6BG,4,train
TCGA-DX-A6BH,4,train
TCGA-DX-A6BK,4,train
TCGA-DX-A6YR,4,train
TCGA-DX-A6YT,4,train
TCGA-DX-A6YX,4,train
TCGA-DX-A6Z0,4,train
TCGA-DX-A6Z2,4,train
TCGA-DX-A7EF,4,train
TCGA-DX-A7EM,4,train
TCGA-DX-A7EN,4,train
TCGA-DX-A7EO,4,train
TCGA-DX-A7EQ,4,train
TCGA-DX-A7ER,4,train
TCGA-DX-A7ES,4,train
TCGA-DX-A7ET,4,train
TCGA-DX-A8BG,4,train
TCGA-DX-A8BK,4,train
TCGA-DX-A8BL,4,train
TCGA-DX-A8BM,4,train
TCGA-DX-A8BO,4,train
TCGA-DX-A8BP,4,train
TCGA-DX-A8BQ,4,train
TCGA-DX-A8BR,4,train
TCGA-DX-A8BT,4,train
TCGA-DX-A8BZ,4,train
TCGA-DX-AB2F,4,train
TCGA-DX-AB2G,4,train
TCGA-DX-AB2J,4,train
TCGA-DX-AB2O,4,train
TCGA-DX-AB2Q,4,train
TCGA-DX-AB2S,4,train
TCGA-DX-AB2V,4,train
TCGA-DX-AB2W,4,train
TCGA-DX-AB2Z,4,train
TCGA-DX-AB32,4,train
TCGA-DX-AB35,4,train
TCGA-DX-AB36,4,train
TCGA-DX-AB37,4,train
TCGA-DX-AB3B,4,train
TCGA-DY-A0XA,4,train
TCGA-DY-A1DC,4,train
TCGA-DY-A1DD,4,train
TCGA-E1-A7YD,4,train
TCGA-E1-A7YE,4,train
TCGA-E1-A7YH,4,train
TCGA-E1-A7YI,4,train
TCGA-E1-A7YJ,4,train
TCGA-E1-A7YK,4,train
TCGA-E1-A7YL,4,train
TCGA-E1-A7YM,4,train
TCGA-E1-A7YN,4,train
TCGA-E1-A7YO,4,train
TCGA-E1-A7YS,4,train
TCGA-E1-A7YU,4,train
TCGA-E1-A7YV,4,train
TCGA-E1-A7YY,4,train
TCGA-E1-A7Z3,4,train
TCGA-E1-A7Z4,4,train
TCGA-E1-A7Z6,4,train
TCGA-E2-A106,4,train
TCGA-E2-A107,4,train
TCGA-E2-A108,4,train
TCGA-E2-A109,4,train
TCGA-E2-A10A,4,train
TCGA-E2-A10C,4,train
TCGA-E2-A10E,4,train
TCGA-E2-A10F,4,train
TCGA-E2-A14N,4,train
TCGA-E2-A14O,4,train
TCGA-E2-A14P,4,train
TCGA-E2-A14Q,4,train
TCGA-E2-A14R,4,train
TCGA-E2-A14S,4,train
TCGA-E2-A14T,4,train
TCGA-E2-A14W,4,train
TCGA-E2-A14Y,4,train
TCGA-E2-A14Z,4,train
TCGA-E2-A150,4,train
TCGA-E2-A152,4,train
TCGA-E2-A154,4,train
TCGA-E2-A155,4,train
TCGA-E2-A158,4,train
TCGA-E2-A159,4,train
TCGA-E2-A15A,4,train
TCGA-E2-A15C,4,train
TCGA-E2-A15D,4,train
TCGA-E2-A15F,4,train
TCGA-E2-A15G,4,train
TCGA-E2-A15H,4,train
TCGA-E2-A15I,4,train
TCGA-E2-A15J,4,train
TCGA-E2-A15L,4,train
TCGA-E2-A15M,4,train
TCGA-E2-A15O,4,train
TCGA-E2-A15P,4,train
TCGA-E2-A15T,4,train
TCGA-E2-A1B0,4,train
TCGA-E2-A1B1,4,train
TCGA-E2-A1B4,4,train
TCGA-E2-A1B5,4,train
TCGA-E2-A1B6,4,train
TCGA-E2-A1BC,4,train
TCGA-E2-A1IE,4,train
TCGA-E2-A1IF,4,train
TCGA-E2-A1IH,4,train
TCGA-E2-A1II,4,train
TCGA-E2-A1IJ,4,train
TCGA-E2-A1IL,4,train
TCGA-E2-A1L7,4,train
TCGA-E2-A1L8,4,train
TCGA-E2-A1L9,4,train
TCGA-E2-A1LA,4,train
TCGA-E2-A2P5,4,train
TCGA-E2-A2P6,4,train
TCGA-E2-A3DX,4,train
TCGA-E2-A56Z,4,train
TCGA-E2-A570,4,train
TCGA-E2-A572,4,train
TCGA-E2-A576,4,train
TCGA-E3-A3DZ,4,train
TCGA-E3-A3E0,4,train
TCGA-E3-A3E1,4,train
TCGA-E3-A3E2,4,train
TCGA-E3-A3E3,4,train
TCGA-E5-A2PC,4,train
TCGA-E5-A4TZ,4,train
TCGA-E5-A4U1,4,train
TCGA-E6-A1LX,4,train
TCGA-E6-A1LZ,4,train
TCGA-E6-A2P8,4,train
TCGA-E7-A4IJ,4,train
TCGA-E7-A519,4,train
TCGA-E7-A541,4,train
TCGA-E7-A5KE,4,train
TCGA-E7-A677,4,train
TCGA-E7-A678,4,train
TCGA-E7-A6MD,4,train
TCGA-E7-A6ME,4,train
TCGA-E7-A6MF,4,train
TCGA-E7-A7DU,4,train
TCGA-E7-A7DV,4,train
TCGA-E7-A7XN,4,train
TCGA-E7-A85H,4,train
TCGA-E7-A8O7,4,train
TCGA-E7-A8O8,4,train
TCGA-E7-A97P,4,train
TCGA-E7-A97Q,4,train
TCGA-E8-A242,4,train
TCGA-E8-A2EA,4,train
TCGA-E8-A2JQ,4,train
TCGA-E8-A3X7,4,train
TCGA-E8-A413,4,train
TCGA-E8-A414,4,train
TCGA-E8-A417,4,train
TCGA-E8-A418,4,train
TCGA-E8-A432,4,train
TCGA-E8-A433,4,train
TCGA-E8-A434,4,train
TCGA-E8-A437,4,train
TCGA-E8-A438,4,train
TCGA-E8-A44M,4,train
TCGA-E9-A1N3,4,train
TCGA-E9-A1N4,4,train
TCGA-E9-A1N5,4,train
TCGA-E9-A1N6,4,train
TCGA-E9-A1NA,4,train
TCGA-E9-A1NC,4,train
TCGA-E9-A1ND,4,train
TCGA-E9-A1NG,4,train
TCGA-E9-A1NH,4,train
TCGA-E9-A1NI,4,train
TCGA-E9-A1R0,4,train
TCGA-E9-A1R2,4,train
TCGA-E9-A1R3,4,train
TCGA-E9-A1R4,4,train
TCGA-E9-A1R5,4,train
TCGA-E9-A1R6,4,train
TCGA-E9-A1R7,4,train
TCGA-E9-A1RA,4,train
TCGA-E9-A1RB,4,train
TCGA-E9-A1RC,4,train
TCGA-E9-A1RD,4,train
TCGA-E9-A1RE,4,train
TCGA-E9-A1RF,4,train
TCGA-E9-A1RG,4,train
TCGA-E9-A226,4,train
TCGA-E9-A227,4,train
TCGA-E9-A22A,4,train
TCGA-E9-A22B,4,train
TCGA-E9-A22D,4,train
TCGA-E9-A22E,4,train
TCGA-E9-A22G,4,train
TCGA-E9-A22H,4,train
TCGA-E9-A243,4,train
TCGA-E9-A244,4,train
TCGA-E9-A245,4,train
TCGA-E9-A248,4,train
TCGA-E9-A249,4,train
TCGA-E9-A24A,4,train
TCGA-E9-A295,4,train
TCGA-E9-A2JS,4,train
TCGA-E9-A2JT,4,train
TCGA-E9-A3HO,4,train
TCGA-E9-A3Q9,4,train
TCGA-E9-A3QA,4,train
TCGA-E9-A3X8,4,train
TCGA-E9-A54X,4,train
TCGA-E9-A54Y,4,train
TCGA-E9-A5FK,4,train
TCGA-E9-A5FL,4,train
TCGA-E9-A5UO,4,train
TCGA-E9-A5UP,4,train
TCGA-E9-A6HE,4,train
TCGA-EA-A1QS,4,train
TCGA-EA-A1QT,4,train
TCGA-EA-A3HQ,4,train
TCGA-EA-A3HR,4,train
TCGA-EA-A3HS,4,train
TCGA-EA-A3HT,4,train
TCGA-EA-A3HU,4,train
TCGA-EA-A3QE,4,train
TCGA-EA-A410,4,train
TCGA-EA-A411,4,train
TCGA-EA-A439,4,train
TCGA-EA-A43B,4,train
TCGA-EA-A44S,4,train
TCGA-EA-A4BA,4,train
TCGA-EA-A5FO,4,train
TCGA-EA-A5O9,4,train
TCGA-EA-A5ZD,4,train
TCGA-EA-A5ZF,4,train
TCGA-EA-A6QX,4,train
TCGA-EA-A78R,4,train
TCGA-EA-A97N,4,train
TCGA-EB-A1NK,4,train
TCGA-EB-A24C,4,train
TCGA-EB-A299,4,train
TCGA-EB-A3HV,4,train
TCGA-EB-A3XB,4,train
TCGA-EB-A3XD,4,train
TCGA-EB-A3XF,4,train
TCGA-EB-A3Y6,4,train
TCGA-EB-A41A,4,train
TCGA-EB-A41B,4,train
TCGA-EB-A42Y,4,train
TCGA-EB-A431,4,train
TCGA-EB-A44O,4,train
TCGA-EB-A44P,4,train
TCGA-EB-A4IQ,4,train
TCGA-EB-A4IS,4,train
TCGA-EB-A4OY,4,train
TCGA-EB-A4OZ,4,train
TCGA-EB-A4P0,4,train
TCGA-EB-A51B,4,train
TCGA-EB-A550,4,train
TCGA-EB-A551,4,train
TCGA-EB-A553,4,train
TCGA-EB-A57M,4,train
TCGA-EB-A5FP,4,train
TCGA-EB-A5SE,4,train
TCGA-EB-A5SF,4,train
TCGA-EB-A5UM,4,train
TCGA-EB-A5VU,4,train
TCGA-EB-A6QY,4,train
TCGA-EB-A6QZ,4,train
TCGA-EB-A6R0,4,train
TCGA-EB-A82B,4,train
TCGA-EB-A82C,4,train
TCGA-EB-A97M,4,train
TCGA-EC-A1NJ,4,train
TCGA-EC-A1QX,4,train
TCGA-ED-A459,4,train
TCGA-ED-A4XI,4,train
TCGA-ED-A5KG,4,train
TCGA-ED-A627,4,train
TCGA-ED-A66X,4,train
TCGA-ED-A7PX,4,train
TCGA-ED-A7PY,4,train
TCGA-ED-A7PZ,4,train
TCGA-ED-A82E,4,train
TCGA-ED-A8O5,4,train
TCGA-ED-A8O6,4,train
TCGA-ED-A97K,4,train
TCGA-EI-6506,4,train
TCGA-EI-6507,4,train
TCGA-EI-6508,4,train
TCGA-EI-6509,4,train
TCGA-EI-6510,4,train
TCGA-EI-6511,4,train
TCGA-EI-6512,4,train
TCGA-EI-6513,4,train
TCGA-EI-6514,4,train
TCGA-EI-6881,4,train
TCGA-EI-6882,4,train
TCGA-EI-6884,4,train
TCGA-EI-7002,4,train
TCGA-EJ-5494,4,train
TCGA-EJ-5495,4,train
TCGA-EJ-5497,4,train
TCGA-EJ-5501,4,train
TCGA-EJ-5502,4,train
TCGA-EJ-5504,4,train
TCGA-EJ-5505,4,train
TCGA-EJ-5507,4,train
TCGA-EJ-5508,4,train
TCGA-EJ-5509,4,train
TCGA-EJ-5510,4,train
TCGA-EJ-5511,4,train
TCGA-EJ-5512,4,train
TCGA-EJ-5514,4,train
TCGA-EJ-5516,4,train
TCGA-EJ-5517,4,train
TCGA-EJ-5518,4,train
TCGA-EJ-5519,4,train
TCGA-EJ-5522,4,train
TCGA-EJ-5524,4,train
TCGA-EJ-5525,4,train
TCGA-EJ-5530,4,train
TCGA-EJ-5531,4,train
TCGA-EJ-5532,4,train
TCGA-EJ-5542,4,train
TCGA-EJ-7115,4,train
TCGA-EJ-7315,4,train
TCGA-EJ-7317,4,train
TCGA-EJ-7321,4,train
TCGA-EJ-7327,4,train
TCGA-EJ-7328,4,train
TCGA-EJ-7330,4,train
TCGA-EJ-7331,4,train
TCGA-EJ-7782,4,train
TCGA-EJ-7784,4,train
TCGA-EJ-7785,4,train
TCGA-EJ-7786,4,train
TCGA-EJ-7788,4,train
TCGA-EJ-7789,4,train
TCGA-EJ-7791,4,train
TCGA-EJ-7792,4,train
TCGA-EJ-7793,4,train
TCGA-EJ-7794,4,train
TCGA-EJ-7797,4,train
TCGA-EJ-A46B,4,train
TCGA-EJ-A46D,4,train
TCGA-EJ-A46E,4,train
TCGA-EJ-A46F,4,train
TCGA-EJ-A46G,4,train
TCGA-EJ-A46I,4,train
TCGA-EL-A3CM,4,train
TCGA-EL-A3CN,4,train
TCGA-EL-A3CO,4,train
TCGA-EL-A3CR,4,train
TCGA-EL-A3CS,4,train
TCGA-EL-A3CU,4,train
TCGA-EL-A3CX,4,train
TCGA-EL-A3CY,4,train
TCGA-EL-A3CZ,4,train
TCGA-EL-A3D0,4,train
TCGA-EL-A3D5,4,train
TCGA-EL-A3GO,4,train
TCGA-EL-A3GP,4,train
TCGA-EL-A3GS,4,train
TCGA-EL-A3GU,4,train
TCGA-EL-A3GW,4,train
TCGA-EL-A3GZ,4,train
TCGA-EL-A3H1,4,train
TCGA-EL-A3H2,4,train
TCGA-EL-A3H3,4,train
TCGA-EL-A3H4,4,train
TCGA-EL-A3H5,4,train
TCGA-EL-A3H7,4,train
TCGA-EL-A3H8,4,train
TCGA-EL-A3MW,4,train
TCGA-EL-A3MX,4,train
TCGA-EL-A3MZ,4,train
TCGA-EL-A3N2,4,train
TCGA-EL-A3N3,4,train
TCGA-EL-A3T1,4,train
TCGA-EL-A3T2,4,train
TCGA-EL-A3T3,4,train
TCGA-EL-A3T6,4,train
TCGA-EL-A3T7,4,train
TCGA-EL-A3TA,4,train
TCGA-EL-A3TB,4,train
TCGA-EL-A3ZG,4,train
TCGA-EL-A3ZH,4,train
TCGA-EL-A3ZK,4,train
TCGA-EL-A3ZL,4,train
TCGA-EL-A3ZM,4,train
TCGA-EL-A3ZN,4,train
TCGA-EL-A3ZO,4,train
TCGA-EL-A3ZQ,4,train
TCGA-EL-A3ZS,4,train
TCGA-EL-A3ZT,4,train
TCGA-EL-A4JW,4,train
TCGA-EL-A4JX,4,train
TCGA-EL-A4JZ,4,train
TCGA-EL-A4K1,4,train
TCGA-EL-A4K2,4,train
TCGA-EL-A4K4,4,train
TCGA-EL-A4K7,4,train
TCGA-EL-A4K9,4,train
TCGA-EL-A4KD,4,train
TCGA-EM-A1CS,4,train
TCGA-EM-A1CT,4,train
TCGA-EM-A1CU,4,train
TCGA-EM-A1CV,4,train
TCGA-EM-A1CW,4,train
TCGA-EM-A1YA,4,train
TCGA-EM-A1YB,4,train
TCGA-EM-A1YC,4,train
TCGA-EM-A1YD,4,train
TCGA-EM-A1YE,4,train
TCGA-EM-A22M,4,train
TCGA-EM-A22N,4,train
TCGA-EM-A22O,4,train
TCGA-EM-A22P,4,train
TCGA-EM-A22Q,4,train
TCGA-EM-A2CJ,4,train
TCGA-EM-A2CK,4,train
TCGA-EM-A2CL,4,train
TCGA-EM-A2CM,4,train
TCGA-EM-A2CN,4,train
TCGA-EM-A2CO,4,train
TCGA-EM-A2CT,4,train
TCGA-EM-A2OW,4,train
TCGA-EM-A2OX,4,train
TCGA-EM-A2OY,4,train
TCGA-EM-A2OZ,4,train
TCGA-EM-A2P0,4,train
TCGA-EM-A2P1,4,train
TCGA-EM-A2P2,4,train
TCGA-EM-A3AI,4,train
TCGA-EM-A3AJ,4,train
TCGA-EM-A3AK,4,train
TCGA-EM-A3AL,4,train
TCGA-EM-A3AN,4,train
TCGA-EM-A3AO,4,train
TCGA-EM-A3AP,4,train
TCGA-EM-A3AR,4,train
TCGA-EM-A3FJ,4,train
TCGA-EM-A3FK,4,train
TCGA-EM-A3FN,4,train
TCGA-EM-A3FO,4,train
TCGA-EM-A3FP,4,train
TCGA-EM-A3FQ,4,train
TCGA-EM-A3FR,4,train
TCGA-EM-A3O3,4,train
TCGA-EM-A3O6,4,train
TCGA-EM-A3O7,4,train
TCGA-EM-A3O8,4,train
TCGA-EM-A3O9,4,train
TCGA-EM-A3OA,4,train
TCGA-EM-A3ST,4,train
TCGA-EM-A3SX,4,train
TCGA-EM-A4FF,4,train
TCGA-EM-A4FH,4,train
TCGA-EM-A4FK,4,train
TCGA-EM-A4FM,4,train
TCGA-EM-A4FN,4,train
TCGA-EM-A4FO,4,train
TCGA-EM-A4FQ,4,train
TCGA-EM-A4FR,4,train
TCGA-EM-A4FU,4,train
TCGA-EM-A4FV,4,train
TCGA-EO-A1Y5,4,train
TCGA-EO-A1Y8,4,train
TCGA-EO-A22R,4,train
TCGA-EO-A22S,4,train
TCGA-EO-A22T,4,train
TCGA-EO-A22Y,4,train
TCGA-EO-A2CG,4,train
TCGA-EO-A3AV,4,train
TCGA-EO-A3AY,4,train
TCGA-EO-A3AZ,4,train
TCGA-EO-A3B1,4,train
TCGA-EO-A3KU,4,train
TCGA-EO-A3KW,4,train
TCGA-EO-A3KX,4,train
TCGA-EP-A12J,4,train
TCGA-EP-A2KA,4,train
TCGA-EP-A2KB,4,train
TCGA-EP-A3JL,4,train
TCGA-EP-A3RK,4,train
TCGA-EQ-A4SO,4,train
TCGA-ER-A194,4,train
TCGA-ER-A196,4,train
TCGA-ER-A19K,4,train
TCGA-ER-A19T,4,train
TCGA-ER-A2NF,4,train
TCGA-ER-A42H,4,train
TCGA-ET-A25I,4,train
TCGA-ET-A25J,4,train
TCGA-ET-A25K,4,train
TCGA-ET-A25L,4,train
TCGA-ET-A25M,4,train
TCGA-ET-A25N,4,train
TCGA-ET-A25P,4,train
TCGA-ET-A25R,4,train
TCGA-ET-A2MX,4,train
TCGA-ET-A2MY,4,train
TCGA-ET-A2N5,4,train
TCGA-ET-A39I,4,train
TCGA-ET-A39J,4,train
TCGA-ET-A39K,4,train
TCGA-ET-A39L,4,train
TCGA-ET-A39M,4,train
TCGA-ET-A39N,4,train
TCGA-ET-A39P,4,train
TCGA-ET-A39R,4,train
TCGA-ET-A39T,4,train
TCGA-ET-A3BN,4,train
TCGA-ET-A3BP,4,train
TCGA-ET-A3BQ,4,train
TCGA-ET-A3BS,4,train
TCGA-ET-A3BT,4,train
TCGA-ET-A3BV,4,train
TCGA-ET-A3BX,4,train
TCGA-ET-A3DQ,4,train
TCGA-ET-A3DR,4,train
TCGA-ET-A3DS,4,train
TCGA-ET-A3DT,4,train
TCGA-ET-A3DU,4,train
TCGA-ET-A3DW,4,train
TCGA-ET-A40P,4,train
TCGA-ET-A40Q,4,train
TCGA-ET-A40S,4,train
TCGA-ET-A40T,4,train
TCGA-ET-A4KN,4,train
TCGA-ET-A4KQ,4,train
TCGA-EU-5904,4,train
TCGA-EU-5905,4,train
TCGA-EU-5906,4,train
TCGA-EU-5907,4,train
TCGA-EV-5901,4,train
TCGA-EV-5902,4,train
TCGA-EW-A1IX,4,train
TCGA-EW-A1IZ,4,train
TCGA-EW-A1J2,4,train
TCGA-EW-A1J5,4,train
TCGA-EW-A1J6,4,train
TCGA-EW-A1OV,4,train
TCGA-EW-A1OX,4,train
TCGA-EW-A1OZ,4,train
TCGA-EW-A1P3,4,train
TCGA-EW-A1P4,4,train
TCGA-EW-A1P5,4,train
TCGA-EW-A1P6,4,train
TCGA-EW-A1P7,4,train
TCGA-EW-A1P8,4,train
TCGA-EW-A1PA,4,train
TCGA-EW-A1PB,4,train
TCGA-EW-A1PC,4,train
TCGA-EW-A1PD,4,train
TCGA-EW-A1PF,4,train
TCGA-EW-A1PH,4,train
TCGA-EW-A2FR,4,train
TCGA-EW-A2FS,4,train
TCGA-EW-A2FV,4,train
TCGA-EW-A2FW,4,train
TCGA-EW-A3E8,4,train
TCGA-EW-A3U0,4,train
TCGA-EW-A423,4,train
TCGA-EW-A424,4,train
TCGA-EW-A6SD,4,train
TCGA-EX-A69L,4,train
TCGA-EX-A8YF,4,train
TCGA-EY-A1G8,4,train
TCGA-EY-A1GC,4,train
TCGA-EY-A1GD,4,train
TCGA-EY-A1GF,4,train
TCGA-EY-A1GH,4,train
TCGA-EY-A1GI,4,train
TCGA-EY-A1GJ,4,train
TCGA-EY-A1GK,4,train
TCGA-EY-A1GL,4,train
TCGA-EY-A1GM,4,train
TCGA-EY-A1GO,4,train
TCGA-EY-A1GQ,4,train
TCGA-EY-A1GS,4,train
TCGA-EY-A1GT,4,train
TCGA-EY-A1GU,4,train
TCGA-EY-A1GV,4,train
TCGA-EY-A1GW,4,train
TCGA-EY-A1GX,4,train
TCGA-EY-A210,4,train
TCGA-EY-A212,4,train
TCGA-EY-A214,4,train
TCGA-EY-A215,4,train
TCGA-EY-A2OM,4,train
TCGA-EY-A3QX,4,train
TCGA-EY-A4KR,4,train
TCGA-EY-A5W2,4,train
TCGA-F1-6177,4,train
TCGA-F1-6875,4,train
TCGA-F1-A448,4,train
TCGA-F1-A72C,4,train
TCGA-F2-6880,4,train
TCGA-F2-7273,4,train
TCGA-F2-7276,4,train
TCGA-F2-A44G,4,train
TCGA-F2-A7TX,4,train
TCGA-F4-6460,4,train
TCGA-F4-6569,4,train
TCGA-F4-6703,4,train
TCGA-F4-6704,4,train
TCGA-F4-6805,4,train
TCGA-F4-6806,4,train
TCGA-F4-6808,4,train
TCGA-F4-6809,4,train
TCGA-F4-6855,4,train
TCGA-F4-6856,4,train
TCGA-F5-6464,4,train
TCGA-F5-6465,4,train
TCGA-F5-6702,4,train
TCGA-F5-6810,4,train
TCGA-F5-6811,4,train
TCGA-F5-6812,4,train
TCGA-F5-6861,4,train
TCGA-F5-6863,4,train
TCGA-F5-6864,4,train
TCGA-F6-A8O3,4,train
TCGA-F7-7848,4,train
TCGA-F7-8298,4,train
TCGA-F7-8489,4,train
TCGA-F7-A50I,4,train
TCGA-F7-A50J,4,train
TCGA-F7-A620,4,train
TCGA-F7-A622,4,train
TCGA-F7-A623,4,train
TCGA-F7-A624,4,train
TCGA-F9-A7Q0,4,train
TCGA-F9-A7VF,4,train
TCGA-F9-A8NY,4,train
TCGA-F9-A97G,4,train
TCGA-FB-A4P5,4,train
TCGA-FB-A4P6,4,train
TCGA-FB-A545,4,train
TCGA-FB-A5VM,4,train
TCGA-FB-A78T,4,train
TCGA-FB-A7DR,4,train
TCGA-FB-AAPP,4,train
TCGA-FB-AAPQ,4,train
TCGA-FB-AAPS,4,train
TCGA-FB-AAPU,4,train
TCGA-FB-AAPY,4,train
TCGA-FB-AAPZ,4,train
TCGA-FB-AAQ0,4,train
TCGA-FB-AAQ1,4,train
TCGA-FB-AAQ2,4,train
TCGA-FB-AAQ3,4,train
TCGA-FB-AAQ6,4,train
TCGA-FC-7961,4,train
TCGA-FC-A4JI,4,train
TCGA-FC-A6HD,4,train
TCGA-FC-A8O0,4,train
TCGA-FD-A3B3,4,train
TCGA-FD-A3B4,4,train
TCGA-FD-A3B5,4,train
TCGA-FD-A3B7,4,train
TCGA-FD-A3B8,4,train
TCGA-FD-A3N5,4,train
TCGA-FD-A3N6,4,train
TCGA-FD-A3NA,4,train
TCGA-FD-A3SJ,4,train
TCGA-FD-A3SL,4,train
TCGA-FD-A3SM,4,train
TCGA-FD-A3SN,4,train
TCGA-FD-A3SO,4,train
TCGA-FD-A3SP,4,train
TCGA-FD-A3SQ,4,train
TCGA-FD-A3SR,4,train
TCGA-FD-A3SS,4,train
TCGA-FD-A43N,4,train
TCGA-FD-A43P,4,train
TCGA-FD-A43S,4,train
TCGA-FD-A43X,4,train
TCGA-FD-A5BS,4,train
TCGA-FD-A5BT,4,train
TCGA-FD-A5BU,4,train
TCGA-FD-A5BV,4,train
TCGA-FD-A5BX,4,train
TCGA-FD-A5BY,4,train
TCGA-FD-A5BZ,4,train
TCGA-FD-A5C0,4,train
TCGA-FD-A5C1,4,train
TCGA-FD-A62N,4,train
TCGA-FD-A62O,4,train
TCGA-FD-A62S,4,train
TCGA-FD-A6TA,4,train
TCGA-FD-A6TB,4,train
TCGA-FD-A6TC,4,train
TCGA-FD-A6TG,4,train
TCGA-FD-A6TH,4,train
TCGA-FE-A22Z,4,train
TCGA-FE-A235,4,train
TCGA-FE-A236,4,train
TCGA-FE-A237,4,train
TCGA-FE-A239,4,train
TCGA-FE-A23A,4,train
TCGA-FE-A3PB,4,train
TCGA-FE-A3PC,4,train
TCGA-FG-5962,4,train
TCGA-FG-5964,4,train
TCGA-FG-5965,4,train
TCGA-FG-6688,4,train
TCGA-FG-6689,4,train
TCGA-FG-6691,4,train
TCGA-FG-6692,4,train
TCGA-FG-7634,4,train
TCGA-FG-7636,4,train
TCGA-FG-7637,4,train
TCGA-FG-7638,4,train
TCGA-FG-7641,4,train
TCGA-FG-8181,4,train
TCGA-FG-8182,4,train
TCGA-FG-8185,4,train
TCGA-FG-8186,4,train
TCGA-FG-8187,4,train
TCGA-FG-8191,4,train
TCGA-FG-A4MU,4,train
TCGA-FG-A4MW,4,train
TCGA-FG-A4MX,4,train
TCGA-FG-A60J,4,train
TCGA-FG-A60L,4,train
TCGA-FG-A6J1,4,train
TCGA-FG-A70Y,4,train
TCGA-FG-A70Z,4,train
TCGA-FG-A87N,4,train
TCGA-FG-A87Q,4,train
TCGA-FI-A2CX,4,train
TCGA-FI-A2CY,4,train
TCGA-FI-A2D0,4,train
TCGA-FI-A2D2,4,train
TCGA-FI-A2D5,4,train
TCGA-FI-A2D6,4,train
TCGA-FI-A2EU,4,train
TCGA-FI-A2EX,4,train
TCGA-FI-A2EY,4,train
TCGA-FI-A2F4,4,train
TCGA-FI-A2F8,4,train
TCGA-FI-A2F9,4,train
TCGA-FI-A3PV,4,train
TCGA-FI-A3PX,4,train
TCGA-FJ-A3Z7,4,train
TCGA-FJ-A3Z9,4,train
TCGA-FJ-A3ZF,4,train
TCGA-FJ-A871,4,train
TCGA-FK-A3S3,4,train
TCGA-FK-A3SB,4,train
TCGA-FK-A3SD,4,train
TCGA-FK-A3SE,4,train
TCGA-FK-A3SG,4,train
TCGA-FK-A3SH,4,train
TCGA-FK-A4UB,4,train
TCGA-FN-7833,4,train
TCGA-FP-7735,4,train
TCGA-FP-7829,4,train
TCGA-FP-7916,4,train
TCGA-FP-7998,4,train
TCGA-FP-8099,4,train
TCGA-FP-8210,4,train
TCGA-FP-A4BE,4,train
TCGA-FP-A9TM,4,train
TCGA-FR-A3R1,4,train
TCGA-FR-A726,4,train
TCGA-FR-A728,4,train
TCGA-FS-A1ZN,4,train
TCGA-FT-A3EE,4,train
TCGA-FT-A61P,4,train
TCGA-FU-A23L,4,train
TCGA-FU-A2QG,4,train
TCGA-FU-A3HY,4,train
TCGA-FU-A3HZ,4,train
TCGA-FU-A3TQ,4,train
TCGA-FU-A3WB,4,train
TCGA-FU-A3YQ,4,train
TCGA-FU-A40J,4,train
TCGA-FU-A57G,4,train
TCGA-FU-A5XV,4,train
TCGA-FU-A770,4,train
TCGA-FV-A2QQ,4,train
TCGA-FV-A3I1,4,train
TCGA-FV-A3R3,4,train
TCGA-FV-A496,4,train
TCGA-FV-A4ZQ,4,train
TCGA-FX-A2QS,4,train
TCGA-FX-A3NJ,4,train
TCGA-FX-A3NK,4,train
TCGA-FX-A3RE,4,train
TCGA-FX-A3TO,4,train
TCGA-FX-A48G,4,train
TCGA-FX-A76Y,4,train
TCGA-FX-A8OO,4,train
TCGA-FY-A2QD,4,train
TCGA-FY-A3BL,4,train
TCGA-FY-A3I5,4,train
TCGA-FY-A3NM,4,train
TCGA-FY-A3NN,4,train
TCGA-FY-A3NP,4,train
TCGA-FY-A3ON,4,train
TCGA-FY-A3TY,4,train
TCGA-FY-A3WA,4,train
TCGA-FY-A3YR,4,train
TCGA-FY-A40K,4,train
TCGA-FY-A40L,4,train
TCGA-FY-A40M,4,train
TCGA-FY-A40N,4,train
TCGA-FY-A4B0,4,train
TCGA-FY-A4B3,4,train
TCGA-FY-A4B4,4,train
TCGA-FY-A76V,4,train
TCGA-FZ-5919,4,train
TCGA-G2-A2EC,4,train
TCGA-G2-A2EF,4,train
TCGA-G2-A2EJ,4,train
TCGA-G2-A2EK,4,train
TCGA-G2-A2EL,4,train
TCGA-G2-A2EO,4,train
TCGA-G2-A2ES,4,train
TCGA-G2-A3IB,4,train
TCGA-G2-A3IE,4,train
TCGA-G2-AA3B,4,train
TCGA-G2-AA3C,4,train
TCGA-G2-AA3D,4,train
TCGA-G3-A25S,4,train
TCGA-G3-A25U,4,train
TCGA-G3-A25V,4,train
TCGA-G3-A25Y,4,train
TCGA-G3-A3CJ,4,train
TCGA-G3-A5SI,4,train
TCGA-G3-A5SJ,4,train
TCGA-G3-A5SK,4,train
TCGA-G3-A6UC,4,train
TCGA-G3-A7M6,4,train
TCGA-G3-A7M7,4,train
TCGA-G3-AAUZ,4,train
TCGA-G3-AAV0,4,train
TCGA-G3-AAV1,4,train
TCGA-G3-AAV2,4,train
TCGA-G3-AAV3,4,train
TCGA-G3-AAV4,4,train
TCGA-G3-AAV5,4,train
TCGA-G3-AAV6,4,train
TCGA-G3-AAV7,4,train
TCGA-G4-6293,4,train
TCGA-G4-6302,4,train
TCGA-G4-6303,4,train
TCGA-G4-6304,4,train
TCGA-G4-6306,4,train
TCGA-G4-6311,4,train
TCGA-G4-6315,4,train
TCGA-G4-6588,4,train
TCGA-G6-A5PC,4,train
TCGA-G6-A8L7,4,train
TCGA-G7-6789,4,train
TCGA-G7-6790,4,train
TCGA-G7-6792,4,train
TCGA-G7-6793,4,train
TCGA-G7-6795,4,train
TCGA-G7-6796,4,train
TCGA-G7-6797,4,train
TCGA-G7-7501,4,train
TCGA-G7-7502,4,train
TCGA-G7-A8LB,4,train
TCGA-G7-A8LE,4,train
TCGA-G9-6329,4,train
TCGA-G9-6338,4,train
TCGA-G9-6339,4,train
TCGA-G9-6342,4,train
TCGA-G9-6348,4,train
TCGA-G9-6356,4,train
TCGA-G9-6361,4,train
TCGA-G9-6364,4,train
TCGA-G9-6365,4,train
TCGA-G9-6370,4,train
TCGA-G9-6373,4,train
TCGA-G9-6384,4,train
TCGA-G9-6494,4,train
TCGA-G9-6498,4,train
TCGA-G9-7509,4,train
TCGA-G9-7510,4,train
TCGA-G9-7519,4,train
TCGA-G9-7521,4,train
TCGA-G9-7522,4,train
TCGA-G9-7525,4,train
TCGA-G9-A9S4,4,train
TCGA-G9-A9S7,4,train
TCGA-GC-A3I6,4,train
TCGA-GC-A3OO,4,train
TCGA-GC-A3RB,4,train
TCGA-GC-A3RD,4,train
TCGA-GC-A3WC,4,train
TCGA-GC-A3YS,4,train
TCGA-GC-A4ZW,4,train
TCGA-GC-A6I3,4,train
TCGA-GD-A2C5,4,train
TCGA-GD-A3OS,4,train
TCGA-GD-A6C6,4,train
TCGA-GD-A76B,4,train
TCGA-GE-A2C6,4,train
TCGA-GF-A2C7,4,train
TCGA-GH-A9DA,4,train
TCGA-GJ-A6C0,4,train
TCGA-GK-A6C7,4,train
TCGA-GL-7966,4,train
TCGA-GL-A4EM,4,train
TCGA-GL-A59R,4,train
TCGA-GL-A59T,4,train
TCGA-GL-A9DC,4,train
TCGA-GL-A9DD,4,train
TCGA-GL-A9DE,4,train
TCGA-GM-A2DB,4,train
TCGA-GM-A2DD,4,train
TCGA-GM-A2DH,4,train
TCGA-GM-A2DM,4,train
TCGA-GM-A2DN,4,train
TCGA-GM-A2DO,4,train
TCGA-GM-A3NW,4,train
TCGA-GM-A3NY,4,train
TCGA-GM-A3XG,4,train
TCGA-GM-A3XL,4,train
TCGA-GM-A3XN,4,train
TCGA-GN-A263,4,train
TCGA-GN-A26C,4,train
TCGA-GN-A4U5,4,train
TCGA-GN-A8LN,4,train
TCGA-GU-A42P,4,train
TCGA-GU-A42Q,4,train
TCGA-GU-A42R,4,train
TCGA-GU-A762,4,train
TCGA-GU-A766,4,train
TCGA-GU-AATO,4,train
TCGA-GU-AATQ,4,train
TCGA-GV-A3JW,4,train
TCGA-GV-A3JX,4,train
TCGA-GV-A3JZ,4,train
TCGA-GV-A3QF,4,train
TCGA-GV-A3QG,4,train
TCGA-GV-A3QH,4,train
TCGA-GV-A3QI,4,train
TCGA-GV-A3QK,4,train
TCGA-GV-A40E,4,train
TCGA-H2-A2K9,4,train
TCGA-H2-A3RH,4,train
TCGA-H2-A3RI,4,train
TCGA-H2-A421,4,train
TCGA-H2-A422,4,train
TCGA-H4-A2HO,4,train
TCGA-H5-A2HR,4,train
TCGA-H6-A45N,4,train
TCGA-H7-A6C4,4,train
TCGA-H7-A76A,4,train
TCGA-H8-A6C1,4,train
TCGA-H9-A6BY,4,train
TCGA-HB-A2OT,4,train
TCGA-HB-A3L4,4,train
TCGA-HB-A5W3,4,train
TCGA-HC-7078,4,train
TCGA-HC-7079,4,train
TCGA-HC-7080,4,train
TCGA-HC-7081,4,train
TCGA-HC-7209,4,train
TCGA-HC-7210,4,train
TCGA-HC-7212,4,train
TCGA-HC-7213,4,train
TCGA-HC-7230,4,train
TCGA-HC-7231,4,train
TCGA-HC-7232,4,train
TCGA-HC-7233,4,train
TCGA-HC-7736,4,train
TCGA-HC-7740,4,train
TCGA-HC-7742,4,train
TCGA-HC-7744,4,train
TCGA-HC-7748,4,train
TCGA-HC-7749,4,train
TCGA-HC-7750,4,train
TCGA-HC-7752,4,train
TCGA-HC-7819,4,train
TCGA-HC-7820,4,train
TCGA-HC-7821,4,train
TCGA-HC-8216,4,train
TCGA-HC-8256,4,train
TCGA-HC-8257,4,train
TCGA-HC-8258,4,train
TCGA-HC-8259,4,train
TCGA-HC-8260,4,train
TCGA-HC-8261,4,train
TCGA-HC-8262,4,train
TCGA-HC-8264,4,train
TCGA-HC-8265,4,train
TCGA-HC-8266,4,train
TCGA-HC-A48F,4,train
TCGA-HC-A631,4,train
TCGA-HC-A632,4,train
TCGA-HC-A6AO,4,train
TCGA-HC-A6AQ,4,train
TCGA-HC-A6HX,4,train
TCGA-HC-A6HY,4,train
TCGA-HC-A76W,4,train
TCGA-HC-A76X,4,train
TCGA-HC-A8CY,4,train
TCGA-HC-A8D0,4,train
TCGA-HC-A9TH,4,train
TCGA-HD-7229,4,train
TCGA-HD-7753,4,train
TCGA-HD-7754,4,train
TCGA-HD-7831,4,train
TCGA-HD-7832,4,train
TCGA-HD-7917,4,train
TCGA-HD-8634,4,train
TCGA-HD-A633,4,train
TCGA-HD-A634,4,train
TCGA-HD-A6I0,4,train
TCGA-HE-7129,4,train
TCGA-HE-A5NF,4,train
TCGA-HE-A5NI,4,train
TCGA-HF-7131,4,train
TCGA-HF-7132,4,train
TCGA-HF-7133,4,train
TCGA-HF-7136,4,train
TCGA-HF-A5NB,4,train
TCGA-HG-A9SC,4,train
TCGA-HI-7168,4,train
TCGA-HI-7170,4,train
TCGA-HM-A3JK,4,train
TCGA-HN-A2NL,4,train
TCGA-HN-A2OB,4,train
TCGA-HP-A5N0,4,train
TCGA-HQ-A2OE,4,train
TCGA-HQ-A2OF,4,train
TCGA-HQ-A5ND,4,train
TCGA-HQ-A5NE,4,train
TCGA-HR-A5NC,4,train
TCGA-HS-A5N7,4,train
TCGA-HS-A5N8,4,train
TCGA-HS-A5N9,4,train
TCGA-HS-A5NA,4,train
TCGA-HT-7469,4,train
TCGA-HT-7470,4,train
TCGA-HT-7475,4,train
TCGA-HT-7477,4,train
TCGA-HT-7478,4,train
TCGA-HT-7480,4,train
TCGA-HT-7482,4,train
TCGA-HT-7483,4,train
TCGA-HT-7601,4,train
TCGA-HT-7602,4,train
TCGA-HT-7604,4,train
TCGA-HT-7606,4,train
TCGA-HT-7607,4,train
TCGA-HT-7608,4,train
TCGA-HT-7609,4,train
TCGA-HT-7610,4,train
TCGA-HT-7611,4,train
TCGA-HT-7676,4,train
TCGA-HT-7677,4,train
TCGA-HT-7680,4,train
TCGA-HT-7681,4,train
TCGA-HT-7684,4,train
TCGA-HT-7686,4,train
TCGA-HT-7687,4,train
TCGA-HT-7688,4,train
TCGA-HT-7689,4,train
TCGA-HT-7690,4,train
TCGA-HT-7692,4,train
TCGA-HT-7854,4,train
TCGA-HT-7856,4,train
TCGA-HT-7857,4,train
TCGA-HT-7858,4,train
TCGA-HT-7860,4,train
TCGA-HT-7873,4,train
TCGA-HT-7874,4,train
TCGA-HT-7877,4,train
TCGA-HT-7879,4,train
TCGA-HT-7881,4,train
TCGA-HT-7882,4,train
TCGA-HT-7884,4,train
TCGA-HT-8010,4,train
TCGA-HT-8011,4,train
TCGA-HT-8013,4,train
TCGA-HT-8018,4,train
TCGA-HT-8104,4,train
TCGA-HT-8105,4,train
TCGA-HT-8108,4,train
TCGA-HT-8109,4,train
TCGA-HT-8110,4,train
TCGA-HT-8111,4,train
TCGA-HT-8113,4,train
TCGA-HT-8563,4,train
TCGA-HT-A4DS,4,train
TCGA-HT-A4DV,4,train
TCGA-HT-A5R5,4,train
TCGA-HT-A5R7,4,train
TCGA-HT-A5RA,4,train
TCGA-HT-A5RB,4,train
TCGA-HT-A5RC,4,train
TCGA-HT-A614,4,train
TCGA-HT-A615,4,train
TCGA-HT-A616,4,train
TCGA-HT-A617,4,train
TCGA-HT-A618,4,train
TCGA-HT-A61B,4,train
TCGA-HT-A61C,4,train
TCGA-HT-A74J,4,train
TCGA-HT-A74K,4,train
TCGA-HT-A74O,4,train
TCGA-HU-8238,4,train
TCGA-HU-8249,4,train
TCGA-HU-8604,4,train
TCGA-HU-8608,4,train
TCGA-HU-8610,4,train
TCGA-HU-A4G6,4,train
TCGA-HU-A4G9,4,train
TCGA-HU-A4GC,4,train
TCGA-HU-A4GF,4,train
TCGA-HU-A4GH,4,train
TCGA-HU-A4GJ,4,train
TCGA-HU-A4GN,4,train
TCGA-HU-A4GQ,4,train
TCGA-HU-A4GT,4,train
TCGA-HU-A4GU,4,train
TCGA-HU-A4GX,4,train
TCGA-HU-A4GY,4,train
TCGA-HU-A4H6,4,train
TCGA-HU-A4H8,4,train
TCGA-HU-A4HB,4,train
TCGA-HU-A4HD,4,train
TCGA-HV-A5A6,4,train
TCGA-HV-A7OL,4,train
TCGA-HV-A7OP,4,train
TCGA-HV-AA8V,4,train
TCGA-HV-AA8X,4,train
TCGA-HW-7487,4,train
TCGA-HW-7489,4,train
TCGA-HW-7490,4,train
TCGA-HW-7495,4,train
TCGA-HW-8320,4,train
TCGA-HW-8321,4,train
TCGA-HW-8322,4,train
TCGA-HW-A5KJ,4,train
TCGA-HW-A5KK,4,train
TCGA-HW-A5KL,4,train
TCGA-HW-A5KM,4,train
TCGA-HZ-7918,4,train
TCGA-HZ-7919,4,train
TCGA-HZ-7924,4,train
TCGA-HZ-7926,4,train
TCGA-HZ-8001,4,train
TCGA-HZ-8002,4,train
TCGA-HZ-8003,4,train
TCGA-HZ-8005,4,train
TCGA-HZ-8315,4,train
TCGA-HZ-8317,4,train
TCGA-HZ-8519,4,train
TCGA-HZ-8636,4,train
TCGA-HZ-8637,4,train
TCGA-HZ-8638,4,train
TCGA-HZ-A49I,4,train
TCGA-HZ-A4BK,4,train
TCGA-HZ-A77O,4,train
TCGA-HZ-A77P,4,train
TCGA-HZ-A8P0,4,train
TCGA-HZ-A8P1,4,train
TCGA-IA-A40X,4,train
TCGA-IA-A40Y,4,train
TCGA-IB-7644,4,train
TCGA-IB-7645,4,train
TCGA-IB-7646,4,train
TCGA-IB-7647,4,train
TCGA-IB-7649,4,train
TCGA-IB-7651,4,train
TCGA-IB-7652,4,train
TCGA-IB-7885,4,train
TCGA-IB-7886,4,train
TCGA-IB-7887,4,train
TCGA-IB-7888,4,train
TCGA-IB-7890,4,train
TCGA-IB-7891,4,train
TCGA-IB-7893,4,train
TCGA-IB-8127,4,train
TCGA-IB-A5SP,4,train
TCGA-IB-A5SQ,4,train
TCGA-IB-A5SS,4,train
TCGA-IB-A6UF,4,train
TCGA-IB-A6UG,4,train
TCGA-IB-A7LX,4,train
TCGA-IB-A7M4,4,train
TCGA-IB-AAUM,4,train
TCGA-IB-AAUN,4,train
TCGA-IB-AAUO,4,train
TCGA-IB-AAUS,4,train
TCGA-IB-AAUT,4,train
TCGA-IB-AAUV,4,train
TCGA-IB-AAUW,4,train
TCGA-IE-A3OV,4,train
TCGA-IE-A4EH,4,train
TCGA-IE-A4EI,4,train
TCGA-IE-A4EK,4,train
TCGA-IE-A6BZ,4,train
TCGA-IF-A4AJ,4,train
TCGA-IG-A3YA,4,train
TCGA-IG-A4P3,4,train
TCGA-IG-A4QS,4,train
TCGA-IG-A4QT,4,train
TCGA-IG-A50L,4,train
TCGA-IG-A51D,4,train
TCGA-IG-A625,4,train
TCGA-IG-A6QS,4,train
TCGA-IG-A7DP,4,train
TCGA-IG-A97H,4,train
TCGA-IG-A97I,4,train
TCGA-IH-A3EA,4,train
TCGA-IK-7675,4,train
TCGA-IM-A3EB,4,train
TCGA-IM-A3ED,4,train
TCGA-IM-A3U3,4,train
TCGA-IM-A41Z,4,train
TCGA-IM-A4EB,4,train
TCGA-IN-7806,4,train
TCGA-IN-7808,4,train
TCGA-IN-8663,4,train
TCGA-IQ-7630,4,train
TCGA-IQ-A61E,4,train
TCGA-IQ-A61G,4,train
TCGA-IQ-A61H,4,train
TCGA-IQ-A61I,4,train
TCGA-IQ-A61J,4,train
TCGA-IQ-A61K,4,train
TCGA-IQ-A61L,4,train
TCGA-IQ-A61O,4,train
TCGA-IQ-A6SG,4,train
TCGA-IQ-A6SH,4,train
TCGA-IR-A3LB,4,train
TCGA-IR-A3LC,4,train
TCGA-IR-A3LF,4,train
TCGA-IR-A3LI,4,train
TCGA-IR-A3LK,4,train
TCGA-IR-A3LL,4,train
TCGA-IS-A3K6,4,train
TCGA-IS-A3K7,4,train
TCGA-IS-A3K8,4,train
TCGA-IS-A3KA,4,train
TCGA-IW-A3M6,4,train
TCGA-IZ-A6M9,4,train
TCGA-J1-A4AH,4,train
TCGA-J2-A4AD,4,train
TCGA-J2-A4AG,4,train
TCGA-J4-8198,4,train
TCGA-J4-8200,4,train
TCGA-J4-A67K,4,train
TCGA-J4-A67L,4,train
TCGA-J4-A67M,4,train
TCGA-J4-A67Q,4,train
TCGA-J4-A67R,4,train
TCGA-J4-A67S,4,train
TCGA-J4-A67T,4,train
TCGA-J4-A6G1,4,train
TCGA-J4-A6G3,4,train
TCGA-J4-A83I,4,train
TCGA-J4-A83K,4,train
TCGA-J4-A83L,4,train
TCGA-J4-A83N,4,train
TCGA-J4-AATZ,4,train
TCGA-J4-AAU2,4,train
TCGA-J7-6720,4,train
TCGA-J7-8537,4,train
TCGA-J7-A8I2,4,train
TCGA-J8-A3NZ,4,train
TCGA-J8-A3O1,4,train
TCGA-J8-A3YE,4,train
TCGA-J8-A3YF,4,train
TCGA-J8-A3YG,4,train
TCGA-J8-A3YH,4,train
TCGA-J8-A42S,4,train
TCGA-J8-A4HW,4,train
TCGA-JL-A3YW,4,train
TCGA-JL-A3YX,4,train
TCGA-JU-AAVI,4,train
TCGA-JV-A75J,4,train
TCGA-JW-A5VG,4,train
TCGA-JW-A5VK,4,train
TCGA-JW-A69B,4,train
TCGA-JX-A3Q8,4,train
TCGA-JX-A5QV,4,train
TCGA-JY-A6FD,4,train
TCGA-JY-A6FE,4,train
TCGA-JY-A6FH,4,train
TCGA-JY-A939,4,train
TCGA-JY-A93C,4,train
TCGA-JY-A93D,4,train
TCGA-JY-A93E,4,train
TCGA-JY-A93F,4,train
TCGA-K1-A3PO,4,train
TCGA-K4-A3WU,4,train
TCGA-K4-A3WV,4,train
TCGA-K4-A4AB,4,train
TCGA-K4-A4AC,4,train
TCGA-K4-A54R,4,train
TCGA-K4-A5RI,4,train
TCGA-K4-A5RJ,4,train
TCGA-K4-A6MB,4,train
TCGA-K4-A83P,4,train
TCGA-K4-AAQO,4,train
TCGA-K6-A3WQ,4,train
TCGA-K7-A6G5,4,train
TCGA-K7-AAU7,4,train
TCGA-KB-A6F5,4,train
TCGA-KB-A93G,4,train
TCGA-KB-A93H,4,train
TCGA-KB-A93J,4,train
TCGA-KD-A5QT,4,train
TCGA-KF-A41W,4,train
TCGA-KJ-A3U4,4,train
TCGA-KL-8323,4,train
TCGA-KL-8324,4,train
TCGA-KL-8325,4,train
TCGA-KL-8326,4,train
TCGA-KL-8327,4,train
TCGA-KL-8329,4,train
TCGA-KL-8330,4,train
TCGA-KL-8331,4,train
TCGA-KL-8332,4,train
TCGA-KL-8333,4,train
TCGA-KL-8334,4,train
TCGA-KL-8335,4,train
TCGA-KL-8336,4,train
TCGA-KL-8337,4,train
TCGA-KL-8338,4,train
TCGA-KL-8339,4,train
TCGA-KL-8340,4,train
TCGA-KL-8341,4,train
TCGA-KL-8342,4,train
TCGA-KL-8343,4,train
TCGA-KL-8345,4,train
TCGA-KL-8346,4,train
TCGA-KM-8438,4,train
TCGA-KM-8439,4,train
TCGA-KM-8440,4,train
TCGA-KM-8441,4,train
TCGA-KM-8442,4,train
TCGA-KM-8443,4,train
TCGA-KM-8476,4,train
TCGA-KM-8477,4,train
TCGA-KM-8639,4,train
TCGA-KN-8423,4,train
TCGA-KN-8425,4,train
TCGA-KN-8426,4,train
TCGA-KN-8427,4,train
TCGA-KN-8429,4,train
TCGA-KN-8430,4,train
TCGA-KN-8432,4,train
TCGA-KN-8433,4,train
TCGA-KN-8434,4,train
TCGA-KN-8435,4,train
TCGA-KN-8436,4,train
TCGA-KN-8437,4,train
TCGA-KO-8404,4,train
TCGA-KO-8405,4,train
TCGA-KO-8407,4,train
TCGA-KO-8409,4,train
TCGA-KO-8410,4,train
TCGA-KO-8411,4,train
TCGA-KO-8413,4,train
TCGA-KO-8415,4,train
TCGA-KO-8417,4,train
TCGA-KS-A41F,4,train
TCGA-KS-A41I,4,train
TCGA-KS-A41J,4,train
TCGA-KS-A4I1,4,train
TCGA-KS-A4I3,4,train
TCGA-KS-A4I5,4,train
TCGA-KS-A4I7,4,train
TCGA-KS-A4I9,4,train
TCGA-KS-A4IC,4,train
TCGA-KS-A4ID,4,train
TCGA-KT-A74X,4,train
TCGA-KT-A7W1,4,train
TCGA-KU-A66S,4,train
TCGA-KU-A6H7,4,train
TCGA-KU-A6H8,4,train
TCGA-KV-A6GD,4,train
TCGA-KV-A6GE,4,train
TCGA-KV-A74V,4,train
TCGA-L1-A7W4,4,train
TCGA-L3-A4E7,4,train
TCGA-L4-A4E6,4,train
TCGA-L6-A4EP,4,train
TCGA-L6-A4ET,4,train
TCGA-L6-A4EU,4,train
TCGA-L7-A56G,4,train
TCGA-L7-A6VZ,4,train
TCGA-L9-A50W,4,train
TCGA-L9-A743,4,train
TCGA-L9-A8F4,4,train
TCGA-LA-A7SW,4,train
TCGA-LB-A7SX,4,train
TCGA-LB-A9Q5,4,train
TCGA-LC-A66R,4,train
TCGA-LD-A74U,4,train
TCGA-LD-A7W5,4,train
TCGA-LD-A7W6,4,train
TCGA-LG-A6GG,4,train
TCGA-LG-A9QC,4,train
TCGA-LG-A9QD,4,train
TCGA-LI-A9QH,4,train
TCGA-LK-A4NY,4,train
TCGA-LK-A4O4,4,train
TCGA-LK-A4O5,4,train
TCGA-LK-A4O6,4,train
TCGA-LK-A4O7,4,train
TCGA-LL-A441,4,train
TCGA-LL-A442,4,train
TCGA-LL-A5YL,4,train
TCGA-LL-A5YM,4,train
TCGA-LL-A5YN,4,train
TCGA-LL-A5YO,4,train
TCGA-LL-A6FP,4,train
TCGA-LL-A6FQ,4,train
TCGA-LL-A73Y,4,train
TCGA-LL-A73Z,4,train
TCGA-LL-A740,4,train
TCGA-LL-A7SZ,4,train
TCGA-LL-A7T0,4,train
TCGA-LL-A8F5,4,train
TCGA-LN-A49O,4,train
TCGA-LN-A4A2,4,train
TCGA-LN-A4A3,4,train
TCGA-LN-A4A4,4,train
TCGA-LN-A4A5,4,train
TCGA-LN-A4A6,4,train
TCGA-LN-A4MQ,4,train
TCGA-LN-A5U5,4,train
TCGA-LN-A5U6,4,train
TCGA-LN-A5U7,4,train
TCGA-LN-A7HV,4,train
TCGA-LN-A7HW,4,train
TCGA-LN-A7HX,4,train
TCGA-LN-A7HY,4,train
TCGA-LN-A7HZ,4,train
TCGA-LN-A8HZ,4,train
TCGA-LN-A8I0,4,train
TCGA-LN-A8I1,4,train
TCGA-LN-A9FO,4,train
TCGA-LP-A4AU,4,train
TCGA-LP-A4AV,4,train
TCGA-LP-A4AW,4,train
TCGA-LP-A4AX,4,train
TCGA-LP-A5U2,4,train
TCGA-LP-A5U3,4,train
TCGA-LT-A5Z6,4,train
TCGA-LT-A8JT,4,train
TCGA-M7-A71Y,4,train
TCGA-M7-A71Z,4,train
TCGA-M7-A720,4,train
TCGA-M7-A721,4,train
TCGA-M7-A722,4,train
TCGA-M7-A723,4,train
TCGA-M7-A724,4,train
TCGA-M7-A725,4,train
TCGA-MA-AA3W,4,train
TCGA-MA-AA3X,4,train
TCGA-MA-AA3Y,4,train
TCGA-MA-AA3Z,4,train
TCGA-MA-AA41,4,train
TCGA-MA-AA42,4,train
TCGA-MA-AA43,4,train
TCGA-MB-A5Y9,4,train
TCGA-MB-A5YA,4,train
TCGA-MB-A8JK,4,train
TCGA-MB-A8JL,4,train
TCGA-MF-A522,4,train
TCGA-MG-AAMC,4,train
TCGA-MH-A55W,4,train
TCGA-MH-A55Z,4,train
TCGA-MH-A561,4,train
TCGA-MH-A855,4,train
TCGA-MH-A856,4,train
TCGA-MH-A857,4,train
TCGA-MI-A75C,4,train
TCGA-MI-A75E,4,train
TCGA-MI-A75H,4,train
TCGA-MI-A75I,4,train
TCGA-MJ-A68H,4,train
TCGA-MJ-A68J,4,train
TCGA-MJ-A850,4,train
TCGA-MK-A4N7,4,train
TCGA-MK-A84Z,4,train
TCGA-MM-A564,4,train
TCGA-MN-A4N4,4,train
TCGA-MP-A4SV,4,train
TCGA-MP-A4T2,4,train
TCGA-MP-A4T4,4,train
TCGA-MP-A4T6,4,train
TCGA-MP-A4T7,4,train
TCGA-MP-A4T9,4,train
TCGA-MP-A4TC,4,train
TCGA-MP-A4TE,4,train
TCGA-MP-A4TF,4,train
TCGA-MP-A4TH,4,train
TCGA-MP-A5C7,4,train
TCGA-MQ-A6BN,4,train
TCGA-MQ-A6BQ,4,train
TCGA-MQ-A6BR,4,train
TCGA-MQ-A6BS,4,train
TCGA-MR-A520,4,train
TCGA-MR-A8JO,4,train
TCGA-MS-A51U,4,train
TCGA-MT-A51W,4,train
TCGA-MT-A51X,4,train
TCGA-MT-A67A,4,train
TCGA-MT-A67D,4,train
TCGA-MT-A67F,4,train
TCGA-MT-A67G,4,train
TCGA-MU-A51Y,4,train
TCGA-MU-A8JM,4,train
TCGA-MV-A51V,4,train
TCGA-MX-A5UG,4,train
TCGA-MX-A5UJ,4,train
TCGA-MX-A666,4,train
TCGA-MY-A5BD,4,train
TCGA-MY-A5BE,4,train
TCGA-MY-A5BF,4,train
TCGA-MY-A913,4,train
TCGA-MZ-A6I9,4,train
TCGA-MZ-A7D7,4,train
TCGA-NC-A5HD,4,train
TCGA-NC-A5HE,4,train
TCGA-NC-A5HF,4,train
TCGA-NC-A5HG,4,train
TCGA-NC-A5HH,4,train
TCGA-NC-A5HI,4,train
TCGA-NC-A5HJ,4,train
TCGA-NC-A5HL,4,train
TCGA-NC-A5HN,4,train
TCGA-NC-A5HO,4,train
TCGA-NC-A5HQ,4,train
TCGA-NC-A5HT,4,train
TCGA-NH-A50T,4,train
TCGA-NH-A50U,4,train
TCGA-NH-A50V,4,train
TCGA-NH-A6GA,4,train
TCGA-NH-A6GB,4,train
TCGA-NH-A8F7,4,train
TCGA-NH-A8F8,4,train
TCGA-NI-A4U2,4,train
TCGA-NJ-A4YG,4,train
TCGA-NJ-A4YQ,4,train
TCGA-NJ-A55A,4,train
TCGA-NJ-A55R,4,train
TCGA-NK-A7XE,4,train
TCGA-NP-A5B3,4,train
TCGA-NP-A5GY,4,train
TCGA-NP-A5H1,4,train
TCGA-NP-A5H7,4,train
TCGA-NQ-A57I,4,train
TCGA-NQ-A638,4,train
TCGA-O2-A52N,4,train
TCGA-O2-A52S,4,train
TCGA-O2-A52V,4,train
TCGA-O2-A52W,4,train
TCGA-O2-A5IB,4,train
TCGA-O8-A75V,4,train
TCGA-O9-A75Z,4,train
TCGA-OK-A5Q2,4,train
TCGA-OL-A5DA,4,train
TCGA-OL-A66H,4,train
TCGA-OL-A66I,4,train
TCGA-OL-A66K,4,train
TCGA-OL-A66L,4,train
TCGA-OL-A66N,4,train
TCGA-OL-A66O,4,train
TCGA-OL-A6VQ,4,train
TCGA-OR-A5J1,4,train
TCGA-OR-A5J2,4,train
TCGA-OR-A5J3,4,train
TCGA-OR-A5J5,4,train
TCGA-OR-A5J6,4,train
TCGA-OR-A5J7,4,train
TCGA-OR-A5J8,4,train
TCGA-OR-A5J9,4,train
TCGA-OR-A5JA,4,train
TCGA-OR-A5JF,4,train
TCGA-OR-A5JJ,4,train
TCGA-OR-A5JK,4,train
TCGA-OR-A5JM,4,train
TCGA-OR-A5JP,4,train
TCGA-OR-A5JR,4,train
TCGA-OR-A5JS,4,train
TCGA-OR-A5JZ,4,train
TCGA-OR-A5K0,4,train
TCGA-OR-A5K6,4,train
TCGA-OR-A5K8,4,train
TCGA-OR-A5K9,4,train
TCGA-OR-A5LK,4,train
TCGA-OR-A5LL,4,train
TCGA-OR-A5LN,4,train
TCGA-OR-A5LO,4,train
TCGA-OR-A5LP,4,train
TCGA-OR-A5LR,4,train
TCGA-OR-A5LS,4,train
TCGA-OX-A56R,4,train
TCGA-OY-A56P,4,train
TCGA-OY-A56Q,4,train
TCGA-P3-A5Q6,4,train
TCGA-P3-A5QE,4,train
TCGA-P3-A6SW,4,train
TCGA-P3-A6SX,4,train
TCGA-P3-A6T0,4,train
TCGA-P3-A6T2,4,train
TCGA-P3-A6T3,4,train
TCGA-P3-A6T6,4,train
TCGA-P3-A6T7,4,train
TCGA-P3-A6T8,4,train
TCGA-P5-A72W,4,train
TCGA-P5-A72X,4,train
TCGA-P5-A730,4,train
TCGA-P5-A731,4,train
TCGA-P5-A733,4,train
TCGA-P5-A735,4,train
TCGA-P5-A736,4,train
TCGA-P5-A737,4,train
TCGA-P5-A77W,4,train
TCGA-P5-A77X,4,train
TCGA-P6-A5OG,4,train
TCGA-P7-A5NX,4,train
TCGA-P8-A5KC,4,train
TCGA-PC-A5DK,4,train
TCGA-PC-A5DL,4,train
TCGA-PC-A5DN,4,train
TCGA-PC-A5DO,4,train
TCGA-PC-A5DP,4,train
TCGA-PD-A5DF,4,train
TCGA-PE-A5DD,4,train
TCGA-PE-A5DE,4,train
TCGA-PG-A5BC,4,train
TCGA-PG-A6IB,4,train
TCGA-PG-A7D5,4,train
TCGA-PG-A914,4,train
TCGA-PG-A916,4,train
TCGA-PG-A917,4,train
TCGA-PJ-A5Z8,4,train
TCGA-PJ-A5Z9,4,train
TCGA-PJ-A8JU,4,train
TCGA-PK-A5H8,4,train
TCGA-PK-A5H9,4,train
TCGA-PK-A5HA,4,train
TCGA-PK-A5HB,4,train
TCGA-PK-A5HC,4,train
TCGA-PL-A8LZ,4,train
TCGA-PN-A8MA,4,train
TCGA-PQ-A6FN,4,train
TCGA-PR-A5PF,4,train
TCGA-PR-A5PH,4,train
TCGA-PT-A8TR,4,train
TCGA-Q1-A5R1,4,train
TCGA-Q1-A5R2,4,train
TCGA-Q1-A5R3,4,train
TCGA-Q1-A6DT,4,train
TCGA-Q1-A73O,4,train
TCGA-Q1-A73P,4,train
TCGA-Q1-A73Q,4,train
TCGA-Q1-A73S,4,train
TCGA-Q3-A5QY,4,train
TCGA-Q3-AA2A,4,train
TCGA-QA-A7B7,4,train
TCGA-QC-A7B5,4,train
TCGA-QC-AA9N,4,train
TCGA-QD-A8IV,4,train
TCGA-QF-A5YS,4,train
TCGA-QF-A5YT,4,train
TCGA-QG-A5Z2,4,train
TCGA-QH-A65R,4,train
TCGA-QH-A65V,4,train
TCGA-QH-A65X,4,train
TCGA-QH-A6CS,4,train
TCGA-QH-A6CU,4,train
TCGA-QH-A6CV,4,train
TCGA-QH-A6CW,4,train
TCGA-QH-A6CX,4,train
TCGA-QH-A6CY,4,train
TCGA-QH-A6CZ,4,train
TCGA-QH-A6X3,4,train
TCGA-QH-A6X4,4,train
TCGA-QH-A6X8,4,train
TCGA-QH-A6X9,4,train
TCGA-QH-A6XA,4,train
TCGA-QH-A6XC,4,train
TCGA-QH-A86X,4,train
TCGA-QH-A870,4,train
TCGA-QK-A64Z,4,train
TCGA-QK-A652,4,train
TCGA-QK-A6IF,4,train
TCGA-QK-A6IG,4,train
TCGA-QK-A6II,4,train
TCGA-QK-A6IJ,4,train
TCGA-QK-A6V9,4,train
TCGA-QK-A6VB,4,train
TCGA-QK-A6VC,4,train
TCGA-QK-A8Z7,4,train
TCGA-QK-A8Z8,4,train
TCGA-QK-A8ZA,4,train
TCGA-QK-A8ZB,4,train
TCGA-QK-AA3J,4,train
TCGA-QK-AA3K,4,train
TCGA-QL-A97D,4,train
TCGA-QQ-A5VA,4,train
TCGA-QQ-A5VB,4,train
TCGA-QQ-A5VC,4,train
TCGA-QQ-A5VD,4,train
TCGA-QQ-A8VB,4,train
TCGA-QQ-A8VD,4,train
TCGA-QQ-A8VF,4,train
TCGA-QQ-A8VH,4,train
TCGA-QR-A6GO,4,train
TCGA-QR-A6GS,4,train
TCGA-QR-A6GU,4,train
TCGA-QR-A6GW,4,train
TCGA-QR-A6GX,4,train
TCGA-QR-A6GY,4,train
TCGA-QR-A6GZ,4,train
TCGA-QR-A6H0,4,train
TCGA-QR-A6H1,4,train
TCGA-QR-A6H2,4,train
TCGA-QR-A6H4,4,train
TCGA-QR-A6H6,4,train
TCGA-QR-A6ZZ,4,train
TCGA-QR-A700,4,train
TCGA-QR-A702,4,train
TCGA-QR-A705,4,train
TCGA-QR-A707,4,train
TCGA-QR-A708,4,train
TCGA-QR-A70C,4,train
TCGA-QR-A70D,4,train
TCGA-QR-A70E,4,train
TCGA-QR-A70G,4,train
TCGA-QR-A70H,4,train
TCGA-QR-A70J,4,train
TCGA-QR-A70K,4,train
TCGA-QR-A70M,4,train
TCGA-QR-A70N,4,train
TCGA-QR-A70O,4,train
TCGA-QR-A70P,4,train
TCGA-QR-A70Q,4,train
TCGA-QR-A70R,4,train
TCGA-QR-A70V,4,train
TCGA-QR-A70W,4,train
TCGA-QR-A70X,4,train
TCGA-QR-A7IN,4,train
TCGA-QS-A5YQ,4,train
TCGA-QS-A5YR,4,train
TCGA-QS-A744,4,train
TCGA-QS-A8F1,4,train
TCGA-QT-A5XK,4,train
TCGA-QT-A5XL,4,train
TCGA-QT-A5XM,4,train
TCGA-QT-A5XN,4,train
TCGA-QT-A5XO,4,train
TCGA-QT-A69Q,4,train
TCGA-QT-A7U0,4,train
TCGA-QU-A6IL,4,train
TCGA-QU-A6IO,4,train
TCGA-QU-A6IP,4,train
TCGA-R5-A7O7,4,train
TCGA-R5-A7ZE,4,train
TCGA-R5-A7ZF,4,train
TCGA-R5-A7ZR,4,train
TCGA-R5-A804,4,train
TCGA-R5-A805,4,train
TCGA-R8-A6ML,4,train
TCGA-R8-A6MO,4,train
TCGA-R8-A6YH,4,train
TCGA-R8-A73M,4,train
TCGA-RA-A741,4,train
TCGA-RB-A7B8,4,train
TCGA-RB-AA9M,4,train
TCGA-RC-A6M3,4,train
TCGA-RC-A6M4,4,train
TCGA-RC-A6M5,4,train
TCGA-RC-A6M6,4,train
TCGA-RC-A7SB,4,train
TCGA-RC-A7SH,4,train
TCGA-RD-A7BS,4,train
TCGA-RD-A7BT,4,train
TCGA-RD-A7BW,4,train
TCGA-RD-A7C1,4,train
TCGA-RD-A8MV,4,train
TCGA-RD-A8MW,4,train
TCGA-RD-A8N0,4,train
TCGA-RD-A8N1,4,train
TCGA-RD-A8N2,4,train
TCGA-RD-A8N4,4,train
TCGA-RD-A8N6,4,train
TCGA-RD-A8N9,4,train
TCGA-RD-A8NB,4,train
TCGA-RG-A7D4,4,train
TCGA-RL-AAAS,4,train
TCGA-RM-A68W,4,train
TCGA-RN-AAAQ,4,train
TCGA-RR-A6KA,4,train
TCGA-RR-A6KB,4,train
TCGA-RS-A6TO,4,train
TCGA-RS-A6TP,4,train
TCGA-RT-A6Y9,4,train
TCGA-RT-A6YA,4,train
TCGA-RT-A6YC,4,train
TCGA-RW-A67V,4,train
TCGA-RW-A67X,4,train
TCGA-RW-A67Y,4,train
TCGA-RW-A680,4,train
TCGA-RW-A681,4,train
TCGA-RW-A684,4,train
TCGA-RW-A685,4,train
TCGA-RW-A688,4,train
TCGA-RW-A68B,4,train
TCGA-RW-A68C,4,train
TCGA-RW-A68D,4,train
TCGA-RW-A68F,4,train
TCGA-RW-A68G,4,train
TCGA-RX-A8JQ,4,train
TCGA-RY-A83X,4,train
TCGA-RY-A840,4,train
TCGA-RY-A843,4,train
TCGA-RY-A845,4,train
TCGA-RY-A847,4,train
TCGA-RZ-AB0B,4,train
TCGA-S3-A6ZF,4,train
TCGA-S3-A6ZH,4,train
TCGA-S3-AA0Z,4,train
TCGA-S3-AA12,4,train
TCGA-S3-AA14,4,train
TCGA-S3-AA15,4,train
TCGA-S3-AA17,4,train
TCGA-S4-A8RM,4,train
TCGA-S4-A8RO,4,train
TCGA-S4-A8RP,4,train
TCGA-S5-A6DX,4,train
TCGA-S5-AA26,4,train
TCGA-S6-A8JX,4,train
TCGA-S6-A8JY,4,train
TCGA-S7-A7WM,4,train
TCGA-S7-A7WN,4,train
TCGA-S7-A7WO,4,train
TCGA-S7-A7WQ,4,train
TCGA-S7-A7WR,4,train
TCGA-S7-A7WT,4,train
TCGA-S7-A7WV,4,train
TCGA-S7-A7WX,4,train
TCGA-S7-A7X0,4,train
TCGA-S7-A7X1,4,train
TCGA-S7-A7X2,4,train
TCGA-S8-A6BV,4,train
TCGA-S9-A6TV,4,train
TCGA-S9-A6TZ,4,train
TCGA-S9-A6U0,4,train
TCGA-S9-A6U5,4,train
TCGA-S9-A6U6,4,train
TCGA-S9-A6U8,4,train
TCGA-S9-A6U9,4,train
TCGA-S9-A6UA,4,train
TCGA-S9-A6UB,4,train
TCGA-S9-A6WD,4,train
TCGA-S9-A6WE,4,train
TCGA-S9-A6WH,4,train
TCGA-S9-A6WI,4,train
TCGA-S9-A6WN,4,train
TCGA-S9-A6WO,4,train
TCGA-S9-A6WP,4,train
TCGA-S9-A6WQ,4,train
TCGA-S9-A7IS,4,train
TCGA-S9-A7IX,4,train
TCGA-S9-A7IZ,4,train
TCGA-S9-A7J0,4,train
TCGA-S9-A7J1,4,train
TCGA-S9-A7J2,4,train
TCGA-S9-A7J3,4,train
TCGA-S9-A7QW,4,train
TCGA-S9-A7QZ,4,train
TCGA-S9-A7R2,4,train
TCGA-S9-A7R4,4,train
TCGA-S9-A7R7,4,train
TCGA-S9-A7R8,4,train
TCGA-S9-A89V,4,train
TCGA-SA-A6C2,4,train
TCGA-SB-A76C,4,train
TCGA-SC-A6LN,4,train
TCGA-SC-A6LP,4,train
TCGA-SC-A6LQ,4,train
TCGA-SC-A6LR,4,train
TCGA-SC-AA5Z,4,train
TCGA-SG-A6Z4,4,train
TCGA-SG-A849,4,train
TCGA-SH-A7BH,4,train
TCGA-SH-A9CT,4,train
TCGA-SH-A9CU,4,train
TCGA-SI-A71O,4,train
TCGA-SI-A71P,4,train
TCGA-SI-A71Q,4,train
TCGA-SI-AA8B,4,train
TCGA-SI-AA8C,4,train
TCGA-SJ-A6ZI,4,train
TCGA-SJ-A6ZJ,4,train
TCGA-SL-A6JA,4,train
TCGA-SN-A6IS,4,train
TCGA-SN-A84W,4,train
TCGA-SN-A84X,4,train
TCGA-SO-A8JP,4,train
TCGA-SP-A6QF,4,train
TCGA-SP-A6QG,4,train
TCGA-SP-A6QH,4,train
TCGA-SP-A6QI,4,train
TCGA-SP-A6QJ,4,train
TCGA-SP-A6QK,4,train
TCGA-SQ-A6I4,4,train
TCGA-SQ-A6I6,4,train
TCGA-SR-A6MQ,4,train
TCGA-SR-A6MS,4,train
TCGA-SR-A6MT,4,train
TCGA-SR-A6MU,4,train
TCGA-SR-A6MX,4,train
TCGA-SR-A6MZ,4,train
TCGA-SR-A6N0,4,train
TCGA-SS-A7HO,4,train
TCGA-SU-A7E7,4,train
TCGA-SW-A7EA,4,train
TCGA-SW-A7EB,4,train
TCGA-SX-A71R,4,train
TCGA-SX-A71S,4,train
TCGA-SX-A71U,4,train
TCGA-SX-A71V,4,train
TCGA-SX-A71W,4,train
TCGA-SX-A7SO,4,train
TCGA-SX-A7SP,4,train
TCGA-SX-A7SQ,4,train
TCGA-SX-A7SS,4,train
TCGA-SX-A7SU,4,train
TCGA-SY-A9G0,4,train
TCGA-SY-A9G5,4,train
TCGA-T1-A6J8,4,train
TCGA-T2-A6WX,4,train
TCGA-T2-A6WZ,4,train
TCGA-T2-A6X2,4,train
TCGA-T3-A92M,4,train
TCGA-T3-A92N,4,train
TCGA-T7-A92I,4,train
TCGA-T9-A92H,4,train
TCGA-TK-A8OK,4,train
TCGA-TM-A7C3,4,train
TCGA-TM-A7C4,4,train
TCGA-TM-A7C5,4,train
TCGA-TM-A7CF,4,train
TCGA-TM-A84H,4,train
TCGA-TM-A84J,4,train
TCGA-TM-A84M,4,train
TCGA-TM-A84O,4,train
TCGA-TM-A84R,4,train
TCGA-TM-A84S,4,train
TCGA-TM-A84T,4,train
TCGA-TN-A7HI,4,train
TCGA-TN-A7HJ,4,train
TCGA-TN-A7HL,4,train
TCGA-TP-A8TV,4,train
TCGA-TQ-A7RF,4,train
TCGA-TQ-A7RG,4,train
TCGA-TQ-A7RH,4,train
TCGA-TQ-A7RK,4,train
TCGA-TQ-A7RM,4,train
TCGA-TQ-A7RN,4,train
TCGA-TQ-A7RO,4,train
TCGA-TQ-A7RQ,4,train
TCGA-TQ-A7RR,4,train
TCGA-TQ-A7RU,4,train
TCGA-TQ-A7RV,4,train
TCGA-TQ-A7RW,4,train
TCGA-TQ-A8XE,4,train
TCGA-TS-A7OY,4,train
TCGA-TS-A7P0,4,train
TCGA-TS-A7P6,4,train
TCGA-TS-A7P7,4,train
TCGA-TS-A8AF,4,train
TCGA-TS-A8AI,4,train
TCGA-TS-A8AS,4,train
TCGA-TS-A8AV,4,train
TCGA-TS-A8AY,4,train
TCGA-TT-A6YJ,4,train
TCGA-TT-A6YP,4,train
TCGA-UB-A7MC,4,train
TCGA-UB-A7MD,4,train
TCGA-UB-A7ME,4,train
TCGA-UB-AA0V,4,train
TCGA-UC-A7PI,4,train
TCGA-UD-AABZ,4,train
TCGA-UD-AAC4,4,train
TCGA-UD-AAC6,4,train
TCGA-UD-AAC7,4,train
TCGA-UE-A6QT,4,train
TCGA-UE-A6QU,4,train
TCGA-UF-A718,4,train
TCGA-UF-A719,4,train
TCGA-UF-A71A,4,train
TCGA-UF-A71B,4,train
TCGA-UF-A7JA,4,train
TCGA-UF-A7JD,4,train
TCGA-UF-A7JF,4,train
TCGA-UF-A7JH,4,train
TCGA-UF-A7JJ,4,train
TCGA-UF-A7JK,4,train
TCGA-UF-A7JS,4,train
TCGA-UF-A7JV,4,train
TCGA-UL-AAZ6,4,train
TCGA-US-A774,4,train
TCGA-US-A776,4,train
TCGA-US-A77E,4,train
TCGA-US-A77G,4,train
TCGA-US-A77J,4,train
TCGA-UT-A88C,4,train
TCGA-UT-A88D,4,train
TCGA-UT-A88G,4,train
TCGA-UT-A97Y,4,train
TCGA-UU-A93S,4,train
TCGA-UW-A72H,4,train
TCGA-UW-A72I,4,train
TCGA-UW-A72J,4,train
TCGA-UW-A72M,4,train
TCGA-UW-A72N,4,train
TCGA-UW-A72O,4,train
TCGA-UW-A72P,4,train
TCGA-UW-A72Q,4,train
TCGA-UW-A72R,4,train
TCGA-UW-A72S,4,train
TCGA-UW-A72T,4,train
TCGA-UY-A78K,4,train
TCGA-UY-A78L,4,train
TCGA-UY-A78M,4,train
TCGA-UY-A78N,4,train
TCGA-UY-A78O,4,train
TCGA-UY-A78P,4,train
TCGA-UY-A8OB,4,train
TCGA-UY-A9PA,4,train
TCGA-UY-A9PB,4,train
TCGA-UY-A9PE,4,train
TCGA-UY-A9PF,4,train
TCGA-UY-A9PH,4,train
TCGA-UZ-A9PJ,4,train
TCGA-UZ-A9PK,4,train
TCGA-UZ-A9PL,4,train
TCGA-UZ-A9PM,4,train
TCGA-UZ-A9PN,4,train
TCGA-UZ-A9PP,4,train
TCGA-UZ-A9PR,4,train
TCGA-UZ-A9PS,4,train
TCGA-UZ-A9PU,4,train
TCGA-UZ-A9PX,4,train
TCGA-UZ-A9PZ,4,train
TCGA-UZ-A9Q1,4,train
TCGA-V1-A8MF,4,train
TCGA-V1-A8MG,4,train
TCGA-V1-A8MJ,4,train
TCGA-V1-A8MK,4,train
TCGA-V1-A8ML,4,train
TCGA-V1-A8WN,4,train
TCGA-V1-A8WS,4,train
TCGA-V1-A8WV,4,train
TCGA-V1-A8WW,4,train
TCGA-V1-A8X3,4,train
TCGA-V1-A9O5,4,train
TCGA-V1-A9O7,4,train
TCGA-V1-A9O9,4,train
TCGA-V1-A9OH,4,train
TCGA-V1-A9OL,4,train
TCGA-V1-A9OT,4,train
TCGA-V1-A9Z7,4,train
TCGA-V1-A9ZG,4,train
TCGA-V1-A9ZI,4,train
TCGA-V1-A9ZK,4,train
TCGA-V1-A9ZR,4,train
TCGA-V3-A9ZY,4,train
TCGA-V4-A9E5,4,train
TCGA-V4-A9EA,4,train
TCGA-V4-A9EC,4,train
TCGA-V4-A9ED,4,train
TCGA-V4-A9EE,4,train
TCGA-V4-A9EF,4,train
TCGA-V4-A9EH,4,train
TCGA-V4-A9EI,4,train
TCGA-V4-A9EK,4,train
TCGA-V4-A9EL,4,train
TCGA-V4-A9EM,4,train
TCGA-V4-A9EO,4,train
TCGA-V4-A9ES,4,train
TCGA-V4-A9ET,4,train
TCGA-V4-A9EU,4,train
TCGA-V4-A9EV,4,train
TCGA-V4-A9EW,4,train
TCGA-V4-A9EZ,4,train
TCGA-V4-A9F0,4,train
TCGA-V4-A9F1,4,train
TCGA-V4-A9F4,4,train
TCGA-V4-A9F5,4,train
TCGA-V4-A9F7,4,train
TCGA-V4-A9F8,4,train
TCGA-V5-A7RB,4,train
TCGA-V5-A7RC,4,train
TCGA-V5-AASV,4,train
TCGA-VD-A8KA,4,train
TCGA-VD-A8KD,4,train
TCGA-VD-A8KF,4,train
TCGA-VD-A8KH,4,train
TCGA-VD-A8KI,4,train
TCGA-VD-A8KL,4,train
TCGA-VD-A8KN,4,train
TCGA-VD-A8KO,4,train
TCGA-VD-AA8M,4,train
TCGA-VD-AA8N,4,train
TCGA-VD-AA8O,4,train
TCGA-VD-AA8P,4,train
TCGA-VD-AA8Q,4,train
TCGA-VD-AA8R,4,train
TCGA-VD-AA8S,4,train
TCGA-VF-A8AB,4,train
TCGA-VF-A8AC,4,train
TCGA-VF-A8AD,4,train
TCGA-VF-A8AE,4,train
TCGA-VM-A8CA,4,train
TCGA-VM-A8CB,4,train
TCGA-VM-A8CE,4,train
TCGA-VP-A876,4,train
TCGA-VP-A87B,4,train
TCGA-VP-A87C,4,train
TCGA-VP-A87D,4,train
TCGA-VP-A87J,4,train
TCGA-VP-A87K,4,train
TCGA-VP-AA1N,4,train
TCGA-VQ-A8DT,4,train
TCGA-VQ-A8DU,4,train
TCGA-VQ-A8DZ,4,train
TCGA-VQ-A8E2,4,train
TCGA-VQ-A8P2,4,train
TCGA-VQ-A8P3,4,train
TCGA-VQ-A8P5,4,train
TCGA-VQ-A8PB,4,train
TCGA-VQ-A8PD,4,train
TCGA-VQ-A8PE,4,train
TCGA-VQ-A8PF,4,train
TCGA-VQ-A8PH,4,train
TCGA-VQ-A8PJ,4,train
TCGA-VQ-A8PK,4,train
TCGA-VQ-A8PM,4,train
TCGA-VQ-A8PO,4,train
TCGA-VQ-A8PP,4,train
TCGA-VQ-A8PQ,4,train
TCGA-VQ-A8PT,4,train
TCGA-VQ-A8PU,4,train
TCGA-VQ-A8PX,4,train
TCGA-VQ-A8PY,4,train
TCGA-VQ-A8PZ,4,train
TCGA-VQ-A91D,4,train
TCGA-VQ-A91E,4,train
TCGA-VQ-A91K,4,train
TCGA-VQ-A91N,4,train
TCGA-VQ-A91Q,4,train
TCGA-VQ-A91S,4,train
TCGA-VQ-A91X,4,train
TCGA-VQ-A91Y,4,train
TCGA-VQ-A91Z,4,train
TCGA-VQ-A923,4,train
TCGA-VQ-A924,4,train
TCGA-VQ-A925,4,train
TCGA-VQ-A927,4,train
TCGA-VQ-A92D,4,train
TCGA-VQ-A94O,4,train
TCGA-VQ-A94R,4,train
TCGA-VQ-A94T,4,train
TCGA-VQ-AA64,4,train
TCGA-VQ-AA69,4,train
TCGA-VQ-AA6A,4,train
TCGA-VQ-AA6B,4,train
TCGA-VQ-AA6D,4,train
TCGA-VQ-AA6F,4,train
TCGA-VQ-AA6G,4,train
TCGA-VQ-AA6I,4,train
TCGA-VQ-AA6J,4,train
TCGA-VQ-AA6K,4,train
TCGA-VR-A8EO,4,train
TCGA-VR-A8EQ,4,train
TCGA-VR-A8EU,4,train
TCGA-VR-A8EW,4,train
TCGA-VR-A8EX,4,train
TCGA-VR-A8EY,4,train
TCGA-VR-A8Q7,4,train
TCGA-VR-AA4D,4,train
TCGA-VR-AA4G,4,train
TCGA-VR-AA7B,4,train
TCGA-VR-AA7D,4,train
TCGA-VR-AA7I,4,train
TCGA-VS-A8EB,4,train
TCGA-VS-A8EC,4,train
TCGA-VS-A8EH,4,train
TCGA-VS-A8EI,4,train
TCGA-VS-A8EJ,4,train
TCGA-VS-A8EK,4,train
TCGA-VS-A8Q8,4,train
TCGA-VS-A8Q9,4,train
TCGA-VS-A8QC,4,train
TCGA-VS-A8QF,4,train
TCGA-VS-A8QH,4,train
TCGA-VS-A8QM,4,train
TCGA-VS-A94W,4,train
TCGA-VS-A94X,4,train
TCGA-VS-A950,4,train
TCGA-VS-A952,4,train
TCGA-VS-A954,4,train
TCGA-VS-A957,4,train
TCGA-VS-A9U5,4,train
TCGA-VS-A9U6,4,train
TCGA-VS-A9UA,4,train
TCGA-VS-A9UB,4,train
TCGA-VS-A9UH,4,train
TCGA-VS-A9UI,4,train
TCGA-VS-A9UL,4,train
TCGA-VS-A9UO,4,train
TCGA-VS-A9UP,4,train
TCGA-VS-A9UQ,4,train
TCGA-VS-A9UT,4,train
TCGA-VS-A9UU,4,train
TCGA-VS-A9UV,4,train
TCGA-VS-A9UY,4,train
TCGA-VS-A9UZ,4,train
TCGA-VS-A9V0,4,train
TCGA-VS-A9V1,4,train
TCGA-VS-A9V3,4,train
TCGA-VS-A9V5,4,train
TCGA-VS-AA62,4,train
TCGA-VT-A80G,4,train
TCGA-VT-A80J,4,train
TCGA-VV-A829,4,train
TCGA-W2-A7H5,4,train
TCGA-W2-A7HA,4,train
TCGA-W2-A7HE,4,train
TCGA-W2-A7HF,4,train
TCGA-W4-A7U2,4,train
TCGA-W4-A7U3,4,train
TCGA-W9-A837,4,train
TCGA-WA-A7H4,4,train
TCGA-WB-A80L,4,train
TCGA-WB-A80M,4,train
TCGA-WB-A80N,4,train
TCGA-WB-A80O,4,train
TCGA-WB-A80P,4,train
TCGA-WB-A80Q,4,train
TCGA-WB-A80V,4,train
TCGA-WB-A80Y,4,train
TCGA-WB-A814,4,train
TCGA-WB-A815,4,train
TCGA-WB-A816,4,train
TCGA-WB-A817,4,train
TCGA-WB-A819,4,train
TCGA-WB-A81A,4,train
TCGA-WB-A81D,4,train
TCGA-WB-A81F,4,train
TCGA-WB-A81G,4,train
TCGA-WB-A81I,4,train
TCGA-WB-A81J,4,train
TCGA-WB-A81K,4,train
TCGA-WB-A81M,4,train
TCGA-WB-A81N,4,train
TCGA-WB-A81P,4,train
TCGA-WB-A81Q,4,train
TCGA-WB-A81S,4,train
TCGA-WB-A81T,4,train
TCGA-WB-A81W,4,train
TCGA-WB-A821,4,train
TCGA-WB-A822,4,train
TCGA-WC-A87T,4,train
TCGA-WC-A880,4,train
TCGA-WC-A881,4,train
TCGA-WC-A882,4,train
TCGA-WC-A883,4,train
TCGA-WC-A884,4,train
TCGA-WC-A885,4,train
TCGA-WC-A888,4,train
TCGA-WC-A88A,4,train
TCGA-WC-AA9A,4,train
TCGA-WC-AA9E,4,train
TCGA-WE-A8K4,4,train
TCGA-WH-A86K,4,train
TCGA-WJ-A86L,4,train
TCGA-WK-A8XO,4,train
TCGA-WK-A8XQ,4,train
TCGA-WK-A8XS,4,train
TCGA-WK-A8Y0,4,train
TCGA-WL-A834,4,train
TCGA-WN-A9G9,4,train
TCGA-WN-AB4C,4,train
TCGA-WP-A9GB,4,train
TCGA-WQ-A9G7,4,train
TCGA-WQ-AB4B,4,train
TCGA-WR-A838,4,train
TCGA-WT-AB41,4,train
TCGA-WT-AB44,4,train
TCGA-WX-AA44,4,train
TCGA-WX-AA46,4,train
TCGA-WY-A858,4,train
TCGA-WY-A85B,4,train
TCGA-WY-A85D,4,train
TCGA-WZ-A7V3,4,train
TCGA-WZ-A8D5,4,train
TCGA-X3-A8G4,4,train
TCGA-X4-A8KQ,4,train
TCGA-X6-A7W8,4,train
TCGA-X6-A7WA,4,train
TCGA-X6-A7WB,4,train
TCGA-X6-A7WC,4,train
TCGA-X6-A7WD,4,train
TCGA-X6-A8C4,4,train
TCGA-X6-A8C5,4,train
TCGA-X6-A8C6,4,train
TCGA-X6-A8C7,4,train
TCGA-X7-A8D6,4,train
TCGA-X7-A8D7,4,train
TCGA-X7-A8D8,4,train
TCGA-X7-A8D9,4,train
TCGA-X7-A8DB,4,train
TCGA-X7-A8DC,4,train
TCGA-X7-A8DD,4,train
TCGA-X7-A8DE,4,train
TCGA-X7-A8DG,4,train
TCGA-X7-A8DI,4,train
TCGA-X7-A8DJ,4,train
TCGA-X7-A8M0,4,train
TCGA-X7-A8M1,4,train
TCGA-X7-A8M4,4,train
TCGA-X7-A8M5,4,train
TCGA-X7-A8M6,4,train
TCGA-X7-A8M7,4,train
TCGA-X7-A8M8,4,train
TCGA-X8-AAAR,4,train
TCGA-X9-A971,4,train
TCGA-X9-A973,4,train
TCGA-XA-A8JR,4,train
TCGA-XC-AA0X,4,train
TCGA-XD-AAUI,4,train
TCGA-XD-AAUL,4,train
TCGA-XE-A8H4,4,train
TCGA-XE-A8H5,4,train
TCGA-XE-A9SE,4,train
TCGA-XE-AANI,4,train
TCGA-XE-AANR,4,train
TCGA-XE-AANV,4,train
TCGA-XE-AAOB,4,train
TCGA-XE-AAOC,4,train
TCGA-XE-AAOL,4,train
TCGA-XF-A8HB,4,train
TCGA-XF-A8HC,4,train
TCGA-XF-A8HD,4,train
TCGA-XF-A8HE,4,train
TCGA-XF-A8HI,4,train
TCGA-XF-A9SG,4,train
TCGA-XF-A9SI,4,train
TCGA-XF-A9SK,4,train
TCGA-XF-A9SL,4,train
TCGA-XF-A9SP,4,train
TCGA-XF-A9ST,4,train
TCGA-XF-A9SU,4,train
TCGA-XF-A9SV,4,train
TCGA-XF-A9SW,4,train
TCGA-XF-A9SY,4,train
TCGA-XF-A9SZ,4,train
TCGA-XF-A9T0,4,train
TCGA-XF-A9T2,4,train
TCGA-XF-A9T3,4,train
TCGA-XF-A9T4,4,train
TCGA-XF-A9T5,4,train
TCGA-XF-A9T6,4,train
TCGA-XF-A9T8,4,train
TCGA-XF-AAME,4,train
TCGA-XF-AAMF,4,train
TCGA-XF-AAMG,4,train
TCGA-XF-AAMH,4,train
TCGA-XF-AAMJ,4,train
TCGA-XF-AAML,4,train
TCGA-XF-AAMQ,4,train
TCGA-XF-AAMR,4,train
TCGA-XF-AAMT,4,train
TCGA-XF-AAMW,4,train
TCGA-XF-AAMX,4,train
TCGA-XF-AAMZ,4,train
TCGA-XF-AAN0,4,train
TCGA-XF-AAN2,4,train
TCGA-XF-AAN4,4,train
TCGA-XF-AAN5,4,train
TCGA-XF-AAN7,4,train
TCGA-XH-A853,4,train
TCGA-XJ-A83G,4,train
TCGA-XJ-A83H,4,train
TCGA-XJ-A9DI,4,train
TCGA-XJ-A9DK,4,train
TCGA-XJ-A9DQ,4,train
TCGA-XJ-A9DX,4,train
TCGA-XK-AAIR,4,train
TCGA-XK-AAIV,4,train
TCGA-XK-AAIW,4,train
TCGA-XK-AAJ3,4,train
TCGA-XK-AAJA,4,train
TCGA-XK-AAJP,4,train
TCGA-XK-AAJR,4,train
TCGA-XK-AAJT,4,train
TCGA-XK-AAJU,4,train
TCGA-XK-AAK1,4,train
TCGA-XM-A8R8,4,train
TCGA-XM-A8R9,4,train
TCGA-XM-A8RB,4,train
TCGA-XM-A8RC,4,train
TCGA-XM-A8RD,4,train
TCGA-XM-A8RE,4,train
TCGA-XM-A8RF,4,train
TCGA-XM-A8RG,4,train
TCGA-XM-A8RH,4,train
TCGA-XM-A8RI,4,train
TCGA-XM-A8RL,4,train
TCGA-XM-AAZ1,4,train
TCGA-XM-AAZ2,4,train
TCGA-XM-AAZ3,4,train
TCGA-XN-A8T3,4,train
TCGA-XN-A8T5,4,train
TCGA-XP-A8T6,4,train
TCGA-XP-A8T7,4,train
TCGA-XP-A8T8,4,train
TCGA-XQ-A8TA,4,train
TCGA-XQ-A8TB,4,train
TCGA-XR-A8TD,4,train
TCGA-XR-A8TE,4,train
TCGA-XR-A8TF,4,train
TCGA-XS-A8TJ,4,train
TCGA-XU-A92O,4,train
TCGA-XU-A92Q,4,train
TCGA-XU-A92R,4,train
TCGA-XU-A92T,4,train
TCGA-XU-A92V,4,train
TCGA-XU-A92X,4,train
TCGA-XU-A92Y,4,train
TCGA-XU-A92Z,4,train
TCGA-XU-A930,4,train
TCGA-XU-A932,4,train
TCGA-XU-A933,4,train
TCGA-XU-AAXX,4,train
TCGA-XU-AAY0,4,train
TCGA-XU-AAY1,4,train
TCGA-XV-A9W2,4,train
TCGA-XV-A9W5,4,train
TCGA-XV-AAZV,4,train
TCGA-XV-AAZW,4,train
TCGA-XV-AAZY,4,train
TCGA-XX-A899,4,train
TCGA-XX-A89A,4,train
TCGA-XY-A89B,4,train
TCGA-XY-A8S2,4,train
TCGA-XY-A8S3,4,train
TCGA-XY-A9T9,4,train
TCGA-Y8-A894,4,train
TCGA-Y8-A897,4,train
TCGA-Y8-A898,4,train
TCGA-Y8-A8RY,4,train
TCGA-Y8-A8RZ,4,train
TCGA-YB-A89D,4,train
TCGA-YC-A89H,4,train
TCGA-YC-A8S6,4,train
TCGA-YC-A9TC,4,train
TCGA-YF-AA3L,4,train
TCGA-YL-A8HJ,4,train
TCGA-YL-A8HK,4,train
TCGA-YL-A8HL,4,train
TCGA-YL-A8HM,4,train
TCGA-YL-A8HO,4,train
TCGA-YL-A8S8,4,train
TCGA-YL-A8S9,4,train
TCGA-YL-A8SA,4,train
TCGA-YL-A8SB,4,train
TCGA-YL-A8SC,4,train
TCGA-YL-A8SF,4,train
TCGA-YL-A8SI,4,train
TCGA-YL-A8SK,4,train
TCGA-YL-A8SP,4,train
TCGA-YL-A8SQ,4,train
TCGA-YL-A8SR,4,train
TCGA-YL-A9WH,4,train
TCGA-YL-A9WJ,4,train
TCGA-YL-A9WL,4,train
TCGA-YL-A9WX,4,train
TCGA-YL-A9WY,4,train
TCGA-YS-A95C,4,train
TCGA-YT-A95D,4,train
TCGA-YT-A95E,4,train
TCGA-YT-A95F,4,train
TCGA-YT-A95G,4,train
TCGA-YT-A95H,4,train
TCGA-YU-A90P,4,train
TCGA-YU-A90S,4,train
TCGA-YU-A90W,4,train
TCGA-YU-A912,4,train
TCGA-YU-A94D,4,train
TCGA-YU-A94I,4,train
TCGA-YU-AA4L,4,train
TCGA-YY-A8LH,4,train
TCGA-YZ-A982,4,train
TCGA-YZ-A983,4,train
TCGA-YZ-A984,4,train
TCGA-YZ-A985,4,train
TCGA-Z4-A8JB,4,train
TCGA-Z4-A9VC,4,train
TCGA-Z4-AAPG,4,train
TCGA-Z5-AAPL,4,train
TCGA-Z6-A8JD,4,train
TCGA-Z6-A8JE,4,train
TCGA-Z6-A9VB,4,train
TCGA-Z6-AAPN,4,train
TCGA-Z7-A8R5,4,train
TCGA-ZA-A8F6,4,train
TCGA-ZB-A961,4,train
TCGA-ZB-A962,4,train
TCGA-ZB-A965,4,train
TCGA-ZB-A96A,4,train
TCGA-ZB-A96B,4,train
TCGA-ZB-A96D,4,train
TCGA-ZB-A96E,4,train
TCGA-ZB-A96F,4,train
TCGA-ZB-A96G,4,train
TCGA-ZB-A96H,4,train
TCGA-ZB-A96I,4,train
TCGA-ZB-A96L,4,train
TCGA-ZB-A96M,4,train
TCGA-ZB-A96O,4,train
TCGA-ZB-A96P,4,train
TCGA-ZB-A96Q,4,train
TCGA-ZB-A96R,4,train
TCGA-ZF-A9R0,4,train
TCGA-ZF-A9R1,4,train
TCGA-ZF-A9R2,4,train
TCGA-ZF-A9R3,4,train
TCGA-ZF-A9R4,4,train
TCGA-ZF-A9R5,4,train
TCGA-ZF-A9R7,4,train
TCGA-ZF-A9RC,4,train
TCGA-ZF-A9RD,4,train
TCGA-ZF-A9RF,4,train
TCGA-ZF-A9RG,4,train
TCGA-ZF-A9RL,4,train
TCGA-ZF-A9RM,4,train
TCGA-ZF-A9RN,4,train
TCGA-ZF-AA4N,4,train
TCGA-ZF-AA4R,4,train
TCGA-ZF-AA4T,4,train
TCGA-ZF-AA4U,4,train
TCGA-ZF-AA4V,4,train
TCGA-ZF-AA52,4,train
TCGA-ZF-AA53,4,train
TCGA-ZF-AA54,4,train
TCGA-ZF-AA58,4,train
TCGA-ZF-AA5H,4,train
TCGA-ZF-AA5N,4,train
TCGA-ZF-AA5P,4,train
TCGA-ZJ-A8QO,4,train
TCGA-ZJ-A8QQ,4,train
TCGA-ZJ-A8QR,4,train
TCGA-ZJ-AAXA,4,train
TCGA-ZJ-AAXJ,4,train
TCGA-ZJ-AB0H,4,train
TCGA-ZJ-AB0I,4,train
TCGA-ZM-AA05,4,train
TCGA-ZM-AA06,4,train
TCGA-ZM-AA0B,4,train
TCGA-ZM-AA0D,4,train
TCGA-ZM-AA0E,4,train
TCGA-ZM-AA0F,4,train
TCGA-ZM-AA0N,4,train
TCGA-ZN-A9VO,4,train
TCGA-ZN-A9VQ,4,train
TCGA-ZN-A9VU,4,train
TCGA-ZN-A9VV,4,train
TCGA-ZP-A9CV,4,train
TCGA-ZP-A9CZ,4,train
TCGA-ZP-A9D4,4,train
TCGA-ZQ-A9CR,4,train
TCGA-ZR-A9CJ,4,train
TCGA-ZS-A9CD,4,train
TCGA-ZS-A9CF,4,train
TCGA-ZS-A9CG,4,train
TCGA-ZT-A8OM,4,train
TCGA-05-4249,4,val
TCGA-05-4397,4,val
TCGA-06-0126,4,val
TCGA-06-0158,4,val
TCGA-06-0238,4,val
TCGA-06-0646,4,val
TCGA-06-0649,4,val
TCGA-06-0747,4,val
TCGA-06-0878,4,val
TCGA-06-1084,4,val
TCGA-06-1087,4,val
TCGA-06-1801,4,val
TCGA-06-5412,4,val
TCGA-06-5416,4,val
TCGA-06-5418,4,val
TCGA-06-6388,4,val
TCGA-06-6390,4,val
TCGA-12-0820,4,val
TCGA-12-1088,4,val
TCGA-12-1600,4,val
TCGA-12-3646,4,val
TCGA-12-3649,4,val
TCGA-13-A5FT,4,val
TCGA-14-0789,4,val
TCGA-14-0871,4,val
TCGA-14-1034,4,val
TCGA-14-1455,4,val
TCGA-14-1795,4,val
TCGA-19-1390,4,val
TCGA-19-2621,4,val
TCGA-19-2625,4,val
TCGA-19-2631,4,val
TCGA-19-4065,4,val
TCGA-19-5953,4,val
TCGA-19-5960,4,val
TCGA-21-1081,4,val
TCGA-21-1082,4,val
TCGA-21-5783,4,val
TCGA-21-5787,4,val
TCGA-23-1029,4,val
TCGA-23-1114,4,val
TCGA-25-1315,4,val
TCGA-25-1317,4,val
TCGA-25-1321,4,val
TCGA-25-1626,4,val
TCGA-25-1628,4,val
TCGA-25-1635,4,val
TCGA-25-2396,4,val
TCGA-25-2401,4,val
TCGA-25-2404,4,val
TCGA-25-2408,4,val
TCGA-26-1443,4,val
TCGA-27-1832,4,val
TCGA-27-1833,4,val
TCGA-27-1834,4,val
TCGA-27-1835,4,val
TCGA-27-2518,4,val
TCGA-2A-A8VT,4,val
TCGA-2A-A8VV,4,val
TCGA-2A-A8W3,4,val
TCGA-2F-A9KP,4,val
TCGA-2G-AAF4,4,val
TCGA-2G-AAF6,4,val
TCGA-2G-AAF8,4,val
TCGA-2G-AAG0,4,val
TCGA-2G-AAG7,4,val
TCGA-2G-AAGK,4,val
TCGA-2G-AAGM,4,val
TCGA-2G-AAGT,4,val
TCGA-2G-AAH8,4,val
TCGA-2G-AAKD,4,val
TCGA-2G-AAKO,4,val
TCGA-2G-AALF,4,val
TCGA-2G-AALP,4,val
TCGA-2G-AALS,4,val
TCGA-2G-AALZ,4,val
TCGA-2G-AAM3,4,val
TCGA-2J-AAB4,4,val
TCGA-2J-AAB6,4,val
TCGA-2J-AABI,4,val
TCGA-2L-AAQI,4,val
TCGA-2L-AAQM,4,val
TCGA-2Y-A9GX,4,val
TCGA-2Y-A9H0,4,val
TCGA-2Y-A9H6,4,val
TCGA-2Y-A9H8,4,val
TCGA-2Z-A9J7,4,val
TCGA-2Z-A9JP,4,val
TCGA-2Z-A9JQ,4,val
TCGA-2Z-A9JR,4,val
TCGA-34-5232,4,val
TCGA-34-5240,4,val
TCGA-34-5241,4,val
TCGA-35-4122,4,val
TCGA-35-5375,4,val
TCGA-37-3792,4,val
TCGA-37-4132,4,val
TCGA-37-4135,4,val
TCGA-3A-A9I5,4,val
TCGA-3A-A9IS,4,val
TCGA-3B-A9HI,4,val
TCGA-3B-A9HO,4,val
TCGA-3B-A9HQ,4,val
TCGA-3B-A9HR,4,val
TCGA-3E-AAAY,4,val
TCGA-3H-AB3M,4,val
TCGA-3U-A98G,4,val
TCGA-41-2571,4,val
TCGA-41-4097,4,val
TCGA-43-6770,4,val
TCGA-43-7657,4,val
TCGA-44-2661,4,val
TCGA-44-3398,4,val
TCGA-44-3919,4,val
TCGA-44-6144,4,val
TCGA-44-6145,4,val
TCGA-44-6146,4,val
TCGA-44-6774,4,val
TCGA-44-6778,4,val
TCGA-4A-A93X,4,val
TCGA-4E-A92E,4,val
TCGA-4V-A9QI,4,val
TCGA-4V-A9QM,4,val
TCGA-4V-A9QN,4,val
TCGA-4V-A9QQ,4,val
TCGA-4V-A9QX,4,val
TCGA-4X-A9FB,4,val
TCGA-4X-A9FD,4,val
TCGA-4Z-AA7Y,4,val
TCGA-4Z-AA80,4,val
TCGA-4Z-AA81,4,val
TCGA-4Z-AA89,4,val
TCGA-50-5044,4,val
TCGA-50-5939,4,val
TCGA-50-5946,4,val
TCGA-52-7810,4,val
TCGA-52-7812,4,val
TCGA-55-6969,4,val
TCGA-55-6987,4,val
TCGA-55-7284,4,val
TCGA-55-7570,4,val
TCGA-55-7573,4,val
TCGA-55-8510,4,val
TCGA-55-8616,4,val
TCGA-56-5897,4,val
TCGA-56-7221,4,val
TCGA-56-7731,4,val
TCGA-56-7822,4,val
TCGA-56-8626,4,val
TCGA-56-A4ZJ,4,val
TCGA-5C-A9VG,4,val
TCGA-5G-A9ZZ,4,val
TCGA-5K-AAAP,4,val
TCGA-5N-A9KI,4,val
TCGA-5P-A9K4,4,val
TCGA-5P-A9K8,4,val
TCGA-5P-A9KC,4,val
TCGA-5P-A9KF,4,val
TCGA-5P-A9KH,4,val
TCGA-62-A470,4,val
TCGA-63-7022,4,val
TCGA-63-7023,4,val
TCGA-63-A5M9,4,val
TCGA-63-A5MT,4,val
TCGA-63-A5MU,4,val
TCGA-63-A5MV,4,val
TCGA-63-A5MY,4,val
TCGA-64-1678,4,val
TCGA-64-5774,4,val
TCGA-64-5775,4,val
TCGA-64-5778,4,val
TCGA-64-5779,4,val
TCGA-67-6217,4,val
TCGA-68-7757,4,val
TCGA-6D-AA2E,4,val
TCGA-75-5126,4,val
TCGA-75-6205,4,val
TCGA-75-6212,4,val
TCGA-77-6843,4,val
TCGA-77-7138,4,val
TCGA-77-7465,4,val
TCGA-77-8128,4,val
TCGA-77-8131,4,val
TCGA-77-8139,4,val
TCGA-77-8146,4,val
TCGA-78-7146,4,val
TCGA-78-7148,4,val
TCGA-80-5608,4,val
TCGA-83-5908,4,val
TCGA-85-6560,4,val
TCGA-85-7843,4,val
TCGA-85-8048,4,val
TCGA-85-8288,4,val
TCGA-85-8351,4,val
TCGA-85-8355,4,val
TCGA-85-A4JB,4,val
TCGA-85-A4QQ,4,val
TCGA-85-A513,4,val
TCGA-86-7953,4,val
TCGA-86-8671,4,val
TCGA-86-A4P7,4,val
TCGA-87-5896,4,val
TCGA-92-7341,4,val
TCGA-94-7033,4,val
TCGA-96-8170,4,val
TCGA-97-7552,4,val
TCGA-98-A538,4,val
TCGA-98-A53J,4,val
TCGA-A1-A0SI,4,val
TCGA-A1-A0SN,4,val
TCGA-A1-A0SP,4,val
TCGA-A2-A04T,4,val
TCGA-A2-A0CU,4,val
TCGA-A2-A0CW,4,val
TCGA-A2-A0CX,4,val
TCGA-A2-A0EM,4,val
TCGA-A2-A0EN,4,val
TCGA-A2-A0EP,4,val
TCGA-A2-A0SW,4,val
TCGA-A2-A0SY,4,val
TCGA-A2-A0YE,4,val
TCGA-A2-A0YH,4,val
TCGA-A2-A0YK,4,val
TCGA-A2-A0YM,4,val
TCGA-A2-A0YT,4,val
TCGA-A2-A1FW,4,val
TCGA-A2-A1FX,4,val
TCGA-A2-A3KD,4,val
TCGA-A2-A3XS,4,val
TCGA-A2-A3XZ,4,val
TCGA-A2-A4RX,4,val
TCGA-A2-A4S1,4,val
TCGA-A3-3311,4,val
TCGA-A3-3325,4,val
TCGA-A3-3326,4,val
TCGA-A3-3328,4,val
TCGA-A3-3331,4,val
TCGA-A3-3358,4,val
TCGA-A3-3365,4,val
TCGA-A3-3373,4,val
TCGA-A3-3378,4,val
TCGA-A3-3385,4,val
TCGA-A3-A6NJ,4,val
TCGA-A4-7287,4,val
TCGA-A4-7734,4,val
TCGA-A4-A4ZT,4,val
TCGA-A4-A7UZ,4,val
TCGA-A5-A0GA,4,val
TCGA-A5-A0GM,4,val
TCGA-A5-A0GN,4,val
TCGA-A5-A0GR,4,val
TCGA-A5-A1OF,4,val
TCGA-A5-A1OK,4,val
TCGA-A5-A7WJ,4,val
TCGA-A6-2675,4,val
TCGA-A6-2682,4,val
TCGA-A6-4107,4,val
TCGA-A6-6137,4,val
TCGA-A6-6140,4,val
TCGA-A6-6648,4,val
TCGA-A7-A0DA,4,val
TCGA-A7-A0DB,4,val
TCGA-A7-A26F,4,val
TCGA-A7-A3IZ,4,val
TCGA-A7-A5ZV,4,val
TCGA-A7-A5ZW,4,val
TCGA-A7-A5ZX,4,val
TCGA-A7-A6VY,4,val
TCGA-A8-A06R,4,val
TCGA-A8-A06U,4,val
TCGA-A8-A076,4,val
TCGA-A8-A079,4,val
TCGA-A8-A07B,4,val
TCGA-A8-A07F,4,val
TCGA-A8-A07I,4,val
TCGA-A8-A07J,4,val
TCGA-A8-A07L,4,val
TCGA-A8-A07U,4,val
TCGA-A8-A07W,4,val
TCGA-A8-A086,4,val
TCGA-A8-A08B,4,val
TCGA-A8-A08I,4,val
TCGA-A8-A08S,4,val
TCGA-A8-A08T,4,val
TCGA-A8-A097,4,val
TCGA-A8-A09T,4,val
TCGA-A8-A09X,4,val
TCGA-AA-3514,4,val
TCGA-AA-3558,4,val
TCGA-AA-3678,4,val
TCGA-AA-3692,4,val
TCGA-AA-3695,4,val
TCGA-AA-3814,4,val
TCGA-AA-3815,4,val
TCGA-AA-3837,4,val
TCGA-AA-3858,4,val
TCGA-AA-3947,4,val
TCGA-AA-3970,4,val
TCGA-AA-3971,4,val
TCGA-AA-3975,4,val
TCGA-AA-3976,4,val
TCGA-AA-A00O,4,val
TCGA-AA-A010,4,val
TCGA-AA-A01S,4,val
TCGA-AA-A02R,4,val
TCGA-AC-A3QP,4,val
TCGA-AC-A3W5,4,val
TCGA-AC-A5EI,4,val
TCGA-AD-6548,4,val
TCGA-AD-6899,4,val
TCGA-AD-6901,4,val
TCGA-AD-A5EK,4,val
TCGA-AF-2687,4,val
TCGA-AF-2691,4,val
TCGA-AF-3914,4,val
TCGA-AF-4110,4,val
TCGA-AF-5654,4,val
TCGA-AF-A56K,4,val
TCGA-AG-3574,4,val
TCGA-AG-3575,4,val
TCGA-AG-3605,4,val
TCGA-AG-3726,4,val
TCGA-AG-3882,4,val
TCGA-AG-3885,4,val
TCGA-AG-3890,4,val
TCGA-AG-3894,4,val
TCGA-AG-3898,4,val
TCGA-AG-4007,4,val
TCGA-AJ-A2QL,4,val
TCGA-AJ-A2QM,4,val
TCGA-AJ-A3BH,4,val
TCGA-AK-3450,4,val
TCGA-AK-3451,4,val
TCGA-AN-A03Y,4,val
TCGA-AN-A041,4,val
TCGA-AN-A0AM,4,val
TCGA-AN-A0AR,4,val
TCGA-AN-A0FJ,4,val
TCGA-AN-A0FS,4,val
TCGA-AO-A03U,4,val
TCGA-AO-A0JF,4,val
TCGA-AO-A129,4,val
TCGA-AO-A1KQ,4,val
TCGA-AO-A1KT,4,val
TCGA-AP-A05A,4,val
TCGA-AP-A05D,4,val
TCGA-AP-A05H,4,val
TCGA-AP-A05J,4,val
TCGA-AP-A0LI,4,val
TCGA-AP-A0LM,4,val
TCGA-AP-A0LN,4,val
TCGA-AP-A0LO,4,val
TCGA-AP-A0LP,4,val
TCGA-AP-A1E3,4,val
TCGA-AQ-A54N,4,val
TCGA-AR-A0TU,4,val
TCGA-AR-A0TV,4,val
TCGA-AR-A0U1,4,val
TCGA-AR-A24H,4,val
TCGA-AR-A24K,4,val
TCGA-AR-A251,4,val
TCGA-AR-A252,4,val
TCGA-AR-A2LK,4,val
TCGA-AX-A05T,4,val
TCGA-AX-A063,4,val
TCGA-AX-A06B,4,val
TCGA-AX-A1CF,4,val
TCGA-AX-A1CP,4,val
TCGA-AY-6196,4,val
TCGA-AY-6386,4,val
TCGA-B0-4688,4,val
TCGA-B0-4690,4,val
TCGA-B0-4699,4,val
TCGA-B0-4700,4,val
TCGA-B0-4712,4,val
TCGA-B0-4814,4,val
TCGA-B0-4816,4,val
TCGA-B0-4821,4,val
TCGA-B0-4844,4,val
TCGA-B0-5084,4,val
TCGA-B0-5088,4,val
TCGA-B0-5109,4,val
TCGA-B0-5110,4,val
TCGA-B0-5115,4,val
TCGA-B0-5121,4,val
TCGA-B0-5690,4,val
TCGA-B0-5691,4,val
TCGA-B0-5713,4,val
TCGA-B1-7332,4,val
TCGA-B1-A47N,4,val
TCGA-B2-3923,4,val
TCGA-B3-A6W5,4,val
TCGA-B4-5377,4,val
TCGA-B4-5835,4,val
TCGA-B4-5843,4,val
TCGA-B5-A0JT,4,val
TCGA-B5-A0JX,4,val
TCGA-B5-A0JZ,4,val
TCGA-B5-A0K4,4,val
TCGA-B5-A11L,4,val
TCGA-B5-A1MU,4,val
TCGA-B5-A1MV,4,val
TCGA-B5-A3FD,4,val
TCGA-B5-A5OE,4,val
TCGA-B6-A0I9,4,val
TCGA-B6-A0IB,4,val
TCGA-B6-A0IM,4,val
TCGA-B6-A0IP,4,val
TCGA-B6-A0RH,4,val
TCGA-B6-A0RN,4,val
TCGA-B6-A0RQ,4,val
TCGA-B6-A0WV,4,val
TCGA-B6-A0WX,4,val
TCGA-B6-A0WY,4,val
TCGA-B6-A0X0,4,val
TCGA-B6-A0X1,4,val
TCGA-B6-A0X4,4,val
TCGA-B8-4143,4,val
TCGA-B8-4146,4,val
TCGA-B8-5159,4,val
TCGA-B8-5164,4,val
TCGA-B8-5550,4,val
TCGA-B8-A8YJ,4,val
TCGA-B9-A5W9,4,val
TCGA-BA-5151,4,val
TCGA-BA-5153,4,val
TCGA-BA-5557,4,val
TCGA-BA-5558,4,val
TCGA-BA-7269,4,val
TCGA-BA-A6D8,4,val
TCGA-BA-A6DJ,4,val
TCGA-BA-A8YP,4,val
TCGA-BB-7861,4,val
TCGA-BB-7862,4,val
TCGA-BB-7872,4,val
TCGA-BB-A6UM,4,val
TCGA-BF-A1PV,4,val
TCGA-BF-AAOU,4,val
TCGA-BF-AAOX,4,val
TCGA-BF-AAP1,4,val
TCGA-BG-A0M3,4,val
TCGA-BG-A0M4,4,val
TCGA-BG-A0M7,4,val
TCGA-BG-A0YU,4,val
TCGA-BG-A186,4,val
TCGA-BG-A220,4,val
TCGA-BG-A222,4,val
TCGA-BG-A3EW,4,val
TCGA-BH-A0AZ,4,val
TCGA-BH-A0BG,4,val
TCGA-BH-A0BP,4,val
TCGA-BH-A0BV,4,val
TCGA-BH-A0BW,4,val
TCGA-BH-A0BZ,4,val
TCGA-BH-A0C0,4,val
TCGA-BH-A0DG,4,val
TCGA-BH-A0DH,4,val
TCGA-BH-A0DT,4,val
TCGA-BH-A0E0,4,val
TCGA-BH-A0HU,4,val
TCGA-BH-A0HW,4,val
TCGA-BH-A201,4,val
TCGA-BH-A28Q,4,val
TCGA-BH-A42T,4,val
TCGA-BH-A42U,4,val
TCGA-BH-A42V,4,val
TCGA-BH-A5IZ,4,val
TCGA-BI-A20A,4,val
TCGA-BJ-A0ZG,4,val
TCGA-BJ-A0ZH,4,val
TCGA-BJ-A0ZJ,4,val
TCGA-BJ-A28V,4,val
TCGA-BJ-A290,4,val
TCGA-BJ-A2N9,4,val
TCGA-BJ-A3EZ,4,val
TCGA-BJ-A3F0,4,val
TCGA-BJ-A45E,4,val
TCGA-BJ-A45H,4,val
TCGA-BK-A13C,4,val
TCGA-BK-A4ZD,4,val
TCGA-BK-A6W4,4,val
TCGA-BL-A3JM,4,val
TCGA-BL-A5ZZ,4,val
TCGA-BP-4159,4,val
TCGA-BP-4160,4,val
TCGA-BP-4163,4,val
TCGA-BP-4169,4,val
TCGA-BP-4329,4,val
TCGA-BP-4338,4,val
TCGA-BP-4342,4,val
TCGA-BP-4346,4,val
TCGA-BP-4758,4,val
TCGA-BP-4765,4,val
TCGA-BP-4782,4,val
TCGA-BP-4960,4,val
TCGA-BP-4961,4,val
TCGA-BP-4962,4,val
TCGA-BP-4969,4,val
TCGA-BP-4972,4,val
TCGA-BP-4983,4,val
TCGA-BP-4994,4,val
TCGA-BP-4998,4,val
TCGA-BP-4999,4,val
TCGA-BP-5004,4,val
TCGA-BP-5177,4,val
TCGA-BP-5185,4,val
TCGA-BP-5187,4,val
TCGA-BP-5200,4,val
TCGA-BR-6455,4,val
TCGA-BR-6563,4,val
TCGA-BR-6705,4,val
TCGA-BR-6709,4,val
TCGA-BR-6802,4,val
TCGA-BR-7196,4,val
TCGA-BR-7717,4,val
TCGA-BR-7722,4,val
TCGA-BR-7723,4,val
TCGA-BR-7958,4,val
TCGA-BR-7959,4,val
TCGA-BR-8059,4,val
TCGA-BR-8060,4,val
TCGA-BR-8077,4,val
TCGA-BR-8362,4,val
TCGA-BR-8363,4,val
TCGA-BR-8365,4,val
TCGA-BR-8483,4,val
TCGA-BR-8486,4,val
TCGA-BR-8487,4,val
TCGA-BR-8676,4,val
TCGA-BR-A44T,4,val
TCGA-BR-A4J1,4,val
TCGA-BR-A4J6,4,val
TCGA-BS-A0TJ,4,val
TCGA-BS-A0UL,4,val
TCGA-BS-A0UM,4,val
TCGA-BS-A0UT,4,val
TCGA-BT-A20R,4,val
TCGA-BT-A42C,4,val
TCGA-C4-A0F0,4,val
TCGA-C5-A1M9,4,val
TCGA-C5-A2LS,4,val
TCGA-C5-A7CG,4,val
TCGA-C5-A7CO,4,val
TCGA-C5-A7X8,4,val
TCGA-C5-A7XC,4,val
TCGA-C5-A8ZZ,4,val
TCGA-C5-A907,4,val
TCGA-C8-A12K,4,val
TCGA-C8-A12U,4,val
TCGA-C8-A12V,4,val
TCGA-C8-A12Z,4,val
TCGA-C8-A131,4,val
TCGA-C8-A1HK,4,val
TCGA-C8-A1HM,4,val
TCGA-C8-A26V,4,val
TCGA-C8-A26Y,4,val
TCGA-C8-A275,4,val
TCGA-C8-A278,4,val
TCGA-C8-A27A,4,val
TCGA-C8-A8HP,4,val
TCGA-C8-A8HR,4,val
TCGA-C9-A47Z,4,val
TCGA-CC-5258,4,val
TCGA-CC-A3MB,4,val
TCGA-CC-A3MC,4,val
TCGA-CC-A7II,4,val
TCGA-CC-A7IK,4,val
TCGA-CD-5801,4,val
TCGA-CD-5803,4,val
TCGA-CD-8527,4,val
TCGA-CD-8530,4,val
TCGA-CD-8536,4,val
TCGA-CD-A48A,4,val
TCGA-CD-A4MG,4,val
TCGA-CD-A4MI,4,val
TCGA-CE-A481,4,val
TCGA-CE-A483,4,val
TCGA-CF-A3MH,4,val
TCGA-CF-A47X,4,val
TCGA-CF-A47Y,4,val
TCGA-CG-4441,4,val
TCGA-CG-4476,4,val
TCGA-CH-5739,4,val
TCGA-CH-5745,4,val
TCGA-CH-5748,4,val
TCGA-CJ-4635,4,val
TCGA-CJ-4641,4,val
TCGA-CJ-4882,4,val
TCGA-CJ-4888,4,val
TCGA-CJ-4890,4,val
TCGA-CJ-4912,4,val
TCGA-CJ-4913,4,val
TCGA-CJ-4923,4,val
TCGA-CJ-6027,4,val
TCGA-CJ-6031,4,val
TCGA-CK-4948,4,val
TCGA-CM-5864,4,val
TCGA-CM-6680,4,val
TCGA-CN-4728,4,val
TCGA-CN-4729,4,val
TCGA-CN-5356,4,val
TCGA-CN-5361,4,val
TCGA-CN-5364,4,val
TCGA-CN-5369,4,val
TCGA-CN-6020,4,val
TCGA-CN-A63U,4,val
TCGA-CQ-5329,4,val
TCGA-CQ-5331,4,val
TCGA-CQ-6220,4,val
TCGA-CQ-6224,4,val
TCGA-CQ-6228,4,val
TCGA-CQ-7071,4,val
TCGA-CQ-A4CD,4,val
TCGA-CS-4941,4,val
TCGA-CS-5394,4,val
TCGA-CS-6186,4,val
TCGA-CU-A5W6,4,val
TCGA-CV-5439,4,val
TCGA-CV-6934,4,val
TCGA-CV-6962,4,val
TCGA-CV-7180,4,val
TCGA-CV-7238,4,val
TCGA-CV-7245,4,val
TCGA-CV-7250,4,val
TCGA-CV-7263,4,val
TCGA-CV-7423,4,val
TCGA-CV-7425,4,val
TCGA-CV-7446,4,val
TCGA-CV-7568,4,val
TCGA-CV-A45U,4,val
TCGA-CV-A461,4,val
TCGA-CV-A463,4,val
TCGA-CV-A465,4,val
TCGA-CV-A468,4,val
TCGA-CV-A6JM,4,val
TCGA-CV-A6JO,4,val
TCGA-CX-7219,4,val
TCGA-CZ-4860,4,val
TCGA-CZ-4864,4,val
TCGA-CZ-4865,4,val
TCGA-CZ-5455,4,val
TCGA-CZ-5458,4,val
TCGA-CZ-5467,4,val
TCGA-CZ-5982,4,val
TCGA-CZ-5984,4,val
TCGA-D1-A0ZS,4,val
TCGA-D1-A15Z,4,val
TCGA-D1-A165,4,val
TCGA-D1-A16N,4,val
TCGA-D1-A16S,4,val
TCGA-D1-A16X,4,val
TCGA-D1-A16Y,4,val
TCGA-D1-A175,4,val
TCGA-D1-A17A,4,val
TCGA-D1-A17B,4,val
TCGA-D1-A17F,4,val
TCGA-D1-A17M,4,val
TCGA-D1-A17N,4,val
TCGA-D1-A17R,4,val
TCGA-D1-A17S,4,val
TCGA-D1-A1NZ,4,val
TCGA-D1-A1O8,4,val
TCGA-D1-A2G0,4,val
TCGA-D5-6898,4,val
TCGA-D5-6929,4,val
TCGA-D5-6931,4,val
TCGA-D5-6932,4,val
TCGA-D6-8569,4,val
TCGA-D6-A6EM,4,val
TCGA-D6-A6ES,4,val
TCGA-D7-5577,4,val
TCGA-D7-5578,4,val
TCGA-D7-6527,4,val
TCGA-D7-6818,4,val
TCGA-D7-8572,4,val
TCGA-D7-8573,4,val
TCGA-D7-8579,4,val
TCGA-D8-A140,4,val
TCGA-D8-A143,4,val
TCGA-D8-A147,4,val
TCGA-D8-A1JL,4,val
TCGA-D8-A1X5,4,val
TCGA-D8-A1X6,4,val
TCGA-D8-A1XU,4,val
TCGA-D8-A1XY,4,val
TCGA-D8-A1XZ,4,val
TCGA-DB-5275,4,val
TCGA-DB-A4XA,4,val
TCGA-DB-A4XE,4,val
TCGA-DB-A4XF,4,val
TCGA-DB-A64L,4,val
TCGA-DB-A64X,4,val
TCGA-DB-A75L,4,val
TCGA-DB-A75P,4,val
TCGA-DC-4745,4,val
TCGA-DC-6683,4,val
TCGA-DD-A1EE,4,val
TCGA-DD-A1EL,4,val
TCGA-DD-A4NH,4,val
TCGA-DD-A73E,4,val
TCGA-DD-AAC9,4,val
TCGA-DD-AACA,4,val
TCGA-DD-AACH,4,val
TCGA-DD-AACJ,4,val
TCGA-DD-AACL,4,val
TCGA-DD-AACV,4,val
TCGA-DD-AACX,4,val
TCGA-DD-AAD5,4,val
TCGA-DD-AADD,4,val
TCGA-DD-AADE,4,val
TCGA-DD-AADG,4,val
TCGA-DD-AADJ,4,val
TCGA-DD-AADP,4,val
TCGA-DD-AADU,4,val
TCGA-DD-AADW,4,val
TCGA-DD-AAE9,4,val
TCGA-DD-AAEI,4,val
TCGA-DD-AAVS,4,val
TCGA-DD-AAVV,4,val
TCGA-DD-AAVZ,4,val
TCGA-DE-A0Y2,4,val
TCGA-DE-A4M9,4,val
TCGA-DE-A4MA,4,val
TCGA-DE-A69J,4,val
TCGA-DE-A69K,4,val
TCGA-DE-A7U5,4,val
TCGA-DF-A2KU,4,val
TCGA-DF-A2KZ,4,val
TCGA-DF-A2L0,4,val
TCGA-DG-A2KK,4,val
TCGA-DH-5142,4,val
TCGA-DH-5143,4,val
TCGA-DH-5144,4,val
TCGA-DH-A66D,4,val
TCGA-DI-A2QT,4,val
TCGA-DI-A2QU,4,val
TCGA-DJ-A13M,4,val
TCGA-DJ-A13W,4,val
TCGA-DJ-A13X,4,val
TCGA-DJ-A1QN,4,val
TCGA-DJ-A1QO,4,val
TCGA-DJ-A2PO,4,val
TCGA-DJ-A2PP,4,val
TCGA-DJ-A2PX,4,val
TCGA-DJ-A2Q0,4,val
TCGA-DJ-A2Q1,4,val
TCGA-DJ-A2Q3,4,val
TCGA-DJ-A2Q4,4,val
TCGA-DJ-A2Q5,4,val
TCGA-DJ-A2Q6,4,val
TCGA-DJ-A2Q8,4,val
TCGA-DJ-A3UO,4,val
TCGA-DJ-A3UQ,4,val
TCGA-DJ-A3UT,4,val
TCGA-DJ-A3UV,4,val
TCGA-DJ-A3V0,4,val
TCGA-DJ-A3V3,4,val
TCGA-DJ-A3V4,4,val
TCGA-DJ-A4V4,4,val
TCGA-DJ-A4V5,4,val
TCGA-DK-A1A7,4,val
TCGA-DK-A1AB,4,val
TCGA-DK-A2I6,4,val
TCGA-DK-A3IK,4,val
TCGA-DK-A3X2,4,val
TCGA-DK-A6AW,4,val
TCGA-DK-A6B0,4,val
TCGA-DM-A0X9,4,val
TCGA-DM-A0XF,4,val
TCGA-DM-A1D6,4,val
TCGA-DM-A1D9,4,val
TCGA-DQ-5630,4,val
TCGA-DQ-7589,4,val
TCGA-DQ-7590,4,val
TCGA-DQ-7594,4,val
TCGA-DR-A0ZL,4,val
TCGA-DR-A0ZM,4,val
TCGA-DU-5854,4,val
TCGA-DU-6399,4,val
TCGA-DU-6400,4,val
TCGA-DU-6402,4,val
TCGA-DU-6408,4,val
TCGA-DU-7008,4,val
TCGA-DU-7011,4,val
TCGA-DU-7012,4,val
TCGA-DU-7018,4,val
TCGA-DU-7299,4,val
TCGA-DU-7304,4,val
TCGA-DU-7306,4,val
TCGA-DU-A6S7,4,val
TCGA-DU-A76R,4,val
TCGA-DU-A7TD,4,val
TCGA-DV-5565,4,val
TCGA-DV-A4VZ,4,val
TCGA-DW-7841,4,val
TCGA-DX-A1KX,4,val
TCGA-DX-A1KZ,4,val
TCGA-DX-A23T,4,val
TCGA-DX-A3LT,4,val
TCGA-DX-A3U9,4,val
TCGA-DX-A48P,4,val
TCGA-DX-A6B7,4,val
TCGA-DX-A7EI,4,val
TCGA-DX-A7EL,4,val
TCGA-DX-A7EU,4,val
TCGA-DX-A8BJ,4,val
TCGA-DX-A8BS,4,val
TCGA-DX-A8BU,4,val
TCGA-DX-A8BX,4,val
TCGA-DX-AB2H,4,val
TCGA-DX-AB2L,4,val
TCGA-DX-AB2T,4,val
TCGA-DX-AB2X,4,val
TCGA-DX-AB3C,4,val
TCGA-E1-A7YW,4,val
TCGA-E1-A7Z2,4,val
TCGA-E2-A105,4,val
TCGA-E2-A10B,4,val
TCGA-E2-A14U,4,val
TCGA-E2-A14V,4,val
TCGA-E2-A15K,4,val
TCGA-E2-A15R,4,val
TCGA-E2-A15S,4,val
TCGA-E2-A1BD,4,val
TCGA-E2-A1IN,4,val
TCGA-E2-A1IO,4,val
TCGA-E2-A1L6,4,val
TCGA-E2-A573,4,val
TCGA-E3-A3DY,4,val
TCGA-E3-A3E5,4,val
TCGA-E7-A3X6,4,val
TCGA-E7-A3Y1,4,val
TCGA-E7-A4XJ,4,val
TCGA-E7-A5KF,4,val
TCGA-E7-A7PW,4,val
TCGA-E8-A415,4,val
TCGA-E8-A419,4,val
TCGA-E8-A436,4,val
TCGA-E8-A44K,4,val
TCGA-E9-A1N9,4,val
TCGA-E9-A1NE,4,val
TCGA-E9-A1NF,4,val
TCGA-E9-A1QZ,4,val
TCGA-E9-A1RH,4,val
TCGA-E9-A1RI,4,val
TCGA-E9-A228,4,val
TCGA-E9-A229,4,val
TCGA-E9-A247,4,val
TCGA-EA-A3QD,4,val
TCGA-EA-A3Y4,4,val
TCGA-EA-A50E,4,val
TCGA-EA-A556,4,val
TCGA-EA-A5ZE,4,val
TCGA-EB-A24D,4,val
TCGA-EB-A3XC,4,val
TCGA-EB-A3XE,4,val
TCGA-EB-A3Y7,4,val
TCGA-EB-A430,4,val
TCGA-EB-A44N,4,val
TCGA-EB-A4XL,4,val
TCGA-EB-A85I,4,val
TCGA-EB-A85J,4,val
TCGA-EC-A24G,4,val
TCGA-ED-A66Y,4,val
TCGA-ED-A7XO,4,val
TCGA-ED-A7XP,4,val
TCGA-EF-5830,4,val
TCGA-EI-6883,4,val
TCGA-EI-6917,4,val
TCGA-EJ-5496,4,val
TCGA-EJ-5498,4,val
TCGA-EJ-5499,4,val
TCGA-EJ-5503,4,val
TCGA-EJ-5506,4,val
TCGA-EJ-5515,4,val
TCGA-EJ-5521,4,val
TCGA-EJ-5526,4,val
TCGA-EJ-5527,4,val
TCGA-EJ-7123,4,val
TCGA-EJ-7314,4,val
TCGA-EJ-7783,4,val
TCGA-EL-A3CV,4,val
TCGA-EL-A3ZP,4,val
TCGA-EL-A3ZR,4,val
TCGA-EL-A4JV,4,val
TCGA-EL-A4K0,4,val
TCGA-EM-A22I,4,val
TCGA-EM-A22J,4,val
TCGA-EM-A22K,4,val
TCGA-EM-A22L,4,val
TCGA-EM-A2CQ,4,val
TCGA-EM-A2CR,4,val
TCGA-EM-A2CS,4,val
TCGA-EM-A2P3,4,val
TCGA-EM-A3AQ,4,val
TCGA-EM-A3FM,4,val
TCGA-EM-A3OB,4,val
TCGA-EM-A3SU,4,val
TCGA-EM-A3SY,4,val
TCGA-EM-A3SZ,4,val
TCGA-EM-A4G1,4,val
TCGA-EO-A22U,4,val
TCGA-EO-A2CH,4,val
TCGA-EO-A3B0,4,val
TCGA-EO-A3L0,4,val
TCGA-EP-A26S,4,val
TCGA-EP-A2KC,4,val
TCGA-EQ-5647,4,val
TCGA-ET-A25O,4,val
TCGA-ET-A3BW,4,val
TCGA-ET-A3DO,4,val
TCGA-ET-A3DP,4,val
TCGA-EV-5903,4,val
TCGA-EW-A1IW,4,val
TCGA-EW-A1J3,4,val
TCGA-EW-A1OW,4,val
TCGA-EW-A1PE,4,val
TCGA-EW-A1PG,4,val
TCGA-EW-A6SA,4,val
TCGA-EW-A6SB,4,val
TCGA-EW-A6SC,4,val
TCGA-EX-A1H5,4,val
TCGA-EX-A1H6,4,val
TCGA-EX-A69M,4,val
TCGA-EY-A1GE,4,val
TCGA-EY-A1GR,4,val
TCGA-EY-A1H0,4,val
TCGA-EZ-7264,4,val
TCGA-F1-6874,4,val
TCGA-F2-6879,4,val
TCGA-F2-A44H,4,val
TCGA-F4-6463,4,val
TCGA-F4-6807,4,val
TCGA-F4-6854,4,val
TCGA-F5-6571,4,val
TCGA-F6-A8O4,4,val
TCGA-F7-A61V,4,val
TCGA-F7-A61W,4,val
TCGA-F9-A4JJ,4,val
TCGA-FC-7708,4,val
TCGA-FC-A5OB,4,val
TCGA-FC-A66V,4,val
TCGA-FD-A3B6,4,val
TCGA-FD-A43U,4,val
TCGA-FD-A43Y,4,val
TCGA-FD-A5BR,4,val
TCGA-FD-A62P,4,val
TCGA-FD-A6TD,4,val
TCGA-FD-A6TE,4,val
TCGA-FD-A6TF,4,val
TCGA-FD-A6TI,4,val
TCGA-FD-A6TK,4,val
TCGA-FE-A230,4,val
TCGA-FE-A231,4,val
TCGA-FE-A232,4,val
TCGA-FE-A234,4,val
TCGA-FE-A238,4,val
TCGA-FE-A3PA,4,val
TCGA-FG-6690,4,val
TCGA-FG-A4MY,4,val
TCGA-FG-A60K,4,val
TCGA-FG-A6IZ,4,val
TCGA-FG-A6J3,4,val
TCGA-FG-A711,4,val
TCGA-FI-A2D4,4,val
TCGA-FI-A2EW,4,val
TCGA-FJ-A3ZE,4,val
TCGA-FP-8209,4,val
TCGA-FP-A8CX,4,val
TCGA-FR-A2OS,4,val
TCGA-FU-A23K,4,val
TCGA-FU-A3NI,4,val
TCGA-FU-A3TX,4,val
TCGA-FV-A495,4,val
TCGA-FY-A3I4,4,val
TCGA-FY-A3R8,4,val
TCGA-FY-A3RA,4,val
TCGA-FY-A3W9,4,val
TCGA-FZ-5920,4,val
TCGA-FZ-5923,4,val
TCGA-FZ-5924,4,val
TCGA-G2-A3VY,4,val
TCGA-G2-AA3F,4,val
TCGA-G3-A25T,4,val
TCGA-G3-A25Z,4,val
TCGA-G3-A3CI,4,val
TCGA-G3-A5SM,4,val
TCGA-G3-A7M5,4,val
TCGA-G4-6320,4,val
TCGA-G4-6626,4,val
TCGA-G4-6627,4,val
TCGA-G5-6641,4,val
TCGA-G7-A8LD,4,val
TCGA-G9-6343,4,val
TCGA-G9-6351,4,val
TCGA-G9-6362,4,val
TCGA-G9-6499,4,val
TCGA-GC-A3BM,4,val
TCGA-GC-A6I1,4,val
TCGA-GD-A3OP,4,val
TCGA-GD-A3OQ,4,val
TCGA-GF-A769,4,val
TCGA-GJ-A3OU,4,val
TCGA-GJ-A9DB,4,val
TCGA-GM-A2DK,4,val
TCGA-GN-A269,4,val
TCGA-GU-A763,4,val
TCGA-GU-A764,4,val
TCGA-GU-A767,4,val
TCGA-GU-AATP,4,val
TCGA-GV-A3JV,4,val
TCGA-GV-A40G,4,val
TCGA-GV-A6ZA,4,val
TCGA-H7-A6C5,4,val
TCGA-H9-7775,4,val
TCGA-H9-A6BX,4,val
TCGA-HC-7075,4,val
TCGA-HC-7077,4,val
TCGA-HC-7745,4,val
TCGA-HC-7747,4,val
TCGA-HC-7817,4,val
TCGA-HC-7818,4,val
TCGA-HC-8213,4,val
TCGA-HC-A6AL,4,val
TCGA-HC-A6AS,4,val
TCGA-HC-A8D1,4,val
TCGA-HC-A9TE,4,val
TCGA-HD-A4C1,4,val
TCGA-HE-7128,4,val
TCGA-HE-7130,4,val
TCGA-HE-A5NH,4,val
TCGA-HE-A5NJ,4,val
TCGA-HE-A5NK,4,val
TCGA-HE-A5NL,4,val
TCGA-HF-7134,4,val
TCGA-HG-A2PA,4,val
TCGA-HI-7169,4,val
TCGA-HI-7171,4,val
TCGA-HJ-7597,4,val
TCGA-HL-7533,4,val
TCGA-HM-A4S6,4,val
TCGA-HM-A6W2,4,val
TCGA-HP-A5MZ,4,val
TCGA-HT-7468,4,val
TCGA-HT-7472,4,val
TCGA-HT-7473,4,val
TCGA-HT-7476,4,val
TCGA-HT-7481,4,val
TCGA-HT-7485,4,val
TCGA-HT-7616,4,val
TCGA-HT-7695,4,val
TCGA-HT-7855,4,val
TCGA-HT-7875,4,val
TCGA-HT-7902,4,val
TCGA-HT-8012,4,val
TCGA-HT-8015,4,val
TCGA-HT-8106,4,val
TCGA-HT-8114,4,val
TCGA-HT-8564,4,val
TCGA-HT-A5R9,4,val
TCGA-HT-A619,4,val
TCGA-HT-A74L,4,val
TCGA-HU-A4G2,4,val
TCGA-HU-A4G3,4,val
TCGA-HU-A4G8,4,val
TCGA-HU-A4GD,4,val
TCGA-HU-A4GP,4,val
TCGA-HU-A4H0,4,val
TCGA-HV-A5A3,4,val
TCGA-HW-7491,4,val
TCGA-HW-8319,4,val
TCGA-HZ-7289,4,val
TCGA-HZ-7920,4,val
TCGA-HZ-7922,4,val
TCGA-HZ-7923,4,val
TCGA-HZ-7925,4,val
TCGA-HZ-A49G,4,val
TCGA-HZ-A77Q,4,val
TCGA-IA-A40U,4,val
TCGA-IB-7654,4,val
TCGA-IB-7897,4,val
TCGA-IB-A5ST,4,val
TCGA-IB-AAUP,4,val
TCGA-IB-AAUQ,4,val
TCGA-IB-AAUR,4,val
TCGA-IB-AAUU,4,val
TCGA-IE-A4EJ,4,val
TCGA-IG-A5B8,4,val
TCGA-IG-A5S3,4,val
TCGA-IG-A8O2,4,val
TCGA-IK-8125,4,val
TCGA-IM-A41Y,4,val
TCGA-IM-A420,4,val
TCGA-IP-7968,4,val
TCGA-IR-A3L7,4,val
TCGA-IR-A3LH,4,val
TCGA-IW-A3M4,4,val
TCGA-IZ-A6M8,4,val
TCGA-J2-8194,4,val
TCGA-J4-A67N,4,val
TCGA-J4-A6M7,4,val
TCGA-J4-A83J,4,val
TCGA-J4-A83M,4,val
TCGA-J4-AATV,4,val
TCGA-J8-A3O0,4,val
TCGA-J8-A3O2,4,val
TCGA-J8-A3YD,4,val
TCGA-J8-A4HY,4,val
TCGA-JV-A5VE,4,val
TCGA-JV-A5VF,4,val
TCGA-JW-A5VH,4,val
TCGA-JX-A3PZ,4,val
TCGA-JX-A3Q0,4,val
TCGA-K1-A42W,4,val
TCGA-K1-A42X,4,val
TCGA-K4-A3WS,4,val
TCGA-K4-A5RH,4,val
TCGA-K4-A6FZ,4,val
TCGA-K7-A5RG,4,val
TCGA-KB-A6F7,4,val
TCGA-KD-A5QS,4,val
TCGA-KL-8344,4,val
TCGA-KN-8418,4,val
TCGA-KN-8419,4,val
TCGA-KN-8421,4,val
TCGA-KN-8422,4,val
TCGA-KN-8424,4,val
TCGA-KN-8428,4,val
TCGA-KN-8431,4,val
TCGA-KO-8403,4,val
TCGA-KO-8406,4,val
TCGA-KO-8414,4,val
TCGA-KO-8416,4,val
TCGA-KS-A41L,4,val
TCGA-KS-A4IB,4,val
TCGA-KU-A66T,4,val
TCGA-L3-A524,4,val
TCGA-LB-A8F3,4,val
TCGA-LD-A66U,4,val
TCGA-LI-A67I,4,val
TCGA-LK-A4NZ,4,val
TCGA-LL-A50Y,4,val
TCGA-LL-A5YP,4,val
TCGA-LL-A9Q3,4,val
TCGA-LN-A49W,4,val
TCGA-LN-A4A8,4,val
TCGA-LN-A4A9,4,val
TCGA-LN-A4MR,4,val
TCGA-LN-A9FP,4,val
TCGA-LN-A9FQ,4,val
TCGA-LN-A9FR,4,val
TCGA-LP-A7HU,4,val
TCGA-M8-A5N4,4,val
TCGA-M9-A5M8,4,val
TCGA-MB-A5Y8,4,val
TCGA-MI-A75G,4,val
TCGA-MO-A47P,4,val
TCGA-MO-A47R,4,val
TCGA-MP-A4TA,4,val
TCGA-MQ-A6BL,4,val
TCGA-MT-A7BN,4,val
TCGA-MX-A663,4,val
TCGA-N1-A6IA,4,val
TCGA-NC-A5HK,4,val
TCGA-NC-A5HM,4,val
TCGA-NH-A5IV,4,val
TCGA-NH-A6GC,4,val
TCGA-NI-A8LF,4,val
TCGA-NK-A5D1,4,val
TCGA-NP-A5GZ,4,val
TCGA-NP-A5H5,4,val
TCGA-NP-A5H6,4,val
TCGA-OE-A75W,4,val
TCGA-OL-A5D6,4,val
TCGA-OL-A5D8,4,val
TCGA-OL-A97C,4,val
TCGA-OR-A5JB,4,val
TCGA-OR-A5JD,4,val
TCGA-OR-A5JE,4,val
TCGA-OR-A5JL,4,val
TCGA-OR-A5K3,4,val
TCGA-OR-A5K5,4,val
TCGA-OR-A5LT,4,val
TCGA-P3-A5Q5,4,val
TCGA-P3-A5QA,4,val
TCGA-P3-A5QF,4,val
TCGA-P3-A6T4,4,val
TCGA-P3-A6T5,4,val
TCGA-P5-A72U,4,val
TCGA-P5-A780,4,val
TCGA-P5-A781,4,val
TCGA-P8-A5KD,4,val
TCGA-PA-A5YG,4,val
TCGA-PC-A5DM,4,val
TCGA-PE-A5DC,4,val
TCGA-PQ-A6FI,4,val
TCGA-Q1-A6DV,4,val
TCGA-Q1-A73R,4,val
TCGA-Q2-A5QZ,4,val
TCGA-Q9-A6FU,4,val
TCGA-QC-A6FX,4,val
TCGA-QH-A65Z,4,val
TCGA-QH-A6X5,4,val
TCGA-QK-A6IH,4,val
TCGA-QK-A8Z9,4,val
TCGA-QR-A6GR,4,val
TCGA-QR-A6GT,4,val
TCGA-QR-A6H3,4,val
TCGA-QR-A70A,4,val
TCGA-QR-A70I,4,val
TCGA-QR-A70U,4,val
TCGA-QT-A5XJ,4,val
TCGA-QT-A5XP,4,val
TCGA-QU-A6IN,4,val
TCGA-R5-A7ZI,4,val
TCGA-R8-A6MK,4,val
TCGA-RD-A8N5,4,val
TCGA-RW-A686,4,val
TCGA-RW-A689,4,val
TCGA-RW-A7CZ,4,val
TCGA-RW-A8AZ,4,val
TCGA-RY-A83Y,4,val
TCGA-S2-AA1A,4,val
TCGA-S3-A6ZG,4,val
TCGA-S3-AA10,4,val
TCGA-S3-AA11,4,val
TCGA-S6-A8JW,4,val
TCGA-S7-A7WP,4,val
TCGA-S7-A7WU,4,val
TCGA-S7-A7WW,4,val
TCGA-S8-A6BW,4,val
TCGA-S9-A6TS,4,val
TCGA-S9-A6TW,4,val
TCGA-S9-A6U1,4,val
TCGA-S9-A6U2,4,val
TCGA-S9-A6WG,4,val
TCGA-S9-A6WM,4,val
TCGA-S9-A7QX,4,val
TCGA-S9-A7R1,4,val
TCGA-S9-A89Z,4,val
TCGA-SB-A6J6,4,val
TCGA-SC-A6LM,4,val
TCGA-SG-A6Z7,4,val
TCGA-SH-A7BC,4,val
TCGA-SN-A84Y,4,val
TCGA-SP-A6QC,4,val
TCGA-SP-A6QD,4,val
TCGA-SR-A6MP,4,val
TCGA-SR-A6MR,4,val
TCGA-SR-A6MV,4,val
TCGA-SR-A6MY,4,val
TCGA-SX-A7SL,4,val
TCGA-SX-A7SM,4,val
TCGA-SX-A7SN,4,val
TCGA-T2-A6X0,4,val
TCGA-TQ-A7RJ,4,val
TCGA-TQ-A7RS,4,val
TCGA-TS-A7OU,4,val
TCGA-TS-A7P3,4,val
TCGA-TS-A7P8,4,val
TCGA-TS-A7PB,4,val
TCGA-TT-A6YN,4,val
TCGA-UB-A7MA,4,val
TCGA-UB-A7MB,4,val
TCGA-UB-A7MF,4,val
TCGA-UD-AABY,4,val
TCGA-UF-A71E,4,val
TCGA-UF-A7J9,4,val
TCGA-US-A779,4,val
TCGA-UW-A72K,4,val
TCGA-UW-A72L,4,val
TCGA-UY-A8OC,4,val
TCGA-UY-A8OD,4,val
TCGA-UY-A9PD,4,val
TCGA-UZ-A9PO,4,val
TCGA-UZ-A9Q0,4,val
TCGA-V1-A8MM,4,val
TCGA-V1-A8MU,4,val
TCGA-V1-A9Z8,4,val
TCGA-V3-A9ZX,4,val
TCGA-V4-A9E7,4,val
TCGA-V4-A9E8,4,val
TCGA-V4-A9EJ,4,val
TCGA-V4-A9F2,4,val
TCGA-V4-A9F3,4,val
TCGA-V5-AASW,4,val
TCGA-VD-A8K7,4,val
TCGA-VD-A8K8,4,val
TCGA-VD-A8K9,4,val
TCGA-VD-A8KE,4,val
TCGA-VD-A8KG,4,val
TCGA-VD-A8KJ,4,val
TCGA-VD-A8KK,4,val
TCGA-VF-A8A8,4,val
TCGA-VF-A8A9,4,val
TCGA-VF-A8AA,4,val
TCGA-VM-A8C8,4,val
TCGA-VM-A8CF,4,val
TCGA-VM-A8CH,4,val
TCGA-VP-A872,4,val
TCGA-VP-A875,4,val
TCGA-VP-A878,4,val
TCGA-VP-A879,4,val
TCGA-VQ-A8DL,4,val
TCGA-VQ-A8DV,4,val
TCGA-VQ-A8E0,4,val
TCGA-VQ-A8E3,4,val
TCGA-VQ-A8E7,4,val
TCGA-VQ-A8P8,4,val
TCGA-VQ-A8PC,4,val
TCGA-VQ-A8PS,4,val
TCGA-VQ-A91A,4,val
TCGA-VQ-A91U,4,val
TCGA-VQ-A91V,4,val
TCGA-VQ-A91W,4,val
TCGA-VQ-A922,4,val
TCGA-VQ-A928,4,val
TCGA-VQ-A94P,4,val
TCGA-VR-A8EP,4,val
TCGA-VR-A8EZ,4,val
TCGA-VS-A8QA,4,val
TCGA-VS-A94Y,4,val
TCGA-VS-A953,4,val
TCGA-VS-A9U7,4,val
TCGA-VS-A9UC,4,val
TCGA-VS-A9UD,4,val
TCGA-VS-A9UR,4,val
TCGA-VS-A9V2,4,val
TCGA-VS-A9V4,4,val
TCGA-VV-A86M,4,val
TCGA-W2-A7HH,4,val
TCGA-W2-A7UY,4,val
TCGA-W4-A7U4,4,val
TCGA-W8-A86G,4,val
TCGA-WB-A80K,4,val
TCGA-WB-A81E,4,val
TCGA-WB-A81H,4,val
TCGA-WB-A81R,4,val
TCGA-WB-A81V,4,val
TCGA-WB-A820,4,val
TCGA-WC-A87U,4,val
TCGA-WC-A87W,4,val
TCGA-WK-A8XT,4,val
TCGA-WK-A8XX,4,val
TCGA-WS-AB45,4,val
TCGA-WW-A8ZI,4,val
TCGA-WY-A85A,4,val
TCGA-X4-A8KS,4,val
TCGA-X7-A8DF,4,val
TCGA-X7-A8M3,4,val
TCGA-XD-AAUG,4,val
TCGA-XD-AAUH,4,val
TCGA-XE-AAO6,4,val
TCGA-XE-AAOD,4,val
TCGA-XE-AAOF,4,val
TCGA-XF-A8HF,4,val
TCGA-XF-A8HG,4,val
TCGA-XF-A8HH,4,val
TCGA-XF-A9SH,4,val
TCGA-XF-A9SJ,4,val
TCGA-XF-A9SM,4,val
TCGA-XF-A9SX,4,val
TCGA-XF-AAMY,4,val
TCGA-XF-AAN1,4,val
TCGA-XF-AAN3,4,val
TCGA-XF-AAN8,4,val
TCGA-XJ-A83F,4,val
TCGA-XR-A8TC,4,val
TCGA-XR-A8TG,4,val
TCGA-XU-A92U,4,val
TCGA-XU-A92W,4,val
TCGA-XU-A936,4,val
TCGA-XU-AAXV,4,val
TCGA-XV-A9VZ,4,val
TCGA-Y8-A895,4,val
TCGA-Y8-A896,4,val
TCGA-Y8-A8S0,4,val
TCGA-YF-AA3M,4,val
TCGA-YG-AA3N,4,val
TCGA-YL-A8SH,4,val
TCGA-YL-A8SL,4,val
TCGA-YL-A8SO,4,val
TCGA-YL-A9WI,4,val
TCGA-YL-A9WK,4,val
TCGA-YS-A95B,4,val
TCGA-YS-AA4M,4,val
TCGA-YU-AA61,4,val
TCGA-Z4-AAPF,4,val
TCGA-ZB-A963,4,val
TCGA-ZB-A966,4,val
TCGA-ZB-A969,4,val
TCGA-ZB-A96C,4,val
TCGA-ZB-A96K,4,val
TCGA-ZB-A96V,4,val
TCGA-ZC-AAAA,4,val
TCGA-ZF-A9R9,4,val
TCGA-ZF-A9RE,4,val
TCGA-ZF-AA4W,4,val
TCGA-ZF-AA4X,4,val
TCGA-ZF-AA51,4,val
TCGA-ZJ-AAX4,4,val
TCGA-ZJ-AAXN,4,val
TCGA-ZP-A9D0,4,val
TCGA-ZS-A9CE,4,val
TCGA-02-0016,5,train
TCGA-02-0026,5,train
TCGA-02-0033,5,train
TCGA-02-0070,5,train
TCGA-05-4249,5,train
TCGA-05-4396,5,train
TCGA-05-4397,5,train
TCGA-05-4398,5,train
TCGA-05-4402,5,train
TCGA-05-4403,5,train
TCGA-05-4405,5,train
TCGA-05-4415,5,train
TCGA-05-4417,5,train
TCGA-05-4420,5,train
TCGA-05-4426,5,train
TCGA-05-4427,5,train
TCGA-05-4430,5,train
TCGA-05-4432,5,train
TCGA-05-4433,5,train
TCGA-05-4434,5,train
TCGA-06-0122,5,train
TCGA-06-0124,5,train
TCGA-06-0125,5,train
TCGA-06-0126,5,train
TCGA-06-0128,5,train
TCGA-06-0129,5,train
TCGA-06-0130,5,train
TCGA-06-0138,5,train
TCGA-06-0139,5,train
TCGA-06-0154,5,train
TCGA-06-0156,5,train
TCGA-06-0158,5,train
TCGA-06-0168,5,train
TCGA-06-0169,5,train
TCGA-06-0171,5,train
TCGA-06-0174,5,train
TCGA-06-0176,5,train
TCGA-06-0178,5,train
TCGA-06-0184,5,train
TCGA-06-0185,5,train
TCGA-06-0188,5,train
TCGA-06-0192,5,train
TCGA-06-0197,5,train
TCGA-06-0211,5,train
TCGA-06-0216,5,train
TCGA-06-0221,5,train
TCGA-06-0238,5,train
TCGA-06-0241,5,train
TCGA-06-0645,5,train
TCGA-06-0646,5,train
TCGA-06-0649,5,train
TCGA-06-0686,5,train
TCGA-06-0743,5,train
TCGA-06-0745,5,train
TCGA-06-0747,5,train
TCGA-06-0750,5,train
TCGA-06-0876,5,train
TCGA-06-0877,5,train
TCGA-06-0878,5,train
TCGA-06-1084,5,train
TCGA-06-1087,5,train
TCGA-06-1800,5,train
TCGA-06-1801,5,train
TCGA-06-1802,5,train
TCGA-06-1805,5,train
TCGA-06-5408,5,train
TCGA-06-5410,5,train
TCGA-06-5411,5,train
TCGA-06-5412,5,train
TCGA-06-5414,5,train
TCGA-06-5415,5,train
TCGA-06-5416,5,train
TCGA-06-5417,5,train
TCGA-06-5418,5,train
TCGA-06-5856,5,train
TCGA-06-5859,5,train
TCGA-06-6388,5,train
TCGA-06-6389,5,train
TCGA-06-6390,5,train
TCGA-06-6391,5,train
TCGA-12-0616,5,train
TCGA-12-0618,5,train
TCGA-12-0619,5,train
TCGA-12-0688,5,train
TCGA-12-0707,5,train
TCGA-12-0820,5,train
TCGA-12-0821,5,train
TCGA-12-0827,5,train
TCGA-12-0829,5,train
TCGA-12-1088,5,train
TCGA-12-1089,5,train
TCGA-12-1095,5,train
TCGA-12-1599,5,train
TCGA-12-1600,5,train
TCGA-12-3646,5,train
TCGA-12-3649,5,train
TCGA-12-3650,5,train
TCGA-12-3651,5,train
TCGA-12-3653,5,train
TCGA-13-A5FT,5,train
TCGA-13-A5FU,5,train
TCGA-14-0789,5,train
TCGA-14-0813,5,train
TCGA-14-0817,5,train
TCGA-14-0867,5,train
TCGA-14-0871,5,train
TCGA-14-1034,5,train
TCGA-14-1037,5,train
TCGA-14-1455,5,train
TCGA-14-1459,5,train
TCGA-14-1794,5,train
TCGA-14-1795,5,train
TCGA-14-1821,5,train
TCGA-14-1825,5,train
TCGA-15-1446,5,train
TCGA-19-1390,5,train
TCGA-19-1787,5,train
TCGA-19-1788,5,train
TCGA-19-1790,5,train
TCGA-19-1791,5,train
TCGA-19-2620,5,train
TCGA-19-2621,5,train
TCGA-19-2623,5,train
TCGA-19-2624,5,train
TCGA-19-2625,5,train
TCGA-19-2631,5,train
TCGA-19-4065,5,train
TCGA-19-4068,5,train
TCGA-19-5950,5,train
TCGA-19-5951,5,train
TCGA-19-5953,5,train
TCGA-19-5954,5,train
TCGA-19-5955,5,train
TCGA-19-5956,5,train
TCGA-19-5959,5,train
TCGA-19-5960,5,train
TCGA-19-A60I,5,train
TCGA-19-A6J5,5,train
TCGA-21-1081,5,train
TCGA-21-1082,5,train
TCGA-21-5783,5,train
TCGA-21-5784,5,train
TCGA-21-5787,5,train
TCGA-21-A5DI,5,train
TCGA-23-1029,5,train
TCGA-23-1109,5,train
TCGA-23-1110,5,train
TCGA-23-1114,5,train
TCGA-23-1118,5,train
TCGA-23-1119,5,train
TCGA-23-1121,5,train
TCGA-23-1122,5,train
TCGA-23-1809,5,train
TCGA-23-2072,5,train
TCGA-23-2078,5,train
TCGA-23-2079,5,train
TCGA-23-2081,5,train
TCGA-23-2084,5,train
TCGA-23-2641,5,train
TCGA-25-1313,5,train
TCGA-25-1315,5,train
TCGA-25-1317,5,train
TCGA-25-1319,5,train
TCGA-25-1321,5,train
TCGA-25-1322,5,train
TCGA-25-1623,5,train
TCGA-25-1626,5,train
TCGA-25-1628,5,train
TCGA-25-1631,5,train
TCGA-25-1632,5,train
TCGA-25-1635,5,train
TCGA-25-1870,5,train
TCGA-25-1871,5,train
TCGA-25-1877,5,train
TCGA-25-2390,5,train
TCGA-25-2391,5,train
TCGA-25-2392,5,train
TCGA-25-2396,5,train
TCGA-25-2398,5,train
TCGA-25-2401,5,train
TCGA-25-2404,5,train
TCGA-25-2408,5,train
TCGA-26-1439,5,train
TCGA-26-1440,5,train
TCGA-26-1443,5,train
TCGA-26-1799,5,train
TCGA-26-5132,5,train
TCGA-26-5133,5,train
TCGA-26-5134,5,train
TCGA-26-5135,5,train
TCGA-26-5136,5,train
TCGA-26-5139,5,train
TCGA-26-6173,5,train
TCGA-26-6174,5,train
TCGA-27-1830,5,train
TCGA-27-1831,5,train
TCGA-27-1832,5,train
TCGA-27-1833,5,train
TCGA-27-1834,5,train
TCGA-27-1835,5,train
TCGA-27-1836,5,train
TCGA-27-1838,5,train
TCGA-27-2518,5,train
TCGA-27-2523,5,train
TCGA-27-2524,5,train
TCGA-27-2526,5,train
TCGA-27-2527,5,train
TCGA-27-2528,5,train
TCGA-28-1745,5,train
TCGA-28-1746,5,train
TCGA-28-1750,5,train
TCGA-28-1751,5,train
TCGA-28-1752,5,train
TCGA-28-1757,5,train
TCGA-28-1760,5,train
TCGA-2A-A8VL,5,train
TCGA-2A-A8VT,5,train
TCGA-2A-A8VV,5,train
TCGA-2A-A8VX,5,train
TCGA-2A-A8W1,5,train
TCGA-2A-A8W3,5,train
TCGA-2A-AAYO,5,train
TCGA-2A-AAYU,5,train
TCGA-2E-A9G8,5,train
TCGA-2F-A9KO,5,train
TCGA-2F-A9KP,5,train
TCGA-2F-A9KR,5,train
TCGA-2F-A9KT,5,train
TCGA-2F-A9KW,5,train
TCGA-2G-AAF4,5,train
TCGA-2G-AAF6,5,train
TCGA-2G-AAF8,5,train
TCGA-2G-AAFG,5,train
TCGA-2G-AAFH,5,train
TCGA-2G-AAFI,5,train
TCGA-2G-AAFJ,5,train
TCGA-2G-AAFN,5,train
TCGA-2G-AAFO,5,train
TCGA-2G-AAFY,5,train
TCGA-2G-AAG0,5,train
TCGA-2G-AAG3,5,train
TCGA-2G-AAG5,5,train
TCGA-2G-AAG7,5,train
TCGA-2G-AAG8,5,train
TCGA-2G-AAG9,5,train
TCGA-2G-AAGA,5,train
TCGA-2G-AAGC,5,train
TCGA-2G-AAGE,5,train
TCGA-2G-AAGF,5,train
TCGA-2G-AAGJ,5,train
TCGA-2G-AAGK,5,train
TCGA-2G-AAGM,5,train
TCGA-2G-AAGN,5,train
TCGA-2G-AAGO,5,train
TCGA-2G-AAGS,5,train
TCGA-2G-AAGT,5,train
TCGA-2G-AAGV,5,train
TCGA-2G-AAGX,5,train
TCGA-2G-AAGY,5,train
TCGA-2G-AAGZ,5,train
TCGA-2G-AAH0,5,train
TCGA-2G-AAH3,5,train
TCGA-2G-AAH4,5,train
TCGA-2G-AAH8,5,train
TCGA-2G-AAHA,5,train
TCGA-2G-AAHC,5,train
TCGA-2G-AAHG,5,train
TCGA-2G-AAHL,5,train
TCGA-2G-AAHN,5,train
TCGA-2G-AAHT,5,train
TCGA-2G-AAKD,5,train
TCGA-2G-AAKG,5,train
TCGA-2G-AAKH,5,train
TCGA-2G-AAKL,5,train
TCGA-2G-AAKM,5,train
TCGA-2G-AAKO,5,train
TCGA-2G-AAL5,5,train
TCGA-2G-AAL7,5,train
TCGA-2G-AALF,5,train
TCGA-2G-AALG,5,train
TCGA-2G-AALO,5,train
TCGA-2G-AALP,5,train
TCGA-2G-AALQ,5,train
TCGA-2G-AALR,5,train
TCGA-2G-AALS,5,train
TCGA-2G-AALW,5,train
TCGA-2G-AALY,5,train
TCGA-2G-AALZ,5,train
TCGA-2G-AAM3,5,train
TCGA-2G-AAM4,5,train
TCGA-2J-AAB1,5,train
TCGA-2J-AAB4,5,train
TCGA-2J-AAB6,5,train
TCGA-2J-AAB9,5,train
TCGA-2J-AABE,5,train
TCGA-2J-AABF,5,train
TCGA-2J-AABH,5,train
TCGA-2J-AABI,5,train
TCGA-2J-AABK,5,train
TCGA-2J-AABO,5,train
TCGA-2J-AABP,5,train
TCGA-2J-AABR,5,train
TCGA-2J-AABT,5,train
TCGA-2K-A9WE,5,train
TCGA-2L-AAQA,5,train
TCGA-2L-AAQE,5,train
TCGA-2L-AAQI,5,train
TCGA-2L-AAQL,5,train
TCGA-2L-AAQM,5,train
TCGA-2W-A8YY,5,train
TCGA-2X-A9D5,5,train
TCGA-2Y-A9GS,5,train
TCGA-2Y-A9GT,5,train
TCGA-2Y-A9GV,5,train
TCGA-2Y-A9GW,5,train
TCGA-2Y-A9GX,5,train
TCGA-2Y-A9GY,5,train
TCGA-2Y-A9GZ,5,train
TCGA-2Y-A9H0,5,train
TCGA-2Y-A9H3,5,train
TCGA-2Y-A9H4,5,train
TCGA-2Y-A9H6,5,train
TCGA-2Y-A9H8,5,train
TCGA-2Y-A9HB,5,train
TCGA-2Z-A9J1,5,train
TCGA-2Z-A9J3,5,train
TCGA-2Z-A9J6,5,train
TCGA-2Z-A9J7,5,train
TCGA-2Z-A9J9,5,train
TCGA-2Z-A9JD,5,train
TCGA-2Z-A9JG,5,train
TCGA-2Z-A9JI,5,train
TCGA-2Z-A9JJ,5,train
TCGA-2Z-A9JK,5,train
TCGA-2Z-A9JL,5,train
TCGA-2Z-A9JM,5,train
TCGA-2Z-A9JN,5,train
TCGA-2Z-A9JO,5,train
TCGA-2Z-A9JP,5,train
TCGA-2Z-A9JQ,5,train
TCGA-2Z-A9JR,5,train
TCGA-2Z-A9JT,5,train
TCGA-33-A4WN,5,train
TCGA-34-5232,5,train
TCGA-34-5240,5,train
TCGA-34-5241,5,train
TCGA-34-5928,5,train
TCGA-34-7107,5,train
TCGA-34-8454,5,train
TCGA-34-8455,5,train
TCGA-34-A5IX,5,train
TCGA-35-3615,5,train
TCGA-35-4122,5,train
TCGA-35-4123,5,train
TCGA-35-5375,5,train
TCGA-37-3783,5,train
TCGA-37-3789,5,train
TCGA-37-3792,5,train
TCGA-37-4129,5,train
TCGA-37-4132,5,train
TCGA-37-4133,5,train
TCGA-37-4135,5,train
TCGA-37-4141,5,train
TCGA-37-A5EL,5,train
TCGA-37-A5EM,5,train
TCGA-37-A5EN,5,train
TCGA-38-6178,5,train
TCGA-38-A44F,5,train
TCGA-3A-A9I5,5,train
TCGA-3A-A9I7,5,train
TCGA-3A-A9I9,5,train
TCGA-3A-A9IB,5,train
TCGA-3A-A9IH,5,train
TCGA-3A-A9IJ,5,train
TCGA-3A-A9IL,5,train
TCGA-3A-A9IN,5,train
TCGA-3A-A9IO,5,train
TCGA-3A-A9IS,5,train
TCGA-3A-A9IU,5,train
TCGA-3A-A9IV,5,train
TCGA-3A-A9IX,5,train
TCGA-3A-A9IZ,5,train
TCGA-3A-A9J0,5,train
TCGA-3B-A9HI,5,train
TCGA-3B-A9HJ,5,train
TCGA-3B-A9HL,5,train
TCGA-3B-A9HO,5,train
TCGA-3B-A9HQ,5,train
TCGA-3B-A9HR,5,train
TCGA-3B-A9HS,5,train
TCGA-3B-A9HT,5,train
TCGA-3B-A9HU,5,train
TCGA-3B-A9HV,5,train
TCGA-3B-A9HX,5,train
TCGA-3B-A9HY,5,train
TCGA-3B-A9HZ,5,train
TCGA-3B-A9I0,5,train
TCGA-3B-A9I1,5,train
TCGA-3B-A9I3,5,train
TCGA-3C-AALI,5,train
TCGA-3C-AALK,5,train
TCGA-3E-AAAY,5,train
TCGA-3H-AB3M,5,train
TCGA-3H-AB3S,5,train
TCGA-3L-AA1B,5,train
TCGA-3M-AB46,5,train
TCGA-3M-AB47,5,train
TCGA-3P-A9WA,5,train
TCGA-3Q-A9WF,5,train
TCGA-3R-A8YX,5,train
TCGA-3S-A8YW,5,train
TCGA-3T-AA9L,5,train
TCGA-3U-A98D,5,train
TCGA-3U-A98E,5,train
TCGA-3U-A98F,5,train
TCGA-3U-A98G,5,train
TCGA-3U-A98I,5,train
TCGA-3Z-A93Z,5,train
TCGA-41-2571,5,train
TCGA-41-2572,5,train
TCGA-41-2573,5,train
TCGA-41-3392,5,train
TCGA-41-3393,5,train
TCGA-41-3915,5,train
TCGA-41-4097,5,train
TCGA-42-2582,5,train
TCGA-42-2587,5,train
TCGA-42-2588,5,train
TCGA-42-2589,5,train
TCGA-42-2590,5,train
TCGA-42-2591,5,train
TCGA-42-2593,5,train
TCGA-43-3394,5,train
TCGA-43-3920,5,train
TCGA-43-5668,5,train
TCGA-43-5670,5,train
TCGA-43-6143,5,train
TCGA-43-6770,5,train
TCGA-43-6771,5,train
TCGA-43-6773,5,train
TCGA-43-7657,5,train
TCGA-43-7658,5,train
TCGA-43-A56U,5,train
TCGA-43-A56V,5,train
TCGA-44-2655,5,train
TCGA-44-2661,5,train
TCGA-44-2665,5,train
TCGA-44-3398,5,train
TCGA-44-3919,5,train
TCGA-44-4112,5,train
TCGA-44-5643,5,train
TCGA-44-6144,5,train
TCGA-44-6145,5,train
TCGA-44-6146,5,train
TCGA-44-6148,5,train
TCGA-44-6774,5,train
TCGA-44-6776,5,train
TCGA-44-6777,5,train
TCGA-44-6778,5,train
TCGA-44-7670,5,train
TCGA-44-A47F,5,train
TCGA-46-3765,5,train
TCGA-46-6026,5,train
TCGA-49-4487,5,train
TCGA-49-4507,5,train
TCGA-49-6743,5,train
TCGA-4A-A93X,5,train
TCGA-4B-A93V,5,train
TCGA-4C-A93U,5,train
TCGA-4E-A92E,5,train
TCGA-4H-AAAK,5,train
TCGA-4K-AA1G,5,train
TCGA-4K-AA1H,5,train
TCGA-4K-AA1I,5,train
TCGA-4K-AAAL,5,train
TCGA-4N-A93T,5,train
TCGA-4P-AA8J,5,train
TCGA-4R-AA8I,5,train
TCGA-4V-A9QI,5,train
TCGA-4V-A9QJ,5,train
TCGA-4V-A9QM,5,train
TCGA-4V-A9QN,5,train
TCGA-4V-A9QQ,5,train
TCGA-4V-A9QR,5,train
TCGA-4V-A9QS,5,train
TCGA-4V-A9QT,5,train
TCGA-4V-A9QU,5,train
TCGA-4V-A9QW,5,train
TCGA-4V-A9QX,5,train
TCGA-4W-AA9S,5,train
TCGA-4W-AA9T,5,train
TCGA-4X-A9FA,5,train
TCGA-4X-A9FB,5,train
TCGA-4X-A9FC,5,train
TCGA-4X-A9FD,5,train
TCGA-4Z-AA7M,5,train
TCGA-4Z-AA7N,5,train
TCGA-4Z-AA7O,5,train
TCGA-4Z-AA7Q,5,train
TCGA-4Z-AA7R,5,train
TCGA-4Z-AA7S,5,train
TCGA-4Z-AA7Y,5,train
TCGA-4Z-AA80,5,train
TCGA-4Z-AA81,5,train
TCGA-4Z-AA83,5,train
TCGA-4Z-AA84,5,train
TCGA-4Z-AA87,5,train
TCGA-4Z-AA89,5,train
TCGA-50-5044,5,train
TCGA-50-5045,5,train
TCGA-50-5066,5,train
TCGA-50-5068,5,train
TCGA-50-5931,5,train
TCGA-50-5939,5,train
TCGA-50-5946,5,train
TCGA-50-6590,5,train
TCGA-52-7809,5,train
TCGA-52-7810,5,train
TCGA-52-7812,5,train
TCGA-53-7626,5,train
TCGA-53-A4EZ,5,train
TCGA-55-5899,5,train
TCGA-55-6712,5,train
TCGA-55-6969,5,train
TCGA-55-6979,5,train
TCGA-55-6987,5,train
TCGA-55-7284,5,train
TCGA-55-7570,5,train
TCGA-55-7573,5,train
TCGA-55-7576,5,train
TCGA-55-8085,5,train
TCGA-55-8089,5,train
TCGA-55-8203,5,train
TCGA-55-8204,5,train
TCGA-55-8208,5,train
TCGA-55-8301,5,train
TCGA-55-8505,5,train
TCGA-55-8507,5,train
TCGA-55-8510,5,train
TCGA-55-8614,5,train
TCGA-55-8616,5,train
TCGA-55-A48X,5,train
TCGA-55-A48Y,5,train
TCGA-55-A492,5,train
TCGA-55-A4DF,5,train
TCGA-56-5897,5,train
TCGA-56-5898,5,train
TCGA-56-6545,5,train
TCGA-56-6546,5,train
TCGA-56-7221,5,train
TCGA-56-7222,5,train
TCGA-56-7579,5,train
TCGA-56-7582,5,train
TCGA-56-7731,5,train
TCGA-56-7822,5,train
TCGA-56-7823,5,train
TCGA-56-8082,5,train
TCGA-56-8083,5,train
TCGA-56-8201,5,train
TCGA-56-8304,5,train
TCGA-56-8307,5,train
TCGA-56-8308,5,train
TCGA-56-8309,5,train
TCGA-56-8503,5,train
TCGA-56-8622,5,train
TCGA-56-8623,5,train
TCGA-56-8624,5,train
TCGA-56-8625,5,train
TCGA-56-8626,5,train
TCGA-56-8628,5,train
TCGA-56-8629,5,train
TCGA-56-A49D,5,train
TCGA-56-A4BX,5,train
TCGA-56-A4BY,5,train
TCGA-56-A4ZJ,5,train
TCGA-56-A5DS,5,train
TCGA-58-A46J,5,train
TCGA-58-A46K,5,train
TCGA-58-A46L,5,train
TCGA-58-A46M,5,train
TCGA-58-A46N,5,train
TCGA-5B-A90C,5,train
TCGA-5C-A9VG,5,train
TCGA-5C-A9VH,5,train
TCGA-5C-AAPD,5,train
TCGA-5G-A9ZZ,5,train
TCGA-5K-AAAP,5,train
TCGA-5L-AAT0,5,train
TCGA-5M-AAT6,5,train
TCGA-5M-AATE,5,train
TCGA-5N-A9KI,5,train
TCGA-5N-A9KM,5,train
TCGA-5P-A9JU,5,train
TCGA-5P-A9JW,5,train
TCGA-5P-A9JY,5,train
TCGA-5P-A9K0,5,train
TCGA-5P-A9K4,5,train
TCGA-5P-A9K6,5,train
TCGA-5P-A9K8,5,train
TCGA-5P-A9K9,5,train
TCGA-5P-A9KC,5,train
TCGA-5P-A9KE,5,train
TCGA-5P-A9KF,5,train
TCGA-5P-A9KH,5,train
TCGA-5R-AA1C,5,train
TCGA-5R-AA1D,5,train
TCGA-5R-AAAM,5,train
TCGA-5S-A9Q8,5,train
TCGA-5T-A9QA,5,train
TCGA-5U-AB0E,5,train
TCGA-5U-AB0F,5,train
TCGA-5X-AA5U,5,train
TCGA-62-A46P,5,train
TCGA-62-A470,5,train
TCGA-63-5128,5,train
TCGA-63-7020,5,train
TCGA-63-7022,5,train
TCGA-63-7023,5,train
TCGA-63-A5M9,5,train
TCGA-63-A5MI,5,train
TCGA-63-A5ML,5,train
TCGA-63-A5MS,5,train
TCGA-63-A5MT,5,train
TCGA-63-A5MU,5,train
TCGA-63-A5MV,5,train
TCGA-63-A5MW,5,train
TCGA-63-A5MY,5,train
TCGA-64-1678,5,train
TCGA-64-1679,5,train
TCGA-64-5774,5,train
TCGA-64-5775,5,train
TCGA-64-5778,5,train
TCGA-64-5779,5,train
TCGA-64-5781,5,train
TCGA-64-5815,5,train
TCGA-67-3771,5,train
TCGA-67-6216,5,train
TCGA-67-6217,5,train
TCGA-68-7755,5,train
TCGA-68-7756,5,train
TCGA-68-7757,5,train
TCGA-68-8250,5,train
TCGA-68-8251,5,train
TCGA-68-A59J,5,train
TCGA-69-7978,5,train
TCGA-69-7979,5,train
TCGA-69-8453,5,train
TCGA-6A-AB49,5,train
TCGA-6D-AA2E,5,train
TCGA-70-6722,5,train
TCGA-70-6723,5,train
TCGA-71-6725,5,train
TCGA-73-4670,5,train
TCGA-73-7499,5,train
TCGA-73-A9RS,5,train
TCGA-75-5125,5,train
TCGA-75-5126,5,train
TCGA-75-5146,5,train
TCGA-75-5147,5,train
TCGA-75-6205,5,train
TCGA-75-6212,5,train
TCGA-75-7030,5,train
TCGA-77-6842,5,train
TCGA-77-6843,5,train
TCGA-77-6844,5,train
TCGA-77-6845,5,train
TCGA-77-7138,5,train
TCGA-77-7139,5,train
TCGA-77-7463,5,train
TCGA-77-7465,5,train
TCGA-77-8128,5,train
TCGA-77-8130,5,train
TCGA-77-8131,5,train
TCGA-77-8133,5,train
TCGA-77-8136,5,train
TCGA-77-8138,5,train
TCGA-77-8139,5,train
TCGA-77-8140,5,train
TCGA-77-8143,5,train
TCGA-77-8144,5,train
TCGA-77-8145,5,train
TCGA-77-8146,5,train
TCGA-77-8148,5,train
TCGA-77-8154,5,train
TCGA-77-A5G1,5,train
TCGA-77-A5G6,5,train
TCGA-77-A5G8,5,train
TCGA-77-A5GA,5,train
TCGA-77-A5GH,5,train
TCGA-78-7146,5,train
TCGA-78-7148,5,train
TCGA-78-7149,5,train
TCGA-78-7150,5,train
TCGA-78-7152,5,train
TCGA-78-7155,5,train
TCGA-78-7156,5,train
TCGA-78-7158,5,train
TCGA-78-7161,5,train
TCGA-78-8640,5,train
TCGA-78-8660,5,train
TCGA-79-5596,5,train
TCGA-80-5608,5,train
TCGA-81-5910,5,train
TCGA-83-5908,5,train
TCGA-85-6175,5,train
TCGA-85-6560,5,train
TCGA-85-6561,5,train
TCGA-85-6798,5,train
TCGA-85-7696,5,train
TCGA-85-7697,5,train
TCGA-85-7698,5,train
TCGA-85-7699,5,train
TCGA-85-7710,5,train
TCGA-85-7843,5,train
TCGA-85-7844,5,train
TCGA-85-7950,5,train
TCGA-85-8048,5,train
TCGA-85-8070,5,train
TCGA-85-8276,5,train
TCGA-85-8277,5,train
TCGA-85-8288,5,train
TCGA-85-8351,5,train
TCGA-85-8353,5,train
TCGA-85-8355,5,train
TCGA-85-8479,5,train
TCGA-85-8481,5,train
TCGA-85-8580,5,train
TCGA-85-8582,5,train
TCGA-85-8664,5,train
TCGA-85-8666,5,train
TCGA-85-A4CL,5,train
TCGA-85-A4JB,5,train
TCGA-85-A4JC,5,train
TCGA-85-A4QQ,5,train
TCGA-85-A4QR,5,train
TCGA-85-A50M,5,train
TCGA-85-A50Z,5,train
TCGA-85-A512,5,train
TCGA-85-A513,5,train
TCGA-85-A5B5,5,train
TCGA-86-6851,5,train
TCGA-86-7701,5,train
TCGA-86-7711,5,train
TCGA-86-7953,5,train
TCGA-86-7954,5,train
TCGA-86-7955,5,train
TCGA-86-8055,5,train
TCGA-86-8073,5,train
TCGA-86-8278,5,train
TCGA-86-8585,5,train
TCGA-86-8669,5,train
TCGA-86-8671,5,train
TCGA-86-8673,5,train
TCGA-86-8674,5,train
TCGA-86-A456,5,train
TCGA-86-A4D0,5,train
TCGA-86-A4JF,5,train
TCGA-86-A4P7,5,train
TCGA-86-A4P8,5,train
TCGA-87-5896,5,train
TCGA-90-7964,5,train
TCGA-90-A59Q,5,train
TCGA-91-A4BC,5,train
TCGA-92-7340,5,train
TCGA-92-7341,5,train
TCGA-92-8063,5,train
TCGA-92-8064,5,train
TCGA-92-8065,5,train
TCGA-93-A4JN,5,train
TCGA-93-A4JQ,5,train
TCGA-94-7033,5,train
TCGA-94-7557,5,train
TCGA-94-8035,5,train
TCGA-94-8490,5,train
TCGA-94-8491,5,train
TCGA-94-A4VJ,5,train
TCGA-94-A5I4,5,train
TCGA-94-A5I6,5,train
TCGA-95-A4VK,5,train
TCGA-95-A4VP,5,train
TCGA-96-7545,5,train
TCGA-96-8169,5,train
TCGA-96-8170,5,train
TCGA-96-A4JK,5,train
TCGA-97-7552,5,train
TCGA-97-7937,5,train
TCGA-97-8172,5,train
TCGA-97-8179,5,train
TCGA-97-A4LX,5,train
TCGA-97-A4M3,5,train
TCGA-98-8020,5,train
TCGA-98-8022,5,train
TCGA-98-8023,5,train
TCGA-98-A538,5,train
TCGA-98-A53C,5,train
TCGA-98-A53I,5,train
TCGA-98-A53J,5,train
TCGA-99-7458,5,train
TCGA-A1-A0SE,5,train
TCGA-A1-A0SI,5,train
TCGA-A1-A0SK,5,train
TCGA-A1-A0SN,5,train
TCGA-A1-A0SP,5,train
TCGA-A2-A04Q,5,train
TCGA-A2-A04T,5,train
TCGA-A2-A04U,5,train
TCGA-A2-A04X,5,train
TCGA-A2-A04Y,5,train
TCGA-A2-A0CK,5,train
TCGA-A2-A0CL,5,train
TCGA-A2-A0CP,5,train
TCGA-A2-A0CQ,5,train
TCGA-A2-A0CR,5,train
TCGA-A2-A0CS,5,train
TCGA-A2-A0CT,5,train
TCGA-A2-A0CU,5,train
TCGA-A2-A0CW,5,train
TCGA-A2-A0CX,5,train
TCGA-A2-A0CY,5,train
TCGA-A2-A0CZ,5,train
TCGA-A2-A0D0,5,train
TCGA-A2-A0EM,5,train
TCGA-A2-A0EN,5,train
TCGA-A2-A0EO,5,train
TCGA-A2-A0EP,5,train
TCGA-A2-A0EQ,5,train
TCGA-A2-A0ER,5,train
TCGA-A2-A0ES,5,train
TCGA-A2-A0ET,5,train
TCGA-A2-A0EU,5,train
TCGA-A2-A0EV,5,train
TCGA-A2-A0EW,5,train
TCGA-A2-A0EX,5,train
TCGA-A2-A0ST,5,train
TCGA-A2-A0SW,5,train
TCGA-A2-A0SX,5,train
TCGA-A2-A0SY,5,train
TCGA-A2-A0T1,5,train
TCGA-A2-A0T2,5,train
TCGA-A2-A0T3,5,train
TCGA-A2-A0T4,5,train
TCGA-A2-A0T5,5,train
TCGA-A2-A0T6,5,train
TCGA-A2-A0YD,5,train
TCGA-A2-A0YE,5,train
TCGA-A2-A0YG,5,train
TCGA-A2-A0YH,5,train
TCGA-A2-A0YI,5,train
TCGA-A2-A0YJ,5,train
TCGA-A2-A0YK,5,train
TCGA-A2-A0YL,5,train
TCGA-A2-A0YM,5,train
TCGA-A2-A0YT,5,train
TCGA-A2-A1FW,5,train
TCGA-A2-A1FX,5,train
TCGA-A2-A1G0,5,train
TCGA-A2-A1G1,5,train
TCGA-A2-A1G4,5,train
TCGA-A2-A1G6,5,train
TCGA-A2-A259,5,train
TCGA-A2-A25B,5,train
TCGA-A2-A25D,5,train
TCGA-A2-A25F,5,train
TCGA-A2-A3KC,5,train
TCGA-A2-A3KD,5,train
TCGA-A2-A3XS,5,train
TCGA-A2-A3XT,5,train
TCGA-A2-A3XU,5,train
TCGA-A2-A3XV,5,train
TCGA-A2-A3XW,5,train
TCGA-A2-A3XY,5,train
TCGA-A2-A3XZ,5,train
TCGA-A2-A3Y0,5,train
TCGA-A2-A4RW,5,train
TCGA-A2-A4RX,5,train
TCGA-A2-A4S0,5,train
TCGA-A2-A4S1,5,train
TCGA-A2-A4S2,5,train
TCGA-A2-A4S3,5,train
TCGA-A3-3306,5,train
TCGA-A3-3311,5,train
TCGA-A3-3313,5,train
TCGA-A3-3316,5,train
TCGA-A3-3319,5,train
TCGA-A3-3320,5,train
TCGA-A3-3323,5,train
TCGA-A3-3325,5,train
TCGA-A3-3326,5,train
TCGA-A3-3328,5,train
TCGA-A3-3329,5,train
TCGA-A3-3331,5,train
TCGA-A3-3335,5,train
TCGA-A3-3336,5,train
TCGA-A3-3343,5,train
TCGA-A3-3346,5,train
TCGA-A3-3347,5,train
TCGA-A3-3349,5,train
TCGA-A3-3357,5,train
TCGA-A3-3358,5,train
TCGA-A3-3359,5,train
TCGA-A3-3365,5,train
TCGA-A3-3367,5,train
TCGA-A3-3373,5,train
TCGA-A3-3374,5,train
TCGA-A3-3376,5,train
TCGA-A3-3378,5,train
TCGA-A3-3380,5,train
TCGA-A3-3382,5,train
TCGA-A3-3383,5,train
TCGA-A3-3385,5,train
TCGA-A3-A6NJ,5,train
TCGA-A3-A6NL,5,train
TCGA-A3-A6NN,5,train
TCGA-A3-A8OU,5,train
TCGA-A3-A8OV,5,train
TCGA-A3-A8OW,5,train
TCGA-A4-7287,5,train
TCGA-A4-7584,5,train
TCGA-A4-7734,5,train
TCGA-A4-7915,5,train
TCGA-A4-8310,5,train
TCGA-A4-8516,5,train
TCGA-A4-8517,5,train
TCGA-A4-8518,5,train
TCGA-A4-8630,5,train
TCGA-A4-A48D,5,train
TCGA-A4-A4ZT,5,train
TCGA-A4-A57E,5,train
TCGA-A4-A5XZ,5,train
TCGA-A4-A772,5,train
TCGA-A4-A7UZ,5,train
TCGA-A5-A0G1,5,train
TCGA-A5-A0G2,5,train
TCGA-A5-A0G3,5,train
TCGA-A5-A0G5,5,train
TCGA-A5-A0G9,5,train
TCGA-A5-A0GA,5,train
TCGA-A5-A0GG,5,train
TCGA-A5-A0GH,5,train
TCGA-A5-A0GI,5,train
TCGA-A5-A0GJ,5,train
TCGA-A5-A0GM,5,train
TCGA-A5-A0GN,5,train
TCGA-A5-A0GQ,5,train
TCGA-A5-A0GR,5,train
TCGA-A5-A0GU,5,train
TCGA-A5-A0GX,5,train
TCGA-A5-A0R6,5,train
TCGA-A5-A0R8,5,train
TCGA-A5-A0VQ,5,train
TCGA-A5-A1OF,5,train
TCGA-A5-A1OK,5,train
TCGA-A5-A2K2,5,train
TCGA-A5-A2K4,5,train
TCGA-A5-A2K5,5,train
TCGA-A5-A2K7,5,train
TCGA-A5-A3LP,5,train
TCGA-A5-A7WJ,5,train
TCGA-A5-AB3J,5,train
TCGA-A6-2672,5,train
TCGA-A6-2675,5,train
TCGA-A6-2679,5,train
TCGA-A6-2682,5,train
TCGA-A6-2683,5,train
TCGA-A6-2685,5,train
TCGA-A6-4107,5,train
TCGA-A6-5660,5,train
TCGA-A6-5665,5,train
TCGA-A6-5666,5,train
TCGA-A6-6137,5,train
TCGA-A6-6140,5,train
TCGA-A6-6142,5,train
TCGA-A6-6648,5,train
TCGA-A6-6649,5,train
TCGA-A6-6651,5,train
TCGA-A6-6654,5,train
TCGA-A6-A565,5,train
TCGA-A6-A567,5,train
TCGA-A6-A56B,5,train
TCGA-A6-A5ZU,5,train
TCGA-A7-A0CD,5,train
TCGA-A7-A0CG,5,train
TCGA-A7-A0CH,5,train
TCGA-A7-A0CJ,5,train
TCGA-A7-A0DA,5,train
TCGA-A7-A0DB,5,train
TCGA-A7-A13D,5,train
TCGA-A7-A13E,5,train
TCGA-A7-A13G,5,train
TCGA-A7-A13H,5,train
TCGA-A7-A26F,5,train
TCGA-A7-A26G,5,train
TCGA-A7-A26I,5,train
TCGA-A7-A2KD,5,train
TCGA-A7-A3IZ,5,train
TCGA-A7-A3J0,5,train
TCGA-A7-A3J1,5,train
TCGA-A7-A3RF,5,train
TCGA-A7-A426,5,train
TCGA-A7-A4SB,5,train
TCGA-A7-A4SD,5,train
TCGA-A7-A4SE,5,train
TCGA-A7-A4SF,5,train
TCGA-A7-A5ZV,5,train
TCGA-A7-A5ZW,5,train
TCGA-A7-A5ZX,5,train
TCGA-A7-A6VX,5,train
TCGA-A7-A6VY,5,train
TCGA-A8-A06N,5,train
TCGA-A8-A06Q,5,train
TCGA-A8-A06R,5,train
TCGA-A8-A06T,5,train
TCGA-A8-A06U,5,train
TCGA-A8-A06Y,5,train
TCGA-A8-A06Z,5,train
TCGA-A8-A076,5,train
TCGA-A8-A079,5,train
TCGA-A8-A07B,5,train
TCGA-A8-A07C,5,train
TCGA-A8-A07E,5,train
TCGA-A8-A07F,5,train
TCGA-A8-A07G,5,train
TCGA-A8-A07I,5,train
TCGA-A8-A07J,5,train
TCGA-A8-A07L,5,train
TCGA-A8-A07O,5,train
TCGA-A8-A07P,5,train
TCGA-A8-A07R,5,train
TCGA-A8-A07U,5,train
TCGA-A8-A07W,5,train
TCGA-A8-A07Z,5,train
TCGA-A8-A084,5,train
TCGA-A8-A085,5,train
TCGA-A8-A086,5,train
TCGA-A8-A08B,5,train
TCGA-A8-A08C,5,train
TCGA-A8-A08F,5,train
TCGA-A8-A08G,5,train
TCGA-A8-A08I,5,train
TCGA-A8-A08J,5,train
TCGA-A8-A08O,5,train
TCGA-A8-A08P,5,train
TCGA-A8-A08R,5,train
TCGA-A8-A08S,5,train
TCGA-A8-A08T,5,train
TCGA-A8-A08X,5,train
TCGA-A8-A090,5,train
TCGA-A8-A093,5,train
TCGA-A8-A094,5,train
TCGA-A8-A095,5,train
TCGA-A8-A097,5,train
TCGA-A8-A099,5,train
TCGA-A8-A09A,5,train
TCGA-A8-A09B,5,train
TCGA-A8-A09C,5,train
TCGA-A8-A09G,5,train
TCGA-A8-A09M,5,train
TCGA-A8-A09N,5,train
TCGA-A8-A09T,5,train
TCGA-A8-A09X,5,train
TCGA-A8-A09Z,5,train
TCGA-A8-A0A1,5,train
TCGA-A8-A0A4,5,train
TCGA-A8-A0A9,5,train
TCGA-A8-A0AB,5,train
TCGA-AA-3514,5,train
TCGA-AA-3532,5,train
TCGA-AA-3542,5,train
TCGA-AA-3548,5,train
TCGA-AA-3549,5,train
TCGA-AA-3553,5,train
TCGA-AA-3555,5,train
TCGA-AA-3558,5,train
TCGA-AA-3560,5,train
TCGA-AA-3664,5,train
TCGA-AA-3666,5,train
TCGA-AA-3667,5,train
TCGA-AA-3673,5,train
TCGA-AA-3678,5,train
TCGA-AA-3679,5,train
TCGA-AA-3681,5,train
TCGA-AA-3685,5,train
TCGA-AA-3688,5,train
TCGA-AA-3692,5,train
TCGA-AA-3695,5,train
TCGA-AA-3811,5,train
TCGA-AA-3814,5,train
TCGA-AA-3815,5,train
TCGA-AA-3837,5,train
TCGA-AA-3841,5,train
TCGA-AA-3842,5,train
TCGA-AA-3845,5,train
TCGA-AA-3846,5,train
TCGA-AA-3848,5,train
TCGA-AA-3851,5,train
TCGA-AA-3852,5,train
TCGA-AA-3854,5,train
TCGA-AA-3858,5,train
TCGA-AA-3862,5,train
TCGA-AA-3864,5,train
TCGA-AA-3867,5,train
TCGA-AA-3875,5,train
TCGA-AA-3941,5,train
TCGA-AA-3947,5,train
TCGA-AA-3949,5,train
TCGA-AA-3955,5,train
TCGA-AA-3956,5,train
TCGA-AA-3966,5,train
TCGA-AA-3967,5,train
TCGA-AA-3968,5,train
TCGA-AA-3970,5,train
TCGA-AA-3971,5,train
TCGA-AA-3975,5,train
TCGA-AA-3976,5,train
TCGA-AA-3977,5,train
TCGA-AA-3980,5,train
TCGA-AA-3982,5,train
TCGA-AA-3986,5,train
TCGA-AA-3989,5,train
TCGA-AA-3994,5,train
TCGA-AA-A004,5,train
TCGA-AA-A00D,5,train
TCGA-AA-A00E,5,train
TCGA-AA-A00L,5,train
TCGA-AA-A00N,5,train
TCGA-AA-A00O,5,train
TCGA-AA-A00Q,5,train
TCGA-AA-A00W,5,train
TCGA-AA-A010,5,train
TCGA-AA-A01C,5,train
TCGA-AA-A01S,5,train
TCGA-AA-A01T,5,train
TCGA-AA-A01V,5,train
TCGA-AA-A024,5,train
TCGA-AA-A02R,5,train
TCGA-AA-A02Y,5,train
TCGA-AC-A23C,5,train
TCGA-AC-A2B8,5,train
TCGA-AC-A2QH,5,train
TCGA-AC-A2QI,5,train
TCGA-AC-A2QJ,5,train
TCGA-AC-A3BB,5,train
TCGA-AC-A3OD,5,train
TCGA-AC-A3QP,5,train
TCGA-AC-A3QQ,5,train
TCGA-AC-A3TM,5,train
TCGA-AC-A3W5,5,train
TCGA-AC-A3W7,5,train
TCGA-AC-A3YI,5,train
TCGA-AC-A4ZE,5,train
TCGA-AC-A5EH,5,train
TCGA-AC-A5EI,5,train
TCGA-AC-A5XS,5,train
TCGA-AC-A62V,5,train
TCGA-AC-A62Y,5,train
TCGA-AC-A6IV,5,train
TCGA-AC-A6IW,5,train
TCGA-AC-A6NO,5,train
TCGA-AC-A8OP,5,train
TCGA-AD-5900,5,train
TCGA-AD-6548,5,train
TCGA-AD-6888,5,train
TCGA-AD-6889,5,train
TCGA-AD-6895,5,train
TCGA-AD-6899,5,train
TCGA-AD-6901,5,train
TCGA-AD-A5EK,5,train
TCGA-AF-2687,5,train
TCGA-AF-2691,5,train
TCGA-AF-3400,5,train
TCGA-AF-3914,5,train
TCGA-AF-4110,5,train
TCGA-AF-5654,5,train
TCGA-AF-6136,5,train
TCGA-AF-6672,5,train
TCGA-AF-A56K,5,train
TCGA-AF-A56L,5,train
TCGA-AF-A56N,5,train
TCGA-AG-3574,5,train
TCGA-AG-3575,5,train
TCGA-AG-3578,5,train
TCGA-AG-3581,5,train
TCGA-AG-3582,5,train
TCGA-AG-3584,5,train
TCGA-AG-3586,5,train
TCGA-AG-3587,5,train
TCGA-AG-3594,5,train
TCGA-AG-3598,5,train
TCGA-AG-3599,5,train
TCGA-AG-3601,5,train
TCGA-AG-3602,5,train
TCGA-AG-3605,5,train
TCGA-AG-3608,5,train
TCGA-AG-3609,5,train
TCGA-AG-3726,5,train
TCGA-AG-3727,5,train
TCGA-AG-3728,5,train
TCGA-AG-3878,5,train
TCGA-AG-3882,5,train
TCGA-AG-3883,5,train
TCGA-AG-3885,5,train
TCGA-AG-3890,5,train
TCGA-AG-3892,5,train
TCGA-AG-3893,5,train
TCGA-AG-3894,5,train
TCGA-AG-3896,5,train
TCGA-AG-3898,5,train
TCGA-AG-3906,5,train
TCGA-AG-3909,5,train
TCGA-AG-3999,5,train
TCGA-AG-4005,5,train
TCGA-AG-4007,5,train
TCGA-AG-4008,5,train
TCGA-AG-4015,5,train
TCGA-AG-4021,5,train
TCGA-AG-A008,5,train
TCGA-AG-A011,5,train
TCGA-AG-A01J,5,train
TCGA-AG-A023,5,train
TCGA-AG-A02G,5,train
TCGA-AH-6544,5,train
TCGA-AH-6549,5,train
TCGA-AH-6644,5,train
TCGA-AH-6903,5,train
TCGA-AJ-A23M,5,train
TCGA-AJ-A23N,5,train
TCGA-AJ-A2QK,5,train
TCGA-AJ-A2QL,5,train
TCGA-AJ-A2QM,5,train
TCGA-AJ-A2QN,5,train
TCGA-AJ-A3BG,5,train
TCGA-AJ-A3BH,5,train
TCGA-AJ-A3BI,5,train
TCGA-AJ-A3EK,5,train
TCGA-AJ-A3I9,5,train
TCGA-AJ-A3IA,5,train
TCGA-AJ-A3NC,5,train
TCGA-AJ-A3NE,5,train
TCGA-AJ-A3NG,5,train
TCGA-AJ-A3OJ,5,train
TCGA-AJ-A3OK,5,train
TCGA-AJ-A3OL,5,train
TCGA-AJ-A3QS,5,train
TCGA-AJ-A5DW,5,train
TCGA-AJ-A6NU,5,train
TCGA-AJ-A8CW,5,train
TCGA-AK-3425,5,train
TCGA-AK-3427,5,train
TCGA-AK-3428,5,train
TCGA-AK-3429,5,train
TCGA-AK-3430,5,train
TCGA-AK-3431,5,train
TCGA-AK-3440,5,train
TCGA-AK-3443,5,train
TCGA-AK-3444,5,train
TCGA-AK-3450,5,train
TCGA-AK-3451,5,train
TCGA-AK-3455,5,train
TCGA-AK-3456,5,train
TCGA-AK-3458,5,train
TCGA-AK-3460,5,train
TCGA-AK-3461,5,train
TCGA-AK-3465,5,train
TCGA-AL-3468,5,train
TCGA-AL-3472,5,train
TCGA-AL-7173,5,train
TCGA-AL-A5DJ,5,train
TCGA-AM-5821,5,train
TCGA-AN-A03Y,5,train
TCGA-AN-A041,5,train
TCGA-AN-A0AJ,5,train
TCGA-AN-A0AM,5,train
TCGA-AN-A0AR,5,train
TCGA-AN-A0AS,5,train
TCGA-AN-A0FD,5,train
TCGA-AN-A0FF,5,train
TCGA-AN-A0FJ,5,train
TCGA-AN-A0FN,5,train
TCGA-AN-A0FS,5,train
TCGA-AN-A0FT,5,train
TCGA-AN-A0FW,5,train
TCGA-AN-A0FX,5,train
TCGA-AN-A0FY,5,train
TCGA-AN-A0FZ,5,train
TCGA-AN-A0G0,5,train
TCGA-AN-A0XL,5,train
TCGA-AN-A0XN,5,train
TCGA-AN-A0XS,5,train
TCGA-AN-A0XW,5,train
TCGA-AO-A03L,5,train
TCGA-AO-A03N,5,train
TCGA-AO-A03O,5,train
TCGA-AO-A03P,5,train
TCGA-AO-A03R,5,train
TCGA-AO-A03T,5,train
TCGA-AO-A03U,5,train
TCGA-AO-A03V,5,train
TCGA-AO-A0J2,5,train
TCGA-AO-A0J3,5,train
TCGA-AO-A0J4,5,train
TCGA-AO-A0J6,5,train
TCGA-AO-A0J9,5,train
TCGA-AO-A0JB,5,train
TCGA-AO-A0JC,5,train
TCGA-AO-A0JE,5,train
TCGA-AO-A0JF,5,train
TCGA-AO-A0JG,5,train
TCGA-AO-A0JI,5,train
TCGA-AO-A0JJ,5,train
TCGA-AO-A0JL,5,train
TCGA-AO-A0JM,5,train
TCGA-AO-A124,5,train
TCGA-AO-A125,5,train
TCGA-AO-A126,5,train
TCGA-AO-A128,5,train
TCGA-AO-A129,5,train
TCGA-AO-A12A,5,train
TCGA-AO-A12C,5,train
TCGA-AO-A12D,5,train
TCGA-AO-A12E,5,train
TCGA-AO-A1KO,5,train
TCGA-AO-A1KQ,5,train
TCGA-AO-A1KR,5,train
TCGA-AO-A1KT,5,train
TCGA-AP-A052,5,train
TCGA-AP-A053,5,train
TCGA-AP-A054,5,train
TCGA-AP-A056,5,train
TCGA-AP-A05A,5,train
TCGA-AP-A05D,5,train
TCGA-AP-A05H,5,train
TCGA-AP-A05J,5,train
TCGA-AP-A05N,5,train
TCGA-AP-A05O,5,train
TCGA-AP-A0L8,5,train
TCGA-AP-A0LD,5,train
TCGA-AP-A0LE,5,train
TCGA-AP-A0LG,5,train
TCGA-AP-A0LI,5,train
TCGA-AP-A0LJ,5,train
TCGA-AP-A0LL,5,train
TCGA-AP-A0LM,5,train
TCGA-AP-A0LN,5,train
TCGA-AP-A0LO,5,train
TCGA-AP-A0LP,5,train
TCGA-AP-A0LQ,5,train
TCGA-AP-A0LT,5,train
TCGA-AP-A0LV,5,train
TCGA-AP-A1DH,5,train
TCGA-AP-A1DM,5,train
TCGA-AP-A1DQ,5,train
TCGA-AP-A1DV,5,train
TCGA-AP-A1E0,5,train
TCGA-AP-A1E3,5,train
TCGA-AP-A1E4,5,train
TCGA-AP-A3K1,5,train
TCGA-AQ-A04J,5,train
TCGA-AQ-A0Y5,5,train
TCGA-AQ-A54N,5,train
TCGA-AQ-A54O,5,train
TCGA-AQ-A7U7,5,train
TCGA-AR-A0TQ,5,train
TCGA-AR-A0TS,5,train
TCGA-AR-A0TU,5,train
TCGA-AR-A0TV,5,train
TCGA-AR-A0TX,5,train
TCGA-AR-A0TY,5,train
TCGA-AR-A0TZ,5,train
TCGA-AR-A0U1,5,train
TCGA-AR-A0U2,5,train
TCGA-AR-A0U4,5,train
TCGA-AR-A1AI,5,train
TCGA-AR-A1AK,5,train
TCGA-AR-A1AL,5,train
TCGA-AR-A1AM,5,train
TCGA-AR-A1AN,5,train
TCGA-AR-A1AP,5,train
TCGA-AR-A1AQ,5,train
TCGA-AR-A1AR,5,train
TCGA-AR-A1AS,5,train
TCGA-AR-A1AU,5,train
TCGA-AR-A1AV,5,train
TCGA-AR-A1AX,5,train
TCGA-AR-A24H,5,train
TCGA-AR-A24K,5,train
TCGA-AR-A24L,5,train
TCGA-AR-A24M,5,train
TCGA-AR-A24N,5,train
TCGA-AR-A24O,5,train
TCGA-AR-A24P,5,train
TCGA-AR-A24Q,5,train
TCGA-AR-A24R,5,train
TCGA-AR-A24S,5,train
TCGA-AR-A24T,5,train
TCGA-AR-A24V,5,train
TCGA-AR-A24W,5,train
TCGA-AR-A251,5,train
TCGA-AR-A252,5,train
TCGA-AR-A254,5,train
TCGA-AR-A2LH,5,train
TCGA-AR-A2LJ,5,train
TCGA-AR-A2LK,5,train
TCGA-AR-A2LL,5,train
TCGA-AR-A2LM,5,train
TCGA-AR-A2LN,5,train
TCGA-AR-A2LO,5,train
TCGA-AR-A2LQ,5,train
TCGA-AR-A5QM,5,train
TCGA-AR-A5QN,5,train
TCGA-AR-A5QP,5,train
TCGA-AR-A5QQ,5,train
TCGA-AS-3777,5,train
TCGA-AS-3778,5,train
TCGA-AT-A5NU,5,train
TCGA-AU-6004,5,train
TCGA-AW-A1PO,5,train
TCGA-AX-A05S,5,train
TCGA-AX-A05T,5,train
TCGA-AX-A05W,5,train
TCGA-AX-A05Y,5,train
TCGA-AX-A05Z,5,train
TCGA-AX-A060,5,train
TCGA-AX-A062,5,train
TCGA-AX-A063,5,train
TCGA-AX-A064,5,train
TCGA-AX-A06B,5,train
TCGA-AX-A06D,5,train
TCGA-AX-A06F,5,train
TCGA-AX-A0IW,5,train
TCGA-AX-A0J0,5,train
TCGA-AX-A0J1,5,train
TCGA-AX-A1C4,5,train
TCGA-AX-A1C5,5,train
TCGA-AX-A1C7,5,train
TCGA-AX-A1C8,5,train
TCGA-AX-A1CA,5,train
TCGA-AX-A1CF,5,train
TCGA-AX-A1CJ,5,train
TCGA-AX-A1CK,5,train
TCGA-AX-A1CN,5,train
TCGA-AX-A1CP,5,train
TCGA-AX-A2IN,5,train
TCGA-AX-A2IO,5,train
TCGA-AY-6196,5,train
TCGA-AY-6197,5,train
TCGA-AY-6386,5,train
TCGA-AZ-4308,5,train
TCGA-AZ-4315,5,train
TCGA-AZ-4614,5,train
TCGA-AZ-4616,5,train
TCGA-AZ-4682,5,train
TCGA-AZ-4684,5,train
TCGA-AZ-5403,5,train
TCGA-AZ-5407,5,train
TCGA-B0-4688,5,train
TCGA-B0-4690,5,train
TCGA-B0-4691,5,train
TCGA-B0-4694,5,train
TCGA-B0-4696,5,train
TCGA-B0-4697,5,train
TCGA-B0-4698,5,train
TCGA-B0-4699,5,train
TCGA-B0-4700,5,train
TCGA-B0-4703,5,train
TCGA-B0-4706,5,train
TCGA-B0-4707,5,train
TCGA-B0-4710,5,train
TCGA-B0-4712,5,train
TCGA-B0-4718,5,train
TCGA-B0-4811,5,train
TCGA-B0-4813,5,train
TCGA-B0-4814,5,train
TCGA-B0-4815,5,train
TCGA-B0-4816,5,train
TCGA-B0-4817,5,train
TCGA-B0-4818,5,train
TCGA-B0-4821,5,train
TCGA-B0-4822,5,train
TCGA-B0-4824,5,train
TCGA-B0-4827,5,train
TCGA-B0-4828,5,train
TCGA-B0-4833,5,train
TCGA-B0-4834,5,train
TCGA-B0-4836,5,train
TCGA-B0-4837,5,train
TCGA-B0-4839,5,train
TCGA-B0-4841,5,train
TCGA-B0-4843,5,train
TCGA-B0-4844,5,train
TCGA-B0-4845,5,train
TCGA-B0-4846,5,train
TCGA-B0-4849,5,train
TCGA-B0-4852,5,train
TCGA-B0-4945,5,train
TCGA-B0-5075,5,train
TCGA-B0-5080,5,train
TCGA-B0-5081,5,train
TCGA-B0-5083,5,train
TCGA-B0-5084,5,train
TCGA-B0-5085,5,train
TCGA-B0-5088,5,train
TCGA-B0-5092,5,train
TCGA-B0-5095,5,train
TCGA-B0-5099,5,train
TCGA-B0-5100,5,train
TCGA-B0-5102,5,train
TCGA-B0-5104,5,train
TCGA-B0-5106,5,train
TCGA-B0-5107,5,train
TCGA-B0-5108,5,train
TCGA-B0-5109,5,train
TCGA-B0-5110,5,train
TCGA-B0-5115,5,train
TCGA-B0-5116,5,train
TCGA-B0-5117,5,train
TCGA-B0-5120,5,train
TCGA-B0-5121,5,train
TCGA-B0-5400,5,train
TCGA-B0-5690,5,train
TCGA-B0-5691,5,train
TCGA-B0-5692,5,train
TCGA-B0-5696,5,train
TCGA-B0-5697,5,train
TCGA-B0-5700,5,train
TCGA-B0-5703,5,train
TCGA-B0-5705,5,train
TCGA-B0-5706,5,train
TCGA-B0-5707,5,train
TCGA-B0-5710,5,train
TCGA-B0-5711,5,train
TCGA-B0-5712,5,train
TCGA-B0-5713,5,train
TCGA-B0-5812,5,train
TCGA-B1-7332,5,train
TCGA-B1-A47M,5,train
TCGA-B1-A47N,5,train
TCGA-B2-3923,5,train
TCGA-B2-4102,5,train
TCGA-B2-5636,5,train
TCGA-B2-5639,5,train
TCGA-B3-3925,5,train
TCGA-B3-4103,5,train
TCGA-B3-8121,5,train
TCGA-B3-A6W5,5,train
TCGA-B4-5377,5,train
TCGA-B4-5378,5,train
TCGA-B4-5832,5,train
TCGA-B4-5834,5,train
TCGA-B4-5835,5,train
TCGA-B4-5838,5,train
TCGA-B4-5843,5,train
TCGA-B4-5844,5,train
TCGA-B5-A0JT,5,train
TCGA-B5-A0JX,5,train
TCGA-B5-A0JZ,5,train
TCGA-B5-A0K1,5,train
TCGA-B5-A0K2,5,train
TCGA-B5-A0K4,5,train
TCGA-B5-A0K8,5,train
TCGA-B5-A0K9,5,train
TCGA-B5-A0KB,5,train
TCGA-B5-A11E,5,train
TCGA-B5-A11F,5,train
TCGA-B5-A11J,5,train
TCGA-B5-A11L,5,train
TCGA-B5-A11M,5,train
TCGA-B5-A11O,5,train
TCGA-B5-A11V,5,train
TCGA-B5-A11W,5,train
TCGA-B5-A11X,5,train
TCGA-B5-A11Y,5,train
TCGA-B5-A121,5,train
TCGA-B5-A1MR,5,train
TCGA-B5-A1MU,5,train
TCGA-B5-A1MV,5,train
TCGA-B5-A1MW,5,train
TCGA-B5-A1MY,5,train
TCGA-B5-A1MZ,5,train
TCGA-B5-A3FC,5,train
TCGA-B5-A3FD,5,train
TCGA-B5-A3FH,5,train
TCGA-B5-A3S1,5,train
TCGA-B5-A5OC,5,train
TCGA-B5-A5OE,5,train
TCGA-B6-A0I1,5,train
TCGA-B6-A0I2,5,train
TCGA-B6-A0I5,5,train
TCGA-B6-A0I8,5,train
TCGA-B6-A0I9,5,train
TCGA-B6-A0IB,5,train
TCGA-B6-A0IC,5,train
TCGA-B6-A0IH,5,train
TCGA-B6-A0IJ,5,train
TCGA-B6-A0IK,5,train
TCGA-B6-A0IM,5,train
TCGA-B6-A0IN,5,train
TCGA-B6-A0IO,5,train
TCGA-B6-A0IP,5,train
TCGA-B6-A0IQ,5,train
TCGA-B6-A0RE,5,train
TCGA-B6-A0RH,5,train
TCGA-B6-A0RI,5,train
TCGA-B6-A0RM,5,train
TCGA-B6-A0RN,5,train
TCGA-B6-A0RP,5,train
TCGA-B6-A0RQ,5,train
TCGA-B6-A0RS,5,train
TCGA-B6-A0RT,5,train
TCGA-B6-A0RU,5,train
TCGA-B6-A0WS,5,train
TCGA-B6-A0WT,5,train
TCGA-B6-A0WV,5,train
TCGA-B6-A0WW,5,train
TCGA-B6-A0WX,5,train
TCGA-B6-A0WY,5,train
TCGA-B6-A0WZ,5,train
TCGA-B6-A0X0,5,train
TCGA-B6-A0X1,5,train
TCGA-B6-A0X4,5,train
TCGA-B6-A1KF,5,train
TCGA-B6-A1KN,5,train
TCGA-B8-4143,5,train
TCGA-B8-4146,5,train
TCGA-B8-4151,5,train
TCGA-B8-4153,5,train
TCGA-B8-4619,5,train
TCGA-B8-4620,5,train
TCGA-B8-4622,5,train
TCGA-B8-5158,5,train
TCGA-B8-5159,5,train
TCGA-B8-5162,5,train
TCGA-B8-5163,5,train
TCGA-B8-5164,5,train
TCGA-B8-5165,5,train
TCGA-B8-5546,5,train
TCGA-B8-5549,5,train
TCGA-B8-5550,5,train
TCGA-B8-5551,5,train
TCGA-B8-A8YJ,5,train
TCGA-B9-4114,5,train
TCGA-B9-4117,5,train
TCGA-B9-4617,5,train
TCGA-B9-5155,5,train
TCGA-B9-7268,5,train
TCGA-B9-A44B,5,train
TCGA-B9-A5W9,5,train
TCGA-B9-A69E,5,train
TCGA-B9-A8YI,5,train
TCGA-BA-4074,5,train
TCGA-BA-4075,5,train
TCGA-BA-4076,5,train
TCGA-BA-4077,5,train
TCGA-BA-4078,5,train
TCGA-BA-5149,5,train
TCGA-BA-5151,5,train
TCGA-BA-5153,5,train
TCGA-BA-5555,5,train
TCGA-BA-5557,5,train
TCGA-BA-5558,5,train
TCGA-BA-6868,5,train
TCGA-BA-6869,5,train
TCGA-BA-6870,5,train
TCGA-BA-6871,5,train
TCGA-BA-6873,5,train
TCGA-BA-7269,5,train
TCGA-BA-A6D8,5,train
TCGA-BA-A6DE,5,train
TCGA-BA-A6DF,5,train
TCGA-BA-A6DG,5,train
TCGA-BA-A6DJ,5,train
TCGA-BA-A6DL,5,train
TCGA-BA-A8YP,5,train
TCGA-BB-4217,5,train
TCGA-BB-4225,5,train
TCGA-BB-7861,5,train
TCGA-BB-7862,5,train
TCGA-BB-7864,5,train
TCGA-BB-7866,5,train
TCGA-BB-7871,5,train
TCGA-BB-7872,5,train
TCGA-BB-8596,5,train
TCGA-BB-A5HU,5,train
TCGA-BB-A5HZ,5,train
TCGA-BB-A6UM,5,train
TCGA-BB-A6UO,5,train
TCGA-BC-A3KG,5,train
TCGA-BC-A69I,5,train
TCGA-BC-A8YO,5,train
TCGA-BF-A1PU,5,train
TCGA-BF-A1PV,5,train
TCGA-BF-A1PZ,5,train
TCGA-BF-A3DJ,5,train
TCGA-BF-A3DL,5,train
TCGA-BF-A3DN,5,train
TCGA-BF-A5EO,5,train
TCGA-BF-A9VF,5,train
TCGA-BF-AAOU,5,train
TCGA-BF-AAOX,5,train
TCGA-BF-AAP1,5,train
TCGA-BF-AAP4,5,train
TCGA-BF-AAP6,5,train
TCGA-BF-AAP7,5,train
TCGA-BG-A0M3,5,train
TCGA-BG-A0M4,5,train
TCGA-BG-A0M6,5,train
TCGA-BG-A0M7,5,train
TCGA-BG-A0M8,5,train
TCGA-BG-A0MA,5,train
TCGA-BG-A0MI,5,train
TCGA-BG-A0MO,5,train
TCGA-BG-A0MT,5,train
TCGA-BG-A0VX,5,train
TCGA-BG-A0W2,5,train
TCGA-BG-A0YU,5,train
TCGA-BG-A0YV,5,train
TCGA-BG-A186,5,train
TCGA-BG-A187,5,train
TCGA-BG-A18A,5,train
TCGA-BG-A18B,5,train
TCGA-BG-A18C,5,train
TCGA-BG-A220,5,train
TCGA-BG-A221,5,train
TCGA-BG-A222,5,train
TCGA-BG-A2AE,5,train
TCGA-BG-A2L7,5,train
TCGA-BG-A3EW,5,train
TCGA-BG-A3PP,5,train
TCGA-BH-A0AU,5,train
TCGA-BH-A0AY,5,train
TCGA-BH-A0AZ,5,train
TCGA-BH-A0B1,5,train
TCGA-BH-A0B6,5,train
TCGA-BH-A0B7,5,train
TCGA-BH-A0B9,5,train
TCGA-BH-A0BC,5,train
TCGA-BH-A0BF,5,train
TCGA-BH-A0BG,5,train
TCGA-BH-A0BJ,5,train
TCGA-BH-A0BL,5,train
TCGA-BH-A0BO,5,train
TCGA-BH-A0BP,5,train
TCGA-BH-A0BQ,5,train
TCGA-BH-A0BV,5,train
TCGA-BH-A0BW,5,train
TCGA-BH-A0BZ,5,train
TCGA-BH-A0C0,5,train
TCGA-BH-A0C1,5,train
TCGA-BH-A0C3,5,train
TCGA-BH-A0C7,5,train
TCGA-BH-A0DD,5,train
TCGA-BH-A0DE,5,train
TCGA-BH-A0DG,5,train
TCGA-BH-A0DH,5,train
TCGA-BH-A0DI,5,train
TCGA-BH-A0DL,5,train
TCGA-BH-A0DT,5,train
TCGA-BH-A0DZ,5,train
TCGA-BH-A0E0,5,train
TCGA-BH-A0E1,5,train
TCGA-BH-A0E2,5,train
TCGA-BH-A0E6,5,train
TCGA-BH-A0E7,5,train
TCGA-BH-A0E9,5,train
TCGA-BH-A0EE,5,train
TCGA-BH-A0H9,5,train
TCGA-BH-A0HB,5,train
TCGA-BH-A0HK,5,train
TCGA-BH-A0HN,5,train
TCGA-BH-A0HO,5,train
TCGA-BH-A0HP,5,train
TCGA-BH-A0HU,5,train
TCGA-BH-A0HW,5,train
TCGA-BH-A0RX,5,train
TCGA-BH-A0W7,5,train
TCGA-BH-A18G,5,train
TCGA-BH-A18H,5,train
TCGA-BH-A18I,5,train
TCGA-BH-A201,5,train
TCGA-BH-A202,5,train
TCGA-BH-A28Q,5,train
TCGA-BH-A2L8,5,train
TCGA-BH-A42T,5,train
TCGA-BH-A42U,5,train
TCGA-BH-A42V,5,train
TCGA-BH-A5IZ,5,train
TCGA-BH-A5J0,5,train
TCGA-BI-A0VR,5,train
TCGA-BI-A0VS,5,train
TCGA-BI-A20A,5,train
TCGA-BJ-A0YZ,5,train
TCGA-BJ-A0Z2,5,train
TCGA-BJ-A0Z3,5,train
TCGA-BJ-A0Z5,5,train
TCGA-BJ-A0Z9,5,train
TCGA-BJ-A0ZB,5,train
TCGA-BJ-A0ZE,5,train
TCGA-BJ-A0ZF,5,train
TCGA-BJ-A0ZG,5,train
TCGA-BJ-A0ZH,5,train
TCGA-BJ-A0ZJ,5,train
TCGA-BJ-A18Y,5,train
TCGA-BJ-A190,5,train
TCGA-BJ-A192,5,train
TCGA-BJ-A28S,5,train
TCGA-BJ-A28V,5,train
TCGA-BJ-A28X,5,train
TCGA-BJ-A28Z,5,train
TCGA-BJ-A290,5,train
TCGA-BJ-A291,5,train
TCGA-BJ-A2N7,5,train
TCGA-BJ-A2N8,5,train
TCGA-BJ-A2N9,5,train
TCGA-BJ-A2NA,5,train
TCGA-BJ-A3EZ,5,train
TCGA-BJ-A3F0,5,train
TCGA-BJ-A3PR,5,train
TCGA-BJ-A45C,5,train
TCGA-BJ-A45E,5,train
TCGA-BJ-A45F,5,train
TCGA-BJ-A45G,5,train
TCGA-BJ-A45H,5,train
TCGA-BJ-A45I,5,train
TCGA-BJ-A45J,5,train
TCGA-BJ-A45K,5,train
TCGA-BJ-A4O8,5,train
TCGA-BJ-A4O9,5,train
TCGA-BK-A0C9,5,train
TCGA-BK-A139,5,train
TCGA-BK-A13B,5,train
TCGA-BK-A13C,5,train
TCGA-BK-A4ZD,5,train
TCGA-BK-A6W3,5,train
TCGA-BK-A6W4,5,train
TCGA-BL-A0C8,5,train
TCGA-BL-A13I,5,train
TCGA-BL-A13J,5,train
TCGA-BL-A3JM,5,train
TCGA-BL-A5ZZ,5,train
TCGA-BP-4158,5,train
TCGA-BP-4159,5,train
TCGA-BP-4160,5,train
TCGA-BP-4161,5,train
TCGA-BP-4162,5,train
TCGA-BP-4163,5,train
TCGA-BP-4164,5,train
TCGA-BP-4166,5,train
TCGA-BP-4167,5,train
TCGA-BP-4169,5,train
TCGA-BP-4170,5,train
TCGA-BP-4174,5,train
TCGA-BP-4176,5,train
TCGA-BP-4325,5,train
TCGA-BP-4329,5,train
TCGA-BP-4335,5,train
TCGA-BP-4337,5,train
TCGA-BP-4338,5,train
TCGA-BP-4340,5,train
TCGA-BP-4341,5,train
TCGA-BP-4342,5,train
TCGA-BP-4345,5,train
TCGA-BP-4346,5,train
TCGA-BP-4349,5,train
TCGA-BP-4352,5,train
TCGA-BP-4353,5,train
TCGA-BP-4354,5,train
TCGA-BP-4355,5,train
TCGA-BP-4758,5,train
TCGA-BP-4759,5,train
TCGA-BP-4760,5,train
TCGA-BP-4762,5,train
TCGA-BP-4765,5,train
TCGA-BP-4766,5,train
TCGA-BP-4768,5,train
TCGA-BP-4770,5,train
TCGA-BP-4771,5,train
TCGA-BP-4774,5,train
TCGA-BP-4775,5,train
TCGA-BP-4776,5,train
TCGA-BP-4777,5,train
TCGA-BP-4782,5,train
TCGA-BP-4784,5,train
TCGA-BP-4789,5,train
TCGA-BP-4795,5,train
TCGA-BP-4798,5,train
TCGA-BP-4799,5,train
TCGA-BP-4803,5,train
TCGA-BP-4804,5,train
TCGA-BP-4960,5,train
TCGA-BP-4961,5,train
TCGA-BP-4962,5,train
TCGA-BP-4964,5,train
TCGA-BP-4965,5,train
TCGA-BP-4967,5,train
TCGA-BP-4969,5,train
TCGA-BP-4970,5,train
TCGA-BP-4971,5,train
TCGA-BP-4972,5,train
TCGA-BP-4975,5,train
TCGA-BP-4976,5,train
TCGA-BP-4981,5,train
TCGA-BP-4983,5,train
TCGA-BP-4985,5,train
TCGA-BP-4988,5,train
TCGA-BP-4989,5,train
TCGA-BP-4991,5,train
TCGA-BP-4992,5,train
TCGA-BP-4993,5,train
TCGA-BP-4994,5,train
TCGA-BP-4995,5,train
TCGA-BP-4998,5,train
TCGA-BP-4999,5,train
TCGA-BP-5004,5,train
TCGA-BP-5007,5,train
TCGA-BP-5008,5,train
TCGA-BP-5009,5,train
TCGA-BP-5169,5,train
TCGA-BP-5173,5,train
TCGA-BP-5175,5,train
TCGA-BP-5177,5,train
TCGA-BP-5178,5,train
TCGA-BP-5180,5,train
TCGA-BP-5182,5,train
TCGA-BP-5184,5,train
TCGA-BP-5185,5,train
TCGA-BP-5186,5,train
TCGA-BP-5187,5,train
TCGA-BP-5189,5,train
TCGA-BP-5190,5,train
TCGA-BP-5191,5,train
TCGA-BP-5192,5,train
TCGA-BP-5194,5,train
TCGA-BP-5195,5,train
TCGA-BP-5196,5,train
TCGA-BP-5198,5,train
TCGA-BP-5200,5,train
TCGA-BP-5201,5,train
TCGA-BP-5202,5,train
TCGA-BR-6452,5,train
TCGA-BR-6454,5,train
TCGA-BR-6455,5,train
TCGA-BR-6457,5,train
TCGA-BR-6458,5,train
TCGA-BR-6563,5,train
TCGA-BR-6564,5,train
TCGA-BR-6565,5,train
TCGA-BR-6566,5,train
TCGA-BR-6705,5,train
TCGA-BR-6706,5,train
TCGA-BR-6707,5,train
TCGA-BR-6709,5,train
TCGA-BR-6710,5,train
TCGA-BR-6801,5,train
TCGA-BR-6802,5,train
TCGA-BR-6803,5,train
TCGA-BR-6852,5,train
TCGA-BR-7196,5,train
TCGA-BR-7197,5,train
TCGA-BR-7703,5,train
TCGA-BR-7704,5,train
TCGA-BR-7707,5,train
TCGA-BR-7715,5,train
TCGA-BR-7716,5,train
TCGA-BR-7717,5,train
TCGA-BR-7722,5,train
TCGA-BR-7723,5,train
TCGA-BR-7851,5,train
TCGA-BR-7957,5,train
TCGA-BR-7958,5,train
TCGA-BR-7959,5,train
TCGA-BR-8059,5,train
TCGA-BR-8060,5,train
TCGA-BR-8077,5,train
TCGA-BR-8078,5,train
TCGA-BR-8081,5,train
TCGA-BR-8285,5,train
TCGA-BR-8286,5,train
TCGA-BR-8289,5,train
TCGA-BR-8291,5,train
TCGA-BR-8296,5,train
TCGA-BR-8360,5,train
TCGA-BR-8361,5,train
TCGA-BR-8362,5,train
TCGA-BR-8363,5,train
TCGA-BR-8364,5,train
TCGA-BR-8365,5,train
TCGA-BR-8366,5,train
TCGA-BR-8367,5,train
TCGA-BR-8368,5,train
TCGA-BR-8369,5,train
TCGA-BR-8370,5,train
TCGA-BR-8371,5,train
TCGA-BR-8373,5,train
TCGA-BR-8380,5,train
TCGA-BR-8384,5,train
TCGA-BR-8483,5,train
TCGA-BR-8484,5,train
TCGA-BR-8485,5,train
TCGA-BR-8486,5,train
TCGA-BR-8487,5,train
TCGA-BR-8588,5,train
TCGA-BR-8589,5,train
TCGA-BR-8590,5,train
TCGA-BR-8591,5,train
TCGA-BR-8592,5,train
TCGA-BR-8676,5,train
TCGA-BR-8678,5,train
TCGA-BR-8679,5,train
TCGA-BR-8682,5,train
TCGA-BR-8683,5,train
TCGA-BR-8687,5,train
TCGA-BR-A44T,5,train
TCGA-BR-A44U,5,train
TCGA-BR-A452,5,train
TCGA-BR-A4CQ,5,train
TCGA-BR-A4CR,5,train
TCGA-BR-A4CS,5,train
TCGA-BR-A4IV,5,train
TCGA-BR-A4IY,5,train
TCGA-BR-A4IZ,5,train
TCGA-BR-A4J1,5,train
TCGA-BR-A4J4,5,train
TCGA-BR-A4J5,5,train
TCGA-BR-A4J6,5,train
TCGA-BR-A4J7,5,train
TCGA-BR-A4J9,5,train
TCGA-BR-A4PD,5,train
TCGA-BR-A4PF,5,train
TCGA-BS-A0T9,5,train
TCGA-BS-A0TA,5,train
TCGA-BS-A0TC,5,train
TCGA-BS-A0TJ,5,train
TCGA-BS-A0U5,5,train
TCGA-BS-A0U7,5,train
TCGA-BS-A0UF,5,train
TCGA-BS-A0UJ,5,train
TCGA-BS-A0UL,5,train
TCGA-BS-A0UM,5,train
TCGA-BS-A0UT,5,train
TCGA-BS-A0V6,5,train
TCGA-BS-A0VI,5,train
TCGA-BS-A0WQ,5,train
TCGA-BT-A0S7,5,train
TCGA-BT-A0YX,5,train
TCGA-BT-A20R,5,train
TCGA-BT-A20U,5,train
TCGA-BT-A20W,5,train
TCGA-BT-A2LA,5,train
TCGA-BT-A2LB,5,train
TCGA-BT-A2LD,5,train
TCGA-BT-A3PH,5,train
TCGA-BT-A3PJ,5,train
TCGA-BT-A3PK,5,train
TCGA-BT-A42B,5,train
TCGA-BT-A42C,5,train
TCGA-BW-A5NP,5,train
TCGA-BW-A5NQ,5,train
TCGA-C4-A0EZ,5,train
TCGA-C4-A0F0,5,train
TCGA-C4-A0F6,5,train
TCGA-C5-A1BE,5,train
TCGA-C5-A1BI,5,train
TCGA-C5-A1BJ,5,train
TCGA-C5-A1BK,5,train
TCGA-C5-A1BM,5,train
TCGA-C5-A1BN,5,train
TCGA-C5-A1M5,5,train
TCGA-C5-A1M6,5,train
TCGA-C5-A1M9,5,train
TCGA-C5-A1ME,5,train
TCGA-C5-A1MF,5,train
TCGA-C5-A1MI,5,train
TCGA-C5-A1MJ,5,train
TCGA-C5-A1MN,5,train
TCGA-C5-A1MP,5,train
TCGA-C5-A2LS,5,train
TCGA-C5-A2LT,5,train
TCGA-C5-A2LX,5,train
TCGA-C5-A2LZ,5,train
TCGA-C5-A2M1,5,train
TCGA-C5-A2M2,5,train
TCGA-C5-A3HD,5,train
TCGA-C5-A3HE,5,train
TCGA-C5-A3HL,5,train
TCGA-C5-A7CG,5,train
TCGA-C5-A7CK,5,train
TCGA-C5-A7CO,5,train
TCGA-C5-A7UE,5,train
TCGA-C5-A7UI,5,train
TCGA-C5-A7X8,5,train
TCGA-C5-A7XC,5,train
TCGA-C5-A8XH,5,train
TCGA-C5-A8XJ,5,train
TCGA-C5-A8XK,5,train
TCGA-C5-A8YQ,5,train
TCGA-C5-A8YT,5,train
TCGA-C5-A8ZZ,5,train
TCGA-C5-A901,5,train
TCGA-C5-A902,5,train
TCGA-C5-A905,5,train
TCGA-C5-A907,5,train
TCGA-C8-A12K,5,train
TCGA-C8-A12L,5,train
TCGA-C8-A12N,5,train
TCGA-C8-A12O,5,train
TCGA-C8-A12P,5,train
TCGA-C8-A12T,5,train
TCGA-C8-A12U,5,train
TCGA-C8-A12V,5,train
TCGA-C8-A12W,5,train
TCGA-C8-A12Y,5,train
TCGA-C8-A12Z,5,train
TCGA-C8-A130,5,train
TCGA-C8-A131,5,train
TCGA-C8-A133,5,train
TCGA-C8-A135,5,train
TCGA-C8-A137,5,train
TCGA-C8-A138,5,train
TCGA-C8-A1HF,5,train
TCGA-C8-A1HJ,5,train
TCGA-C8-A1HK,5,train
TCGA-C8-A1HL,5,train
TCGA-C8-A1HM,5,train
TCGA-C8-A1HN,5,train
TCGA-C8-A1HO,5,train
TCGA-C8-A26V,5,train
TCGA-C8-A26X,5,train
TCGA-C8-A26Y,5,train
TCGA-C8-A26Z,5,train
TCGA-C8-A273,5,train
TCGA-C8-A274,5,train
TCGA-C8-A275,5,train
TCGA-C8-A278,5,train
TCGA-C8-A27A,5,train
TCGA-C8-A27B,5,train
TCGA-C8-A3M7,5,train
TCGA-C8-A3M8,5,train
TCGA-C8-A8HP,5,train
TCGA-C8-A8HQ,5,train
TCGA-C8-A8HR,5,train
TCGA-C8-A9FZ,5,train
TCGA-C9-A47Z,5,train
TCGA-C9-A480,5,train
TCGA-CA-5255,5,train
TCGA-CA-5256,5,train
TCGA-CA-5796,5,train
TCGA-CA-6715,5,train
TCGA-CA-6718,5,train
TCGA-CC-5258,5,train
TCGA-CC-5260,5,train
TCGA-CC-5261,5,train
TCGA-CC-5263,5,train
TCGA-CC-5264,5,train
TCGA-CC-A1HT,5,train
TCGA-CC-A3MB,5,train
TCGA-CC-A3MC,5,train
TCGA-CC-A5UC,5,train
TCGA-CC-A5UD,5,train
TCGA-CC-A5UE,5,train
TCGA-CC-A7IE,5,train
TCGA-CC-A7IF,5,train
TCGA-CC-A7IH,5,train
TCGA-CC-A7II,5,train
TCGA-CC-A7IK,5,train
TCGA-CC-A7IL,5,train
TCGA-CC-A8HS,5,train
TCGA-CC-A8HT,5,train
TCGA-CC-A8HU,5,train
TCGA-CC-A8HV,5,train
TCGA-CC-A9FW,5,train
TCGA-CD-5798,5,train
TCGA-CD-5799,5,train
TCGA-CD-5801,5,train
TCGA-CD-5802,5,train
TCGA-CD-5803,5,train
TCGA-CD-5804,5,train
TCGA-CD-8526,5,train
TCGA-CD-8527,5,train
TCGA-CD-8528,5,train
TCGA-CD-8529,5,train
TCGA-CD-8530,5,train
TCGA-CD-8531,5,train
TCGA-CD-8533,5,train
TCGA-CD-8534,5,train
TCGA-CD-8535,5,train
TCGA-CD-8536,5,train
TCGA-CD-A489,5,train
TCGA-CD-A48A,5,train
TCGA-CD-A48C,5,train
TCGA-CD-A4MG,5,train
TCGA-CD-A4MH,5,train
TCGA-CD-A4MI,5,train
TCGA-CD-A4MJ,5,train
TCGA-CE-A13K,5,train
TCGA-CE-A27D,5,train
TCGA-CE-A3MD,5,train
TCGA-CE-A481,5,train
TCGA-CE-A482,5,train
TCGA-CE-A483,5,train
TCGA-CE-A484,5,train
TCGA-CE-A485,5,train
TCGA-CF-A1HR,5,train
TCGA-CF-A1HS,5,train
TCGA-CF-A3MF,5,train
TCGA-CF-A3MG,5,train
TCGA-CF-A3MH,5,train
TCGA-CF-A3MI,5,train
TCGA-CF-A47S,5,train
TCGA-CF-A47T,5,train
TCGA-CF-A47V,5,train
TCGA-CF-A47X,5,train
TCGA-CF-A47Y,5,train
TCGA-CF-A5U8,5,train
TCGA-CF-A5UA,5,train
TCGA-CF-A8HX,5,train
TCGA-CF-A8HY,5,train
TCGA-CF-A9FF,5,train
TCGA-CF-A9FH,5,train
TCGA-CF-A9FL,5,train
TCGA-CG-4300,5,train
TCGA-CG-4301,5,train
TCGA-CG-4305,5,train
TCGA-CG-4306,5,train
TCGA-CG-4436,5,train
TCGA-CG-4438,5,train
TCGA-CG-4440,5,train
TCGA-CG-4441,5,train
TCGA-CG-4442,5,train
TCGA-CG-4455,5,train
TCGA-CG-4460,5,train
TCGA-CG-4462,5,train
TCGA-CG-4465,5,train
TCGA-CG-4474,5,train
TCGA-CG-4475,5,train
TCGA-CG-4476,5,train
TCGA-CG-4477,5,train
TCGA-CH-5737,5,train
TCGA-CH-5738,5,train
TCGA-CH-5739,5,train
TCGA-CH-5740,5,train
TCGA-CH-5741,5,train
TCGA-CH-5743,5,train
TCGA-CH-5744,5,train
TCGA-CH-5745,5,train
TCGA-CH-5746,5,train
TCGA-CH-5748,5,train
TCGA-CH-5750,5,train
TCGA-CH-5751,5,train
TCGA-CH-5752,5,train
TCGA-CH-5754,5,train
TCGA-CI-6622,5,train
TCGA-CI-6624,5,train
TCGA-CJ-4634,5,train
TCGA-CJ-4635,5,train
TCGA-CJ-4636,5,train
TCGA-CJ-4637,5,train
TCGA-CJ-4641,5,train
TCGA-CJ-4642,5,train
TCGA-CJ-4643,5,train
TCGA-CJ-4644,5,train
TCGA-CJ-4868,5,train
TCGA-CJ-4869,5,train
TCGA-CJ-4874,5,train
TCGA-CJ-4876,5,train
TCGA-CJ-4881,5,train
TCGA-CJ-4882,5,train
TCGA-CJ-4884,5,train
TCGA-CJ-4886,5,train
TCGA-CJ-4888,5,train
TCGA-CJ-4890,5,train
TCGA-CJ-4892,5,train
TCGA-CJ-4893,5,train
TCGA-CJ-4895,5,train
TCGA-CJ-4897,5,train
TCGA-CJ-4901,5,train
TCGA-CJ-4903,5,train
TCGA-CJ-4904,5,train
TCGA-CJ-4908,5,train
TCGA-CJ-4912,5,train
TCGA-CJ-4913,5,train
TCGA-CJ-4920,5,train
TCGA-CJ-4923,5,train
TCGA-CJ-5671,5,train
TCGA-CJ-5672,5,train
TCGA-CJ-5675,5,train
TCGA-CJ-5677,5,train
TCGA-CJ-5678,5,train
TCGA-CJ-5680,5,train
TCGA-CJ-5683,5,train
TCGA-CJ-5686,5,train
TCGA-CJ-6027,5,train
TCGA-CJ-6028,5,train
TCGA-CJ-6030,5,train
TCGA-CJ-6031,5,train
TCGA-CJ-6032,5,train
TCGA-CK-4947,5,train
TCGA-CK-4948,5,train
TCGA-CK-4952,5,train
TCGA-CK-5915,5,train
TCGA-CK-5916,5,train
TCGA-CK-6747,5,train
TCGA-CK-6748,5,train
TCGA-CK-6751,5,train
TCGA-CL-4957,5,train
TCGA-CL-5917,5,train
TCGA-CM-4743,5,train
TCGA-CM-4744,5,train
TCGA-CM-4746,5,train
TCGA-CM-4748,5,train
TCGA-CM-5344,5,train
TCGA-CM-5349,5,train
TCGA-CM-5862,5,train
TCGA-CM-5863,5,train
TCGA-CM-5864,5,train
TCGA-CM-6161,5,train
TCGA-CM-6165,5,train
TCGA-CM-6166,5,train
TCGA-CM-6167,5,train
TCGA-CM-6169,5,train
TCGA-CM-6170,5,train
TCGA-CM-6171,5,train
TCGA-CM-6674,5,train
TCGA-CM-6677,5,train
TCGA-CM-6680,5,train
TCGA-CN-4722,5,train
TCGA-CN-4723,5,train
TCGA-CN-4728,5,train
TCGA-CN-4729,5,train
TCGA-CN-4730,5,train
TCGA-CN-4731,5,train
TCGA-CN-4734,5,train
TCGA-CN-4736,5,train
TCGA-CN-4737,5,train
TCGA-CN-4738,5,train
TCGA-CN-4740,5,train
TCGA-CN-5356,5,train
TCGA-CN-5358,5,train
TCGA-CN-5359,5,train
TCGA-CN-5361,5,train
TCGA-CN-5364,5,train
TCGA-CN-5366,5,train
TCGA-CN-5369,5,train
TCGA-CN-5374,5,train
TCGA-CN-6010,5,train
TCGA-CN-6012,5,train
TCGA-CN-6013,5,train
TCGA-CN-6016,5,train
TCGA-CN-6017,5,train
TCGA-CN-6018,5,train
TCGA-CN-6019,5,train
TCGA-CN-6020,5,train
TCGA-CN-6023,5,train
TCGA-CN-6024,5,train
TCGA-CN-6988,5,train
TCGA-CN-6994,5,train
TCGA-CN-6997,5,train
TCGA-CN-A63T,5,train
TCGA-CN-A63U,5,train
TCGA-CN-A63V,5,train
TCGA-CN-A63W,5,train
TCGA-CN-A63Y,5,train
TCGA-CN-A642,5,train
TCGA-CQ-5325,5,train
TCGA-CQ-5329,5,train
TCGA-CQ-5331,5,train
TCGA-CQ-5332,5,train
TCGA-CQ-5333,5,train
TCGA-CQ-5334,5,train
TCGA-CQ-6219,5,train
TCGA-CQ-6220,5,train
TCGA-CQ-6222,5,train
TCGA-CQ-6223,5,train
TCGA-CQ-6224,5,train
TCGA-CQ-6227,5,train
TCGA-CQ-6228,5,train
TCGA-CQ-7067,5,train
TCGA-CQ-7069,5,train
TCGA-CQ-7071,5,train
TCGA-CQ-A4C6,5,train
TCGA-CQ-A4C7,5,train
TCGA-CQ-A4C9,5,train
TCGA-CQ-A4CA,5,train
TCGA-CQ-A4CB,5,train
TCGA-CQ-A4CD,5,train
TCGA-CQ-A4CG,5,train
TCGA-CQ-A4CH,5,train
TCGA-CQ-A4CI,5,train
TCGA-CS-4941,5,train
TCGA-CS-4942,5,train
TCGA-CS-4943,5,train
TCGA-CS-4944,5,train
TCGA-CS-5390,5,train
TCGA-CS-5393,5,train
TCGA-CS-5394,5,train
TCGA-CS-5395,5,train
TCGA-CS-5396,5,train
TCGA-CS-5397,5,train
TCGA-CS-6186,5,train
TCGA-CS-6188,5,train
TCGA-CS-6290,5,train
TCGA-CS-6665,5,train
TCGA-CS-6666,5,train
TCGA-CS-6667,5,train
TCGA-CU-A0YR,5,train
TCGA-CU-A3KJ,5,train
TCGA-CU-A5W6,5,train
TCGA-CV-5430,5,train
TCGA-CV-5432,5,train
TCGA-CV-5434,5,train
TCGA-CV-5439,5,train
TCGA-CV-5440,5,train
TCGA-CV-5441,5,train
TCGA-CV-5443,5,train
TCGA-CV-5444,5,train
TCGA-CV-5966,5,train
TCGA-CV-5970,5,train
TCGA-CV-5976,5,train
TCGA-CV-5978,5,train
TCGA-CV-6003,5,train
TCGA-CV-6933,5,train
TCGA-CV-6934,5,train
TCGA-CV-6936,5,train
TCGA-CV-6937,5,train
TCGA-CV-6939,5,train
TCGA-CV-6941,5,train
TCGA-CV-6951,5,train
TCGA-CV-6953,5,train
TCGA-CV-6955,5,train
TCGA-CV-6962,5,train
TCGA-CV-7097,5,train
TCGA-CV-7099,5,train
TCGA-CV-7100,5,train
TCGA-CV-7101,5,train
TCGA-CV-7102,5,train
TCGA-CV-7103,5,train
TCGA-CV-7178,5,train
TCGA-CV-7180,5,train
TCGA-CV-7183,5,train
TCGA-CV-7235,5,train
TCGA-CV-7238,5,train
TCGA-CV-7243,5,train
TCGA-CV-7245,5,train
TCGA-CV-7248,5,train
TCGA-CV-7250,5,train
TCGA-CV-7252,5,train
TCGA-CV-7263,5,train
TCGA-CV-7406,5,train
TCGA-CV-7410,5,train
TCGA-CV-7413,5,train
TCGA-CV-7416,5,train
TCGA-CV-7421,5,train
TCGA-CV-7423,5,train
TCGA-CV-7424,5,train
TCGA-CV-7425,5,train
TCGA-CV-7428,5,train
TCGA-CV-7430,5,train
TCGA-CV-7432,5,train
TCGA-CV-7434,5,train
TCGA-CV-7446,5,train
TCGA-CV-7568,5,train
TCGA-CV-A45Q,5,train
TCGA-CV-A45U,5,train
TCGA-CV-A45Y,5,train
TCGA-CV-A461,5,train
TCGA-CV-A463,5,train
TCGA-CV-A464,5,train
TCGA-CV-A465,5,train
TCGA-CV-A468,5,train
TCGA-CV-A6JD,5,train
TCGA-CV-A6JE,5,train
TCGA-CV-A6JM,5,train
TCGA-CV-A6JO,5,train
TCGA-CV-A6JU,5,train
TCGA-CV-A6JY,5,train
TCGA-CV-A6JZ,5,train
TCGA-CV-A6K0,5,train
TCGA-CX-7219,5,train
TCGA-CX-A4AQ,5,train
TCGA-CZ-4853,5,train
TCGA-CZ-4858,5,train
TCGA-CZ-4859,5,train
TCGA-CZ-4860,5,train
TCGA-CZ-4861,5,train
TCGA-CZ-4863,5,train
TCGA-CZ-4864,5,train
TCGA-CZ-4865,5,train
TCGA-CZ-4866,5,train
TCGA-CZ-5451,5,train
TCGA-CZ-5452,5,train
TCGA-CZ-5455,5,train
TCGA-CZ-5456,5,train
TCGA-CZ-5457,5,train
TCGA-CZ-5458,5,train
TCGA-CZ-5459,5,train
TCGA-CZ-5460,5,train
TCGA-CZ-5464,5,train
TCGA-CZ-5467,5,train
TCGA-CZ-5468,5,train
TCGA-CZ-5982,5,train
TCGA-CZ-5984,5,train
TCGA-CZ-5986,5,train
TCGA-CZ-5988,5,train
TCGA-CZ-5989,5,train
TCGA-D1-A0ZN,5,train
TCGA-D1-A0ZP,5,train
TCGA-D1-A0ZQ,5,train
TCGA-D1-A0ZS,5,train
TCGA-D1-A0ZV,5,train
TCGA-D1-A0ZZ,5,train
TCGA-D1-A103,5,train
TCGA-D1-A15W,5,train
TCGA-D1-A15Z,5,train
TCGA-D1-A161,5,train
TCGA-D1-A163,5,train
TCGA-D1-A165,5,train
TCGA-D1-A168,5,train
TCGA-D1-A16E,5,train
TCGA-D1-A16G,5,train
TCGA-D1-A16I,5,train
TCGA-D1-A16J,5,train
TCGA-D1-A16N,5,train
TCGA-D1-A16O,5,train
TCGA-D1-A16R,5,train
TCGA-D1-A16S,5,train
TCGA-D1-A16V,5,train
TCGA-D1-A16X,5,train
TCGA-D1-A16Y,5,train
TCGA-D1-A174,5,train
TCGA-D1-A175,5,train
TCGA-D1-A176,5,train
TCGA-D1-A179,5,train
TCGA-D1-A17A,5,train
TCGA-D1-A17B,5,train
TCGA-D1-A17D,5,train
TCGA-D1-A17F,5,train
TCGA-D1-A17L,5,train
TCGA-D1-A17M,5,train
TCGA-D1-A17N,5,train
TCGA-D1-A17Q,5,train
TCGA-D1-A17R,5,train
TCGA-D1-A17S,5,train
TCGA-D1-A17T,5,train
TCGA-D1-A17U,5,train
TCGA-D1-A1NS,5,train
TCGA-D1-A1NU,5,train
TCGA-D1-A1NX,5,train
TCGA-D1-A1NZ,5,train
TCGA-D1-A1O0,5,train
TCGA-D1-A1O5,5,train
TCGA-D1-A1O7,5,train
TCGA-D1-A1O8,5,train
TCGA-D1-A2G0,5,train
TCGA-D1-A3JP,5,train
TCGA-D1-A3JQ,5,train
TCGA-D5-5537,5,train
TCGA-D5-5538,5,train
TCGA-D5-5540,5,train
TCGA-D5-5541,5,train
TCGA-D5-6532,5,train
TCGA-D5-6533,5,train
TCGA-D5-6535,5,train
TCGA-D5-6540,5,train
TCGA-D5-6898,5,train
TCGA-D5-6922,5,train
TCGA-D5-6923,5,train
TCGA-D5-6926,5,train
TCGA-D5-6927,5,train
TCGA-D5-6928,5,train
TCGA-D5-6929,5,train
TCGA-D5-6930,5,train
TCGA-D5-6931,5,train
TCGA-D5-6932,5,train
TCGA-D6-6516,5,train
TCGA-D6-6517,5,train
TCGA-D6-6823,5,train
TCGA-D6-6824,5,train
TCGA-D6-6825,5,train
TCGA-D6-6826,5,train
TCGA-D6-8569,5,train
TCGA-D6-A4Z9,5,train
TCGA-D6-A4ZB,5,train
TCGA-D6-A6EK,5,train
TCGA-D6-A6EM,5,train
TCGA-D6-A6EO,5,train
TCGA-D6-A6EP,5,train
TCGA-D6-A6ES,5,train
TCGA-D7-5577,5,train
TCGA-D7-5578,5,train
TCGA-D7-6518,5,train
TCGA-D7-6520,5,train
TCGA-D7-6521,5,train
TCGA-D7-6522,5,train
TCGA-D7-6524,5,train
TCGA-D7-6526,5,train
TCGA-D7-6527,5,train
TCGA-D7-6528,5,train
TCGA-D7-6815,5,train
TCGA-D7-6817,5,train
TCGA-D7-6818,5,train
TCGA-D7-6820,5,train
TCGA-D7-6822,5,train
TCGA-D7-8572,5,train
TCGA-D7-8573,5,train
TCGA-D7-8574,5,train
TCGA-D7-8575,5,train
TCGA-D7-8579,5,train
TCGA-D7-A4YT,5,train
TCGA-D7-A4YU,5,train
TCGA-D7-A4YV,5,train
TCGA-D7-A4YX,5,train
TCGA-D7-A4YY,5,train
TCGA-D7-A4Z0,5,train
TCGA-D7-A6EX,5,train
TCGA-D7-A6EY,5,train
TCGA-D7-A6EZ,5,train
TCGA-D7-A6F0,5,train
TCGA-D7-A747,5,train
TCGA-D7-A748,5,train
TCGA-D7-A74A,5,train
TCGA-D7-A74B,5,train
TCGA-D8-A13Y,5,train
TCGA-D8-A13Z,5,train
TCGA-D8-A140,5,train
TCGA-D8-A141,5,train
TCGA-D8-A142,5,train
TCGA-D8-A143,5,train
TCGA-D8-A146,5,train
TCGA-D8-A147,5,train
TCGA-D8-A1J8,5,train
TCGA-D8-A1J9,5,train
TCGA-D8-A1JA,5,train
TCGA-D8-A1JB,5,train
TCGA-D8-A1JC,5,train
TCGA-D8-A1JD,5,train
TCGA-D8-A1JE,5,train
TCGA-D8-A1JG,5,train
TCGA-D8-A1JH,5,train
TCGA-D8-A1JI,5,train
TCGA-D8-A1JJ,5,train
TCGA-D8-A1JL,5,train
TCGA-D8-A1JM,5,train
TCGA-D8-A1JN,5,train
TCGA-D8-A1JP,5,train
TCGA-D8-A1JS,5,train
TCGA-D8-A1JU,5,train
TCGA-D8-A1X5,5,train
TCGA-D8-A1X6,5,train
TCGA-D8-A1X8,5,train
TCGA-D8-A1X9,5,train
TCGA-D8-A1XA,5,train
TCGA-D8-A1XB,5,train
TCGA-D8-A1XC,5,train
TCGA-D8-A1XD,5,train
TCGA-D8-A1XG,5,train
TCGA-D8-A1XJ,5,train
TCGA-D8-A1XK,5,train
TCGA-D8-A1XL,5,train
TCGA-D8-A1XM,5,train
TCGA-D8-A1XO,5,train
TCGA-D8-A1XR,5,train
TCGA-D8-A1XS,5,train
TCGA-D8-A1XT,5,train
TCGA-D8-A1XU,5,train
TCGA-D8-A1XV,5,train
TCGA-D8-A1XW,5,train
TCGA-D8-A1XY,5,train
TCGA-D8-A1XZ,5,train
TCGA-D8-A1Y0,5,train
TCGA-D8-A1Y2,5,train
TCGA-D8-A1Y3,5,train
TCGA-D8-A27E,5,train
TCGA-D8-A27G,5,train
TCGA-D8-A27H,5,train
TCGA-D8-A27I,5,train
TCGA-D8-A27K,5,train
TCGA-D8-A27M,5,train
TCGA-D8-A27R,5,train
TCGA-D8-A27T,5,train
TCGA-D8-A27V,5,train
TCGA-D8-A27W,5,train
TCGA-D8-A4Z1,5,train
TCGA-D8-A73X,5,train
TCGA-D9-A3Z4,5,train
TCGA-D9-A4Z3,5,train
TCGA-DB-5274,5,train
TCGA-DB-5275,5,train
TCGA-DB-5276,5,train
TCGA-DB-5277,5,train
TCGA-DB-5278,5,train
TCGA-DB-5279,5,train
TCGA-DB-5280,5,train
TCGA-DB-5281,5,train
TCGA-DB-A4X9,5,train
TCGA-DB-A4XA,5,train
TCGA-DB-A4XD,5,train
TCGA-DB-A4XE,5,train
TCGA-DB-A4XF,5,train
TCGA-DB-A4XG,5,train
TCGA-DB-A64L,5,train
TCGA-DB-A64P,5,train
TCGA-DB-A64Q,5,train
TCGA-DB-A64R,5,train
TCGA-DB-A64S,5,train
TCGA-DB-A64V,5,train
TCGA-DB-A64X,5,train
TCGA-DB-A75K,5,train
TCGA-DB-A75L,5,train
TCGA-DB-A75M,5,train
TCGA-DB-A75O,5,train
TCGA-DB-A75P,5,train
TCGA-DC-4745,5,train
TCGA-DC-4749,5,train
TCGA-DC-5337,5,train
TCGA-DC-6154,5,train
TCGA-DC-6156,5,train
TCGA-DC-6157,5,train
TCGA-DC-6681,5,train
TCGA-DC-6683,5,train
TCGA-DD-A113,5,train
TCGA-DD-A115,5,train
TCGA-DD-A119,5,train
TCGA-DD-A11A,5,train
TCGA-DD-A11B,5,train
TCGA-DD-A1E9,5,train
TCGA-DD-A1EA,5,train
TCGA-DD-A1EE,5,train
TCGA-DD-A1EF,5,train
TCGA-DD-A1EI,5,train
TCGA-DD-A1EL,5,train
TCGA-DD-A4NF,5,train
TCGA-DD-A4NH,5,train
TCGA-DD-A4NJ,5,train
TCGA-DD-A4NK,5,train
TCGA-DD-A4NN,5,train
TCGA-DD-A4NO,5,train
TCGA-DD-A4NP,5,train
TCGA-DD-A4NQ,5,train
TCGA-DD-A4NR,5,train
TCGA-DD-A4NS,5,train
TCGA-DD-A73C,5,train
TCGA-DD-A73D,5,train
TCGA-DD-A73E,5,train
TCGA-DD-A73G,5,train
TCGA-DD-AA3A,5,train
TCGA-DD-AAC8,5,train
TCGA-DD-AAC9,5,train
TCGA-DD-AACA,5,train
TCGA-DD-AACB,5,train
TCGA-DD-AACC,5,train
TCGA-DD-AACE,5,train
TCGA-DD-AACG,5,train
TCGA-DD-AACH,5,train
TCGA-DD-AACI,5,train
TCGA-DD-AACJ,5,train
TCGA-DD-AACL,5,train
TCGA-DD-AACM,5,train
TCGA-DD-AACN,5,train
TCGA-DD-AACP,5,train
TCGA-DD-AACQ,5,train
TCGA-DD-AACS,5,train
TCGA-DD-AACT,5,train
TCGA-DD-AACU,5,train
TCGA-DD-AACV,5,train
TCGA-DD-AACW,5,train
TCGA-DD-AACX,5,train
TCGA-DD-AACY,5,train
TCGA-DD-AAD0,5,train
TCGA-DD-AAD1,5,train
TCGA-DD-AAD2,5,train
TCGA-DD-AAD3,5,train
TCGA-DD-AAD5,5,train
TCGA-DD-AAD6,5,train
TCGA-DD-AAD8,5,train
TCGA-DD-AADB,5,train
TCGA-DD-AADD,5,train
TCGA-DD-AADE,5,train
TCGA-DD-AADF,5,train
TCGA-DD-AADG,5,train
TCGA-DD-AADI,5,train
TCGA-DD-AADJ,5,train
TCGA-DD-AADK,5,train
TCGA-DD-AADL,5,train
TCGA-DD-AADM,5,train
TCGA-DD-AADN,5,train
TCGA-DD-AADO,5,train
TCGA-DD-AADP,5,train
TCGA-DD-AADQ,5,train
TCGA-DD-AADS,5,train
TCGA-DD-AADU,5,train
TCGA-DD-AADV,5,train
TCGA-DD-AADW,5,train
TCGA-DD-AADY,5,train
TCGA-DD-AAE0,5,train
TCGA-DD-AAE1,5,train
TCGA-DD-AAE2,5,train
TCGA-DD-AAE4,5,train
TCGA-DD-AAE6,5,train
TCGA-DD-AAE7,5,train
TCGA-DD-AAE9,5,train
TCGA-DD-AAEA,5,train
TCGA-DD-AAED,5,train
TCGA-DD-AAEE,5,train
TCGA-DD-AAEH,5,train
TCGA-DD-AAEI,5,train
TCGA-DD-AAEK,5,train
TCGA-DD-AAVP,5,train
TCGA-DD-AAVQ,5,train
TCGA-DD-AAVR,5,train
TCGA-DD-AAVS,5,train
TCGA-DD-AAVU,5,train
TCGA-DD-AAVV,5,train
TCGA-DD-AAVW,5,train
TCGA-DD-AAVX,5,train
TCGA-DD-AAVZ,5,train
TCGA-DD-AAW0,5,train
TCGA-DD-AAW1,5,train
TCGA-DD-AAW3,5,train
TCGA-DE-A0XZ,5,train
TCGA-DE-A0Y2,5,train
TCGA-DE-A2OL,5,train
TCGA-DE-A4M8,5,train
TCGA-DE-A4M9,5,train
TCGA-DE-A4MA,5,train
TCGA-DE-A4MD,5,train
TCGA-DE-A69J,5,train
TCGA-DE-A69K,5,train
TCGA-DE-A7U5,5,train
TCGA-DF-A2KS,5,train
TCGA-DF-A2KU,5,train
TCGA-DF-A2KV,5,train
TCGA-DF-A2KZ,5,train
TCGA-DF-A2L0,5,train
TCGA-DG-A2KJ,5,train
TCGA-DG-A2KK,5,train
TCGA-DG-A2KL,5,train
TCGA-DG-A2KM,5,train
TCGA-DH-5140,5,train
TCGA-DH-5141,5,train
TCGA-DH-5142,5,train
TCGA-DH-5143,5,train
TCGA-DH-5144,5,train
TCGA-DH-A66B,5,train
TCGA-DH-A66D,5,train
TCGA-DH-A7UR,5,train
TCGA-DH-A7US,5,train
TCGA-DH-A7UT,5,train
TCGA-DH-A7UU,5,train
TCGA-DI-A0WH,5,train
TCGA-DI-A1BU,5,train
TCGA-DI-A1BY,5,train
TCGA-DI-A1C3,5,train
TCGA-DI-A2QT,5,train
TCGA-DI-A2QU,5,train
TCGA-DI-A2QY,5,train
TCGA-DJ-A13L,5,train
TCGA-DJ-A13M,5,train
TCGA-DJ-A13P,5,train
TCGA-DJ-A13R,5,train
TCGA-DJ-A13S,5,train
TCGA-DJ-A13T,5,train
TCGA-DJ-A13U,5,train
TCGA-DJ-A13V,5,train
TCGA-DJ-A13W,5,train
TCGA-DJ-A13X,5,train
TCGA-DJ-A1QD,5,train
TCGA-DJ-A1QE,5,train
TCGA-DJ-A1QF,5,train
TCGA-DJ-A1QH,5,train
TCGA-DJ-A1QL,5,train
TCGA-DJ-A1QN,5,train
TCGA-DJ-A1QO,5,train
TCGA-DJ-A2PN,5,train
TCGA-DJ-A2PO,5,train
TCGA-DJ-A2PP,5,train
TCGA-DJ-A2PQ,5,train
TCGA-DJ-A2PR,5,train
TCGA-DJ-A2PS,5,train
TCGA-DJ-A2PT,5,train
TCGA-DJ-A2PV,5,train
TCGA-DJ-A2PW,5,train
TCGA-DJ-A2PX,5,train
TCGA-DJ-A2PY,5,train
TCGA-DJ-A2PZ,5,train
TCGA-DJ-A2Q0,5,train
TCGA-DJ-A2Q1,5,train
TCGA-DJ-A2Q2,5,train
TCGA-DJ-A2Q3,5,train
TCGA-DJ-A2Q4,5,train
TCGA-DJ-A2Q5,5,train
TCGA-DJ-A2Q6,5,train
TCGA-DJ-A2Q8,5,train
TCGA-DJ-A2QB,5,train
TCGA-DJ-A2QC,5,train
TCGA-DJ-A3UM,5,train
TCGA-DJ-A3UO,5,train
TCGA-DJ-A3UP,5,train
TCGA-DJ-A3UQ,5,train
TCGA-DJ-A3UR,5,train
TCGA-DJ-A3US,5,train
TCGA-DJ-A3UT,5,train
TCGA-DJ-A3UU,5,train
TCGA-DJ-A3UV,5,train
TCGA-DJ-A3UW,5,train
TCGA-DJ-A3V0,5,train
TCGA-DJ-A3V2,5,train
TCGA-DJ-A3V3,5,train
TCGA-DJ-A3V4,5,train
TCGA-DJ-A3V6,5,train
TCGA-DJ-A3V7,5,train
TCGA-DJ-A3V9,5,train
TCGA-DJ-A3VA,5,train
TCGA-DJ-A3VB,5,train
TCGA-DJ-A3VD,5,train
TCGA-DJ-A3VE,5,train
TCGA-DJ-A3VF,5,train
TCGA-DJ-A3VG,5,train
TCGA-DJ-A3VI,5,train
TCGA-DJ-A3VJ,5,train
TCGA-DJ-A3VK,5,train
TCGA-DJ-A3VL,5,train
TCGA-DJ-A3VM,5,train
TCGA-DJ-A4UL,5,train
TCGA-DJ-A4UP,5,train
TCGA-DJ-A4UQ,5,train
TCGA-DJ-A4UT,5,train
TCGA-DJ-A4UW,5,train
TCGA-DJ-A4V0,5,train
TCGA-DJ-A4V2,5,train
TCGA-DJ-A4V4,5,train
TCGA-DJ-A4V5,5,train
TCGA-DK-A1A5,5,train
TCGA-DK-A1A7,5,train
TCGA-DK-A1AB,5,train
TCGA-DK-A1AC,5,train
TCGA-DK-A1AE,5,train
TCGA-DK-A1AF,5,train
TCGA-DK-A2HX,5,train
TCGA-DK-A2I1,5,train
TCGA-DK-A2I2,5,train
TCGA-DK-A2I6,5,train
TCGA-DK-A3IK,5,train
TCGA-DK-A3IM,5,train
TCGA-DK-A3IN,5,train
TCGA-DK-A3IQ,5,train
TCGA-DK-A3IS,5,train
TCGA-DK-A3IT,5,train
TCGA-DK-A3IU,5,train
TCGA-DK-A3WW,5,train
TCGA-DK-A3WX,5,train
TCGA-DK-A3X1,5,train
TCGA-DK-A3X2,5,train
TCGA-DK-A6AV,5,train
TCGA-DK-A6AW,5,train
TCGA-DK-A6B0,5,train
TCGA-DK-A6B1,5,train
TCGA-DK-A6B2,5,train
TCGA-DK-A6B5,5,train
TCGA-DK-A6B6,5,train
TCGA-DM-A0X9,5,train
TCGA-DM-A0XF,5,train
TCGA-DM-A1D6,5,train
TCGA-DM-A1D9,5,train
TCGA-DM-A1DB,5,train
TCGA-DO-A1JZ,5,train
TCGA-DO-A2HM,5,train
TCGA-DQ-5624,5,train
TCGA-DQ-5625,5,train
TCGA-DQ-5629,5,train
TCGA-DQ-5630,5,train
TCGA-DQ-7588,5,train
TCGA-DQ-7589,5,train
TCGA-DQ-7590,5,train
TCGA-DQ-7593,5,train
TCGA-DQ-7594,5,train
TCGA-DQ-7596,5,train
TCGA-DR-A0ZL,5,train
TCGA-DR-A0ZM,5,train
TCGA-DS-A0VK,5,train
TCGA-DS-A0VM,5,train
TCGA-DS-A0VN,5,train
TCGA-DS-A7WI,5,train
TCGA-DU-5847,5,train
TCGA-DU-5852,5,train
TCGA-DU-5853,5,train
TCGA-DU-5854,5,train
TCGA-DU-5855,5,train
TCGA-DU-5870,5,train
TCGA-DU-5872,5,train
TCGA-DU-5874,5,train
TCGA-DU-6392,5,train
TCGA-DU-6393,5,train
TCGA-DU-6395,5,train
TCGA-DU-6397,5,train
TCGA-DU-6399,5,train
TCGA-DU-6400,5,train
TCGA-DU-6401,5,train
TCGA-DU-6402,5,train
TCGA-DU-6403,5,train
TCGA-DU-6404,5,train
TCGA-DU-6408,5,train
TCGA-DU-7008,5,train
TCGA-DU-7009,5,train
TCGA-DU-7011,5,train
TCGA-DU-7012,5,train
TCGA-DU-7013,5,train
TCGA-DU-7014,5,train
TCGA-DU-7015,5,train
TCGA-DU-7018,5,train
TCGA-DU-7019,5,train
TCGA-DU-7290,5,train
TCGA-DU-7294,5,train
TCGA-DU-7299,5,train
TCGA-DU-7300,5,train
TCGA-DU-7302,5,train
TCGA-DU-7304,5,train
TCGA-DU-7306,5,train
TCGA-DU-8162,5,train
TCGA-DU-8163,5,train
TCGA-DU-8164,5,train
TCGA-DU-8165,5,train
TCGA-DU-8168,5,train
TCGA-DU-A5TR,5,train
TCGA-DU-A5TS,5,train
TCGA-DU-A5TT,5,train
TCGA-DU-A5TU,5,train
TCGA-DU-A5TW,5,train
TCGA-DU-A5TY,5,train
TCGA-DU-A6S3,5,train
TCGA-DU-A6S6,5,train
TCGA-DU-A6S7,5,train
TCGA-DU-A76L,5,train
TCGA-DU-A76O,5,train
TCGA-DU-A76R,5,train
TCGA-DU-A7T8,5,train
TCGA-DU-A7TA,5,train
TCGA-DU-A7TC,5,train
TCGA-DU-A7TD,5,train
TCGA-DU-A7TG,5,train
TCGA-DU-A7TJ,5,train
TCGA-DV-5565,5,train
TCGA-DV-5568,5,train
TCGA-DV-5569,5,train
TCGA-DV-5573,5,train
TCGA-DV-5574,5,train
TCGA-DV-5575,5,train
TCGA-DV-A4VZ,5,train
TCGA-DV-A4W0,5,train
TCGA-DW-5560,5,train
TCGA-DW-5561,5,train
TCGA-DW-7836,5,train
TCGA-DW-7837,5,train
TCGA-DW-7838,5,train
TCGA-DW-7839,5,train
TCGA-DW-7840,5,train
TCGA-DW-7841,5,train
TCGA-DW-7842,5,train
TCGA-DW-7963,5,train
TCGA-DX-A1KX,5,train
TCGA-DX-A1KZ,5,train
TCGA-DX-A1L0,5,train
TCGA-DX-A1L4,5,train
TCGA-DX-A23R,5,train
TCGA-DX-A23T,5,train
TCGA-DX-A23Z,5,train
TCGA-DX-A240,5,train
TCGA-DX-A2IZ,5,train
TCGA-DX-A2J1,5,train
TCGA-DX-A3LS,5,train
TCGA-DX-A3LT,5,train
TCGA-DX-A3LY,5,train
TCGA-DX-A3M1,5,train
TCGA-DX-A3M2,5,train
TCGA-DX-A3U9,5,train
TCGA-DX-A3UB,5,train
TCGA-DX-A3UC,5,train
TCGA-DX-A3UD,5,train
TCGA-DX-A3UE,5,train
TCGA-DX-A48J,5,train
TCGA-DX-A48L,5,train
TCGA-DX-A48P,5,train
TCGA-DX-A6B7,5,train
TCGA-DX-A6B9,5,train
TCGA-DX-A6BA,5,train
TCGA-DX-A6BE,5,train
TCGA-DX-A6BF,5,train
TCGA-DX-A6BH,5,train
TCGA-DX-A6BK,5,train
TCGA-DX-A6YR,5,train
TCGA-DX-A6YT,5,train
TCGA-DX-A6YX,5,train
TCGA-DX-A6Z0,5,train
TCGA-DX-A6Z2,5,train
TCGA-DX-A7EI,5,train
TCGA-DX-A7EL,5,train
TCGA-DX-A7EM,5,train
TCGA-DX-A7EN,5,train
TCGA-DX-A7EO,5,train
TCGA-DX-A7EQ,5,train
TCGA-DX-A7ER,5,train
TCGA-DX-A7ES,5,train
TCGA-DX-A7EU,5,train
TCGA-DX-A8BG,5,train
TCGA-DX-A8BJ,5,train
TCGA-DX-A8BL,5,train
TCGA-DX-A8BM,5,train
TCGA-DX-A8BO,5,train
TCGA-DX-A8BP,5,train
TCGA-DX-A8BR,5,train
TCGA-DX-A8BS,5,train
TCGA-DX-A8BT,5,train
TCGA-DX-A8BU,5,train
TCGA-DX-A8BX,5,train
TCGA-DX-A8BZ,5,train
TCGA-DX-AB2G,5,train
TCGA-DX-AB2H,5,train
TCGA-DX-AB2L,5,train
TCGA-DX-AB2Q,5,train
TCGA-DX-AB2S,5,train
TCGA-DX-AB2T,5,train
TCGA-DX-AB2W,5,train
TCGA-DX-AB2X,5,train
TCGA-DX-AB32,5,train
TCGA-DX-AB36,5,train
TCGA-DX-AB37,5,train
TCGA-DX-AB3B,5,train
TCGA-DX-AB3C,5,train
TCGA-DY-A0XA,5,train
TCGA-DY-A1DD,5,train
TCGA-E1-A7YD,5,train
TCGA-E1-A7YH,5,train
TCGA-E1-A7YJ,5,train
TCGA-E1-A7YK,5,train
TCGA-E1-A7YL,5,train
TCGA-E1-A7YM,5,train
TCGA-E1-A7YN,5,train
TCGA-E1-A7YO,5,train
TCGA-E1-A7YS,5,train
TCGA-E1-A7YU,5,train
TCGA-E1-A7YV,5,train
TCGA-E1-A7YW,5,train
TCGA-E1-A7YY,5,train
TCGA-E1-A7Z2,5,train
TCGA-E1-A7Z3,5,train
TCGA-E1-A7Z6,5,train
TCGA-E2-A105,5,train
TCGA-E2-A107,5,train
TCGA-E2-A108,5,train
TCGA-E2-A10A,5,train
TCGA-E2-A10B,5,train
TCGA-E2-A10C,5,train
TCGA-E2-A10E,5,train
TCGA-E2-A10F,5,train
TCGA-E2-A14N,5,train
TCGA-E2-A14P,5,train
TCGA-E2-A14Q,5,train
TCGA-E2-A14R,5,train
TCGA-E2-A14S,5,train
TCGA-E2-A14T,5,train
TCGA-E2-A14U,5,train
TCGA-E2-A14V,5,train
TCGA-E2-A14W,5,train
TCGA-E2-A14Y,5,train
TCGA-E2-A14Z,5,train
TCGA-E2-A152,5,train
TCGA-E2-A155,5,train
TCGA-E2-A159,5,train
TCGA-E2-A15A,5,train
TCGA-E2-A15C,5,train
TCGA-E2-A15D,5,train
TCGA-E2-A15F,5,train
TCGA-E2-A15G,5,train
TCGA-E2-A15H,5,train
TCGA-E2-A15I,5,train
TCGA-E2-A15J,5,train
TCGA-E2-A15K,5,train
TCGA-E2-A15L,5,train
TCGA-E2-A15M,5,train
TCGA-E2-A15O,5,train
TCGA-E2-A15P,5,train
TCGA-E2-A15R,5,train
TCGA-E2-A15S,5,train
TCGA-E2-A15T,5,train
TCGA-E2-A1B1,5,train
TCGA-E2-A1B4,5,train
TCGA-E2-A1B5,5,train
TCGA-E2-A1B6,5,train
TCGA-E2-A1BC,5,train
TCGA-E2-A1BD,5,train
TCGA-E2-A1IE,5,train
TCGA-E2-A1IH,5,train
TCGA-E2-A1II,5,train
TCGA-E2-A1IJ,5,train
TCGA-E2-A1IL,5,train
TCGA-E2-A1IN,5,train
TCGA-E2-A1IO,5,train
TCGA-E2-A1L6,5,train
TCGA-E2-A1L7,5,train
TCGA-E2-A1LA,5,train
TCGA-E2-A2P5,5,train
TCGA-E2-A2P6,5,train
TCGA-E2-A3DX,5,train
TCGA-E2-A56Z,5,train
TCGA-E2-A570,5,train
TCGA-E2-A572,5,train
TCGA-E2-A573,5,train
TCGA-E3-A3DY,5,train
TCGA-E3-A3DZ,5,train
TCGA-E3-A3E1,5,train
TCGA-E3-A3E2,5,train
TCGA-E3-A3E3,5,train
TCGA-E3-A3E5,5,train
TCGA-E5-A2PC,5,train
TCGA-E5-A4TZ,5,train
TCGA-E5-A4U1,5,train
TCGA-E6-A1LX,5,train
TCGA-E6-A1LZ,5,train
TCGA-E6-A2P8,5,train
TCGA-E7-A3X6,5,train
TCGA-E7-A3Y1,5,train
TCGA-E7-A4IJ,5,train
TCGA-E7-A4XJ,5,train
TCGA-E7-A519,5,train
TCGA-E7-A5KE,5,train
TCGA-E7-A5KF,5,train
TCGA-E7-A677,5,train
TCGA-E7-A678,5,train
TCGA-E7-A6MD,5,train
TCGA-E7-A6ME,5,train
TCGA-E7-A6MF,5,train
TCGA-E7-A7DU,5,train
TCGA-E7-A7PW,5,train
TCGA-E7-A85H,5,train
TCGA-E7-A8O7,5,train
TCGA-E7-A97P,5,train
TCGA-E7-A97Q,5,train
TCGA-E8-A242,5,train
TCGA-E8-A2EA,5,train
TCGA-E8-A3X7,5,train
TCGA-E8-A414,5,train
TCGA-E8-A415,5,train
TCGA-E8-A418,5,train
TCGA-E8-A419,5,train
TCGA-E8-A433,5,train
TCGA-E8-A436,5,train
TCGA-E8-A437,5,train
TCGA-E8-A438,5,train
TCGA-E8-A44K,5,train
TCGA-E8-A44M,5,train
TCGA-E9-A1N3,5,train
TCGA-E9-A1N5,5,train
TCGA-E9-A1N6,5,train
TCGA-E9-A1N9,5,train
TCGA-E9-A1NA,5,train
TCGA-E9-A1NC,5,train
TCGA-E9-A1ND,5,train
TCGA-E9-A1NE,5,train
TCGA-E9-A1NF,5,train
TCGA-E9-A1NG,5,train
TCGA-E9-A1NI,5,train
TCGA-E9-A1QZ,5,train
TCGA-E9-A1R0,5,train
TCGA-E9-A1R2,5,train
TCGA-E9-A1R4,5,train
TCGA-E9-A1R6,5,train
TCGA-E9-A1RA,5,train
TCGA-E9-A1RB,5,train
TCGA-E9-A1RC,5,train
TCGA-E9-A1RE,5,train
TCGA-E9-A1RF,5,train
TCGA-E9-A1RG,5,train
TCGA-E9-A1RH,5,train
TCGA-E9-A1RI,5,train
TCGA-E9-A226,5,train
TCGA-E9-A227,5,train
TCGA-E9-A228,5,train
TCGA-E9-A229,5,train
TCGA-E9-A22A,5,train
TCGA-E9-A22D,5,train
TCGA-E9-A22E,5,train
TCGA-E9-A22G,5,train
TCGA-E9-A22H,5,train
TCGA-E9-A243,5,train
TCGA-E9-A244,5,train
TCGA-E9-A245,5,train
TCGA-E9-A247,5,train
TCGA-E9-A248,5,train
TCGA-E9-A249,5,train
TCGA-E9-A2JS,5,train
TCGA-E9-A3HO,5,train
TCGA-E9-A3QA,5,train
TCGA-E9-A3X8,5,train
TCGA-E9-A54Y,5,train
TCGA-E9-A5FK,5,train
TCGA-E9-A5FL,5,train
TCGA-E9-A5UO,5,train
TCGA-E9-A5UP,5,train
TCGA-E9-A6HE,5,train
TCGA-EA-A1QS,5,train
TCGA-EA-A1QT,5,train
TCGA-EA-A3HQ,5,train
TCGA-EA-A3HR,5,train
TCGA-EA-A3HS,5,train
TCGA-EA-A3HT,5,train
TCGA-EA-A3HU,5,train
TCGA-EA-A3QD,5,train
TCGA-EA-A3QE,5,train
TCGA-EA-A3Y4,5,train
TCGA-EA-A411,5,train
TCGA-EA-A439,5,train
TCGA-EA-A43B,5,train
TCGA-EA-A44S,5,train
TCGA-EA-A4BA,5,train
TCGA-EA-A50E,5,train
TCGA-EA-A556,5,train
TCGA-EA-A5FO,5,train
TCGA-EA-A5O9,5,train
TCGA-EA-A5ZD,5,train
TCGA-EA-A5ZE,5,train
TCGA-EA-A6QX,5,train
TCGA-EA-A78R,5,train
TCGA-EA-A97N,5,train
TCGA-EB-A24C,5,train
TCGA-EB-A24D,5,train
TCGA-EB-A299,5,train
TCGA-EB-A3XB,5,train
TCGA-EB-A3XC,5,train
TCGA-EB-A3XE,5,train
TCGA-EB-A3XF,5,train
TCGA-EB-A3Y6,5,train
TCGA-EB-A3Y7,5,train
TCGA-EB-A41A,5,train
TCGA-EB-A41B,5,train
TCGA-EB-A430,5,train
TCGA-EB-A431,5,train
TCGA-EB-A44N,5,train
TCGA-EB-A44O,5,train
TCGA-EB-A44P,5,train
TCGA-EB-A4OY,5,train
TCGA-EB-A4OZ,5,train
TCGA-EB-A4P0,5,train
TCGA-EB-A4XL,5,train
TCGA-EB-A51B,5,train
TCGA-EB-A550,5,train
TCGA-EB-A553,5,train
TCGA-EB-A57M,5,train
TCGA-EB-A5FP,5,train
TCGA-EB-A5SE,5,train
TCGA-EB-A5SF,5,train
TCGA-EB-A5UM,5,train
TCGA-EB-A5VU,5,train
TCGA-EB-A6QZ,5,train
TCGA-EB-A6R0,5,train
TCGA-EB-A82B,5,train
TCGA-EB-A82C,5,train
TCGA-EB-A85I,5,train
TCGA-EB-A85J,5,train
TCGA-EB-A97M,5,train
TCGA-EC-A1QX,5,train
TCGA-EC-A24G,5,train
TCGA-ED-A459,5,train
TCGA-ED-A4XI,5,train
TCGA-ED-A5KG,5,train
TCGA-ED-A627,5,train
TCGA-ED-A66X,5,train
TCGA-ED-A66Y,5,train
TCGA-ED-A7PX,5,train
TCGA-ED-A7PZ,5,train
TCGA-ED-A7XO,5,train
TCGA-ED-A7XP,5,train
TCGA-ED-A82E,5,train
TCGA-ED-A8O5,5,train
TCGA-ED-A8O6,5,train
TCGA-EF-5830,5,train
TCGA-EI-6506,5,train
TCGA-EI-6507,5,train
TCGA-EI-6508,5,train
TCGA-EI-6509,5,train
TCGA-EI-6510,5,train
TCGA-EI-6511,5,train
TCGA-EI-6512,5,train
TCGA-EI-6513,5,train
TCGA-EI-6883,5,train
TCGA-EI-6917,5,train
TCGA-EI-7002,5,train
TCGA-EJ-5494,5,train
TCGA-EJ-5495,5,train
TCGA-EJ-5496,5,train
TCGA-EJ-5497,5,train
TCGA-EJ-5498,5,train
TCGA-EJ-5499,5,train
TCGA-EJ-5501,5,train
TCGA-EJ-5503,5,train
TCGA-EJ-5504,5,train
TCGA-EJ-5505,5,train
TCGA-EJ-5506,5,train
TCGA-EJ-5507,5,train
TCGA-EJ-5508,5,train
TCGA-EJ-5509,5,train
TCGA-EJ-5511,5,train
TCGA-EJ-5512,5,train
TCGA-EJ-5514,5,train
TCGA-EJ-5515,5,train
TCGA-EJ-5517,5,train
TCGA-EJ-5518,5,train
TCGA-EJ-5519,5,train
TCGA-EJ-5521,5,train
TCGA-EJ-5522,5,train
TCGA-EJ-5525,5,train
TCGA-EJ-5526,5,train
TCGA-EJ-5527,5,train
TCGA-EJ-5531,5,train
TCGA-EJ-5532,5,train
TCGA-EJ-5542,5,train
TCGA-EJ-7115,5,train
TCGA-EJ-7123,5,train
TCGA-EJ-7314,5,train
TCGA-EJ-7315,5,train
TCGA-EJ-7321,5,train
TCGA-EJ-7782,5,train
TCGA-EJ-7783,5,train
TCGA-EJ-7784,5,train
TCGA-EJ-7785,5,train
TCGA-EJ-7788,5,train
TCGA-EJ-7789,5,train
TCGA-EJ-7794,5,train
TCGA-EJ-7797,5,train
TCGA-EJ-A46B,5,train
TCGA-EJ-A46D,5,train
TCGA-EJ-A46F,5,train
TCGA-EJ-A46I,5,train
TCGA-EL-A3CM,5,train
TCGA-EL-A3CN,5,train
TCGA-EL-A3CO,5,train
TCGA-EL-A3CR,5,train
TCGA-EL-A3CS,5,train
TCGA-EL-A3CU,5,train
TCGA-EL-A3CV,5,train
TCGA-EL-A3CX,5,train
TCGA-EL-A3CY,5,train
TCGA-EL-A3CZ,5,train
TCGA-EL-A3D0,5,train
TCGA-EL-A3D5,5,train
TCGA-EL-A3GO,5,train
TCGA-EL-A3GS,5,train
TCGA-EL-A3GU,5,train
TCGA-EL-A3H3,5,train
TCGA-EL-A3H4,5,train
TCGA-EL-A3H7,5,train
TCGA-EL-A3MW,5,train
TCGA-EL-A3MX,5,train
TCGA-EL-A3MZ,5,train
TCGA-EL-A3N2,5,train
TCGA-EL-A3T1,5,train
TCGA-EL-A3T2,5,train
TCGA-EL-A3T3,5,train
TCGA-EL-A3T7,5,train
TCGA-EL-A3TA,5,train
TCGA-EL-A3ZG,5,train
TCGA-EL-A3ZH,5,train
TCGA-EL-A3ZN,5,train
TCGA-EL-A3ZP,5,train
TCGA-EL-A3ZQ,5,train
TCGA-EL-A3ZR,5,train
TCGA-EL-A3ZS,5,train
TCGA-EL-A3ZT,5,train
TCGA-EL-A4JV,5,train
TCGA-EL-A4JW,5,train
TCGA-EL-A4JX,5,train
TCGA-EL-A4JZ,5,train
TCGA-EL-A4K0,5,train
TCGA-EL-A4K1,5,train
TCGA-EL-A4K2,5,train
TCGA-EL-A4K4,5,train
TCGA-EL-A4KD,5,train
TCGA-EM-A1CS,5,train
TCGA-EM-A1CT,5,train
TCGA-EM-A1CU,5,train
TCGA-EM-A1CV,5,train
TCGA-EM-A1CW,5,train
TCGA-EM-A1YC,5,train
TCGA-EM-A1YD,5,train
TCGA-EM-A1YE,5,train
TCGA-EM-A22I,5,train
TCGA-EM-A22J,5,train
TCGA-EM-A22K,5,train
TCGA-EM-A22L,5,train
TCGA-EM-A22N,5,train
TCGA-EM-A2CJ,5,train
TCGA-EM-A2CK,5,train
TCGA-EM-A2CL,5,train
TCGA-EM-A2CM,5,train
TCGA-EM-A2CN,5,train
TCGA-EM-A2CQ,5,train
TCGA-EM-A2CR,5,train
TCGA-EM-A2CS,5,train
TCGA-EM-A2CT,5,train
TCGA-EM-A2OW,5,train
TCGA-EM-A2OY,5,train
TCGA-EM-A2OZ,5,train
TCGA-EM-A2P0,5,train
TCGA-EM-A2P2,5,train
TCGA-EM-A2P3,5,train
TCGA-EM-A3AI,5,train
TCGA-EM-A3AJ,5,train
TCGA-EM-A3AK,5,train
TCGA-EM-A3AL,5,train
TCGA-EM-A3AN,5,train
TCGA-EM-A3AO,5,train
TCGA-EM-A3AP,5,train
TCGA-EM-A3AQ,5,train
TCGA-EM-A3AR,5,train
TCGA-EM-A3FK,5,train
TCGA-EM-A3FM,5,train
TCGA-EM-A3FN,5,train
TCGA-EM-A3FO,5,train
TCGA-EM-A3FP,5,train
TCGA-EM-A3FQ,5,train
TCGA-EM-A3FR,5,train
TCGA-EM-A3O3,5,train
TCGA-EM-A3O6,5,train
TCGA-EM-A3O7,5,train
TCGA-EM-A3O8,5,train
TCGA-EM-A3OA,5,train
TCGA-EM-A3OB,5,train
TCGA-EM-A3SU,5,train
TCGA-EM-A3SX,5,train
TCGA-EM-A3SY,5,train
TCGA-EM-A3SZ,5,train
TCGA-EM-A4FF,5,train
TCGA-EM-A4FH,5,train
TCGA-EM-A4FM,5,train
TCGA-EM-A4FN,5,train
TCGA-EM-A4FO,5,train
TCGA-EM-A4FQ,5,train
TCGA-EM-A4FR,5,train
TCGA-EM-A4FU,5,train
TCGA-EM-A4G1,5,train
TCGA-EO-A1Y5,5,train
TCGA-EO-A22R,5,train
TCGA-EO-A22S,5,train
TCGA-EO-A22T,5,train
TCGA-EO-A22U,5,train
TCGA-EO-A22Y,5,train
TCGA-EO-A2CG,5,train
TCGA-EO-A2CH,5,train
TCGA-EO-A3AY,5,train
TCGA-EO-A3B0,5,train
TCGA-EO-A3KU,5,train
TCGA-EO-A3KW,5,train
TCGA-EO-A3KX,5,train
TCGA-EO-A3L0,5,train
TCGA-EP-A12J,5,train
TCGA-EP-A26S,5,train
TCGA-EP-A2KC,5,train
TCGA-EP-A3RK,5,train
TCGA-EQ-5647,5,train
TCGA-EQ-A4SO,5,train
TCGA-ER-A194,5,train
TCGA-ER-A196,5,train
TCGA-ER-A19T,5,train
TCGA-ER-A2NF,5,train
TCGA-ER-A42H,5,train
TCGA-ET-A25K,5,train
TCGA-ET-A25L,5,train
TCGA-ET-A25M,5,train
TCGA-ET-A25O,5,train
TCGA-ET-A25P,5,train
TCGA-ET-A25R,5,train
TCGA-ET-A2MX,5,train
TCGA-ET-A2MY,5,train
TCGA-ET-A2N5,5,train
TCGA-ET-A39I,5,train
TCGA-ET-A39J,5,train
TCGA-ET-A39K,5,train
TCGA-ET-A39M,5,train
TCGA-ET-A39N,5,train
TCGA-ET-A39P,5,train
TCGA-ET-A3BP,5,train
TCGA-ET-A3BQ,5,train
TCGA-ET-A3BS,5,train
TCGA-ET-A3BT,5,train
TCGA-ET-A3BV,5,train
TCGA-ET-A3BW,5,train
TCGA-ET-A3BX,5,train
TCGA-ET-A3DO,5,train
TCGA-ET-A3DP,5,train
TCGA-ET-A3DQ,5,train
TCGA-ET-A3DR,5,train
TCGA-ET-A3DS,5,train
TCGA-ET-A3DT,5,train
TCGA-ET-A3DU,5,train
TCGA-ET-A3DW,5,train
TCGA-ET-A40P,5,train
TCGA-ET-A40S,5,train
TCGA-ET-A4KN,5,train
TCGA-EU-5904,5,train
TCGA-EU-5906,5,train
TCGA-EU-5907,5,train
TCGA-EV-5901,5,train
TCGA-EV-5902,5,train
TCGA-EV-5903,5,train
TCGA-EW-A1IW,5,train
TCGA-EW-A1IX,5,train
TCGA-EW-A1IZ,5,train
TCGA-EW-A1J2,5,train
TCGA-EW-A1J3,5,train
TCGA-EW-A1J6,5,train
TCGA-EW-A1OV,5,train
TCGA-EW-A1OW,5,train
TCGA-EW-A1P3,5,train
TCGA-EW-A1P4,5,train
TCGA-EW-A1P5,5,train
TCGA-EW-A1P7,5,train
TCGA-EW-A1PB,5,train
TCGA-EW-A1PC,5,train
TCGA-EW-A1PE,5,train
TCGA-EW-A1PF,5,train
TCGA-EW-A1PG,5,train
TCGA-EW-A2FS,5,train
TCGA-EW-A2FW,5,train
TCGA-EW-A3E8,5,train
TCGA-EW-A3U0,5,train
TCGA-EW-A424,5,train
TCGA-EW-A6SA,5,train
TCGA-EW-A6SB,5,train
TCGA-EW-A6SC,5,train
TCGA-EX-A1H5,5,train
TCGA-EX-A1H6,5,train
TCGA-EX-A69L,5,train
TCGA-EX-A69M,5,train
TCGA-EY-A1G8,5,train
TCGA-EY-A1GC,5,train
TCGA-EY-A1GE,5,train
TCGA-EY-A1GF,5,train
TCGA-EY-A1GH,5,train
TCGA-EY-A1GI,5,train
TCGA-EY-A1GJ,5,train
TCGA-EY-A1GK,5,train
TCGA-EY-A1GM,5,train
TCGA-EY-A1GO,5,train
TCGA-EY-A1GQ,5,train
TCGA-EY-A1GR,5,train
TCGA-EY-A1GS,5,train
TCGA-EY-A1GT,5,train
TCGA-EY-A1GU,5,train
TCGA-EY-A1GV,5,train
TCGA-EY-A1GW,5,train
TCGA-EY-A1GX,5,train
TCGA-EY-A1H0,5,train
TCGA-EY-A210,5,train
TCGA-EY-A212,5,train
TCGA-EY-A214,5,train
TCGA-EY-A2OM,5,train
TCGA-EY-A3QX,5,train
TCGA-EY-A4KR,5,train
TCGA-EY-A5W2,5,train
TCGA-EZ-7264,5,train
TCGA-F1-6177,5,train
TCGA-F1-6874,5,train
TCGA-F1-A448,5,train
TCGA-F1-A72C,5,train
TCGA-F2-6879,5,train
TCGA-F2-6880,5,train
TCGA-F2-7273,5,train
TCGA-F2-A44G,5,train
TCGA-F2-A44H,5,train
TCGA-F4-6460,5,train
TCGA-F4-6463,5,train
TCGA-F4-6569,5,train
TCGA-F4-6703,5,train
TCGA-F4-6704,5,train
TCGA-F4-6805,5,train
TCGA-F4-6806,5,train
TCGA-F4-6807,5,train
TCGA-F4-6809,5,train
TCGA-F4-6854,5,train
TCGA-F4-6856,5,train
TCGA-F5-6464,5,train
TCGA-F5-6465,5,train
TCGA-F5-6571,5,train
TCGA-F5-6702,5,train
TCGA-F5-6811,5,train
TCGA-F5-6812,5,train
TCGA-F5-6861,5,train
TCGA-F5-6863,5,train
TCGA-F5-6864,5,train
TCGA-F6-A8O3,5,train
TCGA-F6-A8O4,5,train
TCGA-F7-7848,5,train
TCGA-F7-8298,5,train
TCGA-F7-8489,5,train
TCGA-F7-A50I,5,train
TCGA-F7-A50J,5,train
TCGA-F7-A61V,5,train
TCGA-F7-A61W,5,train
TCGA-F7-A620,5,train
TCGA-F7-A622,5,train
TCGA-F7-A623,5,train
TCGA-F7-A624,5,train
TCGA-F9-A4JJ,5,train
TCGA-F9-A7Q0,5,train
TCGA-F9-A7VF,5,train
TCGA-F9-A8NY,5,train
TCGA-FB-A4P5,5,train
TCGA-FB-A4P6,5,train
TCGA-FB-A5VM,5,train
TCGA-FB-A78T,5,train
TCGA-FB-A7DR,5,train
TCGA-FB-AAPP,5,train
TCGA-FB-AAPQ,5,train
TCGA-FB-AAPU,5,train
TCGA-FB-AAPY,5,train
TCGA-FB-AAPZ,5,train
TCGA-FB-AAQ0,5,train
TCGA-FB-AAQ1,5,train
TCGA-FB-AAQ2,5,train
TCGA-FB-AAQ3,5,train
TCGA-FC-7708,5,train
TCGA-FC-7961,5,train
TCGA-FC-A4JI,5,train
TCGA-FC-A5OB,5,train
TCGA-FC-A66V,5,train
TCGA-FC-A6HD,5,train
TCGA-FC-A8O0,5,train
TCGA-FD-A3B4,5,train
TCGA-FD-A3B5,5,train
TCGA-FD-A3B6,5,train
TCGA-FD-A3B8,5,train
TCGA-FD-A3N5,5,train
TCGA-FD-A3N6,5,train
TCGA-FD-A3NA,5,train
TCGA-FD-A3SJ,5,train
TCGA-FD-A3SL,5,train
TCGA-FD-A3SM,5,train
TCGA-FD-A3SN,5,train
TCGA-FD-A3SO,5,train
TCGA-FD-A3SP,5,train
TCGA-FD-A3SQ,5,train
TCGA-FD-A3SR,5,train
TCGA-FD-A3SS,5,train
TCGA-FD-A43P,5,train
TCGA-FD-A43U,5,train
TCGA-FD-A43X,5,train
TCGA-FD-A43Y,5,train
TCGA-FD-A5BR,5,train
TCGA-FD-A5BS,5,train
TCGA-FD-A5BT,5,train
TCGA-FD-A5BU,5,train
TCGA-FD-A5BV,5,train
TCGA-FD-A5BY,5,train
TCGA-FD-A5BZ,5,train
TCGA-FD-A5C0,5,train
TCGA-FD-A5C1,5,train
TCGA-FD-A62N,5,train
TCGA-FD-A62O,5,train
TCGA-FD-A62P,5,train
TCGA-FD-A62S,5,train
TCGA-FD-A6TA,5,train
TCGA-FD-A6TB,5,train
TCGA-FD-A6TD,5,train
TCGA-FD-A6TE,5,train
TCGA-FD-A6TF,5,train
TCGA-FD-A6TG,5,train
TCGA-FD-A6TH,5,train
TCGA-FD-A6TI,5,train
TCGA-FD-A6TK,5,train
TCGA-FE-A22Z,5,train
TCGA-FE-A230,5,train
TCGA-FE-A231,5,train
TCGA-FE-A232,5,train
TCGA-FE-A234,5,train
TCGA-FE-A235,5,train
TCGA-FE-A236,5,train
TCGA-FE-A237,5,train
TCGA-FE-A238,5,train
TCGA-FE-A3PA,5,train
TCGA-FE-A3PB,5,train
TCGA-FE-A3PC,5,train
TCGA-FG-5962,5,train
TCGA-FG-5965,5,train
TCGA-FG-6689,5,train
TCGA-FG-6690,5,train
TCGA-FG-6691,5,train
TCGA-FG-7638,5,train
TCGA-FG-8181,5,train
TCGA-FG-8182,5,train
TCGA-FG-8185,5,train
TCGA-FG-8187,5,train
TCGA-FG-8191,5,train
TCGA-FG-A4MU,5,train
TCGA-FG-A4MX,5,train
TCGA-FG-A4MY,5,train
TCGA-FG-A60J,5,train
TCGA-FG-A60K,5,train
TCGA-FG-A60L,5,train
TCGA-FG-A6IZ,5,train
TCGA-FG-A6J3,5,train
TCGA-FG-A70Y,5,train
TCGA-FG-A70Z,5,train
TCGA-FG-A711,5,train
TCGA-FG-A87N,5,train
TCGA-FG-A87Q,5,train
TCGA-FI-A2CX,5,train
TCGA-FI-A2D0,5,train
TCGA-FI-A2D2,5,train
TCGA-FI-A2D4,5,train
TCGA-FI-A2D6,5,train
TCGA-FI-A2EU,5,train
TCGA-FI-A2EW,5,train
TCGA-FI-A2EX,5,train
TCGA-FI-A2EY,5,train
TCGA-FI-A2F4,5,train
TCGA-FI-A2F8,5,train
TCGA-FI-A2F9,5,train
TCGA-FI-A3PV,5,train
TCGA-FI-A3PX,5,train
TCGA-FJ-A3Z9,5,train
TCGA-FJ-A3ZE,5,train
TCGA-FJ-A3ZF,5,train
TCGA-FJ-A871,5,train
TCGA-FK-A3SB,5,train
TCGA-FK-A3SE,5,train
TCGA-FK-A3SG,5,train
TCGA-FP-7735,5,train
TCGA-FP-7829,5,train
TCGA-FP-7998,5,train
TCGA-FP-8099,5,train
TCGA-FP-8209,5,train
TCGA-FP-8210,5,train
TCGA-FP-A4BE,5,train
TCGA-FP-A8CX,5,train
TCGA-FP-A9TM,5,train
TCGA-FR-A2OS,5,train
TCGA-FR-A3R1,5,train
TCGA-FR-A726,5,train
TCGA-FR-A728,5,train
TCGA-FS-A1ZN,5,train
TCGA-FT-A61P,5,train
TCGA-FU-A23K,5,train
TCGA-FU-A23L,5,train
TCGA-FU-A2QG,5,train
TCGA-FU-A3HY,5,train
TCGA-FU-A3HZ,5,train
TCGA-FU-A3NI,5,train
TCGA-FU-A3TQ,5,train
TCGA-FU-A3TX,5,train
TCGA-FU-A3WB,5,train
TCGA-FU-A3YQ,5,train
TCGA-FU-A5XV,5,train
TCGA-FV-A2QQ,5,train
TCGA-FV-A3I1,5,train
TCGA-FV-A3R3,5,train
TCGA-FV-A495,5,train
TCGA-FV-A496,5,train
TCGA-FX-A2QS,5,train
TCGA-FX-A3NJ,5,train
TCGA-FX-A3RE,5,train
TCGA-FX-A3TO,5,train
TCGA-FX-A48G,5,train
TCGA-FX-A76Y,5,train
TCGA-FX-A8OO,5,train
TCGA-FY-A2QD,5,train
TCGA-FY-A3BL,5,train
TCGA-FY-A3I4,5,train
TCGA-FY-A3I5,5,train
TCGA-FY-A3NM,5,train
TCGA-FY-A3NN,5,train
TCGA-FY-A3NP,5,train
TCGA-FY-A3ON,5,train
TCGA-FY-A3R8,5,train
TCGA-FY-A3RA,5,train
TCGA-FY-A3W9,5,train
TCGA-FY-A3WA,5,train
TCGA-FY-A40K,5,train
TCGA-FY-A40L,5,train
TCGA-FY-A40M,5,train
TCGA-FY-A40N,5,train
TCGA-FY-A4B0,5,train
TCGA-FY-A4B3,5,train
TCGA-FY-A4B4,5,train
TCGA-FY-A76V,5,train
TCGA-FZ-5919,5,train
TCGA-FZ-5920,5,train
TCGA-FZ-5923,5,train
TCGA-FZ-5924,5,train
TCGA-G2-A2EC,5,train
TCGA-G2-A2EK,5,train
TCGA-G2-A2EL,5,train
TCGA-G2-A2ES,5,train
TCGA-G2-A3IB,5,train
TCGA-G2-A3IE,5,train
TCGA-G2-A3VY,5,train
TCGA-G2-AA3B,5,train
TCGA-G2-AA3C,5,train
TCGA-G2-AA3D,5,train
TCGA-G2-AA3F,5,train
TCGA-G3-A25S,5,train
TCGA-G3-A25T,5,train
TCGA-G3-A25Y,5,train
TCGA-G3-A25Z,5,train
TCGA-G3-A3CI,5,train
TCGA-G3-A5SI,5,train
TCGA-G3-A5SJ,5,train
TCGA-G3-A5SM,5,train
TCGA-G3-A7M5,5,train
TCGA-G3-A7M6,5,train
TCGA-G3-A7M7,5,train
TCGA-G3-AAV0,5,train
TCGA-G3-AAV1,5,train
TCGA-G3-AAV2,5,train
TCGA-G3-AAV3,5,train
TCGA-G3-AAV4,5,train
TCGA-G3-AAV6,5,train
TCGA-G3-AAV7,5,train
TCGA-G4-6302,5,train
TCGA-G4-6303,5,train
TCGA-G4-6306,5,train
TCGA-G4-6315,5,train
TCGA-G4-6320,5,train
TCGA-G4-6588,5,train
TCGA-G4-6626,5,train
TCGA-G4-6627,5,train
TCGA-G5-6641,5,train
TCGA-G6-A8L7,5,train
TCGA-G7-6789,5,train
TCGA-G7-6790,5,train
TCGA-G7-6792,5,train
TCGA-G7-6793,5,train
TCGA-G7-6795,5,train
TCGA-G7-6796,5,train
TCGA-G7-A8LB,5,train
TCGA-G7-A8LD,5,train
TCGA-G7-A8LE,5,train
TCGA-G9-6329,5,train
TCGA-G9-6338,5,train
TCGA-G9-6339,5,train
TCGA-G9-6343,5,train
TCGA-G9-6348,5,train
TCGA-G9-6351,5,train
TCGA-G9-6356,5,train
TCGA-G9-6361,5,train
TCGA-G9-6362,5,train
TCGA-G9-6364,5,train
TCGA-G9-6365,5,train
TCGA-G9-6370,5,train
TCGA-G9-6494,5,train
TCGA-G9-6498,5,train
TCGA-G9-6499,5,train
TCGA-G9-7509,5,train
TCGA-G9-7510,5,train
TCGA-G9-7522,5,train
TCGA-G9-7525,5,train
TCGA-GC-A3BM,5,train
TCGA-GC-A3I6,5,train
TCGA-GC-A3OO,5,train
TCGA-GC-A3RB,5,train
TCGA-GC-A3RD,5,train
TCGA-GC-A3WC,5,train
TCGA-GC-A4ZW,5,train
TCGA-GC-A6I1,5,train
TCGA-GC-A6I3,5,train
TCGA-GD-A3OP,5,train
TCGA-GD-A3OQ,5,train
TCGA-GD-A3OS,5,train
TCGA-GD-A6C6,5,train
TCGA-GD-A76B,5,train
TCGA-GE-A2C6,5,train
TCGA-GF-A2C7,5,train
TCGA-GF-A769,5,train
TCGA-GH-A9DA,5,train
TCGA-GJ-A3OU,5,train
TCGA-GJ-A6C0,5,train
TCGA-GJ-A9DB,5,train
TCGA-GK-A6C7,5,train
TCGA-GL-7966,5,train
TCGA-GL-A4EM,5,train
TCGA-GL-A59R,5,train
TCGA-GL-A59T,5,train
TCGA-GL-A9DC,5,train
TCGA-GL-A9DD,5,train
TCGA-GL-A9DE,5,train
TCGA-GM-A2DB,5,train
TCGA-GM-A2DH,5,train
TCGA-GM-A2DK,5,train
TCGA-GM-A2DN,5,train
TCGA-GM-A2DO,5,train
TCGA-GM-A3NW,5,train
TCGA-GM-A3NY,5,train
TCGA-GM-A3XN,5,train
TCGA-GN-A269,5,train
TCGA-GN-A26C,5,train
TCGA-GN-A4U5,5,train
TCGA-GU-A762,5,train
TCGA-GU-A763,5,train
TCGA-GU-A764,5,train
TCGA-GU-A766,5,train
TCGA-GU-A767,5,train
TCGA-GU-AATP,5,train
TCGA-GU-AATQ,5,train
TCGA-GV-A3JV,5,train
TCGA-GV-A3JW,5,train
TCGA-GV-A3JZ,5,train
TCGA-GV-A3QF,5,train
TCGA-GV-A3QG,5,train
TCGA-GV-A3QH,5,train
TCGA-GV-A40E,5,train
TCGA-GV-A40G,5,train
TCGA-GV-A6ZA,5,train
TCGA-H2-A2K9,5,train
TCGA-H2-A3RI,5,train
TCGA-H2-A421,5,train
TCGA-H2-A422,5,train
TCGA-H4-A2HO,5,train
TCGA-H5-A2HR,5,train
TCGA-H6-A45N,5,train
TCGA-H7-A6C5,5,train
TCGA-H7-A76A,5,train
TCGA-H9-7775,5,train
TCGA-H9-A6BX,5,train
TCGA-H9-A6BY,5,train
TCGA-HB-A2OT,5,train
TCGA-HB-A5W3,5,train
TCGA-HC-7075,5,train
TCGA-HC-7077,5,train
TCGA-HC-7079,5,train
TCGA-HC-7209,5,train
TCGA-HC-7210,5,train
TCGA-HC-7212,5,train
TCGA-HC-7213,5,train
TCGA-HC-7231,5,train
TCGA-HC-7232,5,train
TCGA-HC-7233,5,train
TCGA-HC-7736,5,train
TCGA-HC-7740,5,train
TCGA-HC-7742,5,train
TCGA-HC-7745,5,train
TCGA-HC-7747,5,train
TCGA-HC-7748,5,train
TCGA-HC-7749,5,train
TCGA-HC-7750,5,train
TCGA-HC-7752,5,train
TCGA-HC-7817,5,train
TCGA-HC-7818,5,train
TCGA-HC-7821,5,train
TCGA-HC-8213,5,train
TCGA-HC-8256,5,train
TCGA-HC-8257,5,train
TCGA-HC-8258,5,train
TCGA-HC-8259,5,train
TCGA-HC-8261,5,train
TCGA-HC-8264,5,train
TCGA-HC-8265,5,train
TCGA-HC-8266,5,train
TCGA-HC-A48F,5,train
TCGA-HC-A632,5,train
TCGA-HC-A6AL,5,train
TCGA-HC-A6AO,5,train
TCGA-HC-A6AQ,5,train
TCGA-HC-A6AS,5,train
TCGA-HC-A6HX,5,train
TCGA-HC-A76W,5,train
TCGA-HC-A76X,5,train
TCGA-HC-A8CY,5,train
TCGA-HC-A8D0,5,train
TCGA-HC-A8D1,5,train
TCGA-HC-A9TE,5,train
TCGA-HC-A9TH,5,train
TCGA-HD-7229,5,train
TCGA-HD-7753,5,train
TCGA-HD-7754,5,train
TCGA-HD-7832,5,train
TCGA-HD-7917,5,train
TCGA-HD-8634,5,train
TCGA-HD-A4C1,5,train
TCGA-HD-A633,5,train
TCGA-HE-7128,5,train
TCGA-HE-7129,5,train
TCGA-HE-7130,5,train
TCGA-HE-A5NF,5,train
TCGA-HE-A5NH,5,train
TCGA-HE-A5NI,5,train
TCGA-HE-A5NJ,5,train
TCGA-HE-A5NK,5,train
TCGA-HE-A5NL,5,train
TCGA-HF-7131,5,train
TCGA-HF-7133,5,train
TCGA-HF-7134,5,train
TCGA-HF-7136,5,train
TCGA-HG-A2PA,5,train
TCGA-HG-A9SC,5,train
TCGA-HI-7168,5,train
TCGA-HI-7169,5,train
TCGA-HI-7170,5,train
TCGA-HI-7171,5,train
TCGA-HJ-7597,5,train
TCGA-HL-7533,5,train
TCGA-HM-A4S6,5,train
TCGA-HM-A6W2,5,train
TCGA-HN-A2NL,5,train
TCGA-HP-A5MZ,5,train
TCGA-HP-A5N0,5,train
TCGA-HQ-A2OE,5,train
TCGA-HQ-A2OF,5,train
TCGA-HQ-A5ND,5,train
TCGA-HQ-A5NE,5,train
TCGA-HR-A5NC,5,train
TCGA-HS-A5N7,5,train
TCGA-HS-A5N9,5,train
TCGA-HT-7468,5,train
TCGA-HT-7469,5,train
TCGA-HT-7470,5,train
TCGA-HT-7472,5,train
TCGA-HT-7473,5,train
TCGA-HT-7476,5,train
TCGA-HT-7477,5,train
TCGA-HT-7480,5,train
TCGA-HT-7481,5,train
TCGA-HT-7482,5,train
TCGA-HT-7483,5,train
TCGA-HT-7485,5,train
TCGA-HT-7601,5,train
TCGA-HT-7602,5,train
TCGA-HT-7606,5,train
TCGA-HT-7607,5,train
TCGA-HT-7608,5,train
TCGA-HT-7609,5,train
TCGA-HT-7616,5,train
TCGA-HT-7676,5,train
TCGA-HT-7677,5,train
TCGA-HT-7680,5,train
TCGA-HT-7686,5,train
TCGA-HT-7687,5,train
TCGA-HT-7688,5,train
TCGA-HT-7689,5,train
TCGA-HT-7690,5,train
TCGA-HT-7692,5,train
TCGA-HT-7695,5,train
TCGA-HT-7855,5,train
TCGA-HT-7858,5,train
TCGA-HT-7873,5,train
TCGA-HT-7874,5,train
TCGA-HT-7875,5,train
TCGA-HT-7877,5,train
TCGA-HT-7879,5,train
TCGA-HT-7881,5,train
TCGA-HT-7884,5,train
TCGA-HT-7902,5,train
TCGA-HT-8010,5,train
TCGA-HT-8011,5,train
TCGA-HT-8012,5,train
TCGA-HT-8013,5,train
TCGA-HT-8015,5,train
TCGA-HT-8018,5,train
TCGA-HT-8104,5,train
TCGA-HT-8105,5,train
TCGA-HT-8106,5,train
TCGA-HT-8108,5,train
TCGA-HT-8109,5,train
TCGA-HT-8110,5,train
TCGA-HT-8111,5,train
TCGA-HT-8113,5,train
TCGA-HT-8114,5,train
TCGA-HT-8563,5,train
TCGA-HT-8564,5,train
TCGA-HT-A4DS,5,train
TCGA-HT-A4DV,5,train
TCGA-HT-A5R5,5,train
TCGA-HT-A5R7,5,train
TCGA-HT-A5R9,5,train
TCGA-HT-A5RA,5,train
TCGA-HT-A5RC,5,train
TCGA-HT-A614,5,train
TCGA-HT-A615,5,train
TCGA-HT-A616,5,train
TCGA-HT-A617,5,train
TCGA-HT-A618,5,train
TCGA-HT-A619,5,train
TCGA-HT-A61B,5,train
TCGA-HT-A61C,5,train
TCGA-HT-A74K,5,train
TCGA-HT-A74L,5,train
TCGA-HT-A74O,5,train
TCGA-HU-8249,5,train
TCGA-HU-8604,5,train
TCGA-HU-8608,5,train
TCGA-HU-A4G2,5,train
TCGA-HU-A4G3,5,train
TCGA-HU-A4G6,5,train
TCGA-HU-A4G8,5,train
TCGA-HU-A4GC,5,train
TCGA-HU-A4GD,5,train
TCGA-HU-A4GF,5,train
TCGA-HU-A4GH,5,train
TCGA-HU-A4GJ,5,train
TCGA-HU-A4GN,5,train
TCGA-HU-A4GP,5,train
TCGA-HU-A4GQ,5,train
TCGA-HU-A4GT,5,train
TCGA-HU-A4GU,5,train
TCGA-HU-A4GX,5,train
TCGA-HU-A4GY,5,train
TCGA-HU-A4H0,5,train
TCGA-HU-A4H6,5,train
TCGA-HU-A4HB,5,train
TCGA-HU-A4HD,5,train
TCGA-HV-A5A3,5,train
TCGA-HV-A7OP,5,train
TCGA-HV-AA8X,5,train
TCGA-HW-7487,5,train
TCGA-HW-7489,5,train
TCGA-HW-7491,5,train
TCGA-HW-7495,5,train
TCGA-HW-8319,5,train
TCGA-HW-8320,5,train
TCGA-HW-8321,5,train
TCGA-HW-8322,5,train
TCGA-HW-A5KL,5,train
TCGA-HZ-7289,5,train
TCGA-HZ-7918,5,train
TCGA-HZ-7919,5,train
TCGA-HZ-7920,5,train
TCGA-HZ-7922,5,train
TCGA-HZ-7923,5,train
TCGA-HZ-7924,5,train
TCGA-HZ-7925,5,train
TCGA-HZ-7926,5,train
TCGA-HZ-8001,5,train
TCGA-HZ-8003,5,train
TCGA-HZ-8005,5,train
TCGA-HZ-8315,5,train
TCGA-HZ-8317,5,train
TCGA-HZ-8519,5,train
TCGA-HZ-8637,5,train
TCGA-HZ-8638,5,train
TCGA-HZ-A49G,5,train
TCGA-HZ-A49I,5,train
TCGA-HZ-A4BK,5,train
TCGA-HZ-A77O,5,train
TCGA-HZ-A77Q,5,train
TCGA-HZ-A8P0,5,train
TCGA-HZ-A8P1,5,train
TCGA-IA-A40U,5,train
TCGA-IA-A40Y,5,train
TCGA-IB-7645,5,train
TCGA-IB-7646,5,train
TCGA-IB-7649,5,train
TCGA-IB-7651,5,train
TCGA-IB-7654,5,train
TCGA-IB-7885,5,train
TCGA-IB-7887,5,train
TCGA-IB-7888,5,train
TCGA-IB-7890,5,train
TCGA-IB-7893,5,train
TCGA-IB-7897,5,train
TCGA-IB-8127,5,train
TCGA-IB-A5SP,5,train
TCGA-IB-A5SQ,5,train
TCGA-IB-A5SS,5,train
TCGA-IB-A5ST,5,train
TCGA-IB-A6UF,5,train
TCGA-IB-A6UG,5,train
TCGA-IB-A7LX,5,train
TCGA-IB-A7M4,5,train
TCGA-IB-AAUM,5,train
TCGA-IB-AAUN,5,train
TCGA-IB-AAUO,5,train
TCGA-IB-AAUP,5,train
TCGA-IB-AAUQ,5,train
TCGA-IB-AAUR,5,train
TCGA-IB-AAUS,5,train
TCGA-IB-AAUT,5,train
TCGA-IB-AAUU,5,train
TCGA-IB-AAUV,5,train
TCGA-IB-AAUW,5,train
TCGA-IE-A3OV,5,train
TCGA-IE-A4EH,5,train
TCGA-IE-A4EI,5,train
TCGA-IE-A4EJ,5,train
TCGA-IE-A4EK,5,train
TCGA-IE-A6BZ,5,train
TCGA-IF-A4AJ,5,train
TCGA-IG-A3YA,5,train
TCGA-IG-A4QS,5,train
TCGA-IG-A50L,5,train
TCGA-IG-A5B8,5,train
TCGA-IG-A5S3,5,train
TCGA-IG-A625,5,train
TCGA-IG-A6QS,5,train
TCGA-IG-A7DP,5,train
TCGA-IG-A8O2,5,train
TCGA-IG-A97H,5,train
TCGA-IH-A3EA,5,train
TCGA-IK-7675,5,train
TCGA-IK-8125,5,train
TCGA-IM-A3EB,5,train
TCGA-IM-A3ED,5,train
TCGA-IM-A3U3,5,train
TCGA-IM-A41Y,5,train
TCGA-IM-A41Z,5,train
TCGA-IM-A420,5,train
TCGA-IM-A4EB,5,train
TCGA-IN-7806,5,train
TCGA-IN-8663,5,train
TCGA-IP-7968,5,train
TCGA-IQ-7630,5,train
TCGA-IQ-A61E,5,train
TCGA-IQ-A61G,5,train
TCGA-IQ-A61H,5,train
TCGA-IQ-A61I,5,train
TCGA-IQ-A61J,5,train
TCGA-IQ-A61K,5,train
TCGA-IQ-A61L,5,train
TCGA-IQ-A61O,5,train
TCGA-IQ-A6SG,5,train
TCGA-IR-A3L7,5,train
TCGA-IR-A3LB,5,train
TCGA-IR-A3LC,5,train
TCGA-IR-A3LF,5,train
TCGA-IR-A3LH,5,train
TCGA-IR-A3LI,5,train
TCGA-IR-A3LK,5,train
TCGA-IS-A3K6,5,train
TCGA-IS-A3K7,5,train
TCGA-IS-A3K8,5,train
TCGA-IS-A3KA,5,train
TCGA-IW-A3M4,5,train
TCGA-IW-A3M6,5,train
TCGA-IZ-A6M8,5,train
TCGA-IZ-A6M9,5,train
TCGA-J1-A4AH,5,train
TCGA-J2-8194,5,train
TCGA-J2-A4AD,5,train
TCGA-J2-A4AG,5,train
TCGA-J4-8198,5,train
TCGA-J4-8200,5,train
TCGA-J4-A67K,5,train
TCGA-J4-A67L,5,train
TCGA-J4-A67M,5,train
TCGA-J4-A67N,5,train
TCGA-J4-A67Q,5,train
TCGA-J4-A67S,5,train
TCGA-J4-A67T,5,train
TCGA-J4-A6G1,5,train
TCGA-J4-A6G3,5,train
TCGA-J4-A6M7,5,train
TCGA-J4-A83I,5,train
TCGA-J4-A83J,5,train
TCGA-J4-A83K,5,train
TCGA-J4-A83L,5,train
TCGA-J4-A83M,5,train
TCGA-J4-AATV,5,train
TCGA-J4-AATZ,5,train
TCGA-J4-AAU2,5,train
TCGA-J7-8537,5,train
TCGA-J7-A8I2,5,train
TCGA-J8-A3NZ,5,train
TCGA-J8-A3O0,5,train
TCGA-J8-A3O2,5,train
TCGA-J8-A3YD,5,train
TCGA-J8-A3YE,5,train
TCGA-J8-A3YF,5,train
TCGA-J8-A3YG,5,train
TCGA-J8-A3YH,5,train
TCGA-J8-A42S,5,train
TCGA-J8-A4HY,5,train
TCGA-JL-A3YW,5,train
TCGA-JL-A3YX,5,train
TCGA-JV-A5VE,5,train
TCGA-JV-A5VF,5,train
TCGA-JW-A5VG,5,train
TCGA-JW-A5VH,5,train
TCGA-JX-A3PZ,5,train
TCGA-JX-A3Q0,5,train
TCGA-JX-A3Q8,5,train
TCGA-JX-A5QV,5,train
TCGA-JY-A6FD,5,train
TCGA-JY-A6FH,5,train
TCGA-JY-A939,5,train
TCGA-JY-A93E,5,train
TCGA-K1-A42W,5,train
TCGA-K1-A42X,5,train
TCGA-K4-A3WS,5,train
TCGA-K4-A3WU,5,train
TCGA-K4-A3WV,5,train
TCGA-K4-A4AB,5,train
TCGA-K4-A4AC,5,train
TCGA-K4-A54R,5,train
TCGA-K4-A5RH,5,train
TCGA-K4-A5RI,5,train
TCGA-K4-A6FZ,5,train
TCGA-K4-A6MB,5,train
TCGA-K4-A83P,5,train
TCGA-K4-AAQO,5,train
TCGA-K6-A3WQ,5,train
TCGA-K7-A5RG,5,train
TCGA-K7-A6G5,5,train
TCGA-KB-A6F5,5,train
TCGA-KB-A6F7,5,train
TCGA-KD-A5QS,5,train
TCGA-KD-A5QT,5,train
TCGA-KF-A41W,5,train
TCGA-KJ-A3U4,5,train
TCGA-KL-8323,5,train
TCGA-KL-8324,5,train
TCGA-KL-8325,5,train
TCGA-KL-8326,5,train
TCGA-KL-8327,5,train
TCGA-KL-8329,5,train
TCGA-KL-8330,5,train
TCGA-KL-8332,5,train
TCGA-KL-8333,5,train
TCGA-KL-8336,5,train
TCGA-KL-8338,5,train
TCGA-KL-8340,5,train
TCGA-KL-8341,5,train
TCGA-KL-8342,5,train
TCGA-KL-8343,5,train
TCGA-KL-8344,5,train
TCGA-KL-8345,5,train
TCGA-KL-8346,5,train
TCGA-KM-8439,5,train
TCGA-KM-8440,5,train
TCGA-KM-8441,5,train
TCGA-KM-8442,5,train
TCGA-KM-8443,5,train
TCGA-KM-8476,5,train
TCGA-KM-8477,5,train
TCGA-KM-8639,5,train
TCGA-KN-8418,5,train
TCGA-KN-8419,5,train
TCGA-KN-8421,5,train
TCGA-KN-8422,5,train
TCGA-KN-8424,5,train
TCGA-KN-8425,5,train
TCGA-KN-8426,5,train
TCGA-KN-8427,5,train
TCGA-KN-8428,5,train
TCGA-KN-8429,5,train
TCGA-KN-8430,5,train
TCGA-KN-8431,5,train
TCGA-KN-8432,5,train
TCGA-KN-8433,5,train
TCGA-KN-8434,5,train
TCGA-KN-8436,5,train
TCGA-KN-8437,5,train
TCGA-KO-8403,5,train
TCGA-KO-8406,5,train
TCGA-KO-8407,5,train
TCGA-KO-8409,5,train
TCGA-KO-8410,5,train
TCGA-KO-8411,5,train
TCGA-KO-8413,5,train
TCGA-KO-8414,5,train
TCGA-KO-8416,5,train
TCGA-KS-A41F,5,train
TCGA-KS-A41L,5,train
TCGA-KS-A4I1,5,train
TCGA-KS-A4I3,5,train
TCGA-KS-A4I7,5,train
TCGA-KS-A4I9,5,train
TCGA-KS-A4IB,5,train
TCGA-KS-A4IC,5,train
TCGA-KT-A74X,5,train
TCGA-KT-A7W1,5,train
TCGA-KU-A66S,5,train
TCGA-KU-A66T,5,train
TCGA-KU-A6H7,5,train
TCGA-KU-A6H8,5,train
TCGA-KV-A6GD,5,train
TCGA-KV-A6GE,5,train
TCGA-KV-A74V,5,train
TCGA-L1-A7W4,5,train
TCGA-L3-A4E7,5,train
TCGA-L3-A524,5,train
TCGA-L4-A4E6,5,train
TCGA-L6-A4ET,5,train
TCGA-L6-A4EU,5,train
TCGA-L7-A56G,5,train
TCGA-L7-A6VZ,5,train
TCGA-L9-A50W,5,train
TCGA-L9-A743,5,train
TCGA-L9-A8F4,5,train
TCGA-LB-A7SX,5,train
TCGA-LB-A8F3,5,train
TCGA-LC-A66R,5,train
TCGA-LD-A66U,5,train
TCGA-LD-A74U,5,train
TCGA-LD-A7W5,5,train
TCGA-LD-A7W6,5,train
TCGA-LG-A6GG,5,train
TCGA-LG-A9QD,5,train
TCGA-LI-A67I,5,train
TCGA-LI-A9QH,5,train
TCGA-LK-A4NY,5,train
TCGA-LK-A4NZ,5,train
TCGA-LK-A4O7,5,train
TCGA-LL-A441,5,train
TCGA-LL-A442,5,train
TCGA-LL-A50Y,5,train
TCGA-LL-A5YL,5,train
TCGA-LL-A5YM,5,train
TCGA-LL-A5YN,5,train
TCGA-LL-A5YP,5,train
TCGA-LL-A73Y,5,train
TCGA-LL-A73Z,5,train
TCGA-LL-A740,5,train
TCGA-LL-A7SZ,5,train
TCGA-LL-A7T0,5,train
TCGA-LL-A8F5,5,train
TCGA-LL-A9Q3,5,train
TCGA-LN-A49O,5,train
TCGA-LN-A49W,5,train
TCGA-LN-A4A2,5,train
TCGA-LN-A4A3,5,train
TCGA-LN-A4A5,5,train
TCGA-LN-A4A6,5,train
TCGA-LN-A4A8,5,train
TCGA-LN-A4A9,5,train
TCGA-LN-A4MQ,5,train
TCGA-LN-A4MR,5,train
TCGA-LN-A5U5,5,train
TCGA-LN-A5U6,5,train
TCGA-LN-A7HV,5,train
TCGA-LN-A7HX,5,train
TCGA-LN-A8HZ,5,train
TCGA-LN-A8I0,5,train
TCGA-LN-A8I1,5,train
TCGA-LN-A9FO,5,train
TCGA-LN-A9FP,5,train
TCGA-LN-A9FQ,5,train
TCGA-LN-A9FR,5,train
TCGA-LP-A4AU,5,train
TCGA-LP-A4AX,5,train
TCGA-LP-A7HU,5,train
TCGA-LT-A5Z6,5,train
TCGA-LT-A8JT,5,train
TCGA-M7-A71Y,5,train
TCGA-M7-A720,5,train
TCGA-M7-A722,5,train
TCGA-M7-A723,5,train
TCGA-M7-A724,5,train
TCGA-M7-A725,5,train
TCGA-M8-A5N4,5,train
TCGA-M9-A5M8,5,train
TCGA-MA-AA3W,5,train
TCGA-MA-AA3X,5,train
TCGA-MA-AA3Y,5,train
TCGA-MA-AA3Z,5,train
TCGA-MA-AA41,5,train
TCGA-MA-AA43,5,train
TCGA-MB-A5Y8,5,train
TCGA-MB-A5Y9,5,train
TCGA-MB-A5YA,5,train
TCGA-MB-A8JL,5,train
TCGA-MF-A522,5,train
TCGA-MH-A55Z,5,train
TCGA-MH-A561,5,train
TCGA-MH-A855,5,train
TCGA-MH-A856,5,train
TCGA-MI-A75C,5,train
TCGA-MI-A75E,5,train
TCGA-MI-A75G,5,train
TCGA-MI-A75I,5,train
TCGA-MJ-A68H,5,train
TCGA-MK-A4N7,5,train
TCGA-MK-A84Z,5,train
TCGA-MM-A564,5,train
TCGA-MO-A47P,5,train
TCGA-MO-A47R,5,train
TCGA-MP-A4SV,5,train
TCGA-MP-A4T2,5,train
TCGA-MP-A4T4,5,train
TCGA-MP-A4T6,5,train
TCGA-MP-A4T9,5,train
TCGA-MP-A4TA,5,train
TCGA-MP-A4TC,5,train
TCGA-MP-A4TE,5,train
TCGA-MP-A4TF,5,train
TCGA-MP-A4TH,5,train
TCGA-MP-A5C7,5,train
TCGA-MQ-A6BL,5,train
TCGA-MQ-A6BN,5,train
TCGA-MQ-A6BQ,5,train
TCGA-MQ-A6BR,5,train
TCGA-MQ-A6BS,5,train
TCGA-MR-A520,5,train
TCGA-MR-A8JO,5,train
TCGA-MT-A51X,5,train
TCGA-MT-A67A,5,train
TCGA-MT-A7BN,5,train
TCGA-MV-A51V,5,train
TCGA-MX-A5UG,5,train
TCGA-MX-A663,5,train
TCGA-MX-A666,5,train
TCGA-MY-A5BE,5,train
TCGA-MZ-A6I9,5,train
TCGA-MZ-A7D7,5,train
TCGA-N1-A6IA,5,train
TCGA-NC-A5HD,5,train
TCGA-NC-A5HE,5,train
TCGA-NC-A5HF,5,train
TCGA-NC-A5HG,5,train
TCGA-NC-A5HJ,5,train
TCGA-NC-A5HK,5,train
TCGA-NC-A5HM,5,train
TCGA-NC-A5HO,5,train
TCGA-NC-A5HQ,5,train
TCGA-NC-A5HT,5,train
TCGA-NH-A50T,5,train
TCGA-NH-A50U,5,train
TCGA-NH-A50V,5,train
TCGA-NH-A5IV,5,train
TCGA-NH-A6GA,5,train
TCGA-NH-A6GB,5,train
TCGA-NH-A6GC,5,train
TCGA-NI-A8LF,5,train
TCGA-NJ-A4YG,5,train
TCGA-NJ-A4YQ,5,train
TCGA-NJ-A55A,5,train
TCGA-NJ-A55R,5,train
TCGA-NK-A5D1,5,train
TCGA-NK-A7XE,5,train
TCGA-NP-A5B3,5,train
TCGA-NP-A5GY,5,train
TCGA-NP-A5GZ,5,train
TCGA-NP-A5H1,5,train
TCGA-NP-A5H5,5,train
TCGA-NP-A5H6,5,train
TCGA-NP-A5H7,5,train
TCGA-NQ-A57I,5,train
TCGA-NQ-A638,5,train
TCGA-O2-A52S,5,train
TCGA-O2-A52V,5,train
TCGA-O2-A52W,5,train
TCGA-O2-A5IB,5,train
TCGA-O8-A75V,5,train
TCGA-O9-A75Z,5,train
TCGA-OE-A75W,5,train
TCGA-OK-A5Q2,5,train
TCGA-OL-A5D6,5,train
TCGA-OL-A5D8,5,train
TCGA-OL-A5DA,5,train
TCGA-OL-A66H,5,train
TCGA-OL-A66I,5,train
TCGA-OL-A66K,5,train
TCGA-OL-A66L,5,train
TCGA-OL-A66N,5,train
TCGA-OL-A66O,5,train
TCGA-OL-A6VQ,5,train
TCGA-OL-A97C,5,train
TCGA-OR-A5J1,5,train
TCGA-OR-A5J2,5,train
TCGA-OR-A5J3,5,train
TCGA-OR-A5J5,5,train
TCGA-OR-A5J6,5,train
TCGA-OR-A5J9,5,train
TCGA-OR-A5JA,5,train
TCGA-OR-A5JB,5,train
TCGA-OR-A5JD,5,train
TCGA-OR-A5JE,5,train
TCGA-OR-A5JF,5,train
TCGA-OR-A5JJ,5,train
TCGA-OR-A5JK,5,train
TCGA-OR-A5JL,5,train
TCGA-OR-A5JM,5,train
TCGA-OR-A5JP,5,train
TCGA-OR-A5JZ,5,train
TCGA-OR-A5K0,5,train
TCGA-OR-A5K3,5,train
TCGA-OR-A5K5,5,train
TCGA-OR-A5K6,5,train
TCGA-OR-A5K8,5,train
TCGA-OR-A5LK,5,train
TCGA-OR-A5LO,5,train
TCGA-OR-A5LP,5,train
TCGA-OR-A5LS,5,train
TCGA-OR-A5LT,5,train
TCGA-OX-A56R,5,train
TCGA-OY-A56P,5,train
TCGA-OY-A56Q,5,train
TCGA-P3-A5Q5,5,train
TCGA-P3-A5Q6,5,train
TCGA-P3-A5QA,5,train
TCGA-P3-A5QF,5,train
TCGA-P3-A6SW,5,train
TCGA-P3-A6SX,5,train
TCGA-P3-A6T0,5,train
TCGA-P3-A6T2,5,train
TCGA-P3-A6T3,5,train
TCGA-P3-A6T4,5,train
TCGA-P3-A6T5,5,train
TCGA-P3-A6T6,5,train
TCGA-P3-A6T7,5,train
TCGA-P3-A6T8,5,train
TCGA-P5-A72U,5,train
TCGA-P5-A72W,5,train
TCGA-P5-A730,5,train
TCGA-P5-A731,5,train
TCGA-P5-A733,5,train
TCGA-P5-A736,5,train
TCGA-P5-A737,5,train
TCGA-P5-A77W,5,train
TCGA-P5-A780,5,train
TCGA-P5-A781,5,train
TCGA-P6-A5OG,5,train
TCGA-P8-A5KD,5,train
TCGA-PA-A5YG,5,train
TCGA-PC-A5DK,5,train
TCGA-PC-A5DM,5,train
TCGA-PC-A5DN,5,train
TCGA-PC-A5DO,5,train
TCGA-PC-A5DP,5,train
TCGA-PD-A5DF,5,train
TCGA-PE-A5DC,5,train
TCGA-PE-A5DD,5,train
TCGA-PE-A5DE,5,train
TCGA-PG-A5BC,5,train
TCGA-PG-A6IB,5,train
TCGA-PG-A7D5,5,train
TCGA-PG-A914,5,train
TCGA-PG-A916,5,train
TCGA-PG-A917,5,train
TCGA-PJ-A5Z8,5,train
TCGA-PJ-A8JU,5,train
TCGA-PK-A5H8,5,train
TCGA-PK-A5H9,5,train
TCGA-PK-A5HB,5,train
TCGA-PK-A5HC,5,train
TCGA-PL-A8LZ,5,train
TCGA-PN-A8MA,5,train
TCGA-PQ-A6FI,5,train
TCGA-PR-A5PF,5,train
TCGA-PR-A5PH,5,train
TCGA-PT-A8TR,5,train
TCGA-Q1-A5R1,5,train
TCGA-Q1-A5R2,5,train
TCGA-Q1-A5R3,5,train
TCGA-Q1-A6DT,5,train
TCGA-Q1-A6DV,5,train
TCGA-Q1-A73O,5,train
TCGA-Q1-A73P,5,train
TCGA-Q1-A73R,5,train
TCGA-Q1-A73S,5,train
TCGA-Q2-A5QZ,5,train
TCGA-Q3-AA2A,5,train
TCGA-Q9-A6FU,5,train
TCGA-QA-A7B7,5,train
TCGA-QC-A6FX,5,train
TCGA-QC-A7B5,5,train
TCGA-QC-AA9N,5,train
TCGA-QD-A8IV,5,train
TCGA-QF-A5YT,5,train
TCGA-QG-A5Z2,5,train
TCGA-QH-A65R,5,train
TCGA-QH-A65V,5,train
TCGA-QH-A65X,5,train
TCGA-QH-A65Z,5,train
TCGA-QH-A6CS,5,train
TCGA-QH-A6CU,5,train
TCGA-QH-A6CX,5,train
TCGA-QH-A6CY,5,train
TCGA-QH-A6CZ,5,train
TCGA-QH-A6X4,5,train
TCGA-QH-A6X5,5,train
TCGA-QH-A6X8,5,train
TCGA-QH-A6X9,5,train
TCGA-QH-A6XA,5,train
TCGA-QH-A6XC,5,train
TCGA-QH-A86X,5,train
TCGA-QH-A870,5,train
TCGA-QK-A64Z,5,train
TCGA-QK-A652,5,train
TCGA-QK-A6IG,5,train
TCGA-QK-A6IH,5,train
TCGA-QK-A6II,5,train
TCGA-QK-A6IJ,5,train
TCGA-QK-A6V9,5,train
TCGA-QK-A6VB,5,train
TCGA-QK-A6VC,5,train
TCGA-QK-A8Z7,5,train
TCGA-QK-A8Z9,5,train
TCGA-QK-A8ZA,5,train
TCGA-QK-AA3J,5,train
TCGA-QK-AA3K,5,train
TCGA-QL-A97D,5,train
TCGA-QQ-A5VA,5,train
TCGA-QQ-A5VB,5,train
TCGA-QQ-A5VC,5,train
TCGA-QQ-A5VD,5,train
TCGA-QQ-A8VB,5,train
TCGA-QQ-A8VD,5,train
TCGA-QR-A6GR,5,train
TCGA-QR-A6GS,5,train
TCGA-QR-A6GT,5,train
TCGA-QR-A6GW,5,train
TCGA-QR-A6GY,5,train
TCGA-QR-A6GZ,5,train
TCGA-QR-A6H0,5,train
TCGA-QR-A6H1,5,train
TCGA-QR-A6H3,5,train
TCGA-QR-A6H6,5,train
TCGA-QR-A700,5,train
TCGA-QR-A702,5,train
TCGA-QR-A705,5,train
TCGA-QR-A707,5,train
TCGA-QR-A70A,5,train
TCGA-QR-A70C,5,train
TCGA-QR-A70D,5,train
TCGA-QR-A70E,5,train
TCGA-QR-A70H,5,train
TCGA-QR-A70I,5,train
TCGA-QR-A70J,5,train
TCGA-QR-A70K,5,train
TCGA-QR-A70O,5,train
TCGA-QR-A70Q,5,train
TCGA-QR-A70R,5,train
TCGA-QR-A70U,5,train
TCGA-QR-A70V,5,train
TCGA-QR-A70W,5,train
TCGA-QR-A70X,5,train
TCGA-QR-A7IN,5,train
TCGA-QS-A5YQ,5,train
TCGA-QS-A5YR,5,train
TCGA-QS-A8F1,5,train
TCGA-QT-A5XJ,5,train
TCGA-QT-A5XK,5,train
TCGA-QT-A5XL,5,train
TCGA-QT-A5XN,5,train
TCGA-QT-A5XP,5,train
TCGA-QT-A69Q,5,train
TCGA-QT-A7U0,5,train
TCGA-QU-A6IL,5,train
TCGA-QU-A6IN,5,train
TCGA-QU-A6IP,5,train
TCGA-R5-A7ZE,5,train
TCGA-R5-A7ZF,5,train
TCGA-R5-A7ZI,5,train
TCGA-R5-A7ZR,5,train
TCGA-R5-A804,5,train
TCGA-R5-A805,5,train
TCGA-R8-A6MK,5,train
TCGA-R8-A6MO,5,train
TCGA-R8-A6YH,5,train
TCGA-R8-A73M,5,train
TCGA-RA-A741,5,train
TCGA-RB-A7B8,5,train
TCGA-RC-A6M3,5,train
TCGA-RC-A6M5,5,train
TCGA-RC-A6M6,5,train
TCGA-RC-A7SB,5,train
TCGA-RC-A7SH,5,train
TCGA-RD-A7BT,5,train
TCGA-RD-A7BW,5,train
TCGA-RD-A7C1,5,train
TCGA-RD-A8MV,5,train
TCGA-RD-A8MW,5,train
TCGA-RD-A8N0,5,train
TCGA-RD-A8N1,5,train
TCGA-RD-A8N2,5,train
TCGA-RD-A8N4,5,train
TCGA-RD-A8N5,5,train
TCGA-RD-A8N9,5,train
TCGA-RD-A8NB,5,train
TCGA-RG-A7D4,5,train
TCGA-RM-A68W,5,train
TCGA-RN-AAAQ,5,train
TCGA-RS-A6TO,5,train
TCGA-RS-A6TP,5,train
TCGA-RT-A6Y9,5,train
TCGA-RT-A6YA,5,train
TCGA-RW-A67V,5,train
TCGA-RW-A67X,5,train
TCGA-RW-A680,5,train
TCGA-RW-A681,5,train
TCGA-RW-A685,5,train
TCGA-RW-A686,5,train
TCGA-RW-A689,5,train
TCGA-RW-A68B,5,train
TCGA-RW-A68C,5,train
TCGA-RW-A68D,5,train
TCGA-RW-A68F,5,train
TCGA-RW-A68G,5,train
TCGA-RW-A7CZ,5,train
TCGA-RW-A8AZ,5,train
TCGA-RX-A8JQ,5,train
TCGA-RY-A83X,5,train
TCGA-RY-A83Y,5,train
TCGA-RY-A840,5,train
TCGA-RY-A843,5,train
TCGA-RY-A845,5,train
TCGA-RZ-AB0B,5,train
TCGA-S2-AA1A,5,train
TCGA-S3-A6ZG,5,train
TCGA-S3-A6ZH,5,train
TCGA-S3-AA0Z,5,train
TCGA-S3-AA10,5,train
TCGA-S3-AA11,5,train
TCGA-S3-AA12,5,train
TCGA-S3-AA14,5,train
TCGA-S3-AA15,5,train
TCGA-S3-AA17,5,train
TCGA-S4-A8RM,5,train
TCGA-S4-A8RO,5,train
TCGA-S4-A8RP,5,train
TCGA-S5-A6DX,5,train
TCGA-S5-AA26,5,train
TCGA-S6-A8JW,5,train
TCGA-S6-A8JX,5,train
TCGA-S6-A8JY,5,train
TCGA-S7-A7WM,5,train
TCGA-S7-A7WN,5,train
TCGA-S7-A7WO,5,train
TCGA-S7-A7WP,5,train
TCGA-S7-A7WR,5,train
TCGA-S7-A7WU,5,train
TCGA-S7-A7WV,5,train
TCGA-S7-A7WW,5,train
TCGA-S7-A7X1,5,train
TCGA-S7-A7X2,5,train
TCGA-S8-A6BV,5,train
TCGA-S8-A6BW,5,train
TCGA-S9-A6TS,5,train
TCGA-S9-A6TV,5,train
TCGA-S9-A6TW,5,train
TCGA-S9-A6U0,5,train
TCGA-S9-A6U1,5,train
TCGA-S9-A6U2,5,train
TCGA-S9-A6U5,5,train
TCGA-S9-A6U6,5,train
TCGA-S9-A6U8,5,train
TCGA-S9-A6UA,5,train
TCGA-S9-A6UB,5,train
TCGA-S9-A6WE,5,train
TCGA-S9-A6WG,5,train
TCGA-S9-A6WI,5,train
TCGA-S9-A6WM,5,train
TCGA-S9-A6WN,5,train
TCGA-S9-A6WP,5,train
TCGA-S9-A6WQ,5,train
TCGA-S9-A7IX,5,train
TCGA-S9-A7J1,5,train
TCGA-S9-A7J2,5,train
TCGA-S9-A7J3,5,train
TCGA-S9-A7QW,5,train
TCGA-S9-A7QX,5,train
TCGA-S9-A7R1,5,train
TCGA-S9-A7R2,5,train
TCGA-S9-A7R7,5,train
TCGA-S9-A7R8,5,train
TCGA-S9-A89V,5,train
TCGA-S9-A89Z,5,train
TCGA-SA-A6C2,5,train
TCGA-SB-A6J6,5,train
TCGA-SB-A76C,5,train
TCGA-SC-A6LM,5,train
TCGA-SC-A6LN,5,train
TCGA-SC-A6LP,5,train
TCGA-SC-A6LQ,5,train
TCGA-SC-A6LR,5,train
TCGA-SC-AA5Z,5,train
TCGA-SG-A6Z4,5,train
TCGA-SG-A6Z7,5,train
TCGA-SG-A849,5,train
TCGA-SH-A7BC,5,train
TCGA-SH-A7BH,5,train
TCGA-SH-A9CT,5,train
TCGA-SI-A71Q,5,train
TCGA-SI-AA8C,5,train
TCGA-SJ-A6ZI,5,train
TCGA-SJ-A6ZJ,5,train
TCGA-SL-A6JA,5,train
TCGA-SN-A6IS,5,train
TCGA-SN-A84W,5,train
TCGA-SN-A84Y,5,train
TCGA-SO-A8JP,5,train
TCGA-SP-A6QC,5,train
TCGA-SP-A6QD,5,train
TCGA-SP-A6QF,5,train
TCGA-SP-A6QG,5,train
TCGA-SP-A6QI,5,train
TCGA-SP-A6QJ,5,train
TCGA-SP-A6QK,5,train
TCGA-SQ-A6I4,5,train
TCGA-SQ-A6I6,5,train
TCGA-SR-A6MP,5,train
TCGA-SR-A6MQ,5,train
TCGA-SR-A6MR,5,train
TCGA-SR-A6MS,5,train
TCGA-SR-A6MT,5,train
TCGA-SR-A6MV,5,train
TCGA-SR-A6MY,5,train
TCGA-SR-A6MZ,5,train
TCGA-SR-A6N0,5,train
TCGA-SS-A7HO,5,train
TCGA-SW-A7EA,5,train
TCGA-SX-A71R,5,train
TCGA-SX-A71S,5,train
TCGA-SX-A71U,5,train
TCGA-SX-A71V,5,train
TCGA-SX-A71W,5,train
TCGA-SX-A7SL,5,train
TCGA-SX-A7SM,5,train
TCGA-SX-A7SN,5,train
TCGA-SX-A7SO,5,train
TCGA-SX-A7SP,5,train
TCGA-SX-A7SS,5,train
TCGA-SX-A7SU,5,train
TCGA-SY-A9G0,5,train
TCGA-T1-A6J8,5,train
TCGA-T2-A6WX,5,train
TCGA-T2-A6WZ,5,train
TCGA-T2-A6X0,5,train
TCGA-T2-A6X2,5,train
TCGA-T3-A92M,5,train
TCGA-T3-A92N,5,train
TCGA-T7-A92I,5,train
TCGA-TK-A8OK,5,train
TCGA-TM-A7C3,5,train
TCGA-TM-A7C4,5,train
TCGA-TM-A7C5,5,train
TCGA-TM-A7CF,5,train
TCGA-TM-A84H,5,train
TCGA-TM-A84M,5,train
TCGA-TM-A84O,5,train
TCGA-TM-A84R,5,train
TCGA-TM-A84T,5,train
TCGA-TN-A7HI,5,train
TCGA-TN-A7HL,5,train
TCGA-TP-A8TV,5,train
TCGA-TQ-A7RF,5,train
TCGA-TQ-A7RG,5,train
TCGA-TQ-A7RH,5,train
TCGA-TQ-A7RJ,5,train
TCGA-TQ-A7RK,5,train
TCGA-TQ-A7RM,5,train
TCGA-TQ-A7RN,5,train
TCGA-TQ-A7RO,5,train
TCGA-TQ-A7RR,5,train
TCGA-TQ-A7RS,5,train
TCGA-TQ-A7RU,5,train
TCGA-TQ-A7RV,5,train
TCGA-TQ-A7RW,5,train
TCGA-TQ-A8XE,5,train
TCGA-TS-A7OU,5,train
TCGA-TS-A7OY,5,train
TCGA-TS-A7P0,5,train
TCGA-TS-A7P3,5,train
TCGA-TS-A7P7,5,train
TCGA-TS-A7P8,5,train
TCGA-TS-A7PB,5,train
TCGA-TS-A8AI,5,train
TCGA-TS-A8AS,5,train
TCGA-TS-A8AV,5,train
TCGA-TS-A8AY,5,train
TCGA-TT-A6YJ,5,train
TCGA-TT-A6YN,5,train
TCGA-TT-A6YP,5,train
TCGA-UB-A7MA,5,train
TCGA-UB-A7MB,5,train
TCGA-UB-A7MC,5,train
TCGA-UB-A7ME,5,train
TCGA-UB-A7MF,5,train
TCGA-UB-AA0V,5,train
TCGA-UC-A7PI,5,train
TCGA-UD-AABY,5,train
TCGA-UD-AABZ,5,train
TCGA-UD-AAC4,5,train
TCGA-UD-AAC6,5,train
TCGA-UD-AAC7,5,train
TCGA-UE-A6QT,5,train
TCGA-UE-A6QU,5,train
TCGA-UF-A718,5,train
TCGA-UF-A71A,5,train
TCGA-UF-A71E,5,train
TCGA-UF-A7J9,5,train
TCGA-UF-A7JA,5,train
TCGA-UF-A7JH,5,train
TCGA-UF-A7JJ,5,train
TCGA-UF-A7JK,5,train
TCGA-UF-A7JV,5,train
TCGA-UL-AAZ6,5,train
TCGA-US-A774,5,train
TCGA-US-A776,5,train
TCGA-US-A779,5,train
TCGA-US-A77G,5,train
TCGA-UT-A88D,5,train
TCGA-UT-A97Y,5,train
TCGA-UU-A93S,5,train
TCGA-UW-A72J,5,train
TCGA-UW-A72K,5,train
TCGA-UW-A72L,5,train
TCGA-UW-A72M,5,train
TCGA-UW-A72O,5,train
TCGA-UW-A72P,5,train
TCGA-UW-A72R,5,train
TCGA-UW-A72S,5,train
TCGA-UY-A78K,5,train
TCGA-UY-A78L,5,train
TCGA-UY-A78N,5,train
TCGA-UY-A78P,5,train
TCGA-UY-A8OB,5,train
TCGA-UY-A8OC,5,train
TCGA-UY-A8OD,5,train
TCGA-UY-A9PA,5,train
TCGA-UY-A9PB,5,train
TCGA-UY-A9PD,5,train
TCGA-UY-A9PE,5,train
TCGA-UY-A9PF,5,train
TCGA-UZ-A9PK,5,train
TCGA-UZ-A9PM,5,train
TCGA-UZ-A9PN,5,train
TCGA-UZ-A9PO,5,train
TCGA-UZ-A9PP,5,train
TCGA-UZ-A9PS,5,train
TCGA-UZ-A9PU,5,train
TCGA-UZ-A9PX,5,train
TCGA-UZ-A9PZ,5,train
TCGA-UZ-A9Q0,5,train
TCGA-UZ-A9Q1,5,train
TCGA-V1-A8MJ,5,train
TCGA-V1-A8MK,5,train
TCGA-V1-A8ML,5,train
TCGA-V1-A8MM,5,train
TCGA-V1-A8MU,5,train
TCGA-V1-A8WN,5,train
TCGA-V1-A8WS,5,train
TCGA-V1-A8WW,5,train
TCGA-V1-A8X3,5,train
TCGA-V1-A9O5,5,train
TCGA-V1-A9O7,5,train
TCGA-V1-A9O9,5,train
TCGA-V1-A9OH,5,train
TCGA-V1-A9Z7,5,train
TCGA-V1-A9Z8,5,train
TCGA-V1-A9ZG,5,train
TCGA-V1-A9ZI,5,train
TCGA-V1-A9ZR,5,train
TCGA-V3-A9ZX,5,train
TCGA-V3-A9ZY,5,train
TCGA-V4-A9E7,5,train
TCGA-V4-A9E8,5,train
TCGA-V4-A9EC,5,train
TCGA-V4-A9ED,5,train
TCGA-V4-A9EE,5,train
TCGA-V4-A9EF,5,train
TCGA-V4-A9EH,5,train
TCGA-V4-A9EJ,5,train
TCGA-V4-A9EK,5,train
TCGA-V4-A9EL,5,train
TCGA-V4-A9EM,5,train
TCGA-V4-A9ES,5,train
TCGA-V4-A9ET,5,train
TCGA-V4-A9EU,5,train
TCGA-V4-A9EV,5,train
TCGA-V4-A9EZ,5,train
TCGA-V4-A9F0,5,train
TCGA-V4-A9F1,5,train
TCGA-V4-A9F2,5,train
TCGA-V4-A9F3,5,train
TCGA-V4-A9F4,5,train
TCGA-V4-A9F5,5,train
TCGA-V4-A9F7,5,train
TCGA-V4-A9F8,5,train
TCGA-V5-A7RB,5,train
TCGA-V5-A7RC,5,train
TCGA-V5-AASV,5,train
TCGA-V5-AASW,5,train
TCGA-VD-A8K7,5,train
TCGA-VD-A8K8,5,train
TCGA-VD-A8K9,5,train
TCGA-VD-A8KE,5,train
TCGA-VD-A8KG,5,train
TCGA-VD-A8KH,5,train
TCGA-VD-A8KI,5,train
TCGA-VD-A8KJ,5,train
TCGA-VD-A8KK,5,train
TCGA-VD-A8KO,5,train
TCGA-VD-AA8O,5,train
TCGA-VD-AA8P,5,train
TCGA-VD-AA8Q,5,train
TCGA-VD-AA8R,5,train
TCGA-VD-AA8S,5,train
TCGA-VF-A8A8,5,train
TCGA-VF-A8A9,5,train
TCGA-VF-A8AA,5,train
TCGA-VF-A8AB,5,train
TCGA-VF-A8AD,5,train
TCGA-VF-A8AE,5,train
TCGA-VM-A8C8,5,train
TCGA-VM-A8CA,5,train
TCGA-VM-A8CE,5,train
TCGA-VM-A8CF,5,train
TCGA-VM-A8CH,5,train
TCGA-VP-A872,5,train
TCGA-VP-A875,5,train
TCGA-VP-A878,5,train
TCGA-VP-A879,5,train
TCGA-VP-A87C,5,train
TCGA-VP-A87D,5,train
TCGA-VP-A87K,5,train
TCGA-VP-AA1N,5,train
TCGA-VQ-A8DL,5,train
TCGA-VQ-A8DT,5,train
TCGA-VQ-A8DV,5,train
TCGA-VQ-A8DZ,5,train
TCGA-VQ-A8E0,5,train
TCGA-VQ-A8E2,5,train
TCGA-VQ-A8E3,5,train
TCGA-VQ-A8E7,5,train
TCGA-VQ-A8P2,5,train
TCGA-VQ-A8P3,5,train
TCGA-VQ-A8P8,5,train
TCGA-VQ-A8PB,5,train
TCGA-VQ-A8PC,5,train
TCGA-VQ-A8PD,5,train
TCGA-VQ-A8PE,5,train
TCGA-VQ-A8PF,5,train
TCGA-VQ-A8PJ,5,train
TCGA-VQ-A8PK,5,train
TCGA-VQ-A8PM,5,train
TCGA-VQ-A8PO,5,train
TCGA-VQ-A8PP,5,train
TCGA-VQ-A8PQ,5,train
TCGA-VQ-A8PS,5,train
TCGA-VQ-A8PT,5,train
TCGA-VQ-A8PU,5,train
TCGA-VQ-A8PX,5,train
TCGA-VQ-A8PY,5,train
TCGA-VQ-A91A,5,train
TCGA-VQ-A91D,5,train
TCGA-VQ-A91K,5,train
TCGA-VQ-A91N,5,train
TCGA-VQ-A91S,5,train
TCGA-VQ-A91U,5,train
TCGA-VQ-A91V,5,train
TCGA-VQ-A91W,5,train
TCGA-VQ-A91Y,5,train
TCGA-VQ-A91Z,5,train
TCGA-VQ-A922,5,train
TCGA-VQ-A923,5,train
TCGA-VQ-A924,5,train
TCGA-VQ-A928,5,train
TCGA-VQ-A92D,5,train
TCGA-VQ-A94O,5,train
TCGA-VQ-A94P,5,train
TCGA-VQ-A94R,5,train
TCGA-VQ-A94T,5,train
TCGA-VQ-AA64,5,train
TCGA-VQ-AA69,5,train
TCGA-VQ-AA6A,5,train
TCGA-VQ-AA6B,5,train
TCGA-VQ-AA6D,5,train
TCGA-VQ-AA6G,5,train
TCGA-VQ-AA6I,5,train
TCGA-VQ-AA6J,5,train
TCGA-VR-A8EO,5,train
TCGA-VR-A8EP,5,train
TCGA-VR-A8EQ,5,train
TCGA-VR-A8EU,5,train
TCGA-VR-A8EW,5,train
TCGA-VR-A8EX,5,train
TCGA-VR-A8EZ,5,train
TCGA-VR-A8Q7,5,train
TCGA-VR-AA4D,5,train
TCGA-VR-AA4G,5,train
TCGA-VR-AA7I,5,train
TCGA-VS-A8EB,5,train
TCGA-VS-A8EH,5,train
TCGA-VS-A8EJ,5,train
TCGA-VS-A8Q9,5,train
TCGA-VS-A8QA,5,train
TCGA-VS-A8QF,5,train
TCGA-VS-A8QM,5,train
TCGA-VS-A94X,5,train
TCGA-VS-A94Y,5,train
TCGA-VS-A950,5,train
TCGA-VS-A952,5,train
TCGA-VS-A953,5,train
TCGA-VS-A954,5,train
TCGA-VS-A957,5,train
TCGA-VS-A9U5,5,train
TCGA-VS-A9U6,5,train
TCGA-VS-A9U7,5,train
TCGA-VS-A9UB,5,train
TCGA-VS-A9UC,5,train
TCGA-VS-A9UD,5,train
TCGA-VS-A9UI,5,train
TCGA-VS-A9UL,5,train
TCGA-VS-A9UO,5,train
TCGA-VS-A9UP,5,train
TCGA-VS-A9UQ,5,train
TCGA-VS-A9UR,5,train
TCGA-VS-A9UT,5,train
TCGA-VS-A9UU,5,train
TCGA-VS-A9UV,5,train
TCGA-VS-A9UY,5,train
TCGA-VS-A9UZ,5,train
TCGA-VS-A9V0,5,train
TCGA-VS-A9V1,5,train
TCGA-VS-A9V2,5,train
TCGA-VS-A9V3,5,train
TCGA-VS-A9V4,5,train
TCGA-VS-A9V5,5,train
TCGA-VS-AA62,5,train
TCGA-VV-A829,5,train
TCGA-VV-A86M,5,train
TCGA-W2-A7HA,5,train
TCGA-W2-A7HE,5,train
TCGA-W2-A7HF,5,train
TCGA-W2-A7HH,5,train
TCGA-W2-A7UY,5,train
TCGA-W4-A7U2,5,train
TCGA-W4-A7U3,5,train
TCGA-W4-A7U4,5,train
TCGA-W8-A86G,5,train
TCGA-W9-A837,5,train
TCGA-WA-A7H4,5,train
TCGA-WB-A80K,5,train
TCGA-WB-A80L,5,train
TCGA-WB-A80N,5,train
TCGA-WB-A80O,5,train
TCGA-WB-A80P,5,train
TCGA-WB-A80Q,5,train
TCGA-WB-A80Y,5,train
TCGA-WB-A814,5,train
TCGA-WB-A815,5,train
TCGA-WB-A816,5,train
TCGA-WB-A819,5,train
TCGA-WB-A81D,5,train
TCGA-WB-A81E,5,train
TCGA-WB-A81F,5,train
TCGA-WB-A81G,5,train
TCGA-WB-A81H,5,train
TCGA-WB-A81I,5,train
TCGA-WB-A81J,5,train
TCGA-WB-A81K,5,train
TCGA-WB-A81M,5,train
TCGA-WB-A81N,5,train
TCGA-WB-A81P,5,train
TCGA-WB-A81Q,5,train
TCGA-WB-A81R,5,train
TCGA-WB-A81S,5,train
TCGA-WB-A81T,5,train
TCGA-WB-A81V,5,train
TCGA-WB-A81W,5,train
TCGA-WB-A820,5,train
TCGA-WB-A821,5,train
TCGA-WB-A822,5,train
TCGA-WC-A87T,5,train
TCGA-WC-A87U,5,train
TCGA-WC-A87W,5,train
TCGA-WC-A880,5,train
TCGA-WC-A881,5,train
TCGA-WC-A884,5,train
TCGA-WC-A885,5,train
TCGA-WC-A888,5,train
TCGA-WC-A88A,5,train
TCGA-WC-AA9A,5,train
TCGA-WC-AA9E,5,train
TCGA-WE-A8K4,5,train
TCGA-WH-A86K,5,train
TCGA-WJ-A86L,5,train
TCGA-WK-A8XO,5,train
TCGA-WK-A8XQ,5,train
TCGA-WK-A8XS,5,train
TCGA-WK-A8XT,5,train
TCGA-WK-A8XX,5,train
TCGA-WL-A834,5,train
TCGA-WN-A9G9,5,train
TCGA-WP-A9GB,5,train
TCGA-WQ-A9G7,5,train
TCGA-WQ-AB4B,5,train
TCGA-WR-A838,5,train
TCGA-WS-AB45,5,train
TCGA-WT-AB41,5,train
TCGA-WT-AB44,5,train
TCGA-WW-A8ZI,5,train
TCGA-WX-AA44,5,train
TCGA-WX-AA46,5,train
TCGA-WY-A85A,5,train
TCGA-WY-A85D,5,train
TCGA-WZ-A7V3,5,train
TCGA-WZ-A8D5,5,train
TCGA-X3-A8G4,5,train
TCGA-X4-A8KQ,5,train
TCGA-X4-A8KS,5,train
TCGA-X6-A7W8,5,train
TCGA-X6-A7WB,5,train
TCGA-X6-A7WC,5,train
TCGA-X6-A7WD,5,train
TCGA-X6-A8C5,5,train
TCGA-X6-A8C6,5,train
TCGA-X6-A8C7,5,train
TCGA-X7-A8D6,5,train
TCGA-X7-A8D7,5,train
TCGA-X7-A8D8,5,train
TCGA-X7-A8D9,5,train
TCGA-X7-A8DC,5,train
TCGA-X7-A8DE,5,train
TCGA-X7-A8DF,5,train
TCGA-X7-A8DI,5,train
TCGA-X7-A8DJ,5,train
TCGA-X7-A8M1,5,train
TCGA-X7-A8M3,5,train
TCGA-X7-A8M4,5,train
TCGA-X7-A8M5,5,train
TCGA-X7-A8M7,5,train
TCGA-X8-AAAR,5,train
TCGA-X9-A971,5,train
TCGA-XA-A8JR,5,train
TCGA-XC-AA0X,5,train
TCGA-XD-AAUG,5,train
TCGA-XD-AAUH,5,train
TCGA-XD-AAUI,5,train
TCGA-XD-AAUL,5,train
TCGA-XE-A8H4,5,train
TCGA-XE-A8H5,5,train
TCGA-XE-A9SE,5,train
TCGA-XE-AANI,5,train
TCGA-XE-AANR,5,train
TCGA-XE-AAO6,5,train
TCGA-XE-AAOC,5,train
TCGA-XE-AAOD,5,train
TCGA-XE-AAOF,5,train
TCGA-XE-AAOL,5,train
TCGA-XF-A8HB,5,train
TCGA-XF-A8HC,5,train
TCGA-XF-A8HD,5,train
TCGA-XF-A8HE,5,train
TCGA-XF-A8HF,5,train
TCGA-XF-A8HG,5,train
TCGA-XF-A8HH,5,train
TCGA-XF-A9SH,5,train
TCGA-XF-A9SJ,5,train
TCGA-XF-A9SK,5,train
TCGA-XF-A9SM,5,train
TCGA-XF-A9SU,5,train
TCGA-XF-A9SW,5,train
TCGA-XF-A9SX,5,train
TCGA-XF-A9T2,5,train
TCGA-XF-A9T3,5,train
TCGA-XF-A9T4,5,train
TCGA-XF-A9T5,5,train
TCGA-XF-A9T8,5,train
TCGA-XF-AAME,5,train
TCGA-XF-AAMG,5,train
TCGA-XF-AAMH,5,train
TCGA-XF-AAMJ,5,train
TCGA-XF-AAMQ,5,train
TCGA-XF-AAMR,5,train
TCGA-XF-AAMT,5,train
TCGA-XF-AAMW,5,train
TCGA-XF-AAMX,5,train
TCGA-XF-AAMY,5,train
TCGA-XF-AAMZ,5,train
TCGA-XF-AAN0,5,train
TCGA-XF-AAN1,5,train
TCGA-XF-AAN2,5,train
TCGA-XF-AAN3,5,train
TCGA-XF-AAN4,5,train
TCGA-XF-AAN7,5,train
TCGA-XF-AAN8,5,train
TCGA-XH-A853,5,train
TCGA-XJ-A83F,5,train
TCGA-XJ-A83H,5,train
TCGA-XJ-A9DI,5,train
TCGA-XJ-A9DK,5,train
TCGA-XJ-A9DQ,5,train
TCGA-XJ-A9DX,5,train
TCGA-XK-AAIR,5,train
TCGA-XK-AAIV,5,train
TCGA-XK-AAIW,5,train
TCGA-XK-AAJ3,5,train
TCGA-XK-AAJR,5,train
TCGA-XK-AAJT,5,train
TCGA-XK-AAJU,5,train
TCGA-XK-AAK1,5,train
TCGA-XM-A8R8,5,train
TCGA-XM-A8RB,5,train
TCGA-XM-A8RC,5,train
TCGA-XM-A8RD,5,train
TCGA-XM-A8RE,5,train
TCGA-XM-A8RF,5,train
TCGA-XM-A8RH,5,train
TCGA-XM-A8RI,5,train
TCGA-XM-A8RL,5,train
TCGA-XM-AAZ1,5,train
TCGA-XM-AAZ2,5,train
TCGA-XM-AAZ3,5,train
TCGA-XP-A8T6,5,train
TCGA-XP-A8T7,5,train
TCGA-XP-A8T8,5,train
TCGA-XQ-A8TB,5,train
TCGA-XR-A8TC,5,train
TCGA-XR-A8TD,5,train
TCGA-XR-A8TE,5,train
TCGA-XR-A8TG,5,train
TCGA-XS-A8TJ,5,train
TCGA-XU-A92R,5,train
TCGA-XU-A92T,5,train
TCGA-XU-A92U,5,train
TCGA-XU-A92V,5,train
TCGA-XU-A92W,5,train
TCGA-XU-A92X,5,train
TCGA-XU-A92Y,5,train
TCGA-XU-A92Z,5,train
TCGA-XU-A932,5,train
TCGA-XU-A933,5,train
TCGA-XU-A936,5,train
TCGA-XU-AAXV,5,train
TCGA-XU-AAXX,5,train
TCGA-XU-AAY1,5,train
TCGA-XV-A9VZ,5,train
TCGA-XV-A9W5,5,train
TCGA-XV-AAZV,5,train
TCGA-XV-AAZW,5,train
TCGA-XX-A899,5,train
TCGA-XY-A89B,5,train
TCGA-XY-A8S2,5,train
TCGA-Y8-A894,5,train
TCGA-Y8-A895,5,train
TCGA-Y8-A896,5,train
TCGA-Y8-A897,5,train
TCGA-Y8-A8RY,5,train
TCGA-Y8-A8S0,5,train
TCGA-YC-A8S6,5,train
TCGA-YC-A9TC,5,train
TCGA-YF-AA3M,5,train
TCGA-YG-AA3N,5,train
TCGA-YL-A8HJ,5,train
TCGA-YL-A8HK,5,train
TCGA-YL-A8HL,5,train
TCGA-YL-A8HM,5,train
TCGA-YL-A8HO,5,train
TCGA-YL-A8S8,5,train
TCGA-YL-A8S9,5,train
TCGA-YL-A8SA,5,train
TCGA-YL-A8SB,5,train
TCGA-YL-A8SC,5,train
TCGA-YL-A8SF,5,train
TCGA-YL-A8SH,5,train
TCGA-YL-A8SK,5,train
TCGA-YL-A8SL,5,train
TCGA-YL-A8SO,5,train
TCGA-YL-A8SP,5,train
TCGA-YL-A8SQ,5,train
TCGA-YL-A8SR,5,train
TCGA-YL-A9WH,5,train
TCGA-YL-A9WI,5,train
TCGA-YL-A9WJ,5,train
TCGA-YL-A9WK,5,train
TCGA-YL-A9WL,5,train
TCGA-YS-A95B,5,train
TCGA-YS-A95C,5,train
TCGA-YS-AA4M,5,train
TCGA-YT-A95D,5,train
TCGA-YT-A95F,5,train
TCGA-YT-A95G,5,train
TCGA-YT-A95H,5,train
TCGA-YU-A90P,5,train
TCGA-YU-A90W,5,train
TCGA-YU-A912,5,train
TCGA-YU-AA61,5,train
TCGA-YY-A8LH,5,train
TCGA-YZ-A982,5,train
TCGA-YZ-A983,5,train
TCGA-YZ-A984,5,train
TCGA-YZ-A985,5,train
TCGA-Z4-A9VC,5,train
TCGA-Z4-AAPF,5,train
TCGA-Z5-AAPL,5,train
TCGA-Z6-A8JD,5,train
TCGA-Z6-A8JE,5,train
TCGA-Z6-A9VB,5,train
TCGA-Z6-AAPN,5,train
TCGA-ZA-A8F6,5,train
TCGA-ZB-A961,5,train
TCGA-ZB-A962,5,train
TCGA-ZB-A963,5,train
TCGA-ZB-A966,5,train
TCGA-ZB-A969,5,train
TCGA-ZB-A96B,5,train
TCGA-ZB-A96C,5,train
TCGA-ZB-A96E,5,train
TCGA-ZB-A96G,5,train
TCGA-ZB-A96H,5,train
TCGA-ZB-A96I,5,train
TCGA-ZB-A96K,5,train
TCGA-ZB-A96L,5,train
TCGA-ZB-A96M,5,train
TCGA-ZB-A96O,5,train
TCGA-ZB-A96P,5,train
TCGA-ZB-A96Q,5,train
TCGA-ZB-A96V,5,train
TCGA-ZC-AAAA,5,train
TCGA-ZF-A9R0,5,train
TCGA-ZF-A9R1,5,train
TCGA-ZF-A9R2,5,train
TCGA-ZF-A9R3,5,train
TCGA-ZF-A9R5,5,train
TCGA-ZF-A9R9,5,train
TCGA-ZF-A9RC,5,train
TCGA-ZF-A9RD,5,train
TCGA-ZF-A9RE,5,train
TCGA-ZF-A9RF,5,train
TCGA-ZF-A9RG,5,train
TCGA-ZF-A9RM,5,train
TCGA-ZF-A9RN,5,train
TCGA-ZF-AA4N,5,train
TCGA-ZF-AA4R,5,train
TCGA-ZF-AA4T,5,train
TCGA-ZF-AA4U,5,train
TCGA-ZF-AA4W,5,train
TCGA-ZF-AA4X,5,train
TCGA-ZF-AA51,5,train
TCGA-ZF-AA52,5,train
TCGA-ZF-AA53,5,train
TCGA-ZF-AA54,5,train
TCGA-ZF-AA58,5,train
TCGA-ZF-AA5H,5,train
TCGA-ZF-AA5P,5,train
TCGA-ZJ-A8QO,5,train
TCGA-ZJ-A8QQ,5,train
TCGA-ZJ-A8QR,5,train
TCGA-ZJ-AAX4,5,train
TCGA-ZJ-AAXN,5,train
TCGA-ZJ-AB0H,5,train
TCGA-ZJ-AB0I,5,train
TCGA-ZM-AA05,5,train
TCGA-ZM-AA06,5,train
TCGA-ZM-AA0E,5,train
TCGA-ZM-AA0F,5,train
TCGA-ZM-AA0N,5,train
TCGA-ZN-A9VO,5,train
TCGA-ZN-A9VQ,5,train
TCGA-ZN-A9VU,5,train
TCGA-ZN-A9VV,5,train
TCGA-ZP-A9CV,5,train
TCGA-ZP-A9D0,5,train
TCGA-ZP-A9D4,5,train
TCGA-ZR-A9CJ,5,train
TCGA-ZS-A9CD,5,train
TCGA-ZS-A9CE,5,train
TCGA-ZS-A9CF,5,train
TCGA-ZS-A9CG,5,train
TCGA-ZT-A8OM,5,train
TCGA-02-0038,5,val
TCGA-05-4245,5,val
TCGA-05-4250,5,val
TCGA-05-4382,5,val
TCGA-05-4395,5,val
TCGA-05-4418,5,val
TCGA-05-4422,5,val
TCGA-06-0141,5,val
TCGA-06-0145,5,val
TCGA-06-0152,5,val
TCGA-06-0157,5,val
TCGA-06-0166,5,val
TCGA-06-0208,5,val
TCGA-06-0210,5,val
TCGA-06-0214,5,val
TCGA-06-0644,5,val
TCGA-06-0744,5,val
TCGA-06-0749,5,val
TCGA-06-0875,5,val
TCGA-06-0879,5,val
TCGA-06-0881,5,val
TCGA-06-0882,5,val
TCGA-06-1086,5,val
TCGA-06-5413,5,val
TCGA-12-0692,5,val
TCGA-12-1093,5,val
TCGA-12-1598,5,val
TCGA-12-1602,5,val
TCGA-12-3652,5,val
TCGA-14-0786,5,val
TCGA-14-0787,5,val
TCGA-14-1396,5,val
TCGA-14-1401,5,val
TCGA-14-1458,5,val
TCGA-19-0955,5,val
TCGA-19-5952,5,val
TCGA-19-A6J4,5,val
TCGA-21-5782,5,val
TCGA-21-5786,5,val
TCGA-23-1027,5,val
TCGA-23-1113,5,val
TCGA-23-1116,5,val
TCGA-23-1117,5,val
TCGA-23-2077,5,val
TCGA-25-1316,5,val
TCGA-25-1323,5,val
TCGA-25-1324,5,val
TCGA-25-1625,5,val
TCGA-25-1633,5,val
TCGA-25-2393,5,val
TCGA-25-2397,5,val
TCGA-25-2399,5,val
TCGA-25-2400,5,val
TCGA-26-A7UX,5,val
TCGA-27-1837,5,val
TCGA-27-2519,5,val
TCGA-27-2521,5,val
TCGA-28-1755,5,val
TCGA-2A-A8VO,5,val
TCGA-2A-AAYF,5,val
TCGA-2F-A9KQ,5,val
TCGA-2G-AAEW,5,val
TCGA-2G-AAEX,5,val
TCGA-2G-AAF1,5,val
TCGA-2G-AAFL,5,val
TCGA-2G-AAFM,5,val
TCGA-2G-AAFZ,5,val
TCGA-2G-AAGG,5,val
TCGA-2G-AAGI,5,val
TCGA-2G-AAGP,5,val
TCGA-2G-AAH2,5,val
TCGA-2G-AALN,5,val
TCGA-2G-AALT,5,val
TCGA-2G-AALX,5,val
TCGA-2G-AAM2,5,val
TCGA-2J-AAB8,5,val
TCGA-2J-AABA,5,val
TCGA-2J-AABU,5,val
TCGA-2J-AABV,5,val
TCGA-2L-AAQJ,5,val
TCGA-2X-A9D6,5,val
TCGA-2Y-A9GU,5,val
TCGA-2Y-A9H2,5,val
TCGA-2Y-A9H7,5,val
TCGA-2Y-A9H9,5,val
TCGA-2Y-A9HA,5,val
TCGA-2Z-A9J5,5,val
TCGA-2Z-A9J8,5,val
TCGA-2Z-A9JE,5,val
TCGA-2Z-A9JS,5,val
TCGA-33-A5GW,5,val
TCGA-37-4130,5,val
TCGA-37-5819,5,val
TCGA-38-7271,5,val
TCGA-3A-A9IC,5,val
TCGA-3A-A9IR,5,val
TCGA-3C-AALJ,5,val
TCGA-3E-AAAZ,5,val
TCGA-3H-AB3L,5,val
TCGA-3H-AB3O,5,val
TCGA-3H-AB3U,5,val
TCGA-3S-AAYX,5,val
TCGA-3U-A98H,5,val
TCGA-41-2575,5,val
TCGA-41-5651,5,val
TCGA-43-6647,5,val
TCGA-43-7656,5,val
TCGA-43-8115,5,val
TCGA-44-3396,5,val
TCGA-44-7659,5,val
TCGA-44-7660,5,val
TCGA-44-7662,5,val
TCGA-44-7669,5,val
TCGA-44-A4SS,5,val
TCGA-46-3766,5,val
TCGA-46-3767,5,val
TCGA-46-3768,5,val
TCGA-4A-A93Y,5,val
TCGA-4J-AA1J,5,val
TCGA-4L-AA1F,5,val
TCGA-4W-AA9R,5,val
TCGA-4X-A9F9,5,val
TCGA-4Z-AA7W,5,val
TCGA-4Z-AA82,5,val
TCGA-4Z-AA86,5,val
TCGA-52-7622,5,val
TCGA-52-7811,5,val
TCGA-53-7624,5,val
TCGA-55-6543,5,val
TCGA-55-7281,5,val
TCGA-55-7574,5,val
TCGA-55-7724,5,val
TCGA-55-8090,5,val
TCGA-55-8091,5,val
TCGA-55-8619,5,val
TCGA-55-A493,5,val
TCGA-56-7223,5,val
TCGA-56-7580,5,val
TCGA-56-8504,5,val
TCGA-5L-AAT1,5,val
TCGA-5P-A9JZ,5,val
TCGA-5P-A9K2,5,val
TCGA-5P-A9K3,5,val
TCGA-5U-AB0D,5,val
TCGA-62-A46O,5,val
TCGA-63-5131,5,val
TCGA-63-6202,5,val
TCGA-63-7021,5,val
TCGA-63-A5MB,5,val
TCGA-63-A5MG,5,val
TCGA-63-A5MR,5,val
TCGA-67-6215,5,val
TCGA-69-8255,5,val
TCGA-75-5122,5,val
TCGA-75-6203,5,val
TCGA-75-6206,5,val
TCGA-75-6214,5,val
TCGA-75-7031,5,val
TCGA-77-7140,5,val
TCGA-77-7142,5,val
TCGA-77-A5FZ,5,val
TCGA-77-A5G3,5,val
TCGA-77-A5GB,5,val
TCGA-77-A5GF,5,val
TCGA-78-7159,5,val
TCGA-78-7535,5,val
TCGA-78-7536,5,val
TCGA-81-5911,5,val
TCGA-85-8049,5,val
TCGA-85-8052,5,val
TCGA-85-8071,5,val
TCGA-85-8287,5,val
TCGA-85-8350,5,val
TCGA-85-8352,5,val
TCGA-85-8354,5,val
TCGA-85-8584,5,val
TCGA-85-A4CN,5,val
TCGA-85-A510,5,val
TCGA-85-A511,5,val
TCGA-85-A53L,5,val
TCGA-86-6562,5,val
TCGA-86-8076,5,val
TCGA-86-8358,5,val
TCGA-86-8672,5,val
TCGA-90-A4EE,5,val
TCGA-91-A4BD,5,val
TCGA-93-A4JO,5,val
TCGA-94-7943,5,val
TCGA-95-7039,5,val
TCGA-95-7948,5,val
TCGA-96-7544,5,val
TCGA-98-7454,5,val
TCGA-98-8021,5,val
TCGA-98-A53A,5,val
TCGA-98-A53H,5,val
TCGA-A1-A0SB,5,val
TCGA-A1-A0SD,5,val
TCGA-A1-A0SF,5,val
TCGA-A1-A0SQ,5,val
TCGA-A2-A04N,5,val
TCGA-A2-A04P,5,val
TCGA-A2-A04V,5,val
TCGA-A2-A04W,5,val
TCGA-A2-A0CM,5,val
TCGA-A2-A0CO,5,val
TCGA-A2-A0CV,5,val
TCGA-A2-A0D3,5,val
TCGA-A2-A0SU,5,val
TCGA-A2-A0SV,5,val
TCGA-A2-A0T7,5,val
TCGA-A2-A1FV,5,val
TCGA-A2-A1FZ,5,val
TCGA-A2-A25C,5,val
TCGA-A2-A25E,5,val
TCGA-A3-3307,5,val
TCGA-A3-3317,5,val
TCGA-A3-3322,5,val
TCGA-A3-3351,5,val
TCGA-A3-3352,5,val
TCGA-A3-3362,5,val
TCGA-A3-A6NI,5,val
TCGA-A4-7286,5,val
TCGA-A4-7583,5,val
TCGA-A4-7732,5,val
TCGA-A4-7828,5,val
TCGA-A4-7996,5,val
TCGA-A4-7997,5,val
TCGA-A4-8098,5,val
TCGA-A4-8311,5,val
TCGA-A4-A5DU,5,val
TCGA-A4-A6HP,5,val
TCGA-A5-A0GD,5,val
TCGA-A5-A0GV,5,val
TCGA-A5-A0GW,5,val
TCGA-A5-A0R9,5,val
TCGA-A5-A1OG,5,val
TCGA-A5-A1OH,5,val
TCGA-A5-A1OJ,5,val
TCGA-A5-A2K3,5,val
TCGA-A5-A7WK,5,val
TCGA-A6-2674,5,val
TCGA-A6-2680,5,val
TCGA-A6-2681,5,val
TCGA-A6-2686,5,val
TCGA-A6-4105,5,val
TCGA-A6-5661,5,val
TCGA-A6-5664,5,val
TCGA-A6-6138,5,val
TCGA-A6-6141,5,val
TCGA-A6-6652,5,val
TCGA-A6-A566,5,val
TCGA-A7-A0D9,5,val
TCGA-A7-A13F,5,val
TCGA-A7-A26E,5,val
TCGA-A7-A26H,5,val
TCGA-A7-A425,5,val
TCGA-A7-A6VV,5,val
TCGA-A7-A6VW,5,val
TCGA-A8-A06O,5,val
TCGA-A8-A06P,5,val
TCGA-A8-A06X,5,val
TCGA-A8-A07S,5,val
TCGA-A8-A081,5,val
TCGA-A8-A082,5,val
TCGA-A8-A083,5,val
TCGA-A8-A08L,5,val
TCGA-A8-A08Z,5,val
TCGA-A8-A092,5,val
TCGA-A8-A096,5,val
TCGA-A8-A09E,5,val
TCGA-A8-A09I,5,val
TCGA-A8-A09K,5,val
TCGA-A8-A09R,5,val
TCGA-A8-A09V,5,val
TCGA-A8-A0A2,5,val
TCGA-A8-A0A7,5,val
TCGA-AA-3693,5,val
TCGA-AA-3715,5,val
TCGA-AA-3812,5,val
TCGA-AA-3831,5,val
TCGA-AA-3855,5,val
TCGA-AA-3861,5,val
TCGA-AA-3866,5,val
TCGA-AA-3939,5,val
TCGA-AA-3952,5,val
TCGA-AA-3984,5,val
TCGA-AA-A00U,5,val
TCGA-AA-A01I,5,val
TCGA-AA-A01X,5,val
TCGA-AA-A01Z,5,val
TCGA-AC-A23E,5,val
TCGA-AC-A3HN,5,val
TCGA-AC-A3TN,5,val
TCGA-AC-A3YJ,5,val
TCGA-AC-A62X,5,val
TCGA-AC-A8OQ,5,val
TCGA-AC-A8OR,5,val
TCGA-AD-6890,5,val
TCGA-AF-3911,5,val
TCGA-AG-3583,5,val
TCGA-AG-3593,5,val
TCGA-AG-3600,5,val
TCGA-AG-3881,5,val
TCGA-AG-3887,5,val
TCGA-AG-3901,5,val
TCGA-AG-3902,5,val
TCGA-AG-4001,5,val
TCGA-AG-4022,5,val
TCGA-AG-A01N,5,val
TCGA-AJ-A3NH,5,val
TCGA-AJ-A3TW,5,val
TCGA-AJ-A8CT,5,val
TCGA-AJ-A8CV,5,val
TCGA-AK-3433,5,val
TCGA-AK-3434,5,val
TCGA-AK-3436,5,val
TCGA-AK-3445,5,val
TCGA-AK-3453,5,val
TCGA-AK-3454,5,val
TCGA-AL-3466,5,val
TCGA-AL-3467,5,val
TCGA-AL-3473,5,val
TCGA-AN-A046,5,val
TCGA-AN-A0AT,5,val
TCGA-AN-A0FK,5,val
TCGA-AN-A0FL,5,val
TCGA-AN-A0FV,5,val
TCGA-AN-A0XO,5,val
TCGA-AN-A0XT,5,val
TCGA-AN-A0XU,5,val
TCGA-AO-A0J5,5,val
TCGA-AO-A0J7,5,val
TCGA-AO-A0J8,5,val
TCGA-AO-A0JA,5,val
TCGA-AO-A12B,5,val
TCGA-AO-A12F,5,val
TCGA-AO-A1KP,5,val
TCGA-AO-A1KS,5,val
TCGA-AP-A051,5,val
TCGA-AP-A059,5,val
TCGA-AP-A05P,5,val
TCGA-AP-A0L9,5,val
TCGA-AP-A0LF,5,val
TCGA-AP-A0LH,5,val
TCGA-AP-A1DK,5,val
TCGA-AP-A1DO,5,val
TCGA-AP-A1E1,5,val
TCGA-AP-A5FX,5,val
TCGA-AR-A0TP,5,val
TCGA-AR-A0TR,5,val
TCGA-AR-A0TT,5,val
TCGA-AR-A0TW,5,val
TCGA-AR-A0U0,5,val
TCGA-AR-A0U3,5,val
TCGA-AR-A1AH,5,val
TCGA-AR-A1AJ,5,val
TCGA-AR-A1AO,5,val
TCGA-AR-A1AW,5,val
TCGA-AR-A24U,5,val
TCGA-AR-A24X,5,val
TCGA-AR-A24Z,5,val
TCGA-AR-A250,5,val
TCGA-AR-A255,5,val
TCGA-AR-A256,5,val
TCGA-AU-3779,5,val
TCGA-AX-A05U,5,val
TCGA-AX-A06L,5,val
TCGA-AX-A0IZ,5,val
TCGA-AZ-4313,5,val
TCGA-AZ-4615,5,val
TCGA-B0-4693,5,val
TCGA-B0-4713,5,val
TCGA-B0-4714,5,val
TCGA-B0-4819,5,val
TCGA-B0-4823,5,val
TCGA-B0-4838,5,val
TCGA-B0-4842,5,val
TCGA-B0-4847,5,val
TCGA-B0-4848,5,val
TCGA-B0-5077,5,val
TCGA-B0-5096,5,val
TCGA-B0-5098,5,val
TCGA-B0-5113,5,val
TCGA-B0-5119,5,val
TCGA-B0-5402,5,val
TCGA-B0-5698,5,val
TCGA-B0-5699,5,val
TCGA-B0-5702,5,val
TCGA-B0-5709,5,val
TCGA-B2-4098,5,val
TCGA-B2-4099,5,val
TCGA-B2-5641,5,val
TCGA-B2-A4SR,5,val
TCGA-B3-3926,5,val
TCGA-B4-5836,5,val
TCGA-B5-A0JU,5,val
TCGA-B5-A0K0,5,val
TCGA-B5-A0K3,5,val
TCGA-B5-A11I,5,val
TCGA-B5-A11N,5,val
TCGA-B5-A11P,5,val
TCGA-B5-A11Q,5,val
TCGA-B5-A11U,5,val
TCGA-B5-A11Z,5,val
TCGA-B5-A1MS,5,val
TCGA-B5-A1MX,5,val
TCGA-B5-A1N2,5,val
TCGA-B5-A3FB,5,val
TCGA-B5-A5OD,5,val
TCGA-B6-A0I6,5,val
TCGA-B6-A0IA,5,val
TCGA-B6-A0IG,5,val
TCGA-B6-A0RL,5,val
TCGA-B6-A0RO,5,val
TCGA-B6-A0RV,5,val
TCGA-B6-A0X7,5,val
TCGA-B7-5816,5,val
TCGA-B8-5552,5,val
TCGA-B8-5553,5,val
TCGA-B8-A54F,5,val
TCGA-B8-A7U6,5,val
TCGA-B9-A8YH,5,val
TCGA-BA-5559,5,val
TCGA-BA-6872,5,val
TCGA-BA-A6DA,5,val
TCGA-BA-A6DD,5,val
TCGA-BA-A6DI,5,val
TCGA-BB-7863,5,val
TCGA-BB-A5HY,5,val
TCGA-BC-A217,5,val
TCGA-BC-A5W4,5,val
TCGA-BC-A69H,5,val
TCGA-BF-A3DM,5,val
TCGA-BF-A5EP,5,val
TCGA-BF-AAP2,5,val
TCGA-BG-A0LW,5,val
TCGA-BG-A0LX,5,val
TCGA-BG-A0VV,5,val
TCGA-BG-A2AD,5,val
TCGA-BH-A0B3,5,val
TCGA-BH-A0B4,5,val
TCGA-BH-A0BS,5,val
TCGA-BH-A0BT,5,val
TCGA-BH-A0DK,5,val
TCGA-BH-A0DS,5,val
TCGA-BH-A0DX,5,val
TCGA-BH-A0EB,5,val
TCGA-BH-A0H3,5,val
TCGA-BH-A0H6,5,val
TCGA-BH-A0HA,5,val
TCGA-BH-A0W4,5,val
TCGA-BH-A0W5,5,val
TCGA-BH-A28O,5,val
TCGA-BJ-A0Z0,5,val
TCGA-BJ-A0ZC,5,val
TCGA-BJ-A18Z,5,val
TCGA-BJ-A191,5,val
TCGA-BJ-A28T,5,val
TCGA-BJ-A28W,5,val
TCGA-BJ-A2P4,5,val
TCGA-BJ-A3PT,5,val
TCGA-BJ-A45D,5,val
TCGA-BK-A0CA,5,val
TCGA-BK-A26L,5,val
TCGA-BK-A56F,5,val
TCGA-BP-4173,5,val
TCGA-BP-4330,5,val
TCGA-BP-4332,5,val
TCGA-BP-4343,5,val
TCGA-BP-4344,5,val
TCGA-BP-4351,5,val
TCGA-BP-4761,5,val
TCGA-BP-4763,5,val
TCGA-BP-4769,5,val
TCGA-BP-4787,5,val
TCGA-BP-4790,5,val
TCGA-BP-4797,5,val
TCGA-BP-4973,5,val
TCGA-BP-4974,5,val
TCGA-BP-4987,5,val
TCGA-BP-5000,5,val
TCGA-BP-5001,5,val
TCGA-BP-5006,5,val
TCGA-BP-5170,5,val
TCGA-BP-5174,5,val
TCGA-BP-5181,5,val
TCGA-BP-5199,5,val
TCGA-BR-6453,5,val
TCGA-BR-6456,5,val
TCGA-BR-7901,5,val
TCGA-BR-8058,5,val
TCGA-BR-8080,5,val
TCGA-BR-8284,5,val
TCGA-BR-8295,5,val
TCGA-BR-8297,5,val
TCGA-BR-8372,5,val
TCGA-BR-8381,5,val
TCGA-BR-8382,5,val
TCGA-BR-8677,5,val
TCGA-BR-8680,5,val
TCGA-BR-8686,5,val
TCGA-BR-8690,5,val
TCGA-BR-A4J2,5,val
TCGA-BR-A4J8,5,val
TCGA-BR-A4PE,5,val
TCGA-BR-A4QI,5,val
TCGA-BR-A4QL,5,val
TCGA-BS-A0TD,5,val
TCGA-BS-A0TE,5,val
TCGA-BS-A0TG,5,val
TCGA-BS-A0U8,5,val
TCGA-BS-A0UA,5,val
TCGA-BS-A0V4,5,val
TCGA-BS-A0V7,5,val
TCGA-BS-A0V8,5,val
TCGA-BT-A20N,5,val
TCGA-BT-A20O,5,val
TCGA-BT-A42E,5,val
TCGA-BW-A5NO,5,val
TCGA-C4-A0F1,5,val
TCGA-C4-A0F7,5,val
TCGA-C5-A1BF,5,val
TCGA-C5-A1BL,5,val
TCGA-C5-A1BQ,5,val
TCGA-C5-A1M8,5,val
TCGA-C5-A1MH,5,val
TCGA-C5-A1MK,5,val
TCGA-C5-A2LY,5,val
TCGA-C5-A7CM,5,val
TCGA-C5-A7UH,5,val
TCGA-C5-A7X3,5,val
TCGA-C8-A12M,5,val
TCGA-C8-A12Q,5,val
TCGA-C8-A12X,5,val
TCGA-C8-A132,5,val
TCGA-C8-A134,5,val
TCGA-C8-A1HE,5,val
TCGA-C8-A1HG,5,val
TCGA-C8-A1HI,5,val
TCGA-C8-A26W,5,val
TCGA-CA-6717,5,val
TCGA-CC-5259,5,val
TCGA-CC-A123,5,val
TCGA-CC-A3M9,5,val
TCGA-CC-A3MA,5,val
TCGA-CC-A7IG,5,val
TCGA-CC-A7IJ,5,val
TCGA-CC-A9FS,5,val
TCGA-CC-A9FU,5,val
TCGA-CC-A9FV,5,val
TCGA-CD-5800,5,val
TCGA-CD-5813,5,val
TCGA-CD-8524,5,val
TCGA-CD-8525,5,val
TCGA-CD-8532,5,val
TCGA-CD-A486,5,val
TCGA-CD-A487,5,val
TCGA-CE-A3ME,5,val
TCGA-CF-A27C,5,val
TCGA-CF-A47W,5,val
TCGA-CF-A7I0,5,val
TCGA-CF-A9FM,5,val
TCGA-CG-4304,5,val
TCGA-CG-4443,5,val
TCGA-CG-4444,5,val
TCGA-CG-4449,5,val
TCGA-CG-4466,5,val
TCGA-CG-4469,5,val
TCGA-CG-4472,5,val
TCGA-CH-5753,5,val
TCGA-CJ-4638,5,val
TCGA-CJ-4640,5,val
TCGA-CJ-4873,5,val
TCGA-CJ-4875,5,val
TCGA-CJ-4887,5,val
TCGA-CJ-4889,5,val
TCGA-CJ-4891,5,val
TCGA-CJ-4894,5,val
TCGA-CJ-4900,5,val
TCGA-CJ-4902,5,val
TCGA-CJ-4905,5,val
TCGA-CJ-4907,5,val
TCGA-CJ-4916,5,val
TCGA-CJ-5676,5,val
TCGA-CJ-5679,5,val
TCGA-CK-4951,5,val
TCGA-CK-5912,5,val
TCGA-CM-4747,5,val
TCGA-CM-4752,5,val
TCGA-CM-5868,5,val
TCGA-CM-6164,5,val
TCGA-CM-6676,5,val
TCGA-CM-6678,5,val
TCGA-CM-6679,5,val
TCGA-CN-4725,5,val
TCGA-CN-4727,5,val
TCGA-CN-4741,5,val
TCGA-CN-4742,5,val
TCGA-CN-5360,5,val
TCGA-CN-5363,5,val
TCGA-CN-5367,5,val
TCGA-CN-5373,5,val
TCGA-CN-6011,5,val
TCGA-CN-6021,5,val
TCGA-CN-6022,5,val
TCGA-CN-6989,5,val
TCGA-CN-6992,5,val
TCGA-CN-6996,5,val
TCGA-CN-6998,5,val
TCGA-CN-A640,5,val
TCGA-CN-A641,5,val
TCGA-CQ-5323,5,val
TCGA-CQ-5330,5,val
TCGA-CQ-6218,5,val
TCGA-CQ-6229,5,val
TCGA-CQ-7063,5,val
TCGA-CS-4938,5,val
TCGA-CS-6668,5,val
TCGA-CU-A0YO,5,val
TCGA-CU-A72E,5,val
TCGA-CV-5442,5,val
TCGA-CV-6938,5,val
TCGA-CV-6942,5,val
TCGA-CV-6952,5,val
TCGA-CV-7089,5,val
TCGA-CV-7091,5,val
TCGA-CV-7095,5,val
TCGA-CV-7242,5,val
TCGA-CV-7261,5,val
TCGA-CV-7415,5,val
TCGA-CV-7418,5,val
TCGA-CV-7422,5,val
TCGA-CV-7435,5,val
TCGA-CV-A45P,5,val
TCGA-CV-A45T,5,val
TCGA-CV-A45X,5,val
TCGA-CV-A6K2,5,val
TCGA-CX-7086,5,val
TCGA-CZ-4854,5,val
TCGA-CZ-4857,5,val
TCGA-CZ-4862,5,val
TCGA-CZ-5453,5,val
TCGA-CZ-5465,5,val
TCGA-D1-A0ZO,5,val
TCGA-D1-A0ZR,5,val
TCGA-D1-A0ZU,5,val
TCGA-D1-A101,5,val
TCGA-D1-A102,5,val
TCGA-D1-A15V,5,val
TCGA-D1-A177,5,val
TCGA-D1-A17C,5,val
TCGA-D1-A17H,5,val
TCGA-D1-A17K,5,val
TCGA-D1-A1NY,5,val
TCGA-D1-A2G5,5,val
TCGA-D1-A2G6,5,val
TCGA-D5-5539,5,val
TCGA-D5-6529,5,val
TCGA-D5-7000,5,val
TCGA-D6-6515,5,val
TCGA-D6-6827,5,val
TCGA-D6-A6EN,5,val
TCGA-D6-A6EQ,5,val
TCGA-D6-A74Q,5,val
TCGA-D7-5579,5,val
TCGA-D7-6519,5,val
TCGA-D7-6525,5,val
TCGA-D7-8570,5,val
TCGA-D7-8576,5,val
TCGA-D7-8578,5,val
TCGA-D7-A6ET,5,val
TCGA-D7-A6EV,5,val
TCGA-D7-A6F2,5,val
TCGA-D8-A145,5,val
TCGA-D8-A1JF,5,val
TCGA-D8-A1JK,5,val
TCGA-D8-A1JT,5,val
TCGA-D8-A1X7,5,val
TCGA-D8-A1XF,5,val
TCGA-D8-A1XQ,5,val
TCGA-D8-A1Y1,5,val
TCGA-D8-A27F,5,val
TCGA-D8-A27L,5,val
TCGA-D8-A27N,5,val
TCGA-D8-A27P,5,val
TCGA-D8-A3Z5,5,val
TCGA-D8-A3Z6,5,val
TCGA-D8-A73U,5,val
TCGA-D9-A4Z2,5,val
TCGA-D9-A4Z5,5,val
TCGA-DB-5273,5,val
TCGA-DB-A4XB,5,val
TCGA-DB-A4XC,5,val
TCGA-DB-A4XH,5,val
TCGA-DB-A64O,5,val
TCGA-DB-A64U,5,val
TCGA-DB-A64W,5,val
TCGA-DC-5869,5,val
TCGA-DC-6155,5,val
TCGA-DC-6158,5,val
TCGA-DC-6160,5,val
TCGA-DC-6682,5,val
TCGA-DD-A114,5,val
TCGA-DD-A1EB,5,val
TCGA-DD-A1EJ,5,val
TCGA-DD-A4NG,5,val
TCGA-DD-A4NV,5,val
TCGA-DD-A73B,5,val
TCGA-DD-AACD,5,val
TCGA-DD-AACF,5,val
TCGA-DD-AACK,5,val
TCGA-DD-AACO,5,val
TCGA-DD-AACZ,5,val
TCGA-DD-AADA,5,val
TCGA-DD-AADC,5,val
TCGA-DD-AADR,5,val
TCGA-DD-AAE3,5,val
TCGA-DD-AAE8,5,val
TCGA-DD-AAEB,5,val
TCGA-DD-AAEG,5,val
TCGA-DD-AAVY,5,val
TCGA-DD-AAW2,5,val
TCGA-DE-A4MB,5,val
TCGA-DF-A2KN,5,val
TCGA-DF-A2KR,5,val
TCGA-DG-A2KH,5,val
TCGA-DH-A669,5,val
TCGA-DH-A66F,5,val
TCGA-DH-A66G,5,val
TCGA-DH-A7UV,5,val
TCGA-DJ-A13O,5,val
TCGA-DJ-A1QG,5,val
TCGA-DJ-A1QI,5,val
TCGA-DJ-A1QM,5,val
TCGA-DJ-A1QQ,5,val
TCGA-DJ-A2PU,5,val
TCGA-DJ-A2Q7,5,val
TCGA-DJ-A2Q9,5,val
TCGA-DJ-A2QA,5,val
TCGA-DJ-A3UK,5,val
TCGA-DJ-A3UN,5,val
TCGA-DJ-A3UX,5,val
TCGA-DJ-A3UY,5,val
TCGA-DJ-A3UZ,5,val
TCGA-DJ-A3V5,5,val
TCGA-DJ-A3V8,5,val
TCGA-DJ-A4UR,5,val
TCGA-DK-A1A3,5,val
TCGA-DK-A1A6,5,val
TCGA-DK-A1AA,5,val
TCGA-DK-A1AD,5,val
TCGA-DK-A1AG,5,val
TCGA-DK-A2I4,5,val
TCGA-DK-A3IL,5,val
TCGA-DK-A3IV,5,val
TCGA-DK-A3WY,5,val
TCGA-DM-A28H,5,val
TCGA-DO-A1K0,5,val
TCGA-DQ-5631,5,val
TCGA-DQ-7595,5,val
TCGA-DS-A7WF,5,val
TCGA-DS-A7WH,5,val
TCGA-DT-5265,5,val
TCGA-DU-5849,5,val
TCGA-DU-5871,5,val
TCGA-DU-6405,5,val
TCGA-DU-6407,5,val
TCGA-DU-6542,5,val
TCGA-DU-7006,5,val
TCGA-DU-7007,5,val
TCGA-DU-7010,5,val
TCGA-DU-7298,5,val
TCGA-DU-7301,5,val
TCGA-DU-7309,5,val
TCGA-DU-8158,5,val
TCGA-DU-8161,5,val
TCGA-DU-8166,5,val
TCGA-DU-A5TP,5,val
TCGA-DU-A76K,5,val
TCGA-DU-A7TB,5,val
TCGA-DV-5567,5,val
TCGA-DV-5576,5,val
TCGA-DV-A4VX,5,val
TCGA-DW-7834,5,val
TCGA-DX-A1KW,5,val
TCGA-DX-A1L3,5,val
TCGA-DX-A23U,5,val
TCGA-DX-A2J0,5,val
TCGA-DX-A3U8,5,val
TCGA-DX-A48K,5,val
TCGA-DX-A6B8,5,val
TCGA-DX-A6BG,5,val
TCGA-DX-A7EF,5,val
TCGA-DX-A7ET,5,val
TCGA-DX-A8BK,5,val
TCGA-DX-A8BQ,5,val
TCGA-DX-AB2F,5,val
TCGA-DX-AB2J,5,val
TCGA-DX-AB2O,5,val
TCGA-DX-AB2V,5,val
TCGA-DX-AB2Z,5,val
TCGA-DX-AB35,5,val
TCGA-DY-A1DC,5,val
TCGA-E1-A7YE,5,val
TCGA-E1-A7YI,5,val
TCGA-E1-A7Z4,5,val
TCGA-E2-A106,5,val
TCGA-E2-A109,5,val
TCGA-E2-A14O,5,val
TCGA-E2-A150,5,val
TCGA-E2-A154,5,val
TCGA-E2-A158,5,val
TCGA-E2-A1B0,5,val
TCGA-E2-A1IF,5,val
TCGA-E2-A1L8,5,val
TCGA-E2-A1L9,5,val
TCGA-E2-A576,5,val
TCGA-E3-A3E0,5,val
TCGA-E7-A541,5,val
TCGA-E7-A7DV,5,val
TCGA-E7-A7XN,5,val
TCGA-E7-A8O8,5,val
TCGA-E8-A2JQ,5,val
TCGA-E8-A413,5,val
TCGA-E8-A417,5,val
TCGA-E8-A432,5,val
TCGA-E8-A434,5,val
TCGA-E9-A1N4,5,val
TCGA-E9-A1NH,5,val
TCGA-E9-A1R3,5,val
TCGA-E9-A1R5,5,val
TCGA-E9-A1R7,5,val
TCGA-E9-A1RD,5,val
TCGA-E9-A22B,5,val
TCGA-E9-A24A,5,val
TCGA-E9-A295,5,val
TCGA-E9-A2JT,5,val
TCGA-E9-A3Q9,5,val
TCGA-E9-A54X,5,val
TCGA-EA-A410,5,val
TCGA-EA-A5ZF,5,val
TCGA-EB-A1NK,5,val
TCGA-EB-A3HV,5,val
TCGA-EB-A3XD,5,val
TCGA-EB-A42Y,5,val
TCGA-EB-A4IQ,5,val
TCGA-EB-A4IS,5,val
TCGA-EB-A551,5,val
TCGA-EB-A6QY,5,val
TCGA-EC-A1NJ,5,val
TCGA-ED-A7PY,5,val
TCGA-ED-A97K,5,val
TCGA-EI-6514,5,val
TCGA-EI-6881,5,val
TCGA-EI-6882,5,val
TCGA-EI-6884,5,val
TCGA-EJ-5502,5,val
TCGA-EJ-5510,5,val
TCGA-EJ-5516,5,val
TCGA-EJ-5524,5,val
TCGA-EJ-5530,5,val
TCGA-EJ-7317,5,val
TCGA-EJ-7327,5,val
TCGA-EJ-7328,5,val
TCGA-EJ-7330,5,val
TCGA-EJ-7331,5,val
TCGA-EJ-7786,5,val
TCGA-EJ-7791,5,val
TCGA-EJ-7792,5,val
TCGA-EJ-7793,5,val
TCGA-EJ-A46E,5,val
TCGA-EJ-A46G,5,val
TCGA-EL-A3GP,5,val
TCGA-EL-A3GW,5,val
TCGA-EL-A3GZ,5,val
TCGA-EL-A3H1,5,val
TCGA-EL-A3H2,5,val
TCGA-EL-A3H5,5,val
TCGA-EL-A3H8,5,val
TCGA-EL-A3N3,5,val
TCGA-EL-A3T6,5,val
TCGA-EL-A3TB,5,val
TCGA-EL-A3ZK,5,val
TCGA-EL-A3ZL,5,val
TCGA-EL-A3ZM,5,val
TCGA-EL-A3ZO,5,val
TCGA-EL-A4K7,5,val
TCGA-EL-A4K9,5,val
TCGA-EM-A1YA,5,val
TCGA-EM-A1YB,5,val
TCGA-EM-A22M,5,val
TCGA-EM-A22O,5,val
TCGA-EM-A22P,5,val
TCGA-EM-A22Q,5,val
TCGA-EM-A2CO,5,val
TCGA-EM-A2OX,5,val
TCGA-EM-A2P1,5,val
TCGA-EM-A3FJ,5,val
TCGA-EM-A3O9,5,val
TCGA-EM-A3ST,5,val
TCGA-EM-A4FK,5,val
TCGA-EM-A4FV,5,val
TCGA-EO-A1Y8,5,val
TCGA-EO-A3AV,5,val
TCGA-EO-A3AZ,5,val
TCGA-EO-A3B1,5,val
TCGA-EP-A2KA,5,val
TCGA-EP-A2KB,5,val
TCGA-EP-A3JL,5,val
TCGA-ER-A19K,5,val
TCGA-ET-A25I,5,val
TCGA-ET-A25J,5,val
TCGA-ET-A25N,5,val
TCGA-ET-A39L,5,val
TCGA-ET-A39R,5,val
TCGA-ET-A39T,5,val
TCGA-ET-A3BN,5,val
TCGA-ET-A40Q,5,val
TCGA-ET-A40T,5,val
TCGA-ET-A4KQ,5,val
TCGA-EU-5905,5,val
TCGA-EW-A1J5,5,val
TCGA-EW-A1OX,5,val
TCGA-EW-A1OZ,5,val
TCGA-EW-A1P6,5,val
TCGA-EW-A1P8,5,val
TCGA-EW-A1PA,5,val
TCGA-EW-A1PD,5,val
TCGA-EW-A1PH,5,val
TCGA-EW-A2FR,5,val
TCGA-EW-A2FV,5,val
TCGA-EW-A423,5,val
TCGA-EW-A6SD,5,val
TCGA-EX-A8YF,5,val
TCGA-EY-A1GD,5,val
TCGA-EY-A1GL,5,val
TCGA-EY-A215,5,val
TCGA-F1-6875,5,val
TCGA-F2-7276,5,val
TCGA-F2-A7TX,5,val
TCGA-F4-6808,5,val
TCGA-F4-6855,5,val
TCGA-F5-6810,5,val
TCGA-F9-A97G,5,val
TCGA-FB-A545,5,val
TCGA-FB-AAPS,5,val
TCGA-FB-AAQ6,5,val
TCGA-FD-A3B3,5,val
TCGA-FD-A3B7,5,val
TCGA-FD-A43N,5,val
TCGA-FD-A43S,5,val
TCGA-FD-A5BX,5,val
TCGA-FD-A6TC,5,val
TCGA-FE-A239,5,val
TCGA-FE-A23A,5,val
TCGA-FG-5964,5,val
TCGA-FG-6688,5,val
TCGA-FG-6692,5,val
TCGA-FG-7634,5,val
TCGA-FG-7636,5,val
TCGA-FG-7637,5,val
TCGA-FG-7641,5,val
TCGA-FG-8186,5,val
TCGA-FG-A4MW,5,val
TCGA-FG-A6J1,5,val
TCGA-FI-A2CY,5,val
TCGA-FI-A2D5,5,val
TCGA-FJ-A3Z7,5,val
TCGA-FK-A3S3,5,val
TCGA-FK-A3SD,5,val
TCGA-FK-A3SH,5,val
TCGA-FK-A4UB,5,val
TCGA-FN-7833,5,val
TCGA-FP-7916,5,val
TCGA-FT-A3EE,5,val
TCGA-FU-A40J,5,val
TCGA-FU-A57G,5,val
TCGA-FU-A770,5,val
TCGA-FV-A4ZQ,5,val
TCGA-FX-A3NK,5,val
TCGA-FY-A3TY,5,val
TCGA-FY-A3YR,5,val
TCGA-G2-A2EF,5,val
TCGA-G2-A2EJ,5,val
TCGA-G2-A2EO,5,val
TCGA-G3-A25U,5,val
TCGA-G3-A25V,5,val
TCGA-G3-A3CJ,5,val
TCGA-G3-A5SK,5,val
TCGA-G3-A6UC,5,val
TCGA-G3-AAUZ,5,val
TCGA-G3-AAV5,5,val
TCGA-G4-6293,5,val
TCGA-G4-6304,5,val
TCGA-G4-6311,5,val
TCGA-G6-A5PC,5,val
TCGA-G7-6797,5,val
TCGA-G7-7501,5,val
TCGA-G7-7502,5,val
TCGA-G9-6342,5,val
TCGA-G9-6373,5,val
TCGA-G9-6384,5,val
TCGA-G9-7519,5,val
TCGA-G9-7521,5,val
TCGA-G9-A9S4,5,val
TCGA-G9-A9S7,5,val
TCGA-GC-A3YS,5,val
TCGA-GD-A2C5,5,val
TCGA-GM-A2DD,5,val
TCGA-GM-A2DM,5,val
TCGA-GM-A3XG,5,val
TCGA-GM-A3XL,5,val
TCGA-GN-A263,5,val
TCGA-GN-A8LN,5,val
TCGA-GU-A42P,5,val
TCGA-GU-A42Q,5,val
TCGA-GU-A42R,5,val
TCGA-GU-AATO,5,val
TCGA-GV-A3JX,5,val
TCGA-GV-A3QI,5,val
TCGA-GV-A3QK,5,val
TCGA-H2-A3RH,5,val
TCGA-H7-A6C4,5,val
TCGA-H8-A6C1,5,val
TCGA-HB-A3L4,5,val
TCGA-HC-7078,5,val
TCGA-HC-7080,5,val
TCGA-HC-7081,5,val
TCGA-HC-7230,5,val
TCGA-HC-7744,5,val
TCGA-HC-7819,5,val
TCGA-HC-7820,5,val
TCGA-HC-8216,5,val
TCGA-HC-8260,5,val
TCGA-HC-8262,5,val
TCGA-HC-A631,5,val
TCGA-HC-A6HY,5,val
TCGA-HD-7831,5,val
TCGA-HD-A634,5,val
TCGA-HD-A6I0,5,val
TCGA-HF-7132,5,val
TCGA-HF-A5NB,5,val
TCGA-HM-A3JK,5,val
TCGA-HN-A2OB,5,val
TCGA-HS-A5N8,5,val
TCGA-HS-A5NA,5,val
TCGA-HT-7475,5,val
TCGA-HT-7478,5,val
TCGA-HT-7604,5,val
TCGA-HT-7610,5,val
TCGA-HT-7611,5,val
TCGA-HT-7681,5,val
TCGA-HT-7684,5,val
TCGA-HT-7854,5,val
TCGA-HT-7856,5,val
TCGA-HT-7857,5,val
TCGA-HT-7860,5,val
TCGA-HT-7882,5,val
TCGA-HT-A5RB,5,val
TCGA-HT-A74J,5,val
TCGA-HU-8238,5,val
TCGA-HU-8610,5,val
TCGA-HU-A4G9,5,val
TCGA-HU-A4H8,5,val
TCGA-HV-A5A6,5,val
TCGA-HV-A7OL,5,val
TCGA-HV-AA8V,5,val
TCGA-HW-7490,5,val
TCGA-HW-A5KJ,5,val
TCGA-HW-A5KK,5,val
TCGA-HW-A5KM,5,val
TCGA-HZ-8002,5,val
TCGA-HZ-8636,5,val
TCGA-HZ-A77P,5,val
TCGA-IA-A40X,5,val
TCGA-IB-7644,5,val
TCGA-IB-7647,5,val
TCGA-IB-7652,5,val
TCGA-IB-7886,5,val
TCGA-IB-7891,5,val
TCGA-IG-A4P3,5,val
TCGA-IG-A4QT,5,val
TCGA-IG-A51D,5,val
TCGA-IG-A97I,5,val
TCGA-IN-7808,5,val
TCGA-IQ-A6SH,5,val
TCGA-IR-A3LL,5,val
TCGA-J4-A67R,5,val
TCGA-J4-A83N,5,val
TCGA-J7-6720,5,val
TCGA-J8-A3O1,5,val
TCGA-J8-A4HW,5,val
TCGA-JU-AAVI,5,val
TCGA-JV-A75J,5,val
TCGA-JW-A5VK,5,val
TCGA-JW-A69B,5,val
TCGA-JY-A6FE,5,val
TCGA-JY-A93C,5,val
TCGA-JY-A93D,5,val
TCGA-JY-A93F,5,val
TCGA-K1-A3PO,5,val
TCGA-K4-A5RJ,5,val
TCGA-K7-AAU7,5,val
TCGA-KB-A93G,5,val
TCGA-KB-A93H,5,val
TCGA-KB-A93J,5,val
TCGA-KL-8331,5,val
TCGA-KL-8334,5,val
TCGA-KL-8335,5,val
TCGA-KL-8337,5,val
TCGA-KL-8339,5,val
TCGA-KM-8438,5,val
TCGA-KN-8423,5,val
TCGA-KN-8435,5,val
TCGA-KO-8404,5,val
TCGA-KO-8405,5,val
TCGA-KO-8415,5,val
TCGA-KO-8417,5,val
TCGA-KS-A41I,5,val
TCGA-KS-A41J,5,val
TCGA-KS-A4I5,5,val
TCGA-KS-A4ID,5,val
TCGA-L6-A4EP,5,val
TCGA-LA-A7SW,5,val
TCGA-LB-A9Q5,5,val
TCGA-LG-A9QC,5,val
TCGA-LK-A4O4,5,val
TCGA-LK-A4O5,5,val
TCGA-LK-A4O6,5,val
TCGA-LL-A5YO,5,val
TCGA-LL-A6FP,5,val
TCGA-LL-A6FQ,5,val
TCGA-LN-A4A4,5,val
TCGA-LN-A5U7,5,val
TCGA-LN-A7HW,5,val
TCGA-LN-A7HY,5,val
TCGA-LN-A7HZ,5,val
TCGA-LP-A4AV,5,val
TCGA-LP-A4AW,5,val
TCGA-LP-A5U2,5,val
TCGA-LP-A5U3,5,val
TCGA-M7-A71Z,5,val
TCGA-M7-A721,5,val
TCGA-MA-AA42,5,val
TCGA-MB-A8JK,5,val
TCGA-MG-AAMC,5,val
TCGA-MH-A55W,5,val
TCGA-MH-A857,5,val
TCGA-MI-A75H,5,val
TCGA-MJ-A68J,5,val
TCGA-MJ-A850,5,val
TCGA-MN-A4N4,5,val
TCGA-MP-A4T7,5,val
TCGA-MS-A51U,5,val
TCGA-MT-A51W,5,val
TCGA-MT-A67D,5,val
TCGA-MT-A67F,5,val
TCGA-MT-A67G,5,val
TCGA-MU-A51Y,5,val
TCGA-MU-A8JM,5,val
TCGA-MX-A5UJ,5,val
TCGA-MY-A5BD,5,val
TCGA-MY-A5BF,5,val
TCGA-MY-A913,5,val
TCGA-NC-A5HH,5,val
TCGA-NC-A5HI,5,val
TCGA-NC-A5HL,5,val
TCGA-NC-A5HN,5,val
TCGA-NH-A8F7,5,val
TCGA-NH-A8F8,5,val
TCGA-NI-A4U2,5,val
TCGA-O2-A52N,5,val
TCGA-OR-A5J7,5,val
TCGA-OR-A5J8,5,val
TCGA-OR-A5JR,5,val
TCGA-OR-A5JS,5,val
TCGA-OR-A5K9,5,val
TCGA-OR-A5LL,5,val
TCGA-OR-A5LN,5,val
TCGA-OR-A5LR,5,val
TCGA-P3-A5QE,5,val
TCGA-P5-A72X,5,val
TCGA-P5-A735,5,val
TCGA-P5-A77X,5,val
TCGA-P7-A5NX,5,val
TCGA-P8-A5KC,5,val
TCGA-PC-A5DL,5,val
TCGA-PJ-A5Z9,5,val
TCGA-PK-A5HA,5,val
TCGA-PQ-A6FN,5,val
TCGA-Q1-A73Q,5,val
TCGA-Q3-A5QY,5,val
TCGA-QF-A5YS,5,val
TCGA-QH-A6CV,5,val
TCGA-QH-A6CW,5,val
TCGA-QH-A6X3,5,val
TCGA-QK-A6IF,5,val
TCGA-QK-A8Z8,5,val
TCGA-QK-A8ZB,5,val
TCGA-QQ-A8VF,5,val
TCGA-QQ-A8VH,5,val
TCGA-QR-A6GO,5,val
TCGA-QR-A6GU,5,val
TCGA-QR-A6GX,5,val
TCGA-QR-A6H2,5,val
TCGA-QR-A6H4,5,val
TCGA-QR-A6ZZ,5,val
TCGA-QR-A708,5,val
TCGA-QR-A70G,5,val
TCGA-QR-A70M,5,val
TCGA-QR-A70N,5,val
TCGA-QR-A70P,5,val
TCGA-QS-A744,5,val
TCGA-QT-A5XM,5,val
TCGA-QT-A5XO,5,val
TCGA-QU-A6IO,5,val
TCGA-R5-A7O7,5,val
TCGA-R8-A6ML,5,val
TCGA-RB-AA9M,5,val
TCGA-RC-A6M4,5,val
TCGA-RD-A7BS,5,val
TCGA-RD-A8N6,5,val
TCGA-RL-AAAS,5,val
TCGA-RR-A6KA,5,val
TCGA-RR-A6KB,5,val
TCGA-RT-A6YC,5,val
TCGA-RW-A67Y,5,val
TCGA-RW-A684,5,val
TCGA-RW-A688,5,val
TCGA-RY-A847,5,val
TCGA-S3-A6ZF,5,val
TCGA-S7-A7WQ,5,val
TCGA-S7-A7WT,5,val
TCGA-S7-A7WX,5,val
TCGA-S7-A7X0,5,val
TCGA-S9-A6TZ,5,val
TCGA-S9-A6U9,5,val
TCGA-S9-A6WD,5,val
TCGA-S9-A6WH,5,val
TCGA-S9-A6WO,5,val
TCGA-S9-A7IS,5,val
TCGA-S9-A7IZ,5,val
TCGA-S9-A7J0,5,val
TCGA-S9-A7QZ,5,val
TCGA-S9-A7R4,5,val
TCGA-SH-A9CU,5,val
TCGA-SI-A71O,5,val
TCGA-SI-A71P,5,val
TCGA-SI-AA8B,5,val
TCGA-SN-A84X,5,val
TCGA-SP-A6QH,5,val
TCGA-SR-A6MU,5,val
TCGA-SR-A6MX,5,val
TCGA-SU-A7E7,5,val
TCGA-SW-A7EB,5,val
TCGA-SX-A7SQ,5,val
TCGA-SY-A9G5,5,val
TCGA-T9-A92H,5,val
TCGA-TM-A84J,5,val
TCGA-TM-A84S,5,val
TCGA-TN-A7HJ,5,val
TCGA-TQ-A7RQ,5,val
TCGA-TS-A7P6,5,val
TCGA-TS-A8AF,5,val
TCGA-UB-A7MD,5,val
TCGA-UF-A719,5,val
TCGA-UF-A71B,5,val
TCGA-UF-A7JD,5,val
TCGA-UF-A7JF,5,val
TCGA-UF-A7JS,5,val
TCGA-US-A77E,5,val
TCGA-US-A77J,5,val
TCGA-UT-A88C,5,val
TCGA-UT-A88G,5,val
TCGA-UW-A72H,5,val
TCGA-UW-A72I,5,val
TCGA-UW-A72N,5,val
TCGA-UW-A72Q,5,val
TCGA-UW-A72T,5,val
TCGA-UY-A78M,5,val
TCGA-UY-A78O,5,val
TCGA-UY-A9PH,5,val
TCGA-UZ-A9PJ,5,val
TCGA-UZ-A9PL,5,val
TCGA-UZ-A9PR,5,val
TCGA-V1-A8MF,5,val
TCGA-V1-A8MG,5,val
TCGA-V1-A8WV,5,val
TCGA-V1-A9OL,5,val
TCGA-V1-A9OT,5,val
TCGA-V1-A9ZK,5,val
TCGA-V4-A9E5,5,val
TCGA-V4-A9EA,5,val
TCGA-V4-A9EI,5,val
TCGA-V4-A9EO,5,val
TCGA-V4-A9EW,5,val
TCGA-VD-A8KA,5,val
TCGA-VD-A8KD,5,val
TCGA-VD-A8KF,5,val
TCGA-VD-A8KL,5,val
TCGA-VD-A8KN,5,val
TCGA-VD-AA8M,5,val
TCGA-VD-AA8N,5,val
TCGA-VF-A8AC,5,val
TCGA-VM-A8CB,5,val
TCGA-VP-A876,5,val
TCGA-VP-A87B,5,val
TCGA-VP-A87J,5,val
TCGA-VQ-A8DU,5,val
TCGA-VQ-A8P5,5,val
TCGA-VQ-A8PH,5,val
TCGA-VQ-A8PZ,5,val
TCGA-VQ-A91E,5,val
TCGA-VQ-A91Q,5,val
TCGA-VQ-A91X,5,val
TCGA-VQ-A925,5,val
TCGA-VQ-A927,5,val
TCGA-VQ-AA6F,5,val
TCGA-VQ-AA6K,5,val
TCGA-VR-A8EY,5,val
TCGA-VR-AA7B,5,val
TCGA-VR-AA7D,5,val
TCGA-VS-A8EC,5,val
TCGA-VS-A8EI,5,val
TCGA-VS-A8EK,5,val
TCGA-VS-A8Q8,5,val
TCGA-VS-A8QC,5,val
TCGA-VS-A8QH,5,val
TCGA-VS-A94W,5,val
TCGA-VS-A9UA,5,val
TCGA-VS-A9UH,5,val
TCGA-VT-A80G,5,val
TCGA-VT-A80J,5,val
TCGA-W2-A7H5,5,val
TCGA-WB-A80M,5,val
TCGA-WB-A80V,5,val
TCGA-WB-A817,5,val
TCGA-WB-A81A,5,val
TCGA-WC-A882,5,val
TCGA-WC-A883,5,val
TCGA-WK-A8Y0,5,val
TCGA-WN-AB4C,5,val
TCGA-WY-A858,5,val
TCGA-WY-A85B,5,val
TCGA-X6-A7WA,5,val
TCGA-X6-A8C4,5,val
TCGA-X7-A8DB,5,val
TCGA-X7-A8DD,5,val
TCGA-X7-A8DG,5,val
TCGA-X7-A8M0,5,val
TCGA-X7-A8M6,5,val
TCGA-X7-A8M8,5,val
TCGA-X9-A973,5,val
TCGA-XE-AANV,5,val
TCGA-XE-AAOB,5,val
TCGA-XF-A8HI,5,val
TCGA-XF-A9SG,5,val
TCGA-XF-A9SI,5,val
TCGA-XF-A9SL,5,val
TCGA-XF-A9SP,5,val
TCGA-XF-A9ST,5,val
TCGA-XF-A9SV,5,val
TCGA-XF-A9SY,5,val
TCGA-XF-A9SZ,5,val
TCGA-XF-A9T0,5,val
TCGA-XF-A9T6,5,val
TCGA-XF-AAMF,5,val
TCGA-XF-AAML,5,val
TCGA-XF-AAN5,5,val
TCGA-XJ-A83G,5,val
TCGA-XK-AAJA,5,val
TCGA-XK-AAJP,5,val
TCGA-XM-A8R9,5,val
TCGA-XM-A8RG,5,val
TCGA-XN-A8T3,5,val
TCGA-XN-A8T5,5,val
TCGA-XQ-A8TA,5,val
TCGA-XR-A8TF,5,val
TCGA-XU-A92O,5,val
TCGA-XU-A92Q,5,val
TCGA-XU-A930,5,val
TCGA-XU-AAY0,5,val
TCGA-XV-A9W2,5,val
TCGA-XV-AAZY,5,val
TCGA-XX-A89A,5,val
TCGA-XY-A8S3,5,val
TCGA-XY-A9T9,5,val
TCGA-Y8-A898,5,val
TCGA-Y8-A8RZ,5,val
TCGA-YB-A89D,5,val
TCGA-YC-A89H,5,val
TCGA-YF-AA3L,5,val
TCGA-YL-A8SI,5,val
TCGA-YL-A9WX,5,val
TCGA-YL-A9WY,5,val
TCGA-YT-A95E,5,val
TCGA-YU-A90S,5,val
TCGA-YU-A94D,5,val
TCGA-YU-A94I,5,val
TCGA-YU-AA4L,5,val
TCGA-Z4-A8JB,5,val
TCGA-Z4-AAPG,5,val
TCGA-Z7-A8R5,5,val
TCGA-ZB-A965,5,val
TCGA-ZB-A96A,5,val
TCGA-ZB-A96D,5,val
TCGA-ZB-A96F,5,val
TCGA-ZB-A96R,5,val
TCGA-ZF-A9R4,5,val
TCGA-ZF-A9R7,5,val
TCGA-ZF-A9RL,5,val
TCGA-ZF-AA4V,5,val
TCGA-ZF-AA5N,5,val
TCGA-ZJ-AAXA,5,val
TCGA-ZJ-AAXJ,5,val
TCGA-ZM-AA0B,5,val
TCGA-ZM-AA0D,5,val
TCGA-ZP-A9CZ,5,val
TCGA-ZQ-A9CR,5,val
